timestamp,requestType,filename,offsetStart,offsetEnd
1709508580116,READ,./examples/Turbulent-Boundary-Layer/input.i3d.copy,0,3676
1709508580117,READ,./examples/Turbulent-Boundary-Layer/input.i3d.copy,0,3677
1709508580118,READ,./examples/Turbulent-Boundary-Layer/input.i3d.copy,0,3677
1709508580119,READ,./examples/Turbulent-Boundary-Layer/input.i3d.copy,0,3677
1709508580122,READ,./examples/Turbulent-Boundary-Layer/input.i3d.copy,0,3677
1709508580123,READ,./examples/Turbulent-Boundary-Layer/input.i3d.copy,0,3677
1709508580124,READ,./examples/Turbulent-Boundary-Layer/input.i3d.copy,0,3677
1709508580125,READ,./examples/Turbulent-Boundary-Layer/input.i3d.copy,0,3677
1709508580128,READ,./examples/Turbulent-Boundary-Layer/input.i3d.copy,0,3677
1709508580129,READ,./examples/Turbulent-Boundary-Layer/input.i3d.copy,0,3677
1709508580130,READ,./examples/Turbulent-Boundary-Layer/input.i3d.copy,0,3677
1709508580131,READ,./examples/Turbulent-Boundary-Layer/input.i3d.copy,0,3677
1709508580714,READ,yp.dat,0,26
1709508580718,READ,yp.dat,27,3482
1709508580728,READ,ypi.dat,0,26
1709508580732,READ,ypi.dat,27,3455
1709508581251,READ,./data/vort000,0,1717351
1709508581265,READ,./data/vort000,5152056,6869407
1709508581312,READ,./data/vort000,1717352,3434703
1709508581394,READ,./data/vort000,6869408,8586759
1709508581537,READ,./data/vort000,12021464,13738815
1709508581546,READ,./data/vort000,3434704,5152055
1709508581671,READ,./data/vort000,10304112,12021463
1709508581674,READ,./data/vort000,13738816,15456167
1709508581729,READ,./data/vort000,8586760,10304111
1709508581761,READ,./data/vort000,15456168,17173511
1709508582411,READ,./data/vort000,0,1717351
1709508582504,READ,./data/vort000,5152056,6869407
1709508582587,READ,./data/vort000,6869408,8586759
1709508582637,READ,./data/vort000,3434704,5152055
1709508582684,READ,./data/vort000,1717352,3434703
1709508582755,READ,./data/vort000,10304112,12021463
1709508582829,READ,./data/vort000,8586760,10304111
1709508582881,READ,./data/vort000,15456168,17173511
1709508583001,READ,./data/vort000,12021464,13738815
1709508583078,READ,./data/vort000,13738816,15456167
1709508583516,READ,./data/vort000,0,1717351
1709508583581,READ,./data/vort000,12021464,13738815
1709508583644,READ,./data/vort000,1717352,3434703
1709508583772,READ,./data/vort000,6869408,8586759
1709508583838,READ,./data/vort000,15456168,17173511
1709508583857,READ,./data/vort000,8586760,10304111
1709508583937,READ,./data/vort000,3434704,5152055
1709508584000,READ,./data/vort000,5152056,6869407
1709508584027,READ,./data/vort000,13738816,15456167
1709508584109,READ,./data/vort000,10304112,12021463
1709508584649,READ,./data/ux00001,5152056,6869407
1709508584657,READ,./data/ux00001,0,1717351
1709508584716,READ,./data/ux00001,1717352,3434703
1709508584772,READ,./data/ux00001,3434704,5152055
1709508584774,READ,./data/ux00001,12021464,13738815
1709508584858,READ,./data/ux00001,6869408,8586759
1709508584887,READ,./data/ux00001,10304112,12021463
1709508584942,READ,./data/ux00001,13738816,15456167
1709508584970,READ,./data/ux00001,15456168,17173511
1709508585009,READ,./data/ux00001,8586760,10304111
1709508585417,READ,./data/uy00001,0,1717351
1709508585488,READ,./data/uy00001,1717352,3434703
1709508585488,READ,./data/uy00001,5152056,6869407
1709508585499,READ,./data/uy00001,12021464,13738815
1709508585571,READ,./data/uy00001,3434704,5152055
1709508585640,READ,./data/uy00001,10304112,12021463
1709508585695,READ,./data/uy00001,13738816,15456167
1709508585729,READ,./data/uy00001,8586760,10304111
1709508585788,READ,./data/uy00001,6869408,8586759
1709508585836,READ,./data/uy00001,15456168,17173511
1709508586269,READ,./data/uz00001,0,1717351
1709508586279,READ,./data/uz00001,8586760,10304111
1709508586373,READ,./data/uz00001,13738816,15456167
1709508586392,READ,./data/uz00001,10304112,12021463
1709508586446,READ,./data/uz00001,15456168,17173511
1709508586489,READ,./data/uz00001,3434704,5152055
1709508586523,READ,./data/uz00001,1717352,3434703
1709508586589,READ,./data/uz00001,5152056,6869407
1709508586644,READ,./data/uz00001,12021464,13738815
1709508586729,READ,./data/uz00001,6869408,8586759
1709508587197,READ,./data/pp00001,0,1717351
1709508587209,READ,./data/pp00001,6869408,8586759
1709508587268,READ,./data/pp00001,12021464,13738815
1709508587345,READ,./data/pp00001,15456168,17173511
1709508587411,READ,./data/pp00001,3434704,5152055
1709508587481,READ,./data/pp00001,5152056,6869407
1709508587491,READ,./data/pp00001,1717352,3434703
1709508587508,READ,./data/pp00001,10304112,12021463
1709508587539,READ,./data/pp00001,13738816,15456167
1709508587610,READ,./data/pp00001,8586760,10304111
1709508587978,READ,./data/phi100001,0,1717351
1709508587991,READ,./data/phi100001,5152056,6869407
1709508588002,READ,./data/phi100001,8586760,10304111
1709508588072,READ,./data/phi100001,10304112,12021463
1709508588146,READ,./data/phi100001,3434704,5152055
1709508588193,READ,./data/phi100001,13738816,15456167
1709508588201,READ,./data/phi100001,1717352,3434703
1709508588260,READ,./data/phi100001,12021464,13738815
1709508588288,READ,./data/phi100001,15456168,17173511
1709508588379,READ,./data/phi100001,6869408,8586759
1709508588382,READ,./data/snap0000001.ini,0,301
1709508588739,READ,./data/vort001,6869408,8586759
1709508588749,READ,./data/vort001,13738816,15456167
1709508588801,READ,./data/vort001,0,1717351
1709508588819,READ,./data/vort001,5152056,6869407
1709508588876,READ,./data/vort001,10304112,12021463
1709508588928,READ,./data/vort001,1717352,3434703
1709508588967,READ,./data/vort001,3434704,5152055
1709508588975,READ,./data/vort001,8586760,10304111
1709508589042,READ,./data/vort001,12021464,13738815
1709508589168,READ,./data/vort001,15456168,17173511
1709508589551,READ,./data/vort001,0,1717351
1709508589657,READ,./data/vort001,3434704,5152055
1709508589698,READ,./data/vort001,15456168,17173511
1709508589702,READ,./data/vort001,1717352,3434703
1709508589793,READ,./data/vort001,6869408,8586759
1709508589893,READ,./data/vort001,12021464,13738815
1709508589930,READ,./data/vort001,5152056,6869407
1709508589959,READ,./data/vort001,13738816,15456167
1709508590012,READ,./data/vort001,8586760,10304111
1709508590087,READ,./data/vort001,10304112,12021463
1709508590712,READ,./data/vort001,0,1717351
1709508590797,READ,./data/vort001,3434704,5152055
1709508590880,READ,./data/vort001,6869408,8586759
1709508590924,READ,./data/vort001,1717352,3434703
1709508591015,READ,./data/vort001,12021464,13738815
1709508591165,READ,./data/vort001,13738816,15456167
1709508591215,READ,./data/vort001,15456168,17173511
1709508591280,READ,./data/vort001,5152056,6869407
1709508591316,READ,./data/vort001,10304112,12021463
1709508591380,READ,./data/vort001,8586760,10304111
1709508591926,READ,./data/vort001,0,1717351
1709508591990,READ,./data/vort001,12021464,13738815
1709508592018,READ,./data/vort001,3434704,5152055
1709508592087,READ,./data/vort001,13738816,15456167
1709508592184,READ,./data/vort001,1717352,3434703
1709508592198,READ,./data/vort001,5152056,6869407
1709508592241,READ,./data/vort001,8586760,10304111
1709508592295,READ,./data/vort001,6869408,8586759
1709508592353,READ,./data/vort001,10304112,12021463
1709508592377,READ,./data/vort001,15456168,17173511
1709508592848,READ,./data/ux00002,0,1717351
1709508592864,READ,./data/ux00002,5152056,6869407
1709508592877,READ,./data/ux00002,15456168,17173511
1709508593040,READ,./data/ux00002,12021464,13738815
1709508593085,READ,./data/ux00002,13738816,15456167
1709508593153,READ,./data/ux00002,10304112,12021463
1709508593226,READ,./data/ux00002,8586760,10304111
1709508593315,READ,./data/ux00002,3434704,5152055
1709508593390,READ,./data/ux00002,1717352,3434703
1709508593398,READ,./data/ux00002,6869408,8586759
1709508593702,READ,./data/uy00002,0,1717351
1709508593726,READ,./data/uy00002,6869408,8586759
1709508593850,READ,./data/uy00002,3434704,5152055
1709508593853,READ,./data/uy00002,10304112,12021463
1709508593907,READ,./data/uy00002,5152056,6869407
1709508593955,READ,./data/uy00002,12021464,13738815
1709508594045,READ,./data/uy00002,13738816,15456167
1709508594090,READ,./data/uy00002,15456168,17173511
1709508594181,READ,./data/uy00002,8586760,10304111
1709508594200,READ,./data/uy00002,1717352,3434703
1709508594608,READ,./data/uz00002,0,1717351
1709508594622,READ,./data/uz00002,5152056,6869407
1709508594647,READ,./data/uz00002,8586760,10304111
1709508594740,READ,./data/uz00002,13738816,15456167
1709508594743,READ,./data/uz00002,6869408,8586759
1709508594803,READ,./data/uz00002,15456168,17173511
1709508594830,READ,./data/uz00002,10304112,12021463
1709508594875,READ,./data/uz00002,3434704,5152055
1709508594909,READ,./data/uz00002,12021464,13738815
1709508594934,READ,./data/uz00002,1717352,3434703
1709508595226,READ,./data/pp00002,8586760,10304111
1709508595244,READ,./data/pp00002,0,1717351
1709508595296,READ,./data/pp00002,3434704,5152055
1709508595413,READ,./data/pp00002,5152056,6869407
1709508595438,READ,./data/pp00002,12021464,13738815
1709508595488,READ,./data/pp00002,10304112,12021463
1709508595559,READ,./data/pp00002,13738816,15456167
1709508595588,READ,./data/pp00002,1717352,3434703
1709508595595,READ,./data/pp00002,15456168,17173511
1709508595662,READ,./data/pp00002,6869408,8586759
1709508596070,READ,./data/phi100002,0,1717351
1709508596117,READ,./data/phi100002,6869408,8586759
1709508596232,READ,./data/phi100002,1717352,3434703
1709508596241,READ,./data/phi100002,13738816,15456167
1709508596364,READ,./data/phi100002,15456168,17173511
1709508596427,READ,./data/phi100002,10304112,12021463
1709508596472,READ,./data/phi100002,12021464,13738815
1709508596535,READ,./data/phi100002,5152056,6869407
1709508596578,READ,./data/phi100002,3434704,5152055
1709508596635,READ,./data/phi100002,8586760,10304111
1709508596678,READ,./data/snap0000002.ini,0,301
1709508596999,READ,./data/vort002,0,1717351
1709508597076,READ,./data/vort002,3434704,5152055
1709508597171,READ,./data/vort002,12021464,13738815
1709508597179,READ,./data/vort002,5152056,6869407
1709508597246,READ,./data/vort002,10304112,12021463
1709508597308,READ,./data/vort002,13738816,15456167
1709508597350,READ,./data/vort002,1717352,3434703
1709508597352,READ,./data/vort002,15456168,17173511
1709508597381,READ,./data/vort002,8586760,10304111
1709508597459,READ,./data/vort002,6869408,8586759
1709508597976,READ,./data/vort002,0,1717351
1709508598134,READ,./data/vort002,13738816,15456167
1709508598160,READ,./data/vort002,1717352,3434703
1709508598250,READ,./data/vort002,3434704,5152055
1709508598260,READ,./data/vort002,10304112,12021463
1709508598348,READ,./data/vort002,12021464,13738815
1709508598386,READ,./data/vort002,8586760,10304111
1709508598422,READ,./data/vort002,15456168,17173511
1709508598477,READ,./data/vort002,5152056,6869407
1709508598597,READ,./data/vort002,6869408,8586759
1709508599026,READ,./data/vort002,0,1717351
1709508599085,READ,./data/vort002,10304112,12021463
1709508599195,READ,./data/vort002,12021464,13738815
1709508599231,READ,./data/vort002,1717352,3434703
1709508599316,READ,./data/vort002,6869408,8586759
1709508599341,READ,./data/vort002,8586760,10304111
1709508599465,READ,./data/vort002,13738816,15456167
1709508599598,READ,./data/vort002,15456168,17173511
1709508599662,READ,./data/vort002,5152056,6869407
1709508599693,READ,./data/vort002,3434704,5152055
1709508600135,READ,./data/vort002,0,1717351
1709508600194,READ,./data/vort002,12021464,13738815
1709508600304,READ,./data/vort002,10304112,12021463
1709508600375,READ,./data/vort002,8586760,10304111
1709508600435,READ,./data/vort002,6869408,8586759
1709508600444,READ,./data/vort002,13738816,15456167
1709508600525,READ,./data/vort002,3434704,5152055
1709508600575,READ,./data/vort002,15456168,17173511
1709508600604,READ,./data/vort002,1717352,3434703
1709508600635,READ,./data/vort002,5152056,6869407
1709508601121,READ,./data/ux00003,0,1717351
1709508601166,READ,./data/ux00003,6869408,8586759
1709508601255,READ,./data/ux00003,3434704,5152055
1709508601259,READ,./data/ux00003,13738816,15456167
1709508601328,READ,./data/ux00003,8586760,10304111
1709508601482,READ,./data/ux00003,10304112,12021463
1709508601585,READ,./data/ux00003,5152056,6869407
1709508601630,READ,./data/ux00003,1717352,3434703
1709508601728,READ,./data/ux00003,12021464,13738815
1709508601868,READ,./data/ux00003,15456168,17173511
1709508602114,READ,./data/uy00003,0,1717351
1709508602125,READ,./data/uy00003,12021464,13738815
1709508602193,READ,./data/uy00003,1717352,3434703
1709508602252,READ,./data/uy00003,15456168,17173511
1709508602309,READ,./data/uy00003,3434704,5152055
1709508602444,READ,./data/uy00003,6869408,8586759
1709508602478,READ,./data/uy00003,5152056,6869407
1709508602517,READ,./data/uy00003,8586760,10304111
1709508602568,READ,./data/uy00003,13738816,15456167
1709508602666,READ,./data/uy00003,10304112,12021463
1709508603030,READ,./data/uz00003,0,1717351
1709508603050,READ,./data/uz00003,5152056,6869407
1709508603054,READ,./data/uz00003,15456168,17173511
1709508603078,READ,./data/uz00003,8586760,10304111
1709508603138,READ,./data/uz00003,1717352,3434703
1709508603179,READ,./data/uz00003,3434704,5152055
1709508603253,READ,./data/uz00003,13738816,15456167
1709508603322,READ,./data/uz00003,6869408,8586759
1709508603357,READ,./data/uz00003,10304112,12021463
1709508603447,READ,./data/uz00003,12021464,13738815
1709508603820,READ,./data/pp00003,6869408,8586759
1709508603830,READ,./data/pp00003,13738816,15456167
1709508603831,READ,./data/pp00003,0,1717351
1709508603885,READ,./data/pp00003,1717352,3434703
1709508603974,READ,./data/pp00003,15456168,17173511
1709508604083,READ,./data/pp00003,3434704,5152055
1709508604172,READ,./data/pp00003,5152056,6869407
1709508604240,READ,./data/pp00003,12021464,13738815
1709508604270,READ,./data/pp00003,8586760,10304111
1709508604345,READ,./data/pp00003,10304112,12021463
1709508604740,READ,./data/phi100003,0,1717351
1709508604752,READ,./data/phi100003,10304112,12021463
1709508604862,READ,./data/phi100003,12021464,13738815
1709508604915,READ,./data/phi100003,15456168,17173511
1709508604966,READ,./data/phi100003,1717352,3434703
1709508604970,READ,./data/phi100003,5152056,6869407
1709508605043,READ,./data/phi100003,6869408,8586759
1709508605097,READ,./data/phi100003,3434704,5152055
1709508605115,READ,./data/phi100003,8586760,10304111
1709508605147,READ,./data/phi100003,13738816,15456167
1709508605225,READ,./data/snap0000003.ini,0,301
1709508605538,READ,./data/vort003,1717352,3434703
1709508605585,READ,./data/vort003,0,1717351
1709508605589,READ,./data/vort003,8586760,10304111
1709508605600,READ,./data/vort003,15456168,17173511
1709508605680,READ,./data/vort003,13738816,15456167
1709508605756,READ,./data/vort003,6869408,8586759
1709508605858,READ,./data/vort003,10304112,12021463
1709508605890,READ,./data/vort003,12021464,13738815
1709508605896,READ,./data/vort003,5152056,6869407
1709508605976,READ,./data/vort003,3434704,5152055
1709508606564,READ,./data/vort003,0,1717351
1709508606601,READ,./data/vort003,15456168,17173511
1709508606608,READ,./data/vort003,8586760,10304111
1709508606788,READ,./data/vort003,13738816,15456167
1709508606892,READ,./data/vort003,10304112,12021463
1709508606937,READ,./data/vort003,1717352,3434703
1709508607019,READ,./data/vort003,12021464,13738815
1709508607035,READ,./data/vort003,5152056,6869407
1709508607132,READ,./data/vort003,3434704,5152055
1709508607280,READ,./data/vort003,6869408,8586759
1709508607733,READ,./data/vort003,0,1717351
1709508607806,READ,./data/vort003,13738816,15456167
1709508607815,READ,./data/vort003,1717352,3434703
1709508607878,READ,./data/vort003,15456168,17173511
1709508607888,READ,./data/vort003,8586760,10304111
1709508607909,READ,./data/vort003,3434704,5152055
1709508607978,READ,./data/vort003,12021464,13738815
1709508608043,READ,./data/vort003,10304112,12021463
1709508608164,READ,./data/vort003,6869408,8586759
1709508608263,READ,./data/vort003,5152056,6869407
1709508608688,READ,./data/vort003,0,1717351
1709508608762,READ,./data/vort003,3434704,5152055
1709508608771,READ,./data/vort003,10304112,12021463
1709508608782,READ,./data/vort003,13738816,15456167
1709508608867,READ,./data/vort003,12021464,13738815
1709508608977,READ,./data/vort003,5152056,6869407
1709508608989,READ,./data/vort003,15456168,17173511
1709508609027,READ,./data/vort003,1717352,3434703
1709508609061,READ,./data/vort003,8586760,10304111
1709508609128,READ,./data/vort003,6869408,8586759
1709508609510,READ,./data/ux00004,0,1717351
1709508609516,READ,./data/ux00004,8586760,10304111
1709508609533,READ,./data/ux00004,5152056,6869407
1709508609629,READ,./data/ux00004,6869408,8586759
1709508609667,READ,./data/ux00004,1717352,3434703
1709508609684,READ,./data/ux00004,10304112,12021463
1709508609684,READ,./data/ux00004,13738816,15456167
1709508609765,READ,./data/ux00004,15456168,17173511
1709508609877,READ,./data/ux00004,12021464,13738815
1709508609947,READ,./data/ux00004,3434704,5152055
1709508610262,READ,./data/uy00004,1717352,3434703
1709508610278,READ,./data/uy00004,6869408,8586759
1709508610290,READ,./data/uy00004,15456168,17173511
1709508610370,READ,./data/uy00004,3434704,5152055
1709508610453,READ,./data/uy00004,12021464,13738815
1709508610503,READ,./data/uy00004,13738816,15456167
1709508610561,READ,./data/uy00004,8586760,10304111
1709508610581,READ,./data/uy00004,0,1717351
1709508610655,READ,./data/uy00004,5152056,6869407
1709508610705,READ,./data/uy00004,10304112,12021463
1709508611038,READ,./data/uz00004,0,1717351
1709508611042,READ,./data/uz00004,5152056,6869407
1709508611058,READ,./data/uz00004,15456168,17173511
1709508611168,READ,./data/uz00004,13738816,15456167
1709508611206,READ,./data/uz00004,10304112,12021463
1709508611209,READ,./data/uz00004,1717352,3434703
1709508611284,READ,./data/uz00004,3434704,5152055
1709508611363,READ,./data/uz00004,8586760,10304111
1709508611429,READ,./data/uz00004,12021464,13738815
1709508611515,READ,./data/uz00004,6869408,8586759
1709508612004,READ,./data/pp00004,0,1717351
1709508612010,READ,./data/pp00004,5152056,6869407
1709508612028,READ,./data/pp00004,10304112,12021463
1709508612039,READ,./data/pp00004,15456168,17173511
1709508612122,READ,./data/pp00004,3434704,5152055
1709508612201,READ,./data/pp00004,12021464,13738815
1709508612232,READ,./data/pp00004,6869408,8586759
1709508612268,READ,./data/pp00004,13738816,15456167
1709508612339,READ,./data/pp00004,8586760,10304111
1709508612357,READ,./data/pp00004,1717352,3434703
1709508612760,READ,./data/phi100004,0,1717351
1709508612769,READ,./data/phi100004,12021464,13738815
1709508612783,READ,./data/phi100004,5152056,6869407
1709508612837,READ,./data/phi100004,1717352,3434703
1709508612893,READ,./data/phi100004,15456168,17173511
1709508612967,READ,./data/phi100004,3434704,5152055
1709508613003,READ,./data/phi100004,13738816,15456167
1709508613078,READ,./data/phi100004,6869408,8586759
1709508613112,READ,./data/phi100004,10304112,12021463
1709508613185,READ,./data/phi100004,8586760,10304111
1709508613187,READ,./data/snap0000004.ini,0,301
1709508613546,READ,./data/vort004,0,1717351
1709508613574,READ,./data/vort004,8586760,10304111
1709508613590,READ,./data/vort004,15456168,17173511
1709508613671,READ,./data/vort004,13738816,15456167
1709508613720,READ,./data/vort004,1717352,3434703
1709508613783,READ,./data/vort004,6869408,8586759
1709508613865,READ,./data/vort004,12021464,13738815
1709508613945,READ,./data/vort004,10304112,12021463
1709508613962,READ,./data/vort004,3434704,5152055
1709508614065,READ,./data/vort004,5152056,6869407
1709508614564,READ,./data/vort004,0,1717351
1709508614667,READ,./data/vort004,8586760,10304111
1709508614676,READ,./data/vort004,13738816,15456167
1709508614777,READ,./data/vort004,6869408,8586759
1709508614790,READ,./data/vort004,10304112,12021463
1709508614871,READ,./data/vort004,12021464,13738815
1709508614940,READ,./data/vort004,5152056,6869407
1709508614992,READ,./data/vort004,15456168,17173511
1709508615071,READ,./data/vort004,1717352,3434703
1709508615101,READ,./data/vort004,3434704,5152055
1709508615602,READ,./data/vort004,0,1717351
1709508615666,READ,./data/vort004,3434704,5152055
1709508615680,READ,./data/vort004,10304112,12021463
1709508615698,READ,./data/vort004,15456168,17173511
1709508615800,READ,./data/vort004,12021464,13738815
1709508615860,READ,./data/vort004,1717352,3434703
1709508615949,READ,./data/vort004,5152056,6869407
1709508616025,READ,./data/vort004,6869408,8586759
1709508616056,READ,./data/vort004,13738816,15456167
1709508616125,READ,./data/vort004,8586760,10304111
1709508616708,READ,./data/vort004,0,1717351
1709508616797,READ,./data/vort004,1717352,3434703
1709508616802,READ,./data/vort004,15456168,17173511
1709508616919,READ,./data/vort004,12021464,13738815
1709508616959,READ,./data/vort004,3434704,5152055
1709508617073,READ,./data/vort004,5152056,6869407
1709508617137,READ,./data/vort004,13738816,15456167
1709508617183,READ,./data/vort004,10304112,12021463
1709508617259,READ,./data/vort004,6869408,8586759
1709508617307,READ,./data/vort004,8586760,10304111
1709508617625,READ,./data/ux00005,1717352,3434703
1709508617701,READ,./data/ux00005,0,1717351
1709508617712,READ,./data/ux00005,13738816,15456167
1709508617775,READ,./data/ux00005,3434704,5152055
1709508617857,READ,./data/ux00005,12021464,13738815
1709508617910,READ,./data/ux00005,15456168,17173511
1709508617999,READ,./data/ux00005,10304112,12021463
1709508618062,READ,./data/ux00005,5152056,6869407
1709508618153,READ,./data/ux00005,6869408,8586759
1709508618185,READ,./data/ux00005,8586760,10304111
1709508618552,READ,./data/uy00005,0,1717351
1709508618572,READ,./data/uy00005,8586760,10304111
1709508618672,READ,./data/uy00005,12021464,13738815
1709508618789,READ,./data/uy00005,13738816,15456167
1709508618857,READ,./data/uy00005,3434704,5152055
1709508618866,READ,./data/uy00005,10304112,12021463
1709508618892,READ,./data/uy00005,15456168,17173511
1709508618975,READ,./data/uy00005,1717352,3434703
1709508619075,READ,./data/uy00005,6869408,8586759
1709508619098,READ,./data/uy00005,5152056,6869407
1709508619390,READ,./data/uz00005,0,1717351
1709508619471,READ,./data/uz00005,3434704,5152055
1709508619471,READ,./data/uz00005,12021464,13738815
1709508619544,READ,./data/uz00005,5152056,6869407
1709508619636,READ,./data/uz00005,13738816,15456167
1709508619675,READ,./data/uz00005,1717352,3434703
1709508619723,READ,./data/uz00005,8586760,10304111
1709508619756,READ,./data/uz00005,15456168,17173511
1709508619778,READ,./data/uz00005,6869408,8586759
1709508619819,READ,./data/uz00005,10304112,12021463
1709508620114,READ,./data/pp00005,0,1717351
1709508620217,READ,./data/pp00005,1717352,3434703
1709508620218,READ,./data/pp00005,15456168,17173511
1709508620220,READ,./data/pp00005,10304112,12021463
1709508620313,READ,./data/pp00005,13738816,15456167
1709508620388,READ,./data/pp00005,8586760,10304111
1709508620394,READ,./data/pp00005,3434704,5152055
1709508620473,READ,./data/pp00005,6869408,8586759
1709508620512,READ,./data/pp00005,12021464,13738815
1709508620609,READ,./data/pp00005,5152056,6869407
1709508621011,READ,./data/phi100005,0,1717351
1709508621036,READ,./data/phi100005,15456168,17173511
1709508621041,READ,./data/phi100005,8586760,10304111
1709508621094,READ,./data/phi100005,1717352,3434703
1709508621151,READ,./data/phi100005,6869408,8586759
1709508621213,READ,./data/phi100005,3434704,5152055
1709508621287,READ,./data/phi100005,13738816,15456167
1709508621303,READ,./data/phi100005,10304112,12021463
1709508621356,READ,./data/phi100005,5152056,6869407
1709508621384,READ,./data/phi100005,12021464,13738815
1709508621396,READ,./data/snap0000005.ini,0,301
1709508621771,READ,./data/vort005,0,1717351
1709508621783,READ,./data/vort005,12021464,13738815
1709508621784,READ,./data/vort005,5152056,6869407
1709508621859,READ,./data/vort005,13738816,15456167
1709508621928,READ,./data/vort005,10304112,12021463
1709508621973,READ,./data/vort005,1717352,3434703
1709508621996,READ,./data/vort005,15456168,17173511
1709508622069,READ,./data/vort005,3434704,5152055
1709508622125,READ,./data/vort005,6869408,8586759
1709508622203,READ,./data/vort005,8586760,10304111
1709508622630,READ,./data/vort005,0,1717351
1709508622692,READ,./data/vort005,12021464,13738815
1709508622782,READ,./data/vort005,13738816,15456167
1709508622820,READ,./data/vort005,15456168,17173511
1709508622878,READ,./data/vort005,10304112,12021463
1709508622880,READ,./data/vort005,5152056,6869407
1709508622918,READ,./data/vort005,8586760,10304111
1709508622966,READ,./data/vort005,1717352,3434703
1709508623042,READ,./data/vort005,6869408,8586759
1709508623072,READ,./data/vort005,3434704,5152055
1709508623573,READ,./data/vort005,0,1717351
1709508623629,READ,./data/vort005,15456168,17173511
1709508623654,READ,./data/vort005,8586760,10304111
1709508623686,READ,./data/vort005,3434704,5152055
1709508623748,READ,./data/vort005,10304112,12021463
1709508623787,READ,./data/vort005,1717352,3434703
1709508623851,READ,./data/vort005,6869408,8586759
1709508623885,READ,./data/vort005,5152056,6869407
1709508623946,READ,./data/vort005,12021464,13738815
1709508623984,READ,./data/vort005,13738816,15456167
1709508624401,READ,./data/vort005,0,1717351
1709508624446,READ,./data/vort005,6869408,8586759
1709508624525,READ,./data/vort005,3434704,5152055
1709508624534,READ,./data/vort005,15456168,17173511
1709508624630,READ,./data/vort005,13738816,15456167
1709508624672,READ,./data/vort005,5152056,6869407
1709508624717,READ,./data/vort005,10304112,12021463
1709508624757,READ,./data/vort005,8586760,10304111
1709508624865,READ,./data/vort005,12021464,13738815
1709508624890,READ,./data/vort005,1717352,3434703
1709508625267,READ,./data/ux00006,8586760,10304111
1709508625271,READ,./data/ux00006,0,1717351
1709508625320,READ,./data/ux00006,3434704,5152055
1709508625387,READ,./data/ux00006,13738816,15456167
1709508625388,READ,./data/ux00006,10304112,12021463
1709508625438,READ,./data/ux00006,5152056,6869407
1709508625493,READ,./data/ux00006,6869408,8586759
1709508625553,READ,./data/ux00006,12021464,13738815
1709508625602,READ,./data/ux00006,15456168,17173511
1709508625623,READ,./data/ux00006,1717352,3434703
1709508625974,READ,./data/uy00006,0,1717351
1709508625985,READ,./data/uy00006,6869408,8586759
1709508626077,READ,./data/uy00006,10304112,12021463
1709508626147,READ,./data/uy00006,5152056,6869407
1709508626149,READ,./data/uy00006,12021464,13738815
1709508626201,READ,./data/uy00006,3434704,5152055
1709508626250,READ,./data/uy00006,8586760,10304111
1709508626304,READ,./data/uy00006,13738816,15456167
1709508626340,READ,./data/uy00006,1717352,3434703
1709508626378,READ,./data/uy00006,15456168,17173511
1709508626805,READ,./data/uz00006,5152056,6869407
1709508626826,READ,./data/uz00006,0,1717351
1709508626852,READ,./data/uz00006,15456168,17173511
1709508626922,READ,./data/uz00006,13738816,15456167
1709508626969,READ,./data/uz00006,1717352,3434703
1709508627052,READ,./data/uz00006,10304112,12021463
1709508627053,READ,./data/uz00006,3434704,5152055
1709508627144,READ,./data/uz00006,8586760,10304111
1709508627195,READ,./data/uz00006,12021464,13738815
1709508627276,READ,./data/uz00006,6869408,8586759
1709508627575,READ,./data/pp00006,0,1717351
1709508627617,READ,./data/pp00006,6869408,8586759
1709508627627,READ,./data/pp00006,13738816,15456167
1709508627677,READ,./data/pp00006,1717352,3434703
1709508627787,READ,./data/pp00006,5152056,6869407
1709508627848,READ,./data/pp00006,10304112,12021463
1709508627881,READ,./data/pp00006,8586760,10304111
1709508627959,READ,./data/pp00006,15456168,17173511
1709508628063,READ,./data/pp00006,12021464,13738815
1709508628094,READ,./data/pp00006,3434704,5152055
1709508628365,READ,./data/phi100006,0,1717351
1709508628391,READ,./data/phi100006,8586760,10304111
1709508628494,READ,./data/phi100006,6869408,8586759
1709508628566,READ,./data/phi100006,3434704,5152055
1709508628578,READ,./data/phi100006,13738816,15456167
1709508628659,READ,./data/phi100006,15456168,17173511
1709508628702,READ,./data/phi100006,12021464,13738815
1709508628739,READ,./data/phi100006,5152056,6869407
1709508628789,READ,./data/phi100006,1717352,3434703
1709508628793,READ,./data/phi100006,10304112,12021463
1709508628806,READ,./data/snap0000006.ini,0,301
1709508629085,READ,./data/vort006,0,1717351
1709508629107,READ,./data/vort006,15456168,17173511
1709508629110,READ,./data/vort006,5152056,6869407
1709508629121,READ,./data/vort006,10304112,12021463
1709508629240,READ,./data/vort006,12021464,13738815
1709508629300,READ,./data/vort006,1717352,3434703
1709508629354,READ,./data/vort006,3434704,5152055
1709508629529,READ,./data/vort006,6869408,8586759
1709508629542,READ,./data/vort006,13738816,15456167
1709508629572,READ,./data/vort006,8586760,10304111
1709508629962,READ,./data/vort006,0,1717351
1709508629986,READ,./data/vort006,5152056,6869407
1709508630008,READ,./data/vort006,13738816,15456167
1709508630048,READ,./data/vort006,1717352,3434703
1709508630136,READ,./data/vort006,15456168,17173511
1709508630197,READ,./data/vort006,12021464,13738815
1709508630315,READ,./data/vort006,6869408,8586759
1709508630351,READ,./data/vort006,10304112,12021463
1709508630401,READ,./data/vort006,8586760,10304111
1709508630466,READ,./data/vort006,3434704,5152055
1709508631029,READ,./data/vort006,0,1717351
1709508631113,READ,./data/vort006,1717352,3434703
1709508631117,READ,./data/vort006,10304112,12021463
1709508631132,READ,./data/vort006,5152056,6869407
1709508631161,READ,./data/vort006,15456168,17173511
1709508631245,READ,./data/vort006,6869408,8586759
1709508631290,READ,./data/vort006,8586760,10304111
1709508631356,READ,./data/vort006,12021464,13738815
1709508631457,READ,./data/vort006,3434704,5152055
1709508631484,READ,./data/vort006,13738816,15456167
1709508632050,READ,./data/vort006,0,1717351
1709508632078,READ,./data/vort006,10304112,12021463
1709508632107,READ,./data/vort006,13738816,15456167
1709508632158,READ,./data/vort006,3434704,5152055
1709508632253,READ,./data/vort006,6869408,8586759
1709508632320,READ,./data/vort006,15456168,17173511
1709508632460,READ,./data/vort006,12021464,13738815
1709508632534,READ,./data/vort006,5152056,6869407
1709508632609,READ,./data/vort006,8586760,10304111
1709508632673,READ,./data/vort006,1717352,3434703
1709508632982,READ,./data/ux00007,0,1717351
1709508633006,READ,./data/ux00007,12021464,13738815
1709508633115,READ,./data/ux00007,10304112,12021463
1709508633138,READ,./data/ux00007,3434704,5152055
1709508633224,READ,./data/ux00007,6869408,8586759
1709508633276,READ,./data/ux00007,8586760,10304111
1709508633276,READ,./data/ux00007,15456168,17173511
1709508633280,READ,./data/ux00007,1717352,3434703
1709508633281,READ,./data/ux00007,5152056,6869407
1709508633323,READ,./data/ux00007,13738816,15456167
1709508633715,READ,./data/uy00007,0,1717351
1709508633728,READ,./data/uy00007,6869408,8586759
1709508633757,READ,./data/uy00007,15456168,17173511
1709508633844,READ,./data/uy00007,3434704,5152055
1709508633886,READ,./data/uy00007,5152056,6869407
1709508633943,READ,./data/uy00007,13738816,15456167
1709508633977,READ,./data/uy00007,1717352,3434703
1709508634033,READ,./data/uy00007,10304112,12021463
1709508634081,READ,./data/uy00007,12021464,13738815
1709508634206,READ,./data/uy00007,8586760,10304111
1709508634474,READ,./data/uz00007,6869408,8586759
1709508634486,READ,./data/uz00007,0,1717351
1709508634581,READ,./data/uz00007,8586760,10304111
1709508634679,READ,./data/uz00007,10304112,12021463
1709508634765,READ,./data/uz00007,3434704,5152055
1709508634804,READ,./data/uz00007,13738816,15456167
1709508634809,READ,./data/uz00007,1717352,3434703
1709508634900,READ,./data/uz00007,15456168,17173511
1709508634926,READ,./data/uz00007,5152056,6869407
1709508634981,READ,./data/uz00007,12021464,13738815
1709508635402,READ,./data/pp00007,1717352,3434703
1709508635481,READ,./data/pp00007,0,1717351
1709508635498,READ,./data/pp00007,12021464,13738815
1709508635579,READ,./data/pp00007,15456168,17173511
1709508635641,READ,./data/pp00007,3434704,5152055
1709508635708,READ,./data/pp00007,10304112,12021463
1709508635806,READ,./data/pp00007,6869408,8586759
1709508635870,READ,./data/pp00007,5152056,6869407
1709508635919,READ,./data/pp00007,8586760,10304111
1709508635919,READ,./data/pp00007,13738816,15456167
1709508636285,READ,./data/phi100007,0,1717351
1709508636289,READ,./data/phi100007,5152056,6869407
1709508636291,READ,./data/phi100007,8586760,10304111
1709508636359,READ,./data/phi100007,12021464,13738815
1709508636429,READ,./data/phi100007,13738816,15456167
1709508636539,READ,./data/phi100007,6869408,8586759
1709508636564,READ,./data/phi100007,10304112,12021463
1709508636631,READ,./data/phi100007,1717352,3434703
1709508636702,READ,./data/phi100007,3434704,5152055
1709508636737,READ,./data/phi100007,15456168,17173511
1709508636749,READ,./data/snap0000007.ini,0,301
1709508637107,READ,./data/vort007,1717352,3434703
1709508637198,READ,./data/vort007,0,1717351
1709508637199,READ,./data/vort007,15456168,17173511
1709508637229,READ,./data/vort007,8586760,10304111
1709508637260,READ,./data/vort007,3434704,5152055
1709508637322,READ,./data/vort007,10304112,12021463
1709508637369,READ,./data/vort007,5152056,6869407
1709508637463,READ,./data/vort007,13738816,15456167
1709508637524,READ,./data/vort007,6869408,8586759
1709508637582,READ,./data/vort007,12021464,13738815
1709508638007,READ,./data/vort007,0,1717351
1709508638030,READ,./data/vort007,15456168,17173511
1709508638038,READ,./data/vort007,5152056,6869407
1709508638040,READ,./data/vort007,8586760,10304111
1709508638115,READ,./data/vort007,3434704,5152055
1709508638204,READ,./data/vort007,12021464,13738815
1709508638239,READ,./data/vort007,1717352,3434703
1709508638297,READ,./data/vort007,10304112,12021463
1709508638391,READ,./data/vort007,6869408,8586759
1709508638419,READ,./data/vort007,13738816,15456167
1709508638803,READ,out/restart0000030,10304112,12021463
1709508638804,READ,out/restart0000030,0,1717351
1709508638912,READ,out/restart0000030,6869408,8586759
1709508638913,READ,out/restart0000030,13738816,15456167
1709508638986,READ,out/restart0000030,1717352,3434703
1709508639065,READ,out/restart0000030,15456168,17173511
1709508639184,READ,out/restart0000030,12021464,13738815
1709508639314,READ,out/restart0000030,8586760,10304111
1709508639374,READ,out/restart0000030,5152056,6869407
1709508639475,READ,out/restart0000030,3434704,5152055
1709508639488,READ,out/restart0000030,22325568,24042919
1709508639494,READ,out/restart0000030,25760272,27477623
1709508639565,READ,out/restart0000030,17173512,18890863
1709508639630,READ,out/restart0000030,29194976,30912327
1709508639714,READ,out/restart0000030,18890864,20608215
1709508639787,READ,out/restart0000030,20608216,22325567
1709508639822,READ,out/restart0000030,24042920,25760271
1709508639902,READ,out/restart0000030,30912328,32629679
1709508639943,READ,out/restart0000030,27477624,29194975
1709508639981,READ,out/restart0000030,32629680,34347023
1709508639998,READ,out/restart0000030,44651136,46368487
1709508640088,READ,out/restart0000030,48085840,49803191
1709508640091,READ,out/restart0000030,39499080,41216431
1709508640097,READ,out/restart0000030,42933784,44651135
1709508640139,READ,out/restart0000030,34347024,36064375
1709508640192,READ,out/restart0000030,37781728,39499079
1709508640245,READ,out/restart0000030,36064376,37781727
1709508640327,READ,out/restart0000030,46368488,48085839
1709508640333,READ,out/restart0000030,41216432,42933783
1709508640375,READ,out/restart0000030,49803192,51520535
1709508640398,READ,out/restart0000030,66976704,68694047
1709508640443,READ,out/restart0000030,53237888,54955239
1709508640448,READ,out/restart0000030,65259352,66976703
1709508640505,READ,out/restart0000030,58389944,60107295
1709508640539,READ,out/restart0000030,56672592,58389943
1709508640584,READ,out/restart0000030,54955240,56672591
1709508640593,READ,out/restart0000030,51520536,53237887
1709508640605,READ,out/restart0000030,63542000,65259351
1709508640677,READ,out/restart0000030,60107296,61824647
1709508640708,READ,out/restart0000030,61824648,63541999
1709508640712,READ,out/restart0000030,84150216,85867559
1709508640723,READ,out/restart0000030,80715512,82432863
1709508640724,READ,out/restart0000030,72128752,73846103
1709508640730,READ,out/restart0000030,75563456,77280807
1709508640821,READ,out/restart0000030,73846104,75563455
1709508640906,READ,out/restart0000030,70411400,72128751
1709508640934,READ,out/restart0000030,82432864,84150215
1709508640944,READ,out/restart0000030,68694048,70411399
1709508640993,READ,out/restart0000030,78998160,80715511
1709508641089,READ,out/restart0000030,77280808,78998159
1709508641093,READ,out/restart0000030,101323728,103041071
1709508641101,READ,out/restart0000030,97889024,99606375
1709508641102,READ,out/restart0000030,85867560,87584911
1709508641176,READ,out/restart0000030,87584912,89302263
1709508641250,READ,out/restart0000030,91019616,92736967
1709508641292,READ,out/restart0000030,89302264,91019615
1709508641369,READ,out/restart0000030,99606376,101323727
1709508641423,READ,out/restart0000030,94454320,96171671
1709508641460,READ,out/restart0000030,96171672,97889023
1709508641500,READ,out/restart0000030,92736968,94454319
1709508641504,READ,out/restart0000030,118497240,120214583
1709508641521,READ,out/restart0000030,108193128,109910479
1709508641576,READ,out/restart0000030,104758424,106475775
1709508641610,READ,out/restart0000030,111627832,113345183
1709508641611,READ,out/restart0000030,106475776,108193127
1709508641659,READ,out/restart0000030,116779888,118497239
1709508641673,READ,out/restart0000030,109910480,111627831
1709508641708,READ,out/restart0000030,115062536,116779887
1709508641774,READ,out/restart0000030,113345184,115062535
1709508641791,READ,out/restart0000030,103041072,104758423
1709508641795,READ,out/restart0000030,135670752,137388095
1709508641801,READ,out/restart0000030,127083992,128801343
1709508641805,READ,out/restart0000030,121931936,123649287
1709508641866,READ,out/restart0000030,123649288,125366639
1709508641942,READ,out/restart0000030,133953400,135670751
1709508641946,READ,out/restart0000030,120214584,121931935
1709508642002,READ,out/restart0000030,132236048,133953399
1709508642044,READ,out/restart0000030,125366640,127083991
1709508642046,READ,out/restart0000030,130518696,132236047
1709508642140,READ,out/restart0000030,128801344,130518695
1709508642143,READ,out/restart0000030,152844264,154561607
1709508642150,READ,out/restart0000030,147692208,149409559
1709508642163,READ,out/restart0000030,144257504,145974855
1709508642185,READ,out/restart0000030,139105448,140822799
1709508642240,READ,out/restart0000030,145974856,147692207
1709508642311,READ,out/restart0000030,149409560,151126911
1709508642336,READ,out/restart0000030,142540152,144257503
1709508642368,READ,out/restart0000030,137388096,139105447
1709508642408,READ,out/restart0000030,140822800,142540151
1709508642422,READ,out/restart0000030,151126912,152844263
1709508642446,READ,out/restart0000030,169779069,171469895
1709508642463,READ,out/restart0000030,156252437,157943265
1709508642475,READ,out/restart0000030,159634095,161324923
1709508642550,READ,out/restart0000030,166397411,168088239
1709508642642,READ,out/restart0000030,163015753,164706581
1709508642691,READ,out/restart0000030,154561608,156252436
1709508642706,READ,out/restart0000030,164706582,166397410
1709508642730,READ,out/restart0000030,157943266,159634094
1709508642769,READ,out/restart0000030,161324924,163015752
1709508642792,READ,out/restart0000030,168088240,169779068
1709508642796,READ,out/restart0000030,186926064,188643407
1709508642811,READ,out/restart0000030,174904600,176621951
1709508642877,READ,out/restart0000030,185208712,186926063
1709508642920,READ,out/restart0000030,178339304,180056655
1709508643015,READ,out/restart0000030,171469896,173187247
1709508643017,READ,out/restart0000030,181774008,183491359
1709508643092,READ,out/restart0000030,173187248,174904599
1709508643184,READ,out/restart0000030,183491360,185208711
1709508643230,READ,out/restart0000030,180056656,181774007
1709508643282,READ,out/restart0000030,176621952,178339303
1709508643287,READ,out/restart0000030,204099576,205816919
1709508643334,READ,out/restart0000030,193795464,195512815
1709508643340,READ,out/restart0000030,188643408,190360759
1709508643426,READ,out/restart0000030,195512816,197230167
1709508643520,READ,out/restart0000030,198947520,200664871
1709508643646,READ,out/restart0000030,190360760,192078111
1709508643735,READ,out/restart0000030,200664872,202382223
1709508643855,READ,out/restart0000030,197230168,198947519
1709508643910,READ,out/restart0000030,192078112,193795463
1709508643939,READ,out/restart0000030,202382224,204099575
1709508643943,READ,out/restart0000030,221273088,222990431
1709508644053,READ,out/restart0000030,207534272,209251623
1709508644114,READ,out/restart0000030,212686328,214403679
1709508644116,READ,out/restart0000030,205816920,207534271
1709508644190,READ,out/restart0000030,214403680,216121031
1709508644217,READ,out/restart0000030,210968976,212686327
1709508644245,READ,out/restart0000030,209251624,210968975
1709508644257,READ,out/restart0000030,219555736,221273087
1709508644261,READ,out/restart0000030,216121032,217838383
1709508644346,READ,out/restart0000030,217838384,219555735
1709508644387,READ,out/restart0000030.info,0,538
1709508644594,READ,./data/vort007,0,1717351
1709508644627,READ,./data/vort007,13738816,15456167
1709508644655,READ,./data/vort007,6869408,8586759
1709508644748,READ,./data/vort007,10304112,12021463
1709508644819,READ,./data/vort007,12021464,13738815
1709508644889,READ,./data/vort007,3434704,5152055
1709508644933,READ,./data/vort007,5152056,6869407
1709508645004,READ,./data/vort007,1717352,3434703
1709508645051,READ,./data/vort007,8586760,10304111
1709508645116,READ,./data/vort007,15456168,17173511
1709508645539,READ,./data/vort007,0,1717351
1709508645580,READ,./data/vort007,8586760,10304111
1709508645665,READ,./data/vort007,1717352,3434703
1709508645674,READ,./data/vort007,13738816,15456167
1709508645741,READ,./data/vort007,3434704,5152055
1709508645819,READ,./data/vort007,12021464,13738815
1709508645843,READ,./data/vort007,15456168,17173511
1709508645870,READ,./data/vort007,10304112,12021463
1709508645949,READ,./data/vort007,6869408,8586759
1709508646042,READ,./data/vort007,5152056,6869407
1709508646426,READ,./data/ux00008,0,1717351
1709508646427,READ,./data/ux00008,13738816,15456167
1709508646454,READ,./data/ux00008,8586760,10304111
1709508646532,READ,./data/ux00008,6869408,8586759
1709508646595,READ,./data/ux00008,15456168,17173511
1709508646628,READ,./data/ux00008,10304112,12021463
1709508646665,READ,./data/ux00008,1717352,3434703
1709508646745,READ,./data/ux00008,5152056,6869407
1709508646799,READ,./data/ux00008,3434704,5152055
1709508646854,READ,./data/ux00008,12021464,13738815
1709508647089,READ,./data/uy00008,0,1717351
1709508647130,READ,./data/uy00008,5152056,6869407
1709508647141,READ,./data/uy00008,8586760,10304111
1709508647153,READ,./data/uy00008,15456168,17173511
1709508647205,READ,./data/uy00008,1717352,3434703
1709508647287,READ,./data/uy00008,12021464,13738815
1709508647362,READ,./data/uy00008,3434704,5152055
1709508647426,READ,./data/uy00008,6869408,8586759
1709508647452,READ,./data/uy00008,10304112,12021463
1709508647481,READ,./data/uy00008,13738816,15456167
1709508647883,READ,./data/uz00008,12021464,13738815
1709508647885,READ,./data/uz00008,5152056,6869407
1709508647891,READ,./data/uz00008,0,1717351
1709508647955,READ,./data/uz00008,15456168,17173511
1709508648006,READ,./data/uz00008,8586760,10304111
1709508648095,READ,./data/uz00008,6869408,8586759
1709508648169,READ,./data/uz00008,10304112,12021463
1709508648218,READ,./data/uz00008,3434704,5152055
1709508648254,READ,./data/uz00008,13738816,15456167
1709508648299,READ,./data/uz00008,1717352,3434703
1709508648765,READ,./data/pp00008,0,1717351
1709508648776,READ,./data/pp00008,5152056,6869407
1709508648790,READ,./data/pp00008,13738816,15456167
1709508648874,READ,./data/pp00008,1717352,3434703
1709508648971,READ,./data/pp00008,6869408,8586759
1709508649080,READ,./data/pp00008,10304112,12021463
1709508649162,READ,./data/pp00008,15456168,17173511
1709508649208,READ,./data/pp00008,8586760,10304111
1709508649281,READ,./data/pp00008,12021464,13738815
1709508649384,READ,./data/pp00008,3434704,5152055
1709508649767,READ,./data/phi100008,8586760,10304111
1709508649774,READ,./data/phi100008,0,1717351
1709508649853,READ,./data/phi100008,12021464,13738815
1709508649927,READ,./data/phi100008,13738816,15456167
1709508649959,READ,./data/phi100008,1717352,3434703
1709508650008,READ,./data/phi100008,6869408,8586759
1709508650032,READ,./data/phi100008,15456168,17173511
1709508650107,READ,./data/phi100008,5152056,6869407
1709508650147,READ,./data/phi100008,10304112,12021463
1709508650178,READ,./data/phi100008,3434704,5152055
1709508650234,READ,./data/snap0000008.ini,0,301
1709508650555,READ,./data/vort008,0,1717351
1709508650604,READ,./data/vort008,3434704,5152055
1709508650675,READ,./data/vort008,6869408,8586759
1709508650747,READ,./data/vort008,12021464,13738815
1709508650833,READ,./data/vort008,13738816,15456167
1709508650879,READ,./data/vort008,1717352,3434703
1709508650896,READ,./data/vort008,15456168,17173511
1709508650927,READ,./data/vort008,10304112,12021463
1709508650957,READ,./data/vort008,5152056,6869407
1709508650996,READ,./data/vort008,8586760,10304111
1709508651421,READ,./data/vort008,0,1717351
1709508651465,READ,./data/vort008,5152056,6869407
1709508651481,READ,./data/vort008,10304112,12021463
1709508651500,READ,./data/vort008,15456168,17173511
1709508651576,READ,./data/vort008,3434704,5152055
1709508651651,READ,./data/vort008,13738816,15456167
1709508651704,READ,./data/vort008,8586760,10304111
1709508651742,READ,./data/vort008,1717352,3434703
1709508651775,READ,./data/vort008,6869408,8586759
1709508651889,READ,./data/vort008,12021464,13738815
1709508652546,READ,./data/vort008,0,1717351
1709508652606,READ,./data/vort008,15456168,17173511
1709508652627,READ,./data/vort008,10304112,12021463
1709508652677,READ,./data/vort008,3434704,5152055
1709508652798,READ,./data/vort008,1717352,3434703
1709508652814,READ,./data/vort008,5152056,6869407
1709508652873,READ,./data/vort008,6869408,8586759
1709508652925,READ,./data/vort008,13738816,15456167
1709508652982,READ,./data/vort008,12021464,13738815
1709508653048,READ,./data/vort008,8586760,10304111
1709508653633,READ,./data/vort008,0,1717351
1709508653691,READ,./data/vort008,8586760,10304111
1709508653751,READ,./data/vort008,1717352,3434703
1709508653751,READ,./data/vort008,15456168,17173511
1709508653790,READ,./data/vort008,3434704,5152055
1709508653864,READ,./data/vort008,10304112,12021463
1709508653927,READ,./data/vort008,13738816,15456167
1709508653975,READ,./data/vort008,12021464,13738815
1709508654054,READ,./data/vort008,5152056,6869407
1709508654113,READ,./data/vort008,6869408,8586759
1709508654630,READ,./data/ux00009,0,1717351
1709508654652,READ,./data/ux00009,10304112,12021463
1709508654748,READ,./data/ux00009,6869408,8586759
1709508654850,READ,./data/ux00009,3434704,5152055
1709508654853,READ,./data/ux00009,13738816,15456167
1709508654893,READ,./data/ux00009,8586760,10304111
1709508654966,READ,./data/ux00009,12021464,13738815
1709508655002,READ,./data/ux00009,5152056,6869407
1709508655030,READ,./data/ux00009,15456168,17173511
1709508655062,READ,./data/ux00009,1717352,3434703
1709508655492,READ,./data/uy00009,0,1717351
1709508655502,READ,./data/uy00009,10304112,12021463
1709508655581,READ,./data/uy00009,15456168,17173511
1709508655589,READ,./data/uy00009,6869408,8586759
1709508655691,READ,./data/uy00009,3434704,5152055
1709508655754,READ,./data/uy00009,12021464,13738815
1709508655780,READ,./data/uy00009,13738816,15456167
1709508655906,READ,./data/uy00009,1717352,3434703
1709508655953,READ,./data/uy00009,5152056,6869407
1709508656040,READ,./data/uy00009,8586760,10304111
1709508656397,READ,./data/uz00009,0,1717351
1709508656397,READ,./data/uz00009,6869408,8586759
1709508656482,READ,./data/uz00009,5152056,6869407
1709508656533,READ,./data/uz00009,12021464,13738815
1709508656622,READ,./data/uz00009,13738816,15456167
1709508656657,READ,./data/uz00009,10304112,12021463
1709508656762,READ,./data/uz00009,8586760,10304111
1709508656803,READ,./data/uz00009,1717352,3434703
1709508656826,READ,./data/uz00009,15456168,17173511
1709508656846,READ,./data/uz00009,3434704,5152055
1709508657224,READ,./data/pp00009,5152056,6869407
1709508657237,READ,./data/pp00009,0,1717351
1709508657321,READ,./data/pp00009,8586760,10304111
1709508657324,READ,./data/pp00009,3434704,5152055
1709508657333,READ,./data/pp00009,13738816,15456167
1709508657413,READ,./data/pp00009,15456168,17173511
1709508657478,READ,./data/pp00009,6869408,8586759
1709508657500,READ,./data/pp00009,12021464,13738815
1709508657523,READ,./data/pp00009,1717352,3434703
1709508657573,READ,./data/pp00009,10304112,12021463
1709508657978,READ,./data/phi100009,0,1717351
1709508658002,READ,./data/phi100009,12021464,13738815
1709508658019,READ,./data/phi100009,5152056,6869407
1709508658102,READ,./data/phi100009,3434704,5152055
1709508658159,READ,./data/phi100009,13738816,15456167
1709508658183,READ,./data/phi100009,15456168,17173511
1709508658250,READ,./data/phi100009,10304112,12021463
1709508658281,READ,./data/phi100009,8586760,10304111
1709508658347,READ,./data/phi100009,6869408,8586759
1709508658372,READ,./data/phi100009,1717352,3434703
1709508658386,READ,./data/snap0000009.ini,0,301
1709508658831,READ,./data/vort009,5152056,6869407
1709508658832,READ,./data/vort009,0,1717351
1709508658883,READ,./data/vort009,15456168,17173511
1709508658887,READ,./data/vort009,1717352,3434703
1709508658898,READ,./data/vort009,10304112,12021463
1709508659014,READ,./data/vort009,6869408,8586759
1709508659081,READ,./data/vort009,13738816,15456167
1709508659132,READ,./data/vort009,12021464,13738815
1709508659221,READ,./data/vort009,8586760,10304111
1709508659253,READ,./data/vort009,3434704,5152055
1709508659782,READ,./data/vort009,0,1717351
1709508659811,READ,./data/vort009,8586760,10304111
1709508659901,READ,./data/vort009,10304112,12021463
1709508659904,READ,./data/vort009,5152056,6869407
1709508659947,READ,./data/vort009,12021464,13738815
1709508660031,READ,./data/vort009,13738816,15456167
1709508660161,READ,./data/vort009,6869408,8586759
1709508660170,READ,./data/vort009,1717352,3434703
1709508660185,READ,./data/vort009,15456168,17173511
1709508660255,READ,./data/vort009,3434704,5152055
1709508660699,READ,./data/vort009,0,1717351
1709508660731,READ,./data/vort009,15456168,17173511
1709508660739,READ,./data/vort009,8586760,10304111
1709508660814,READ,./data/vort009,6869408,8586759
1709508660887,READ,./data/vort009,12021464,13738815
1709508660944,READ,./data/vort009,5152056,6869407
1709508660994,READ,./data/vort009,1717352,3434703
1709508661032,READ,./data/vort009,3434704,5152055
1709508661058,READ,./data/vort009,13738816,15456167
1709508661105,READ,./data/vort009,10304112,12021463
1709508661587,READ,./data/vort009,0,1717351
1709508661682,READ,./data/vort009,13738816,15456167
1709508661756,READ,./data/vort009,15456168,17173511
1709508661775,READ,./data/vort009,6869408,8586759
1709508661850,READ,./data/vort009,8586760,10304111
1709508661910,READ,./data/vort009,5152056,6869407
1709508661944,READ,./data/vort009,10304112,12021463
1709508661986,READ,./data/vort009,1717352,3434703
1709508662046,READ,./data/vort009,3434704,5152055
1709508662111,READ,./data/vort009,12021464,13738815
1709508662425,READ,./data/ux00010,0,1717351
1709508662434,READ,./data/ux00010,10304112,12021463
1709508662520,READ,./data/ux00010,12021464,13738815
1709508662618,READ,./data/ux00010,13738816,15456167
1709508662664,READ,./data/ux00010,6869408,8586759
1709508662738,READ,./data/ux00010,1717352,3434703
1709508662799,READ,./data/ux00010,3434704,5152055
1709508662831,READ,./data/ux00010,8586760,10304111
1709508662848,READ,./data/ux00010,5152056,6869407
1709508662887,READ,./data/ux00010,15456168,17173511
1709508663280,READ,./data/uy00010,6869408,8586759
1709508663287,READ,./data/uy00010,0,1717351
1709508663360,READ,./data/uy00010,10304112,12021463
1709508663430,READ,./data/uy00010,3434704,5152055
1709508663475,READ,./data/uy00010,5152056,6869407
1709508663502,READ,./data/uy00010,12021464,13738815
1709508663576,READ,./data/uy00010,1717352,3434703
1709508663601,READ,./data/uy00010,15456168,17173511
1709508663638,READ,./data/uy00010,13738816,15456167
1709508663791,READ,./data/uy00010,8586760,10304111
1709508664169,READ,./data/uz00010,0,1717351
1709508664201,READ,./data/uz00010,12021464,13738815
1709508664259,READ,./data/uz00010,3434704,5152055
1709508664331,READ,./data/uz00010,10304112,12021463
1709508664381,READ,./data/uz00010,15456168,17173511
1709508664453,READ,./data/uz00010,6869408,8586759
1709508664554,READ,./data/uz00010,1717352,3434703
1709508664577,READ,./data/uz00010,8586760,10304111
1709508664606,READ,./data/uz00010,5152056,6869407
1709508664630,READ,./data/uz00010,13738816,15456167
1709508665027,READ,./data/pp00010,0,1717351
1709508665081,READ,./data/pp00010,12021464,13738815
1709508665085,READ,./data/pp00010,5152056,6869407
1709508665190,READ,./data/pp00010,6869408,8586759
1709508665218,READ,./data/pp00010,10304112,12021463
1709508665263,READ,./data/pp00010,1717352,3434703
1709508665303,READ,./data/pp00010,8586760,10304111
1709508665429,READ,./data/pp00010,3434704,5152055
1709508665462,READ,./data/pp00010,13738816,15456167
1709508665501,READ,./data/pp00010,15456168,17173511
1709508665777,READ,./data/phi100010,0,1717351
1709508665827,READ,./data/phi100010,3434704,5152055
1709508665835,READ,./data/phi100010,15456168,17173511
1709508665884,READ,./data/phi100010,1717352,3434703
1709508665953,READ,./data/phi100010,6869408,8586759
1709508666050,READ,./data/phi100010,12021464,13738815
1709508666099,READ,./data/phi100010,13738816,15456167
1709508666121,READ,./data/phi100010,8586760,10304111
1709508666157,READ,./data/phi100010,5152056,6869407
1709508666198,READ,./data/phi100010,10304112,12021463
1709508666202,READ,./data/snap0000010.ini,0,301
1709508666524,READ,./data/vort010,0,1717351
1709508666529,READ,./data/vort010,5152056,6869407
1709508666608,READ,./data/vort010,13738816,15456167
1709508666611,READ,./data/vort010,1717352,3434703
1709508666678,READ,./data/vort010,15456168,17173511
1709508666680,READ,./data/vort010,10304112,12021463
1709508666755,READ,./data/vort010,3434704,5152055
1709508666808,READ,./data/vort010,8586760,10304111
1709508666855,READ,./data/vort010,6869408,8586759
1709508666911,READ,./data/vort010,12021464,13738815
1709508667344,READ,./data/vort010,0,1717351
1709508667377,READ,./data/vort010,15456168,17173511
1709508667389,READ,./data/vort010,8586760,10304111
1709508667433,READ,./data/vort010,3434704,5152055
1709508667528,READ,./data/vort010,12021464,13738815
1709508667564,READ,./data/vort010,10304112,12021463
1709508667634,READ,./data/vort010,6869408,8586759
1709508667687,READ,./data/vort010,5152056,6869407
1709508667719,READ,./data/vort010,13738816,15456167
1709508667746,READ,./data/vort010,1717352,3434703
1709508668197,READ,./data/vort010,0,1717351
1709508668226,READ,./data/vort010,5152056,6869407
1709508668255,READ,./data/vort010,8586760,10304111
1709508668261,READ,./data/vort010,13738816,15456167
1709508668310,READ,./data/vort010,1717352,3434703
1709508668419,READ,./data/vort010,6869408,8586759
1709508668436,READ,./data/vort010,10304112,12021463
1709508668524,READ,./data/vort010,12021464,13738815
1709508668566,READ,./data/vort010,15456168,17173511
1709508668660,READ,./data/vort010,3434704,5152055
1709508669164,READ,./data/vort010,0,1717351
1709508669181,READ,./data/vort010,12021464,13738815
1709508669191,READ,./data/vort010,5152056,6869407
1709508669260,READ,./data/vort010,15456168,17173511
1709508669346,READ,./data/vort010,3434704,5152055
1709508669354,READ,./data/vort010,13738816,15456167
1709508669381,READ,./data/vort010,1717352,3434703
1709508669433,READ,./data/vort010,6869408,8586759
1709508669467,READ,./data/vort010,10304112,12021463
1709508669553,READ,./data/vort010,8586760,10304111
1709508670018,READ,./data/ux00011,0,1717351
1709508670030,READ,./data/ux00011,13738816,15456167
1709508670076,READ,./data/ux00011,3434704,5152055
1709508670158,READ,./data/ux00011,10304112,12021463
1709508670163,READ,./data/ux00011,5152056,6869407
1709508670252,READ,./data/ux00011,6869408,8586759
1709508670282,READ,./data/ux00011,1717352,3434703
1709508670313,READ,./data/ux00011,8586760,10304111
1709508670411,READ,./data/ux00011,12021464,13738815
1709508670456,READ,./data/ux00011,15456168,17173511
1709508670942,READ,./data/uy00011,0,1717351
1709508670997,READ,./data/uy00011,1717352,3434703
1709508671032,READ,./data/uy00011,3434704,5152055
1709508671034,READ,./data/uy00011,10304112,12021463
1709508671109,READ,./data/uy00011,13738816,15456167
1709508671114,READ,./data/uy00011,5152056,6869407
1709508671213,READ,./data/uy00011,12021464,13738815
1709508671276,READ,./data/uy00011,15456168,17173511
1709508671310,READ,./data/uy00011,6869408,8586759
1709508671417,READ,./data/uy00011,8586760,10304111
1709508671659,READ,./data/uz00011,0,1717351
1709508671664,READ,./data/uz00011,13738816,15456167
1709508671710,READ,./data/uz00011,1717352,3434703
1709508671738,READ,./data/uz00011,3434704,5152055
1709508671801,READ,./data/uz00011,15456168,17173511
1709508671845,READ,./data/uz00011,12021464,13738815
1709508671925,READ,./data/uz00011,8586760,10304111
1709508671983,READ,./data/uz00011,10304112,12021463
1709508672105,READ,./data/uz00011,6869408,8586759
1709508672211,READ,./data/uz00011,5152056,6869407
1709508672688,READ,./data/pp00011,0,1717351
1709508672723,READ,./data/pp00011,12021464,13738815
1709508672801,READ,./data/pp00011,15456168,17173511
1709508672832,READ,./data/pp00011,3434704,5152055
1709508672897,READ,./data/pp00011,10304112,12021463
1709508672937,READ,./data/pp00011,8586760,10304111
1709508673008,READ,./data/pp00011,13738816,15456167
1709508673070,READ,./data/pp00011,5152056,6869407
1709508673123,READ,./data/pp00011,1717352,3434703
1709508673182,READ,./data/pp00011,6869408,8586759
1709508673622,READ,./data/phi100011,0,1717351
1709508673863,READ,./data/phi100011,8586760,10304111
1709508673867,READ,./data/phi100011,13738816,15456167
1709508673948,READ,./data/phi100011,10304112,12021463
1709508673985,READ,./data/phi100011,3434704,5152055
1709508674092,READ,./data/phi100011,12021464,13738815
1709508674209,READ,./data/phi100011,6869408,8586759
1709508674221,READ,./data/phi100011,15456168,17173511
1709508674237,READ,./data/phi100011,1717352,3434703
1709508674277,READ,./data/phi100011,5152056,6869407
1709508674280,READ,./data/snap0000011.ini,0,301
1709508674704,READ,./data/vort011,0,1717351
1709508674704,READ,./data/vort011,5152056,6869407
1709508674741,READ,./data/vort011,15456168,17173511
1709508674824,READ,./data/vort011,3434704,5152055
1709508674884,READ,./data/vort011,12021464,13738815
1709508674987,READ,./data/vort011,8586760,10304111
1709508675026,READ,./data/vort011,1717352,3434703
1709508675074,READ,./data/vort011,10304112,12021463
1709508675145,READ,./data/vort011,6869408,8586759
1709508675145,READ,./data/vort011,13738816,15456167
1709508675625,READ,./data/vort011,0,1717351
1709508675667,READ,./data/vort011,5152056,6869407
1709508675687,READ,./data/vort011,13738816,15456167
1709508675765,READ,./data/vort011,6869408,8586759
1709508675872,READ,./data/vort011,8586760,10304111
1709508675933,READ,./data/vort011,15456168,17173511
1709508675989,READ,./data/vort011,3434704,5152055
1709508676047,READ,./data/vort011,1717352,3434703
1709508676058,READ,./data/vort011,10304112,12021463
1709508676145,READ,./data/vort011,12021464,13738815
1709508676582,READ,./data/vort011,0,1717351
1709508676661,READ,./data/vort011,12021464,13738815
1709508676716,READ,./data/vort011,1717352,3434703
1709508676768,READ,./data/vort011,5152056,6869407
1709508676773,READ,./data/vort011,13738816,15456167
1709508676834,READ,./data/vort011,8586760,10304111
1709508676902,READ,./data/vort011,3434704,5152055
1709508676944,READ,./data/vort011,6869408,8586759
1709508676955,READ,./data/vort011,15456168,17173511
1709508676992,READ,./data/vort011,10304112,12021463
1709508677491,READ,./data/vort011,0,1717351
1709508677604,READ,./data/vort011,3434704,5152055
1709508677612,READ,./data/vort011,13738816,15456167
1709508677722,READ,./data/vort011,15456168,17173511
1709508677758,READ,./data/vort011,1717352,3434703
1709508677812,READ,./data/vort011,12021464,13738815
1709508677962,READ,./data/vort011,6869408,8586759
1709508678004,READ,./data/vort011,5152056,6869407
1709508678031,READ,./data/vort011,10304112,12021463
1709508678130,READ,./data/vort011,8586760,10304111
1709508678409,READ,./data/ux00012,0,1717351
1709508678459,READ,./data/ux00012,12021464,13738815
1709508678546,READ,./data/ux00012,15456168,17173511
1709508678629,READ,./data/ux00012,10304112,12021463
1709508678681,READ,./data/ux00012,13738816,15456167
1709508678701,READ,./data/ux00012,6869408,8586759
1709508678786,READ,./data/ux00012,3434704,5152055
1709508678839,READ,./data/ux00012,1717352,3434703
1709508678862,READ,./data/ux00012,8586760,10304111
1709508678883,READ,./data/ux00012,5152056,6869407
1709508679256,READ,./data/uy00012,0,1717351
1709508679266,READ,./data/uy00012,10304112,12021463
1709508679337,READ,./data/uy00012,5152056,6869407
1709508679344,READ,./data/uy00012,8586760,10304111
1709508679397,READ,./data/uy00012,1717352,3434703
1709508679399,READ,./data/uy00012,15456168,17173511
1709508679473,READ,./data/uy00012,12021464,13738815
1709508679495,READ,./data/uy00012,13738816,15456167
1709508679577,READ,./data/uy00012,3434704,5152055
1709508679710,READ,./data/uy00012,6869408,8586759
1709508680048,READ,./data/uz00012,0,1717351
1709508680122,READ,./data/uz00012,1717352,3434703
1709508680187,READ,./data/uz00012,3434704,5152055
1709508680268,READ,./data/uz00012,6869408,8586759
1709508680365,READ,./data/uz00012,8586760,10304111
1709508680454,READ,./data/uz00012,10304112,12021463
1709508680524,READ,./data/uz00012,12021464,13738815
1709508680633,READ,./data/uz00012,15456168,17173511
1709508680717,READ,./data/uz00012,5152056,6869407
1709508680747,READ,./data/uz00012,13738816,15456167
1709508681147,READ,./data/pp00012,0,1717351
1709508681181,READ,./data/pp00012,6869408,8586759
1709508681194,READ,./data/pp00012,13738816,15456167
1709508681270,READ,./data/pp00012,10304112,12021463
1709508681332,READ,./data/pp00012,5152056,6869407
1709508681395,READ,./data/pp00012,15456168,17173511
1709508681448,READ,./data/pp00012,8586760,10304111
1709508681456,READ,./data/pp00012,1717352,3434703
1709508681516,READ,./data/pp00012,12021464,13738815
1709508681556,READ,./data/pp00012,3434704,5152055
1709508681980,READ,./data/phi100012,0,1717351
1709508682044,READ,./data/phi100012,3434704,5152055
1709508682052,READ,./data/phi100012,15456168,17173511
1709508682132,READ,./data/phi100012,12021464,13738815
1709508682252,READ,./data/phi100012,6869408,8586759
1709508682337,READ,./data/phi100012,13738816,15456167
1709508682344,READ,./data/phi100012,10304112,12021463
1709508682401,READ,./data/phi100012,1717352,3434703
1709508682466,READ,./data/phi100012,5152056,6869407
1709508682516,READ,./data/phi100012,8586760,10304111
1709508682529,READ,./data/snap0000012.ini,0,301
1709508682835,READ,./data/vort012,0,1717351
1709508682860,READ,./data/vort012,6869408,8586759
1709508682937,READ,./data/vort012,12021464,13738815
1709508683048,READ,./data/vort012,8586760,10304111
1709508683105,READ,./data/vort012,5152056,6869407
1709508683191,READ,./data/vort012,10304112,12021463
1709508683278,READ,./data/vort012,15456168,17173511
1709508683363,READ,./data/vort012,3434704,5152055
1709508683384,READ,./data/vort012,13738816,15456167
1709508683477,READ,./data/vort012,1717352,3434703
1709508684031,READ,./data/vort012,0,1717351
1709508684073,READ,./data/vort012,8586760,10304111
1709508684169,READ,./data/vort012,12021464,13738815
1709508684273,READ,./data/vort012,6869408,8586759
1709508684302,READ,./data/vort012,10304112,12021463
1709508684402,READ,./data/vort012,13738816,15456167
1709508684404,READ,./data/vort012,3434704,5152055
1709508684481,READ,./data/vort012,5152056,6869407
1709508684525,READ,./data/vort012,15456168,17173511
1709508684599,READ,./data/vort012,1717352,3434703
1709508685106,READ,./data/vort012,0,1717351
1709508685183,READ,./data/vort012,1717352,3434703
1709508685199,READ,./data/vort012,12021464,13738815
1709508685274,READ,./data/vort012,15456168,17173511
1709508685328,READ,./data/vort012,13738816,15456167
1709508685391,READ,./data/vort012,3434704,5152055
1709508685485,READ,./data/vort012,5152056,6869407
1709508685560,READ,./data/vort012,10304112,12021463
1709508685641,READ,./data/vort012,8586760,10304111
1709508685766,READ,./data/vort012,6869408,8586759
1709508686252,READ,./data/vort012,0,1717351
1709508686305,READ,./data/vort012,10304112,12021463
1709508686317,READ,./data/vort012,15456168,17173511
1709508686409,READ,./data/vort012,8586760,10304111
1709508686489,READ,./data/vort012,12021464,13738815
1709508686532,READ,./data/vort012,13738816,15456167
1709508686539,READ,./data/vort012,5152056,6869407
1709508686642,READ,./data/vort012,3434704,5152055
1709508686710,READ,./data/vort012,6869408,8586759
1709508686780,READ,./data/vort012,1717352,3434703
1709508687063,READ,./data/ux00013,0,1717351
1709508687113,READ,./data/ux00013,10304112,12021463
1709508687132,READ,./data/ux00013,15456168,17173511
1709508687210,READ,./data/ux00013,8586760,10304111
1709508687252,READ,./data/ux00013,3434704,5152055
1709508687404,READ,./data/ux00013,12021464,13738815
1709508687459,READ,./data/ux00013,1717352,3434703
1709508687560,READ,./data/ux00013,13738816,15456167
1709508687562,READ,./data/ux00013,6869408,8586759
1709508687597,READ,./data/ux00013,5152056,6869407
1709508687892,READ,./data/uy00013,0,1717351
1709508687893,READ,./data/uy00013,8586760,10304111
1709508687914,READ,./data/uy00013,13738816,15456167
1709508687999,READ,./data/uy00013,15456168,17173511
1709508688056,READ,./data/uy00013,6869408,8586759
1709508688145,READ,./data/uy00013,3434704,5152055
1709508688222,READ,./data/uy00013,10304112,12021463
1709508688299,READ,./data/uy00013,12021464,13738815
1709508688313,READ,./data/uy00013,5152056,6869407
1709508688420,READ,./data/uy00013,1717352,3434703
1709508688780,READ,./data/uz00013,3434704,5152055
1709508688848,READ,./data/uz00013,0,1717351
1709508688848,READ,./data/uz00013,8586760,10304111
1709508688917,READ,./data/uz00013,12021464,13738815
1709508688999,READ,./data/uz00013,13738816,15456167
1709508689009,READ,./data/uz00013,1717352,3434703
1709508689106,READ,./data/uz00013,5152056,6869407
1709508689142,READ,./data/uz00013,15456168,17173511
1709508689250,READ,./data/uz00013,10304112,12021463
1709508689358,READ,./data/uz00013,6869408,8586759
1709508689730,READ,./data/pp00013,0,1717351
1709508689730,READ,./data/pp00013,5152056,6869407
1709508689752,READ,./data/pp00013,8586760,10304111
1709508689764,READ,./data/pp00013,13738816,15456167
1709508689840,READ,./data/pp00013,10304112,12021463
1709508689951,READ,./data/pp00013,12021464,13738815
1709508690027,READ,./data/pp00013,3434704,5152055
1709508690113,READ,./data/pp00013,15456168,17173511
1709508690173,READ,./data/pp00013,6869408,8586759
1709508690213,READ,./data/pp00013,1717352,3434703
1709508690522,READ,./data/phi100013,0,1717351
1709508690585,READ,./data/phi100013,1717352,3434703
1709508690591,READ,./data/phi100013,6869408,8586759
1709508690654,READ,./data/phi100013,12021464,13738815
1709508690736,READ,./data/phi100013,13738816,15456167
1709508690812,READ,./data/phi100013,3434704,5152055
1709508690895,READ,./data/phi100013,5152056,6869407
1709508690918,READ,./data/phi100013,8586760,10304111
1709508691091,READ,./data/phi100013,10304112,12021463
1709508691125,READ,./data/phi100013,15456168,17173511
1709508691127,READ,./data/snap0000013.ini,0,301
1709508691518,READ,./data/vort013,0,1717351
1709508691521,READ,./data/vort013,5152056,6869407
1709508691543,READ,./data/vort013,13738816,15456167
1709508691619,READ,./data/vort013,15456168,17173511
1709508691732,READ,./data/vort013,6869408,8586759
1709508691894,READ,./data/vort013,10304112,12021463
1709508691963,READ,./data/vort013,1717352,3434703
1709508692008,READ,./data/vort013,12021464,13738815
1709508692163,READ,./data/vort013,8586760,10304111
1709508692224,READ,./data/vort013,3434704,5152055
1709508692661,READ,./data/vort013,0,1717351
1709508692708,READ,./data/vort013,12021464,13738815
1709508692815,READ,./data/vort013,1717352,3434703
1709508692875,READ,./data/vort013,6869408,8586759
1709508692966,READ,./data/vort013,3434704,5152055
1709508693045,READ,./data/vort013,13738816,15456167
1709508693135,READ,./data/vort013,15456168,17173511
1709508693205,READ,./data/vort013,5152056,6869407
1709508693232,READ,./data/vort013,8586760,10304111
1709508693323,READ,./data/vort013,10304112,12021463
1709508693757,READ,./data/vort013,0,1717351
1709508693775,READ,./data/vort013,13738816,15456167
1709508693788,READ,./data/vort013,10304112,12021463
1709508693873,READ,./data/vort013,8586760,10304111
1709508693948,READ,./data/vort013,15456168,17173511
1709508693985,READ,./data/vort013,3434704,5152055
1709508694084,READ,./data/vort013,12021464,13738815
1709508694152,READ,./data/vort013,5152056,6869407
1709508694204,READ,./data/vort013,6869408,8586759
1709508694280,READ,./data/vort013,1717352,3434703
1709508694826,READ,./data/vort013,0,1717351
1709508694876,READ,./data/vort013,13738816,15456167
1709508694925,READ,./data/vort013,1717352,3434703
1709508694936,READ,./data/vort013,6869408,8586759
1709508695029,READ,./data/vort013,8586760,10304111
1709508695093,READ,./data/vort013,3434704,5152055
1709508695196,READ,./data/vort013,12021464,13738815
1709508695303,READ,./data/vort013,15456168,17173511
1709508695330,READ,./data/vort013,5152056,6869407
1709508695334,READ,./data/vort013,10304112,12021463
1709508695802,READ,./data/ux00014,0,1717351
1709508695811,READ,./data/ux00014,6869408,8586759
1709508695921,READ,./data/ux00014,5152056,6869407
1709508695966,READ,./data/ux00014,1717352,3434703
1709508695966,READ,./data/ux00014,10304112,12021463
1709508696065,READ,./data/ux00014,12021464,13738815
1709508696182,READ,./data/ux00014,3434704,5152055
1709508696230,READ,./data/ux00014,15456168,17173511
1709508696302,READ,./data/ux00014,13738816,15456167
1709508696364,READ,./data/ux00014,8586760,10304111
1709508696693,READ,./data/uy00014,0,1717351
1709508696709,READ,./data/uy00014,6869408,8586759
1709508696775,READ,./data/uy00014,1717352,3434703
1709508696861,READ,./data/uy00014,3434704,5152055
1709508696926,READ,./data/uy00014,10304112,12021463
1709508696962,READ,./data/uy00014,5152056,6869407
1709508696964,READ,./data/uy00014,15456168,17173511
1709508697045,READ,./data/uy00014,13738816,15456167
1709508697084,READ,./data/uy00014,12021464,13738815
1709508697163,READ,./data/uy00014,8586760,10304111
1709508697516,READ,./data/uz00014,0,1717351
1709508697569,READ,./data/uz00014,8586760,10304111
1709508697624,READ,./data/uz00014,3434704,5152055
1709508697712,READ,./data/uz00014,6869408,8586759
1709508697763,READ,./data/uz00014,5152056,6869407
1709508697776,READ,./data/uz00014,12021464,13738815
1709508697799,READ,./data/uz00014,1717352,3434703
1709508697870,READ,./data/uz00014,10304112,12021463
1709508697910,READ,./data/uz00014,15456168,17173511
1709508697954,READ,./data/uz00014,13738816,15456167
1709508698323,READ,./data/pp00014,0,1717351
1709508698362,READ,./data/pp00014,10304112,12021463
1709508698451,READ,./data/pp00014,13738816,15456167
1709508698455,READ,./data/pp00014,8586760,10304111
1709508698506,READ,./data/pp00014,3434704,5152055
1709508698653,READ,./data/pp00014,6869408,8586759
1709508698737,READ,./data/pp00014,1717352,3434703
1709508698743,READ,./data/pp00014,15456168,17173511
1709508698764,READ,./data/pp00014,5152056,6869407
1709508698830,READ,./data/pp00014,12021464,13738815
1709508699141,READ,./data/phi100014,0,1717351
1709508699162,READ,./data/phi100014,8586760,10304111
1709508699285,READ,./data/phi100014,12021464,13738815
1709508699330,READ,./data/phi100014,10304112,12021463
1709508699397,READ,./data/phi100014,15456168,17173511
1709508699429,READ,./data/phi100014,3434704,5152055
1709508699611,READ,./data/phi100014,1717352,3434703
1709508699693,READ,./data/phi100014,13738816,15456167
1709508699785,READ,./data/phi100014,6869408,8586759
1709508699850,READ,./data/phi100014,5152056,6869407
1709508699863,READ,./data/snap0000014.ini,0,301
1709508700231,READ,./data/vort014,0,1717351
1709508700254,READ,./data/vort014,5152056,6869407
1709508700280,READ,./data/vort014,10304112,12021463
1709508700380,READ,./data/vort014,6869408,8586759
1709508700417,READ,./data/vort014,12021464,13738815
1709508700573,READ,./data/vort014,8586760,10304111
1709508700615,READ,./data/vort014,1717352,3434703
1709508700626,READ,./data/vort014,15456168,17173511
1709508700720,READ,./data/vort014,3434704,5152055
1709508700824,READ,./data/vort014,13738816,15456167
1709508701343,READ,./data/vort014,0,1717351
1709508701393,READ,./data/vort014,15456168,17173511
1709508701455,READ,./data/vort014,3434704,5152055
1709508701562,READ,./data/vort014,13738816,15456167
1709508701638,READ,./data/vort014,6869408,8586759
1709508701699,READ,./data/vort014,1717352,3434703
1709508701735,READ,./data/vort014,5152056,6869407
1709508701843,READ,./data/vort014,12021464,13738815
1709508701868,READ,./data/vort014,10304112,12021463
1709508701928,READ,./data/vort014,8586760,10304111
1709508702365,READ,./data/vort014,0,1717351
1709508702391,READ,./data/vort014,12021464,13738815
1709508702467,READ,./data/vort014,10304112,12021463
1709508702519,READ,./data/vort014,6869408,8586759
1709508702608,READ,./data/vort014,5152056,6869407
1709508702643,READ,./data/vort014,1717352,3434703
1709508702681,READ,./data/vort014,3434704,5152055
1709508702746,READ,./data/vort014,13738816,15456167
1709508702756,READ,./data/vort014,8586760,10304111
1709508702780,READ,./data/vort014,15456168,17173511
1709508703294,READ,./data/vort014,0,1717351
1709508703336,READ,./data/vort014,8586760,10304111
1709508703340,READ,./data/vort014,15456168,17173511
1709508703386,READ,./data/vort014,3434704,5152055
1709508703486,READ,./data/vort014,12021464,13738815
1709508703547,READ,./data/vort014,5152056,6869407
1709508703615,READ,./data/vort014,6869408,8586759
1709508703662,READ,./data/vort014,10304112,12021463
1709508703683,READ,./data/vort014,1717352,3434703
1709508703754,READ,./data/vort014,13738816,15456167
1709508704064,READ,out/restart0000060,0,1717351
1709508704098,READ,out/restart0000060,15456168,17173511
1709508704110,READ,out/restart0000060,8586760,10304111
1709508704174,READ,out/restart0000060,13738816,15456167
1709508704227,READ,out/restart0000060,1717352,3434703
1709508704299,READ,out/restart0000060,5152056,6869407
1709508704304,READ,out/restart0000060,10304112,12021463
1709508704401,READ,out/restart0000060,6869408,8586759
1709508704505,READ,out/restart0000060,3434704,5152055
1709508704556,READ,out/restart0000060,12021464,13738815
1709508704614,READ,out/restart0000060,30912328,32629679
1709508704620,READ,out/restart0000060,18890864,20608215
1709508704627,READ,out/restart0000060,25760272,27477623
1709508704695,READ,out/restart0000060,24042920,25760271
1709508704738,READ,out/restart0000060,27477624,29194975
1709508704786,READ,out/restart0000060,22325568,24042919
1709508704825,READ,out/restart0000060,20608216,22325567
1709508704878,READ,out/restart0000060,17173512,18890863
1709508704964,READ,out/restart0000060,29194976,30912327
1709508705003,READ,out/restart0000060,32629680,34347023
1709508705066,READ,out/restart0000060,42933784,44651135
1709508705067,READ,out/restart0000060,36064376,37781727
1709508705097,READ,out/restart0000060,34347024,36064375
1709508705098,READ,out/restart0000060,48085840,49803191
1709508705169,READ,out/restart0000060,46368488,48085839
1709508705227,READ,out/restart0000060,44651136,46368487
1709508705294,READ,out/restart0000060,39499080,41216431
1709508705329,READ,out/restart0000060,41216432,42933783
1709508705390,READ,out/restart0000060,37781728,39499079
1709508705418,READ,out/restart0000060,49803192,51520535
1709508705422,READ,out/restart0000060,65259352,66976703
1709508705426,READ,out/restart0000060,56672592,58389943
1709508705496,READ,out/restart0000060,60107296,61824647
1709508705529,READ,out/restart0000060,53237888,54955239
1709508705558,READ,out/restart0000060,61824648,63541999
1709508705562,READ,out/restart0000060,54955240,56672591
1709508705579,READ,out/restart0000060,51520536,53237887
1709508705645,READ,out/restart0000060,58389944,60107295
1709508705646,READ,out/restart0000060,63542000,65259351
1709508705712,READ,out/restart0000060,66976704,68694047
1709508705716,READ,out/restart0000060,82432864,84150215
1709508705773,READ,out/restart0000060,68694048,70411399
1709508705783,READ,out/restart0000060,72128752,73846103
1709508705818,READ,out/restart0000060,75563456,77280807
1709508705819,READ,out/restart0000060,80715512,82432863
1709508705906,READ,out/restart0000060,73846104,75563455
1709508705975,READ,out/restart0000060,70411400,72128751
1709508705977,READ,out/restart0000060,77280808,78998159
1709508706015,READ,out/restart0000060,78998160,80715511
1709508706025,READ,out/restart0000060,84150216,85867559
1709508706030,READ,out/restart0000060,101323728,103041071
1709508706036,READ,out/restart0000060,92736968,94454319
1709508706100,READ,out/restart0000060,91019616,92736967
1709508706111,READ,out/restart0000060,85867560,87584911
1709508706153,READ,out/restart0000060,99606376,101323727
1709508706194,READ,out/restart0000060,87584912,89302263
1709508706227,READ,out/restart0000060,89302264,91019615
1709508706270,READ,out/restart0000060,97889024,99606375
1709508706315,READ,out/restart0000060,96171672,97889023
1709508706357,READ,out/restart0000060,94454320,96171671
1709508706362,READ,out/restart0000060,118497240,120214583
1709508706376,READ,out/restart0000060,104758424,106475775
1709508706446,READ,out/restart0000060,116779888,118497239
1709508706494,READ,out/restart0000060,108193128,109910479
1709508706521,READ,out/restart0000060,115062536,116779887
1709508706536,READ,out/restart0000060,106475776,108193127
1709508706548,READ,out/restart0000060,113345184,115062535
1709508706569,READ,out/restart0000060,103041072,104758423
1709508706649,READ,out/restart0000060,111627832,113345183
1709508706733,READ,out/restart0000060,109910480,111627831
1709508706738,READ,out/restart0000060,135670752,137388095
1709508706745,READ,out/restart0000060,127083992,128801343
1709508706772,READ,out/restart0000060,132236048,133953399
1709508706808,READ,out/restart0000060,120214584,121931935
1709508706886,READ,out/restart0000060,125366640,127083991
1709508706970,READ,out/restart0000060,123649288,125366639
1709508707051,READ,out/restart0000060,121931936,123649287
1709508707114,READ,out/restart0000060,133953400,135670751
1709508707163,READ,out/restart0000060,130518696,132236047
1709508707216,READ,out/restart0000060,128801344,130518695
1709508707220,READ,out/restart0000060,152844264,154561607
1709508707235,READ,out/restart0000060,142540152,144257503
1709508707362,READ,out/restart0000060,139105448,140822799
1709508707440,READ,out/restart0000060,137388096,139105447
1709508707444,READ,out/restart0000060,151126912,152844263
1709508707447,READ,out/restart0000060,144257504,145974855
1709508707501,READ,out/restart0000060,140822800,142540151
1709508707534,READ,out/restart0000060,145974856,147692207
1709508707601,READ,out/restart0000060,149409560,151126911
1709508707664,READ,out/restart0000060,147692208,149409559
1709508707678,READ,out/restart0000060,169779069,171469895
1709508707703,READ,out/restart0000060,161324924,163015752
1709508707771,READ,out/restart0000060,156252437,157943265
1709508707778,READ,out/restart0000060,163015753,164706581
1709508707826,READ,out/restart0000060,166397411,168088239
1709508707873,READ,out/restart0000060,157943266,159634094
1709508707902,READ,out/restart0000060,168088240,169779068
1709508708010,READ,out/restart0000060,164706582,166397410
1709508708033,READ,out/restart0000060,154561608,156252436
1709508708073,READ,out/restart0000060,159634095,161324923
1709508708077,READ,out/restart0000060,186926064,188643407
1709508708093,READ,out/restart0000060,174904600,176621951
1709508708175,READ,out/restart0000060,178339304,180056655
1709508708207,READ,out/restart0000060,173187248,174904599
1709508708254,READ,out/restart0000060,181774008,183491359
1709508708260,READ,out/restart0000060,176621952,178339303
1709508708313,READ,out/restart0000060,183491360,185208711
1709508708420,READ,out/restart0000060,180056656,181774007
1709508708478,READ,out/restart0000060,171469896,173187247
1709508708512,READ,out/restart0000060,185208712,186926063
1709508708516,READ,out/restart0000060,204099576,205816919
1709508708606,READ,out/restart0000060,188643408,190360759
1709508708667,READ,out/restart0000060,192078112,193795463
1709508708751,READ,out/restart0000060,193795464,195512815
1709508708751,READ,out/restart0000060,197230168,198947519
1709508708832,READ,out/restart0000060,195512816,197230167
1709508708885,READ,out/restart0000060,200664872,202382223
1709508708916,READ,out/restart0000060,190360760,192078111
1709508708982,READ,out/restart0000060,198947520,200664871
1709508709013,READ,out/restart0000060,202382224,204099575
1709508709018,READ,out/restart0000060,221273088,222990431
1709508709079,READ,out/restart0000060,219555736,221273087
1709508709089,READ,out/restart0000060,210968976,212686327
1709508709137,READ,out/restart0000060,207534272,209251623
1709508709224,READ,out/restart0000060,205816920,207534271
1709508709262,READ,out/restart0000060,212686328,214403679
1709508709342,READ,out/restart0000060,214403680,216121031
1709508709375,READ,out/restart0000060,217838384,219555735
1709508709525,READ,out/restart0000060,216121032,217838383
1709508709531,READ,out/restart0000060,209251624,210968975
1709508709572,READ,out/restart0000060.info,0,538
1709508709846,READ,./data/ux00015,0,1717351
1709508709846,READ,./data/ux00015,12021464,13738815
1709508709934,READ,./data/ux00015,10304112,12021463
1709508709991,READ,./data/ux00015,3434704,5152055
1709508710090,READ,./data/ux00015,5152056,6869407
1709508710170,READ,./data/ux00015,6869408,8586759
1709508710201,READ,./data/ux00015,1717352,3434703
1709508710269,READ,./data/ux00015,15456168,17173511
1709508710307,READ,./data/ux00015,13738816,15456167
1709508710327,READ,./data/ux00015,8586760,10304111
1709508710580,READ,./data/uy00015,0,1717351
1709508710647,READ,./data/uy00015,3434704,5152055
1709508710684,READ,./data/uy00015,1717352,3434703
1709508710688,READ,./data/uy00015,15456168,17173511
1709508710765,READ,./data/uy00015,6869408,8586759
1709508710898,READ,./data/uy00015,5152056,6869407
1709508710906,READ,./data/uy00015,10304112,12021463
1709508711001,READ,./data/uy00015,12021464,13738815
1709508711088,READ,./data/uy00015,13738816,15456167
1709508711145,READ,./data/uy00015,8586760,10304111
1709508711493,READ,./data/uz00015,0,1717351
1709508711502,READ,./data/uz00015,13738816,15456167
1709508711510,READ,./data/uz00015,10304112,12021463
1709508711584,READ,./data/uz00015,8586760,10304111
1709508711594,READ,./data/uz00015,5152056,6869407
1709508711671,READ,./data/uz00015,12021464,13738815
1709508711704,READ,./data/uz00015,15456168,17173511
1709508711795,READ,./data/uz00015,3434704,5152055
1709508711860,READ,./data/uz00015,6869408,8586759
1709508711864,READ,./data/uz00015,1717352,3434703
1709508712126,READ,./data/pp00015,0,1717351
1709508712145,READ,./data/pp00015,6869408,8586759
1709508712215,READ,./data/pp00015,5152056,6869407
1709508712279,READ,./data/pp00015,15456168,17173511
1709508712285,READ,./data/pp00015,10304112,12021463
1709508712364,READ,./data/pp00015,3434704,5152055
1709508712445,READ,./data/pp00015,13738816,15456167
1709508712518,READ,./data/pp00015,12021464,13738815
1709508712574,READ,./data/pp00015,1717352,3434703
1709508712636,READ,./data/pp00015,8586760,10304111
1709508713036,READ,./data/phi100015,0,1717351
1709508713061,READ,./data/phi100015,15456168,17173511
1709508713072,READ,./data/phi100015,8586760,10304111
1709508713154,READ,./data/phi100015,5152056,6869407
1709508713155,READ,./data/phi100015,12021464,13738815
1709508713199,READ,./data/phi100015,1717352,3434703
1709508713280,READ,./data/phi100015,3434704,5152055
1709508713311,READ,./data/phi100015,13738816,15456167
1709508713361,READ,./data/phi100015,6869408,8586759
1709508713523,READ,./data/phi100015,10304112,12021463
1709508713538,READ,./data/snap0000015.ini,0,301
1709508713887,READ,./data/vort015,13738816,15456167
1709508713890,READ,./data/vort015,0,1717351
1709508713904,READ,./data/vort015,8586760,10304111
1709508713968,READ,./data/vort015,3434704,5152055
1709508714054,READ,./data/vort015,15456168,17173511
1709508714141,READ,./data/vort015,10304112,12021463
1709508714206,READ,./data/vort015,6869408,8586759
1709508714268,READ,./data/vort015,5152056,6869407
1709508714290,READ,./data/vort015,12021464,13738815
1709508714318,READ,./data/vort015,1717352,3434703
1709508714839,READ,./data/vort015,0,1717351
1709508714883,READ,./data/vort015,12021464,13738815
1709508714899,READ,./data/vort015,5152056,6869407
1709508714979,READ,./data/vort015,8586760,10304111
1709508715065,READ,./data/vort015,3434704,5152055
1709508715106,READ,./data/vort015,13738816,15456167
1709508715134,READ,./data/vort015,10304112,12021463
1709508715192,READ,./data/vort015,6869408,8586759
1709508715232,READ,./data/vort015,1717352,3434703
1709508715257,READ,./data/vort015,15456168,17173511
1709508715667,READ,./data/vort015,0,1717351
1709508715709,READ,./data/vort015,10304112,12021463
1709508715783,READ,./data/vort015,8586760,10304111
1709508715814,READ,./data/vort015,3434704,5152055
1709508715893,READ,./data/vort015,12021464,13738815
1709508715965,READ,./data/vort015,13738816,15456167
1709508716036,READ,./data/vort015,6869408,8586759
1709508716079,READ,./data/vort015,1717352,3434703
1709508716111,READ,./data/vort015,5152056,6869407
1709508716140,READ,./data/vort015,15456168,17173511
1709508716647,READ,./data/vort015,0,1717351
1709508716707,READ,./data/vort015,12021464,13738815
1709508716797,READ,./data/vort015,10304112,12021463
1709508716843,READ,./data/vort015,8586760,10304111
1709508716879,READ,./data/vort015,1717352,3434703
1709508716883,READ,./data/vort015,15456168,17173511
1709508716894,READ,./data/vort015,5152056,6869407
1709508716966,READ,./data/vort015,3434704,5152055
1709508717042,READ,./data/vort015,6869408,8586759
1709508717051,READ,./data/vort015,13738816,15456167
1709508717344,READ,./data/ux00016,5152056,6869407
1709508717354,READ,./data/ux00016,0,1717351
1709508717419,READ,./data/ux00016,6869408,8586759
1709508717506,READ,./data/ux00016,10304112,12021463
1709508717516,READ,./data/ux00016,15456168,17173511
1709508717559,READ,./data/ux00016,1717352,3434703
1709508717635,READ,./data/ux00016,12021464,13738815
1709508717675,READ,./data/ux00016,8586760,10304111
1709508717744,READ,./data/ux00016,3434704,5152055
1709508717768,READ,./data/ux00016,13738816,15456167
1709508718191,READ,./data/uy00016,0,1717351
1709508718223,READ,./data/uy00016,15456168,17173511
1709508718301,READ,./data/uy00016,3434704,5152055
1709508718399,READ,./data/uy00016,6869408,8586759
1709508718501,READ,./data/uy00016,5152056,6869407
1709508718599,READ,./data/uy00016,12021464,13738815
1709508718711,READ,./data/uy00016,1717352,3434703
1709508718769,READ,./data/uy00016,10304112,12021463
1709508718816,READ,./data/uy00016,13738816,15456167
1709508718904,READ,./data/uy00016,8586760,10304111
1709508719194,READ,./data/uz00016,0,1717351
1709508719204,READ,./data/uz00016,5152056,6869407
1709508719208,READ,./data/uz00016,8586760,10304111
1709508719327,READ,./data/uz00016,6869408,8586759
1709508719369,READ,./data/uz00016,3434704,5152055
1709508719396,READ,./data/uz00016,13738816,15456167
1709508719404,READ,./data/uz00016,10304112,12021463
1709508719476,READ,./data/uz00016,15456168,17173511
1709508719537,READ,./data/uz00016,1717352,3434703
1709508719562,READ,./data/uz00016,12021464,13738815
1709508719904,READ,./data/pp00016,0,1717351
1709508719912,READ,./data/pp00016,5152056,6869407
1709508719961,READ,./data/pp00016,15456168,17173511
1709508720011,READ,./data/pp00016,6869408,8586759
1709508720052,READ,./data/pp00016,1717352,3434703
1709508720125,READ,./data/pp00016,10304112,12021463
1709508720188,READ,./data/pp00016,12021464,13738815
1709508720236,READ,./data/pp00016,13738816,15456167
1709508720292,READ,./data/pp00016,8586760,10304111
1709508720342,READ,./data/pp00016,3434704,5152055
1709508720714,READ,./data/phi100016,10304112,12021463
1709508720717,READ,./data/phi100016,0,1717351
1709508720797,READ,./data/phi100016,1717352,3434703
1709508720811,READ,./data/phi100016,15456168,17173511
1709508720900,READ,./data/phi100016,12021464,13738815
1709508720924,READ,./data/phi100016,6869408,8586759
1709508720951,READ,./data/phi100016,8586760,10304111
1709508721016,READ,./data/phi100016,13738816,15456167
1709508721089,READ,./data/phi100016,3434704,5152055
1709508721138,READ,./data/phi100016,5152056,6869407
1709508721141,READ,./data/snap0000016.ini,0,301
1709508721511,READ,./data/vort016,0,1717351
1709508721557,READ,./data/vort016,3434704,5152055
1709508721597,READ,./data/vort016,1717352,3434703
1709508721607,READ,./data/vort016,10304112,12021463
1709508721617,READ,./data/vort016,13738816,15456167
1709508721727,READ,./data/vort016,12021464,13738815
1709508721925,READ,./data/vort016,8586760,10304111
1709508721935,READ,./data/vort016,5152056,6869407
1709508721989,READ,./data/vort016,15456168,17173511
1709508722133,READ,./data/vort016,6869408,8586759
1709508722682,READ,./data/vort016,0,1717351
1709508722771,READ,./data/vort016,3434704,5152055
1709508722859,READ,./data/vort016,5152056,6869407
1709508722893,READ,./data/vort016,8586760,10304111
1709508722903,READ,./data/vort016,1717352,3434703
1709508722988,READ,./data/vort016,10304112,12021463
1709508723033,READ,./data/vort016,6869408,8586759
1709508723039,READ,./data/vort016,15456168,17173511
1709508723150,READ,./data/vort016,12021464,13738815
1709508723187,READ,./data/vort016,13738816,15456167
1709508723486,READ,./data/vort016,0,1717351
1709508723550,READ,./data/vort016,12021464,13738815
1709508723631,READ,./data/vort016,15456168,17173511
1709508723700,READ,./data/vort016,8586760,10304111
1709508723730,READ,./data/vort016,10304112,12021463
1709508723821,READ,./data/vort016,6869408,8586759
1709508723941,READ,./data/vort016,5152056,6869407
1709508723960,READ,./data/vort016,13738816,15456167
1709508724011,READ,./data/vort016,3434704,5152055
1709508724161,READ,./data/vort016,1717352,3434703
1709508724598,READ,./data/vort016,0,1717351
1709508724647,READ,./data/vort016,6869408,8586759
1709508724696,READ,./data/vort016,1717352,3434703
1709508724782,READ,./data/vort016,15456168,17173511
1709508724789,READ,./data/vort016,8586760,10304111
1709508724880,READ,./data/vort016,13738816,15456167
1709508724906,READ,./data/vort016,10304112,12021463
1709508724961,READ,./data/vort016,12021464,13738815
1709508725019,READ,./data/vort016,5152056,6869407
1709508725054,READ,./data/vort016,3434704,5152055
1709508725406,READ,./data/ux00017,0,1717351
1709508725464,READ,./data/ux00017,3434704,5152055
1709508725536,READ,./data/ux00017,8586760,10304111
1709508725540,READ,./data/ux00017,5152056,6869407
1709508725622,READ,./data/ux00017,15456168,17173511
1709508725629,READ,./data/ux00017,10304112,12021463
1709508725662,READ,./data/ux00017,1717352,3434703
1709508725736,READ,./data/ux00017,13738816,15456167
1709508725774,READ,./data/ux00017,6869408,8586759
1709508725818,READ,./data/ux00017,12021464,13738815
1709508726224,READ,./data/uy00017,0,1717351
1709508726240,READ,./data/uy00017,8586760,10304111
1709508726246,READ,./data/uy00017,13738816,15456167
1709508726304,READ,./data/uy00017,6869408,8586759
1709508726375,READ,./data/uy00017,15456168,17173511
1709508726458,READ,./data/uy00017,3434704,5152055
1709508726495,READ,./data/uy00017,5152056,6869407
1709508726516,READ,./data/uy00017,10304112,12021463
1709508726563,READ,./data/uy00017,12021464,13738815
1709508726630,READ,./data/uy00017,1717352,3434703
1709508726966,READ,./data/uz00017,0,1717351
1709508727072,READ,./data/uz00017,3434704,5152055
1709508727174,READ,./data/uz00017,1717352,3434703
1709508727177,READ,./data/uz00017,12021464,13738815
1709508727257,READ,./data/uz00017,5152056,6869407
1709508727316,READ,./data/uz00017,10304112,12021463
1709508727394,READ,./data/uz00017,15456168,17173511
1709508727419,READ,./data/uz00017,6869408,8586759
1709508727507,READ,./data/uz00017,13738816,15456167
1709508727539,READ,./data/uz00017,8586760,10304111
1709508727995,READ,./data/pp00017,0,1717351
1709508728086,READ,./data/pp00017,3434704,5152055
1709508728095,READ,./data/pp00017,15456168,17173511
1709508728170,READ,./data/pp00017,8586760,10304111
1709508728170,READ,./data/pp00017,13738816,15456167
1709508728203,READ,./data/pp00017,1717352,3434703
1709508728275,READ,./data/pp00017,12021464,13738815
1709508728373,READ,./data/pp00017,6869408,8586759
1709508728468,READ,./data/pp00017,5152056,6869407
1709508728474,READ,./data/pp00017,10304112,12021463
1709508728895,READ,./data/phi100017,0,1717351
1709508728951,READ,./data/phi100017,1717352,3434703
1709508728991,READ,./data/phi100017,3434704,5152055
1709508728994,READ,./data/phi100017,10304112,12021463
1709508729120,READ,./data/phi100017,12021464,13738815
1709508729235,READ,./data/phi100017,13738816,15456167
1709508729287,READ,./data/phi100017,8586760,10304111
1709508729307,READ,./data/phi100017,15456168,17173511
1709508729418,READ,./data/phi100017,6869408,8586759
1709508729461,READ,./data/phi100017,5152056,6869407
1709508729464,READ,./data/snap0000017.ini,0,301
1709508729809,READ,./data/vort017,0,1717351
1709508729834,READ,./data/vort017,5152056,6869407
1709508729921,READ,./data/vort017,6869408,8586759
1709508730011,READ,./data/vort017,8586760,10304111
1709508730033,READ,./data/vort017,12021464,13738815
1709508730126,READ,./data/vort017,10304112,12021463
1709508730188,READ,./data/vort017,3434704,5152055
1709508730291,READ,./data/vort017,13738816,15456167
1709508730304,READ,./data/vort017,1717352,3434703
1709508730433,READ,./data/vort017,15456168,17173511
1709508730942,READ,./data/vort017,0,1717351
1709508730970,READ,./data/vort017,6869408,8586759
1709508730982,READ,./data/vort017,15456168,17173511
1709508731044,READ,./data/vort017,1717352,3434703
1709508731209,READ,./data/vort017,12021464,13738815
1709508731263,READ,./data/vort017,5152056,6869407
1709508731301,READ,./data/vort017,10304112,12021463
1709508731331,READ,./data/vort017,3434704,5152055
1709508731423,READ,./data/vort017,13738816,15456167
1709508731493,READ,./data/vort017,8586760,10304111
1709508731994,READ,./data/vort017,0,1717351
1709508732036,READ,./data/vort017,5152056,6869407
1709508732125,READ,./data/vort017,6869408,8586759
1709508732208,READ,./data/vort017,8586760,10304111
1709508732211,READ,./data/vort017,13738816,15456167
1709508732296,READ,./data/vort017,12021464,13738815
1709508732337,READ,./data/vort017,1717352,3434703
1709508732398,READ,./data/vort017,10304112,12021463
1709508732413,READ,./data/vort017,15456168,17173511
1709508732439,READ,./data/vort017,3434704,5152055
1709508732821,READ,./data/vort017,0,1717351
1709508732867,READ,./data/vort017,10304112,12021463
1709508732959,READ,./data/vort017,8586760,10304111
1709508733024,READ,./data/vort017,6869408,8586759
1709508733033,READ,./data/vort017,13738816,15456167
1709508733139,READ,./data/vort017,12021464,13738815
1709508733210,READ,./data/vort017,5152056,6869407
1709508733244,READ,./data/vort017,3434704,5152055
1709508733368,READ,./data/vort017,1717352,3434703
1709508733395,READ,./data/vort017,15456168,17173511
1709508733810,READ,./data/ux00018,5152056,6869407
1709508733813,READ,./data/ux00018,0,1717351
1709508733945,READ,./data/ux00018,6869408,8586759
1709508733999,READ,./data/ux00018,1717352,3434703
1709508734022,READ,./data/ux00018,15456168,17173511
1709508734081,READ,./data/ux00018,8586760,10304111
1709508734154,READ,./data/ux00018,3434704,5152055
1709508734177,READ,./data/ux00018,10304112,12021463
1709508734247,READ,./data/ux00018,12021464,13738815
1709508734299,READ,./data/ux00018,13738816,15456167
1709508734743,READ,./data/uy00018,3434704,5152055
1709508734803,READ,./data/uy00018,8586760,10304111
1709508734811,READ,./data/uy00018,0,1717351
1709508734918,READ,./data/uy00018,12021464,13738815
1709508734995,READ,./data/uy00018,13738816,15456167
1709508735036,READ,./data/uy00018,15456168,17173511
1709508735107,READ,./data/uy00018,1717352,3434703
1709508735163,READ,./data/uy00018,10304112,12021463
1709508735225,READ,./data/uy00018,5152056,6869407
1709508735271,READ,./data/uy00018,6869408,8586759
1709508735644,READ,./data/uz00018,0,1717351
1709508735654,READ,./data/uz00018,8586760,10304111
1709508735700,READ,./data/uz00018,1717352,3434703
1709508735745,READ,./data/uz00018,3434704,5152055
1709508735748,READ,./data/uz00018,15456168,17173511
1709508735844,READ,./data/uz00018,12021464,13738815
1709508735908,READ,./data/uz00018,6869408,8586759
1709508735951,READ,./data/uz00018,5152056,6869407
1709508735969,READ,./data/uz00018,13738816,15456167
1709508735995,READ,./data/uz00018,10304112,12021463
1709508736338,READ,./data/pp00018,1717352,3434703
1709508736408,READ,./data/pp00018,0,1717351
1709508736411,READ,./data/pp00018,15456168,17173511
1709508736482,READ,./data/pp00018,12021464,13738815
1709508736509,READ,./data/pp00018,13738816,15456167
1709508736576,READ,./data/pp00018,10304112,12021463
1709508736603,READ,./data/pp00018,3434704,5152055
1709508736680,READ,./data/pp00018,5152056,6869407
1709508736708,READ,./data/pp00018,6869408,8586759
1709508736743,READ,./data/pp00018,8586760,10304111
1709508737165,READ,./data/phi100018,0,1717351
1709508737193,READ,./data/phi100018,10304112,12021463
1709508737201,READ,./data/phi100018,15456168,17173511
1709508737292,READ,./data/phi100018,12021464,13738815
1709508737339,READ,./data/phi100018,3434704,5152055
1709508737452,READ,./data/phi100018,1717352,3434703
1709508737465,READ,./data/phi100018,6869408,8586759
1709508737488,READ,./data/phi100018,5152056,6869407
1709508737520,READ,./data/phi100018,13738816,15456167
1709508737547,READ,./data/phi100018,8586760,10304111
1709508737550,READ,./data/snap0000018.ini,0,301
1709508737840,READ,./data/vort018,0,1717351
1709508737844,READ,./data/vort018,13738816,15456167
1709508737865,READ,./data/vort018,5152056,6869407
1709508737926,READ,./data/vort018,12021464,13738815
1709508737990,READ,./data/vort018,15456168,17173511
1709508738062,READ,./data/vort018,3434704,5152055
1709508738151,READ,./data/vort018,8586760,10304111
1709508738193,READ,./data/vort018,6869408,8586759
1709508738242,READ,./data/vort018,10304112,12021463
1709508738264,READ,./data/vort018,1717352,3434703
1709508738710,READ,./data/vort018,0,1717351
1709508738822,READ,./data/vort018,6869408,8586759
1709508738823,READ,./data/vort018,13738816,15456167
1709508738882,READ,./data/vort018,1717352,3434703
1709508738960,READ,./data/vort018,5152056,6869407
1709508739016,READ,./data/vort018,15456168,17173511
1709508739061,READ,./data/vort018,3434704,5152055
1709508739142,READ,./data/vort018,12021464,13738815
1709508739182,READ,./data/vort018,10304112,12021463
1709508739292,READ,./data/vort018,8586760,10304111
1709508739755,READ,./data/vort018,0,1717351
1709508739803,READ,./data/vort018,12021464,13738815
1709508739896,READ,./data/vort018,10304112,12021463
1709508739901,READ,./data/vort018,13738816,15456167
1709508739936,READ,./data/vort018,15456168,17173511
1709508739995,READ,./data/vort018,1717352,3434703
1709508740075,READ,./data/vort018,6869408,8586759
1709508740215,READ,./data/vort018,5152056,6869407
1709508740278,READ,./data/vort018,3434704,5152055
1709508740281,READ,./data/vort018,8586760,10304111
1709508740801,READ,./data/vort018,0,1717351
1709508740852,READ,./data/vort018,6869408,8586759
1709508740978,READ,./data/vort018,12021464,13738815
1709508741062,READ,./data/vort018,13738816,15456167
1709508741106,READ,./data/vort018,3434704,5152055
1709508741157,READ,./data/vort018,5152056,6869407
1709508741165,READ,./data/vort018,10304112,12021463
1709508741257,READ,./data/vort018,8586760,10304111
1709508741292,READ,./data/vort018,15456168,17173511
1709508741356,READ,./data/vort018,1717352,3434703
1709508741738,READ,./data/ux00019,13738816,15456167
1709508741739,READ,./data/ux00019,0,1717351
1709508741793,READ,./data/ux00019,1717352,3434703
1709508741802,READ,./data/ux00019,6869408,8586759
1709508741897,READ,./data/ux00019,5152056,6869407
1709508741979,READ,./data/ux00019,3434704,5152055
1709508742044,READ,./data/ux00019,15456168,17173511
1709508742134,READ,./data/ux00019,12021464,13738815
1709508742337,READ,./data/ux00019,10304112,12021463
1709508742406,READ,./data/ux00019,8586760,10304111
1709508742690,READ,./data/uy00019,0,1717351
1709508742742,READ,./data/uy00019,5152056,6869407
1709508742759,READ,./data/uy00019,15456168,17173511
1709508742824,READ,./data/uy00019,6869408,8586759
1709508742907,READ,./data/uy00019,3434704,5152055
1709508743013,READ,./data/uy00019,12021464,13738815
1709508743052,READ,./data/uy00019,13738816,15456167
1709508743107,READ,./data/uy00019,8586760,10304111
1709508743223,READ,./data/uy00019,10304112,12021463
1709508743262,READ,./data/uy00019,1717352,3434703
1709508743700,READ,./data/uz00019,5152056,6869407
1709508743718,READ,./data/uz00019,0,1717351
1709508743793,READ,./data/uz00019,6869408,8586759
1709508743803,READ,./data/uz00019,13738816,15456167
1709508743894,READ,./data/uz00019,15456168,17173511
1709508743939,READ,./data/uz00019,1717352,3434703
1709508743992,READ,./data/uz00019,10304112,12021463
1709508744038,READ,./data/uz00019,3434704,5152055
1709508744082,READ,./data/uz00019,8586760,10304111
1709508744187,READ,./data/uz00019,12021464,13738815
1709508744571,READ,./data/pp00019,0,1717351
1709508744582,READ,./data/pp00019,6869408,8586759
1709508744688,READ,./data/pp00019,10304112,12021463
1709508744767,READ,./data/pp00019,3434704,5152055
1709508744838,READ,./data/pp00019,12021464,13738815
1709508744924,READ,./data/pp00019,13738816,15456167
1709508745005,READ,./data/pp00019,1717352,3434703
1709508745088,READ,./data/pp00019,5152056,6869407
1709508745150,READ,./data/pp00019,15456168,17173511
1709508745214,READ,./data/pp00019,8586760,10304111
1709508745607,READ,./data/phi100019,0,1717351
1709508745667,READ,./data/phi100019,3434704,5152055
1709508745667,READ,./data/phi100019,15456168,17173511
1709508745679,READ,./data/phi100019,8586760,10304111
1709508745800,READ,./data/phi100019,5152056,6869407
1709508745892,READ,./data/phi100019,12021464,13738815
1709508745927,READ,./data/phi100019,13738816,15456167
1709508745963,READ,./data/phi100019,10304112,12021463
1709508746054,READ,./data/phi100019,1717352,3434703
1709508746125,READ,./data/phi100019,6869408,8586759
1709508746138,READ,./data/snap0000019.ini,0,301
1709508746470,READ,./data/vort019,0,1717351
1709508746535,READ,./data/vort019,8586760,10304111
1709508746546,READ,./data/vort019,3434704,5152055
1709508746625,READ,./data/vort019,10304112,12021463
1709508746695,READ,./data/vort019,6869408,8586759
1709508746727,READ,./data/vort019,12021464,13738815
1709508746835,READ,./data/vort019,15456168,17173511
1709508746907,READ,./data/vort019,5152056,6869407
1709508746990,READ,./data/vort019,1717352,3434703
1709508747031,READ,./data/vort019,13738816,15456167
1709508747467,READ,./data/vort019,0,1717351
1709508747497,READ,./data/vort019,15456168,17173511
1709508747589,READ,./data/vort019,1717352,3434703
1709508747670,READ,./data/vort019,12021464,13738815
1709508747738,READ,./data/vort019,8586760,10304111
1709508747868,READ,./data/vort019,6869408,8586759
1709508747920,READ,./data/vort019,10304112,12021463
1709508747935,READ,./data/vort019,13738816,15456167
1709508748000,READ,./data/vort019,3434704,5152055
1709508748050,READ,./data/vort019,5152056,6869407
1709508748598,READ,./data/vort019,0,1717351
1709508748632,READ,./data/vort019,10304112,12021463
1709508748715,READ,./data/vort019,1717352,3434703
1709508748719,READ,./data/vort019,5152056,6869407
1709508748865,READ,./data/vort019,8586760,10304111
1709508748940,READ,./data/vort019,12021464,13738815
1709508749077,READ,./data/vort019,3434704,5152055
1709508749121,READ,./data/vort019,13738816,15456167
1709508749164,READ,./data/vort019,15456168,17173511
1709508749237,READ,./data/vort019,6869408,8586759
1709508749793,READ,./data/vort019,0,1717351
1709508749888,READ,./data/vort019,15456168,17173511
1709508749889,READ,./data/vort019,3434704,5152055
1709508749963,READ,./data/vort019,12021464,13738815
1709508750032,READ,./data/vort019,10304112,12021463
1709508750141,READ,./data/vort019,8586760,10304111
1709508750172,READ,./data/vort019,13738816,15456167
1709508750229,READ,./data/vort019,5152056,6869407
1709508750329,READ,./data/vort019,6869408,8586759
1709508750384,READ,./data/vort019,1717352,3434703
1709508750800,READ,./data/ux00020,0,1717351
1709508750804,READ,./data/ux00020,12021464,13738815
1709508750866,READ,./data/ux00020,6869408,8586759
1709508750903,READ,./data/ux00020,1717352,3434703
1709508750934,READ,./data/ux00020,8586760,10304111
1709508750997,READ,./data/ux00020,5152056,6869407
1709508751074,READ,./data/ux00020,15456168,17173511
1709508751140,READ,./data/ux00020,13738816,15456167
1709508751251,READ,./data/ux00020,3434704,5152055
1709508751322,READ,./data/ux00020,10304112,12021463
1709508751588,READ,./data/uy00020,0,1717351
1709508751634,READ,./data/uy00020,1717352,3434703
1709508751643,READ,./data/uy00020,8586760,10304111
1709508751706,READ,./data/uy00020,3434704,5152055
1709508751789,READ,./data/uy00020,12021464,13738815
1709508751881,READ,./data/uy00020,13738816,15456167
1709508751979,READ,./data/uy00020,6869408,8586759
1709508751991,READ,./data/uy00020,10304112,12021463
1709508752120,READ,./data/uy00020,5152056,6869407
1709508752205,READ,./data/uy00020,15456168,17173511
1709508752632,READ,./data/uz00020,0,1717351
1709508752634,READ,./data/uz00020,6869408,8586759
1709508752666,READ,./data/uz00020,15456168,17173511
1709508752754,READ,./data/uz00020,12021464,13738815
1709508752822,READ,./data/uz00020,5152056,6869407
1709508752890,READ,./data/uz00020,10304112,12021463
1709508753007,READ,./data/uz00020,8586760,10304111
1709508753022,READ,./data/uz00020,1717352,3434703
1709508753091,READ,./data/uz00020,13738816,15456167
1709508753125,READ,./data/uz00020,3434704,5152055
1709508753513,READ,./data/pp00020,0,1717351
1709508753523,READ,./data/pp00020,13738816,15456167
1709508753534,READ,./data/pp00020,8586760,10304111
1709508753613,READ,./data/pp00020,12021464,13738815
1709508753653,READ,./data/pp00020,3434704,5152055
1709508753693,READ,./data/pp00020,1717352,3434703
1709508753782,READ,./data/pp00020,6869408,8586759
1709508753797,READ,./data/pp00020,15456168,17173511
1709508753821,READ,./data/pp00020,10304112,12021463
1709508753904,READ,./data/pp00020,5152056,6869407
1709508754244,READ,./data/phi100020,0,1717351
1709508754271,READ,./data/phi100020,5152056,6869407
1709508754274,READ,./data/phi100020,10304112,12021463
1709508754350,READ,./data/phi100020,13738816,15456167
1709508754353,READ,./data/phi100020,1717352,3434703
1709508754420,READ,./data/phi100020,8586760,10304111
1709508754488,READ,./data/phi100020,12021464,13738815
1709508754573,READ,./data/phi100020,3434704,5152055
1709508754591,READ,./data/phi100020,15456168,17173511
1709508754637,READ,./data/phi100020,6869408,8586759
1709508754644,READ,./data/snap0000020.ini,0,301
1709508755014,READ,./data/vort020,0,1717351
1709508755022,READ,./data/vort020,13738816,15456167
1709508755047,READ,./data/vort020,8586760,10304111
1709508755117,READ,./data/vort020,6869408,8586759
1709508755181,READ,./data/vort020,15456168,17173511
1709508755257,READ,./data/vort020,5152056,6869407
1709508755328,READ,./data/vort020,12021464,13738815
1709508755350,READ,./data/vort020,10304112,12021463
1709508755405,READ,./data/vort020,1717352,3434703
1709508755480,READ,./data/vort020,3434704,5152055
1709508755847,READ,./data/vort020,0,1717351
1709508755955,READ,./data/vort020,3434704,5152055
1709508755965,READ,./data/vort020,13738816,15456167
1709508755976,READ,./data/vort020,8586760,10304111
1709508756108,READ,./data/vort020,15456168,17173511
1709508756154,READ,./data/vort020,1717352,3434703
1709508756240,READ,./data/vort020,10304112,12021463
1709508756296,READ,./data/vort020,5152056,6869407
1709508756348,READ,./data/vort020,12021464,13738815
1709508756420,READ,./data/vort020,6869408,8586759
1709508756927,READ,./data/vort020,0,1717351
1709508756977,READ,./data/vort020,12021464,13738815
1709508757097,READ,./data/vort020,15456168,17173511
1709508757149,READ,./data/vort020,3434704,5152055
1709508757222,READ,./data/vort020,13738816,15456167
1709508757224,READ,./data/vort020,10304112,12021463
1709508757271,READ,./data/vort020,1717352,3434703
1709508757379,READ,./data/vort020,6869408,8586759
1709508757455,READ,./data/vort020,8586760,10304111
1709508757520,READ,./data/vort020,5152056,6869407
1709508758023,READ,./data/vort020,0,1717351
1709508758072,READ,./data/vort020,10304112,12021463
1709508758081,READ,./data/vort020,15456168,17173511
1709508758162,READ,./data/vort020,13738816,15456167
1709508758233,READ,./data/vort020,5152056,6869407
1709508758241,READ,./data/vort020,12021464,13738815
1709508758369,READ,./data/vort020,6869408,8586759
1709508758447,READ,./data/vort020,1717352,3434703
1709508758453,READ,./data/vort020,8586760,10304111
1709508758561,READ,./data/vort020,3434704,5152055
1709508758975,READ,./data/ux00021,0,1717351
1709508759031,READ,./data/ux00021,3434704,5152055
1709508759036,READ,./data/ux00021,8586760,10304111
1709508759113,READ,./data/ux00021,15456168,17173511
1709508759118,READ,./data/ux00021,5152056,6869407
1709508759235,READ,./data/ux00021,12021464,13738815
1709508759259,READ,./data/ux00021,1717352,3434703
1709508759307,READ,./data/ux00021,13738816,15456167
1709508759395,READ,./data/ux00021,10304112,12021463
1709508759506,READ,./data/ux00021,6869408,8586759
1709508759799,READ,./data/uy00021,0,1717351
1709508759811,READ,./data/uy00021,10304112,12021463
1709508759897,READ,./data/uy00021,8586760,10304111
1709508759952,READ,./data/uy00021,3434704,5152055
1709508759959,READ,./data/uy00021,15456168,17173511
1709508759996,READ,./data/uy00021,1717352,3434703
1709508760082,READ,./data/uy00021,5152056,6869407
1709508760147,READ,./data/uy00021,12021464,13738815
1709508760176,READ,./data/uy00021,13738816,15456167
1709508760217,READ,./data/uy00021,6869408,8586759
1709508760645,READ,./data/uz00021,5152056,6869407
1709508760648,READ,./data/uz00021,0,1717351
1709508760659,READ,./data/uz00021,8586760,10304111
1709508760735,READ,./data/uz00021,12021464,13738815
1709508760810,READ,./data/uz00021,10304112,12021463
1709508760886,READ,./data/uz00021,13738816,15456167
1709508760967,READ,./data/uz00021,6869408,8586759
1709508760984,READ,./data/uz00021,15456168,17173511
1709508761072,READ,./data/uz00021,3434704,5152055
1709508761174,READ,./data/uz00021,1717352,3434703
1709508761474,READ,./data/pp00021,13738816,15456167
1709508761484,READ,./data/pp00021,8586760,10304111
1709508761488,READ,./data/pp00021,0,1717351
1709508761697,READ,./data/pp00021,12021464,13738815
1709508761756,READ,./data/pp00021,1717352,3434703
1709508761841,READ,./data/pp00021,10304112,12021463
1709508761920,READ,./data/pp00021,6869408,8586759
1709508762019,READ,./data/pp00021,15456168,17173511
1709508762219,READ,./data/pp00021,3434704,5152055
1709508762288,READ,./data/pp00021,5152056,6869407
1709508762549,READ,./data/phi100021,0,1717351
1709508762554,READ,./data/phi100021,13738816,15456167
1709508762627,READ,./data/phi100021,3434704,5152055
1709508762647,READ,./data/phi100021,8586760,10304111
1709508762718,READ,./data/phi100021,5152056,6869407
1709508762779,READ,./data/phi100021,15456168,17173511
1709508762868,READ,./data/phi100021,1717352,3434703
1709508762947,READ,./data/phi100021,12021464,13738815
1709508763077,READ,./data/phi100021,6869408,8586759
1709508763212,READ,./data/phi100021,10304112,12021463
1709508763215,READ,./data/snap0000021.ini,0,301
1709508763602,READ,./data/vort021,0,1717351
1709508763604,READ,./data/vort021,5152056,6869407
1709508763681,READ,./data/vort021,1717352,3434703
1709508763735,READ,./data/vort021,3434704,5152055
1709508763741,READ,./data/vort021,8586760,10304111
1709508763747,READ,./data/vort021,15456168,17173511
1709508763838,READ,./data/vort021,12021464,13738815
1709508763891,READ,./data/vort021,6869408,8586759
1709508764003,READ,./data/vort021,10304112,12021463
1709508764031,READ,./data/vort021,13738816,15456167
1709508764411,READ,./data/vort021,0,1717351
1709508764448,READ,./data/vort021,6869408,8586759
1709508764503,READ,./data/vort021,1717352,3434703
1709508764512,READ,./data/vort021,15456168,17173511
1709508764594,READ,./data/vort021,13738816,15456167
1709508764656,READ,./data/vort021,3434704,5152055
1709508764762,READ,./data/vort021,5152056,6869407
1709508764834,READ,./data/vort021,12021464,13738815
1709508764990,READ,./data/vort021,10304112,12021463
1709508765111,READ,./data/vort021,8586760,10304111
1709508765564,READ,./data/vort021,0,1717351
1709508765589,READ,./data/vort021,10304112,12021463
1709508765673,READ,./data/vort021,8586760,10304111
1709508765712,READ,./data/vort021,6869408,8586759
1709508765714,READ,./data/vort021,15456168,17173511
1709508765833,READ,./data/vort021,13738816,15456167
1709508765901,READ,./data/vort021,1717352,3434703
1709508766004,READ,./data/vort021,5152056,6869407
1709508766076,READ,./data/vort021,12021464,13738815
1709508766130,READ,./data/vort021,3434704,5152055
1709508766650,READ,./data/vort021,0,1717351
1709508766747,READ,./data/vort021,13738816,15456167
1709508766823,READ,./data/vort021,15456168,17173511
1709508766834,READ,./data/vort021,6869408,8586759
1709508766922,READ,./data/vort021,12021464,13738815
1709508766960,READ,./data/vort021,1717352,3434703
1709508767005,READ,./data/vort021,8586760,10304111
1709508767007,READ,./data/vort021,5152056,6869407
1709508767092,READ,./data/vort021,3434704,5152055
1709508767125,READ,./data/vort021,10304112,12021463
1709508767440,READ,./data/ux00022,0,1717351
1709508767447,READ,./data/ux00022,13738816,15456167
1709508767504,READ,./data/ux00022,3434704,5152055
1709508767610,READ,./data/ux00022,1717352,3434703
1709508767612,READ,./data/ux00022,10304112,12021463
1709508767692,READ,./data/ux00022,15456168,17173511
1709508767807,READ,./data/ux00022,6869408,8586759
1709508767855,READ,./data/ux00022,8586760,10304111
1709508767892,READ,./data/ux00022,5152056,6869407
1709508767974,READ,./data/ux00022,12021464,13738815
1709508768328,READ,./data/uy00022,0,1717351
1709508768340,READ,./data/uy00022,5152056,6869407
1709508768343,READ,./data/uy00022,10304112,12021463
1709508768410,READ,./data/uy00022,1717352,3434703
1709508768534,READ,./data/uy00022,8586760,10304111
1709508768542,READ,./data/uy00022,13738816,15456167
1709508768614,READ,./data/uy00022,3434704,5152055
1709508768727,READ,./data/uy00022,12021464,13738815
1709508768809,READ,./data/uy00022,6869408,8586759
1709508768871,READ,./data/uy00022,15456168,17173511
1709508769244,READ,./data/uz00022,1717352,3434703
1709508769246,READ,./data/uz00022,8586760,10304111
1709508769258,READ,./data/uz00022,13738816,15456167
1709508769272,READ,./data/uz00022,5152056,6869407
1709508769344,READ,./data/uz00022,15456168,17173511
1709508769401,READ,./data/uz00022,3434704,5152055
1709508769456,READ,./data/uz00022,12021464,13738815
1709508769508,READ,./data/uz00022,6869408,8586759
1709508769528,READ,./data/uz00022,10304112,12021463
1709508769531,READ,./data/uz00022,0,1717351
1709508769745,READ,./data/pp00022,0,1717351
1709508769775,READ,./data/pp00022,10304112,12021463
1709508769852,READ,./data/pp00022,1717352,3434703
1709508769918,READ,./data/pp00022,12021464,13738815
1709508769920,READ,./data/pp00022,5152056,6869407
1709508769997,READ,./data/pp00022,13738816,15456167
1709508770031,READ,./data/pp00022,8586760,10304111
1709508770045,READ,./data/pp00022,15456168,17173511
1709508770118,READ,./data/pp00022,3434704,5152055
1709508770203,READ,./data/pp00022,6869408,8586759
1709508770602,READ,./data/phi100022,0,1717351
1709508770625,READ,./data/phi100022,10304112,12021463
1709508770668,READ,./data/phi100022,3434704,5152055
1709508770695,READ,./data/phi100022,13738816,15456167
1709508770769,READ,./data/phi100022,6869408,8586759
1709508770831,READ,./data/phi100022,12021464,13738815
1709508770903,READ,./data/phi100022,5152056,6869407
1709508770924,READ,./data/phi100022,8586760,10304111
1709508770951,READ,./data/phi100022,15456168,17173511
1709508770983,READ,./data/phi100022,1717352,3434703
1709508770991,READ,./data/snap0000022.ini,0,301
1709508771365,READ,./data/vort022,0,1717351
1709508771369,READ,./data/vort022,13738816,15456167
1709508771389,READ,./data/vort022,6869408,8586759
1709508771460,READ,./data/vort022,15456168,17173511
1709508771518,READ,./data/vort022,1717352,3434703
1709508771624,READ,./data/vort022,8586760,10304111
1709508771684,READ,./data/vort022,5152056,6869407
1709508771788,READ,./data/vort022,10304112,12021463
1709508771891,READ,./data/vort022,3434704,5152055
1709508771991,READ,./data/vort022,12021464,13738815
1709508772517,READ,./data/vort022,0,1717351
1709508772588,READ,./data/vort022,6869408,8586759
1709508772686,READ,./data/vort022,8586760,10304111
1709508772686,READ,./data/vort022,15456168,17173511
1709508772775,READ,./data/vort022,10304112,12021463
1709508772837,READ,./data/vort022,3434704,5152055
1709508772919,READ,./data/vort022,1717352,3434703
1709508773056,READ,./data/vort022,12021464,13738815
1709508773091,READ,./data/vort022,13738816,15456167
1709508773123,READ,./data/vort022,5152056,6869407
1709508773444,READ,out/restart0000090,0,1717351
1709508773457,READ,out/restart0000090,12021464,13738815
1709508773478,READ,out/restart0000090,5152056,6869407
1709508773580,READ,out/restart0000090,6869408,8586759
1709508773668,READ,out/restart0000090,3434704,5152055
1709508773682,READ,out/restart0000090,10304112,12021463
1709508773734,READ,out/restart0000090,8586760,10304111
1709508773781,READ,out/restart0000090,15456168,17173511
1709508773867,READ,out/restart0000090,13738816,15456167
1709508773891,READ,out/restart0000090,1717352,3434703
1709508773947,READ,out/restart0000090,18890864,20608215
1709508773956,READ,out/restart0000090,30912328,32629679
1709508773959,READ,out/restart0000090,22325568,24042919
1709508774009,READ,out/restart0000090,29194976,30912327
1709508774090,READ,out/restart0000090,25760272,27477623
1709508774132,READ,out/restart0000090,17173512,18890863
1709508774162,READ,out/restart0000090,32629680,34347023
1709508774237,READ,out/restart0000090,20608216,22325567
1709508774361,READ,out/restart0000090,24042920,25760271
1709508774502,READ,out/restart0000090,27477624,29194975
1709508774540,READ,out/restart0000090,48085840,49803191
1709508774636,READ,out/restart0000090,46368488,48085839
1709508774679,READ,out/restart0000090,36064376,37781727
1709508774745,READ,out/restart0000090,37781728,39499079
1709508774748,READ,out/restart0000090,34347024,36064375
1709508774781,READ,out/restart0000090,41216432,42933783
1709508774969,READ,out/restart0000090,39499080,41216431
1709508774969,READ,out/restart0000090,44651136,46368487
1709508775025,READ,out/restart0000090,42933784,44651135
1709508775032,READ,out/restart0000090,49803192,51520535
1709508775036,READ,out/restart0000090,65259352,66976703
1709508775041,READ,out/restart0000090,58389944,60107295
1709508775105,READ,out/restart0000090,54955240,56672591
1709508775187,READ,out/restart0000090,56672592,58389943
1709508775199,READ,out/restart0000090,51520536,53237887
1709508775250,READ,out/restart0000090,63542000,65259351
1709508775281,READ,out/restart0000090,53237888,54955239
1709508775282,READ,out/restart0000090,61824648,63541999
1709508775378,READ,out/restart0000090,60107296,61824647
1709508775389,READ,out/restart0000090,66976704,68694047
1709508775394,READ,out/restart0000090,82432864,84150215
1709508775400,READ,out/restart0000090,75563456,77280807
1709508775459,READ,out/restart0000090,73846104,75563455
1709508775531,READ,out/restart0000090,70411400,72128751
1709508775567,READ,out/restart0000090,78998160,80715511
1709508775569,READ,out/restart0000090,72128752,73846103
1709508775607,READ,out/restart0000090,80715512,82432863
1709508775622,READ,out/restart0000090,68694048,70411399
1709508775633,READ,out/restart0000090,77280808,78998159
1709508775645,READ,out/restart0000090,84150216,85867559
1709508775675,READ,out/restart0000090,101323728,103041071
1709508775687,READ,out/restart0000090,87584912,89302263
1709508775756,READ,out/restart0000090,96171672,97889023
1709508775763,READ,out/restart0000090,89302264,91019615
1709508775791,READ,out/restart0000090,92736968,94454319
1709508775841,READ,out/restart0000090,85867560,87584911
1709508775845,READ,out/restart0000090,91019616,92736967
1709508775878,READ,out/restart0000090,97889024,99606375
1709508775927,READ,out/restart0000090,99606376,101323727
1709508775932,READ,out/restart0000090,94454320,96171671
1709508775936,READ,out/restart0000090,118497240,120214583
1709508775955,READ,out/restart0000090,104758424,106475775
1709508776005,READ,out/restart0000090,109910480,111627831
1709508776006,READ,out/restart0000090,113345184,115062535
1709508776014,READ,out/restart0000090,106475776,108193127
1709508776017,READ,out/restart0000090,103041072,104758423
1709508776089,READ,out/restart0000090,108193128,109910479
1709508776117,READ,out/restart0000090,115062536,116779887
1709508776150,READ,out/restart0000090,116779888,118497239
1709508776213,READ,out/restart0000090,111627832,113345183
1709508776218,READ,out/restart0000090,135670752,137388095
1709508776233,READ,out/restart0000090,130518696,132236047
1709508776243,READ,out/restart0000090,121931936,123649287
1709508776298,READ,out/restart0000090,128801344,130518695
1709508776345,READ,out/restart0000090,127083992,128801343
1709508776408,READ,out/restart0000090,120214584,121931935
1709508776419,READ,out/restart0000090,133953400,135670751
1709508776467,READ,out/restart0000090,132236048,133953399
1709508776477,READ,out/restart0000090,123649288,125366639
1709508776568,READ,out/restart0000090,125366640,127083991
1709508776575,READ,out/restart0000090,152844264,154561607
1709508776667,READ,out/restart0000090,137388096,139105447
1709508776728,READ,out/restart0000090,140822800,142540151
1709508776770,READ,out/restart0000090,139105448,140822799
1709508776902,READ,out/restart0000090,142540152,144257503
1709508776942,READ,out/restart0000090,149409560,151126911
1709508776993,READ,out/restart0000090,144257504,145974855
1709508777055,READ,out/restart0000090,151126912,152844263
1709508777056,READ,out/restart0000090,145974856,147692207
1709508777101,READ,out/restart0000090,147692208,149409559
1709508777115,READ,out/restart0000090,169779069,171469895
1709508777131,READ,out/restart0000090,161324924,163015752
1709508777186,READ,out/restart0000090,163015753,164706581
1709508777256,READ,out/restart0000090,159634095,161324923
1709508777263,READ,out/restart0000090,156252437,157943265
1709508777322,READ,out/restart0000090,157943266,159634094
1709508777376,READ,out/restart0000090,166397411,168088239
1709508777415,READ,out/restart0000090,164706582,166397410
1709508777454,READ,out/restart0000090,168088240,169779068
1709508777496,READ,out/restart0000090,154561608,156252436
1709508777500,READ,out/restart0000090,186926064,188643407
1709508777504,READ,out/restart0000090,181774008,183491359
1709508777516,READ,out/restart0000090,178339304,180056655
1709508777587,READ,out/restart0000090,171469896,173187247
1709508777672,READ,out/restart0000090,176621952,178339303
1709508777764,READ,out/restart0000090,180056656,181774007
1709508777787,READ,out/restart0000090,173187248,174904599
1709508777948,READ,out/restart0000090,183491360,185208711
1709508777994,READ,out/restart0000090,174904600,176621951
1709508778015,READ,out/restart0000090,185208712,186926063
1709508778022,READ,out/restart0000090,204099576,205816919
1709508778094,READ,out/restart0000090,188643408,190360759
1709508778095,READ,out/restart0000090,195512816,197230167
1709508778206,READ,out/restart0000090,198947520,200664871
1709508778210,READ,out/restart0000090,193795464,195512815
1709508778291,READ,out/restart0000090,200664872,202382223
1709508778392,READ,out/restart0000090,190360760,192078111
1709508778439,READ,out/restart0000090,197230168,198947519
1709508778464,READ,out/restart0000090,202382224,204099575
1709508778534,READ,out/restart0000090,192078112,193795463
1709508778538,READ,out/restart0000090,221273088,222990431
1709508778637,READ,out/restart0000090,210968976,212686327
1709508778647,READ,out/restart0000090,207534272,209251623
1709508778659,READ,out/restart0000090,217838384,219555735
1709508778707,READ,out/restart0000090,209251624,210968975
1709508778709,READ,out/restart0000090,219555736,221273087
1709508778748,READ,out/restart0000090,216121032,217838383
1709508778775,READ,out/restart0000090,214403680,216121031
1709508778786,READ,out/restart0000090,205816920,207534271
1709508778843,READ,out/restart0000090,212686328,214403679
1709508778883,READ,out/restart0000090.info,0,538
1709508779089,READ,./data/vort022,0,1717351
1709508779148,READ,./data/vort022,15456168,17173511
1709508779159,READ,./data/vort022,10304112,12021463
1709508779204,READ,./data/vort022,1717352,3434703
1709508779213,READ,./data/vort022,5152056,6869407
1709508779363,READ,./data/vort022,6869408,8586759
1709508779580,READ,./data/vort022,3434704,5152055
1709508779597,READ,./data/vort022,8586760,10304111
1709508779656,READ,./data/vort022,13738816,15456167
1709508779746,READ,./data/vort022,12021464,13738815
1709508780262,READ,./data/vort022,0,1717351
1709508780308,READ,./data/vort022,15456168,17173511
1709508780360,READ,./data/vort022,1717352,3434703
1709508780441,READ,./data/vort022,13738816,15456167
1709508780442,READ,./data/vort022,10304112,12021463
1709508780521,READ,./data/vort022,8586760,10304111
1709508780554,READ,./data/vort022,6869408,8586759
1709508780649,READ,./data/vort022,3434704,5152055
1709508780686,READ,./data/vort022,5152056,6869407
1709508780771,READ,./data/vort022,12021464,13738815
1709508781132,READ,./data/ux00023,0,1717351
1709508781141,READ,./data/ux00023,8586760,10304111
1709508781155,READ,./data/ux00023,13738816,15456167
1709508781255,READ,./data/ux00023,12021464,13738815
1709508781290,READ,./data/ux00023,15456168,17173511
1709508781352,READ,./data/ux00023,5152056,6869407
1709508781369,READ,./data/ux00023,10304112,12021463
1709508781432,READ,./data/ux00023,6869408,8586759
1709508781490,READ,./data/ux00023,1717352,3434703
1709508781516,READ,./data/ux00023,3434704,5152055
1709508781840,READ,./data/uy00023,0,1717351
1709508781868,READ,./data/uy00023,6869408,8586759
1709508781916,READ,./data/uy00023,1717352,3434703
1709508781919,READ,./data/uy00023,13738816,15456167
1709508781978,READ,./data/uy00023,10304112,12021463
1709508782046,READ,./data/uy00023,12021464,13738815
1709508782067,READ,./data/uy00023,15456168,17173511
1709508782128,READ,./data/uy00023,5152056,6869407
1709508782176,READ,./data/uy00023,8586760,10304111
1709508782203,READ,./data/uy00023,3434704,5152055
1709508782494,READ,./data/uz00023,1717352,3434703
1709508782565,READ,./data/uz00023,0,1717351
1709508782570,READ,./data/uz00023,12021464,13738815
1709508782648,READ,./data/uz00023,13738816,15456167
1709508782681,READ,./data/uz00023,15456168,17173511
1709508782747,READ,./data/uz00023,5152056,6869407
1709508782747,READ,./data/uz00023,10304112,12021463
1709508782817,READ,./data/uz00023,3434704,5152055
1709508782907,READ,./data/uz00023,6869408,8586759
1709508782965,READ,./data/uz00023,8586760,10304111
1709508783308,READ,./data/pp00023,0,1717351
1709508783318,READ,./data/pp00023,6869408,8586759
1709508783413,READ,./data/pp00023,8586760,10304111
1709508783449,READ,./data/pp00023,1717352,3434703
1709508783494,READ,./data/pp00023,15456168,17173511
1709508783498,READ,./data/pp00023,10304112,12021463
1709508783562,READ,./data/pp00023,3434704,5152055
1709508783653,READ,./data/pp00023,13738816,15456167
1709508783690,READ,./data/pp00023,12021464,13738815
1709508783742,READ,./data/pp00023,5152056,6869407
1709508784038,READ,./data/phi100023,1717352,3434703
1709508784117,READ,./data/phi100023,10304112,12021463
1709508784235,READ,./data/phi100023,3434704,5152055
1709508784372,READ,./data/phi100023,5152056,6869407
1709508784372,READ,./data/phi100023,13738816,15456167
1709508784418,READ,./data/phi100023,6869408,8586759
1709508784419,READ,./data/phi100023,0,1717351
1709508784492,READ,./data/phi100023,8586760,10304111
1709508784560,READ,./data/phi100023,12021464,13738815
1709508784641,READ,./data/phi100023,15456168,17173511
1709508784653,READ,./data/snap0000023.ini,0,301
1709508784952,READ,./data/vort023,0,1717351
1709508784968,READ,./data/vort023,10304112,12021463
1709508785053,READ,./data/vort023,12021464,13738815
1709508785092,READ,./data/vort023,6869408,8586759
1709508785169,READ,./data/vort023,3434704,5152055
1709508785201,READ,./data/vort023,5152056,6869407
1709508785231,READ,./data/vort023,1717352,3434703
1709508785255,READ,./data/vort023,8586760,10304111
1709508785314,READ,./data/vort023,15456168,17173511
1709508785386,READ,./data/vort023,13738816,15456167
1709508785845,READ,./data/vort023,0,1717351
1709508785897,READ,./data/vort023,12021464,13738815
1709508785928,READ,./data/vort023,3434704,5152055
1709508786021,READ,./data/vort023,13738816,15456167
1709508786093,READ,./data/vort023,10304112,12021463
1709508786112,READ,./data/vort023,1717352,3434703
1709508786179,READ,./data/vort023,5152056,6869407
1709508786234,READ,./data/vort023,15456168,17173511
1709508786352,READ,./data/vort023,6869408,8586759
1709508786383,READ,./data/vort023,8586760,10304111
1709508786880,READ,./data/vort023,0,1717351
1709508786916,READ,./data/vort023,8586760,10304111
1709508786939,READ,./data/vort023,15456168,17173511
1709508786947,READ,./data/vort023,5152056,6869407
1709508786994,READ,./data/vort023,1717352,3434703
1709508787066,READ,./data/vort023,10304112,12021463
1709508787159,READ,./data/vort023,3434704,5152055
1709508787216,READ,./data/vort023,12021464,13738815
1709508787270,READ,./data/vort023,13738816,15456167
1709508787309,READ,./data/vort023,6869408,8586759
1709508787787,READ,./data/vort023,0,1717351
1709508787824,READ,./data/vort023,8586760,10304111
1709508787929,READ,./data/vort023,6869408,8586759
1709508787974,READ,./data/vort023,1717352,3434703
1709508787990,READ,./data/vort023,12021464,13738815
1709508788079,READ,./data/vort023,5152056,6869407
1709508788143,READ,./data/vort023,15456168,17173511
1709508788196,READ,./data/vort023,10304112,12021463
1709508788262,READ,./data/vort023,13738816,15456167
1709508788271,READ,./data/vort023,3434704,5152055
1709508788673,READ,./data/ux00024,3434704,5152055
1709508788684,READ,./data/ux00024,8586760,10304111
1709508788769,READ,./data/ux00024,10304112,12021463
1709508788838,READ,./data/ux00024,0,1717351
1709508788897,READ,./data/ux00024,6869408,8586759
1709508788908,READ,./data/ux00024,13738816,15456167
1709508788967,READ,./data/ux00024,15456168,17173511
1709508789037,READ,./data/ux00024,12021464,13738815
1709508789064,READ,./data/ux00024,1717352,3434703
1709508789087,READ,./data/ux00024,5152056,6869407
1709508789624,READ,./data/uy00024,0,1717351
1709508789626,READ,./data/uy00024,5152056,6869407
1709508789646,READ,./data/uy00024,10304112,12021463
1709508789752,READ,./data/uy00024,6869408,8586759
1709508789797,READ,./data/uy00024,1717352,3434703
1709508789834,READ,./data/uy00024,15456168,17173511
1709508789845,READ,./data/uy00024,3434704,5152055
1709508789910,READ,./data/uy00024,13738816,15456167
1709508789930,READ,./data/uy00024,8586760,10304111
1709508790000,READ,./data/uy00024,12021464,13738815
1709508790393,READ,./data/uz00024,0,1717351
1709508790419,READ,./data/uz00024,6869408,8586759
1709508790508,READ,./data/uz00024,10304112,12021463
1709508790616,READ,./data/uz00024,5152056,6869407
1709508790670,READ,./data/uz00024,12021464,13738815
1709508790754,READ,./data/uz00024,3434704,5152055
1709508790882,READ,./data/uz00024,13738816,15456167
1709508790951,READ,./data/uz00024,8586760,10304111
1709508791018,READ,./data/uz00024,15456168,17173511
1709508791091,READ,./data/uz00024,1717352,3434703
1709508791512,READ,./data/pp00024,0,1717351
1709508791566,READ,./data/pp00024,12021464,13738815
1709508791625,READ,./data/pp00024,3434704,5152055
1709508791739,READ,./data/pp00024,6869408,8586759
1709508791767,READ,./data/pp00024,10304112,12021463
1709508791810,READ,./data/pp00024,1717352,3434703
1709508791885,READ,./data/pp00024,5152056,6869407
1709508791949,READ,./data/pp00024,15456168,17173511
1709508791992,READ,./data/pp00024,8586760,10304111
1709508792070,READ,./data/pp00024,13738816,15456167
1709508792482,READ,./data/phi100024,3434704,5152055
1709508792571,READ,./data/phi100024,0,1717351
1709508792574,READ,./data/phi100024,8586760,10304111
1709508792656,READ,./data/phi100024,1717352,3434703
1709508792718,READ,./data/phi100024,15456168,17173511
1709508792724,READ,./data/phi100024,5152056,6869407
1709508792812,READ,./data/phi100024,10304112,12021463
1709508792871,READ,./data/phi100024,12021464,13738815
1709508792924,READ,./data/phi100024,6869408,8586759
1709508792959,READ,./data/phi100024,13738816,15456167
1709508792962,READ,./data/snap0000024.ini,0,301
1709508793313,READ,./data/vort024,0,1717351
1709508793328,READ,./data/vort024,6869408,8586759
1709508793415,READ,./data/vort024,12021464,13738815
1709508793474,READ,./data/vort024,10304112,12021463
1709508793551,READ,./data/vort024,15456168,17173511
1709508793606,READ,./data/vort024,13738816,15456167
1709508793656,READ,./data/vort024,8586760,10304111
1709508793695,READ,./data/vort024,1717352,3434703
1709508793752,READ,./data/vort024,5152056,6869407
1709508793803,READ,./data/vort024,3434704,5152055
1709508794483,READ,./data/vort024,0,1717351
1709508794613,READ,./data/vort024,6869408,8586759
1709508794670,READ,./data/vort024,1717352,3434703
1709508794754,READ,./data/vort024,8586760,10304111
1709508794815,READ,./data/vort024,5152056,6869407
1709508794871,READ,./data/vort024,12021464,13738815
1709508794948,READ,./data/vort024,10304112,12021463
1709508794975,READ,./data/vort024,3434704,5152055
1709508795050,READ,./data/vort024,13738816,15456167
1709508795087,READ,./data/vort024,15456168,17173511
1709508795573,READ,./data/vort024,0,1717351
1709508795607,READ,./data/vort024,8586760,10304111
1709508795677,READ,./data/vort024,3434704,5152055
1709508795758,READ,./data/vort024,5152056,6869407
1709508795832,READ,./data/vort024,10304112,12021463
1709508795833,READ,./data/vort024,13738816,15456167
1709508795909,READ,./data/vort024,15456168,17173511
1709508795995,READ,./data/vort024,6869408,8586759
1709508796016,READ,./data/vort024,1717352,3434703
1709508796051,READ,./data/vort024,12021464,13738815
1709508796587,READ,./data/vort024,0,1717351
1709508796613,READ,./data/vort024,5152056,6869407
1709508796629,READ,./data/vort024,15456168,17173511
1709508796733,READ,./data/vort024,6869408,8586759
1709508796838,READ,./data/vort024,12021464,13738815
1709508796886,READ,./data/vort024,3434704,5152055
1709508796902,READ,./data/vort024,8586760,10304111
1709508796938,READ,./data/vort024,1717352,3434703
1709508797070,READ,./data/vort024,10304112,12021463
1709508797075,READ,./data/vort024,13738816,15456167
1709508797454,READ,./data/ux00025,0,1717351
1709508797463,READ,./data/ux00025,10304112,12021463
1709508797542,READ,./data/ux00025,8586760,10304111
1709508797592,READ,./data/ux00025,1717352,3434703
1709508797611,READ,./data/ux00025,12021464,13738815
1709508797613,READ,./data/ux00025,5152056,6869407
1709508797687,READ,./data/ux00025,15456168,17173511
1709508797753,READ,./data/ux00025,6869408,8586759
1709508797822,READ,./data/ux00025,3434704,5152055
1709508797853,READ,./data/ux00025,13738816,15456167
1709508798141,READ,./data/uy00025,0,1717351
1709508798164,READ,./data/uy00025,5152056,6869407
1709508798165,READ,./data/uy00025,8586760,10304111
1709508798178,READ,./data/uy00025,15456168,17173511
1709508798239,READ,./data/uy00025,10304112,12021463
1709508798274,READ,./data/uy00025,1717352,3434703
1709508798350,READ,./data/uy00025,13738816,15456167
1709508798396,READ,./data/uy00025,12021464,13738815
1709508798467,READ,./data/uy00025,3434704,5152055
1709508798561,READ,./data/uy00025,6869408,8586759
1709508798908,READ,./data/uz00025,0,1717351
1709508798911,READ,./data/uz00025,12021464,13738815
1709508799005,READ,./data/uz00025,10304112,12021463
1709508799039,READ,./data/uz00025,3434704,5152055
1709508799128,READ,./data/uz00025,6869408,8586759
1709508799204,READ,./data/uz00025,15456168,17173511
1709508799230,READ,./data/uz00025,5152056,6869407
1709508799248,READ,./data/uz00025,1717352,3434703
1709508799308,READ,./data/uz00025,13738816,15456167
1709508799347,READ,./data/uz00025,8586760,10304111
1709508799677,READ,./data/pp00025,1717352,3434703
1709508799689,READ,./data/pp00025,6869408,8586759
1709508799756,READ,./data/pp00025,12021464,13738815
1709508799778,READ,./data/pp00025,10304112,12021463
1709508799850,READ,./data/pp00025,3434704,5152055
1709508799910,READ,./data/pp00025,15456168,17173511
1709508800003,READ,./data/pp00025,8586760,10304111
1709508800055,READ,./data/pp00025,5152056,6869407
1709508800115,READ,./data/pp00025,0,1717351
1709508800200,READ,./data/pp00025,13738816,15456167
1709508800626,READ,./data/phi100025,0,1717351
1709508800640,READ,./data/phi100025,8586760,10304111
1709508800692,READ,./data/phi100025,3434704,5152055
1709508800707,READ,./data/phi100025,13738816,15456167
1709508800791,READ,./data/phi100025,5152056,6869407
1709508800872,READ,./data/phi100025,15456168,17173511
1709508800944,READ,./data/phi100025,6869408,8586759
1709508800995,READ,./data/phi100025,12021464,13738815
1709508801064,READ,./data/phi100025,10304112,12021463
1709508801132,READ,./data/phi100025,1717352,3434703
1709508801145,READ,./data/snap0000025.ini,0,301
1709508801534,READ,./data/vort025,3434704,5152055
1709508801539,READ,./data/vort025,8586760,10304111
1709508801691,READ,./data/vort025,10304112,12021463
1709508801853,READ,./data/vort025,6869408,8586759
1709508801905,READ,./data/vort025,13738816,15456167
1709508801960,READ,./data/vort025,1717352,3434703
1709508802082,READ,./data/vort025,15456168,17173511
1709508802160,READ,./data/vort025,0,1717351
1709508802190,READ,./data/vort025,12021464,13738815
1709508802198,READ,./data/vort025,5152056,6869407
1709508802651,READ,./data/vort025,0,1717351
1709508802774,READ,./data/vort025,3434704,5152055
1709508802783,READ,./data/vort025,10304112,12021463
1709508802882,READ,./data/vort025,5152056,6869407
1709508802955,READ,./data/vort025,8586760,10304111
1709508803042,READ,./data/vort025,6869408,8586759
1709508803184,READ,./data/vort025,1717352,3434703
1709508803210,READ,./data/vort025,12021464,13738815
1709508803326,READ,./data/vort025,15456168,17173511
1709508803404,READ,./data/vort025,13738816,15456167
1709508803896,READ,./data/vort025,0,1717351
1709508803935,READ,./data/vort025,8586760,10304111
1709508803940,READ,./data/vort025,13738816,15456167
1709508804018,READ,./data/vort025,15456168,17173511
1709508804078,READ,./data/vort025,1717352,3434703
1709508804164,READ,./data/vort025,6869408,8586759
1709508804301,READ,./data/vort025,3434704,5152055
1709508804386,READ,./data/vort025,5152056,6869407
1709508804443,READ,./data/vort025,10304112,12021463
1709508804555,READ,./data/vort025,12021464,13738815
1709508805075,READ,./data/vort025,0,1717351
1709508805107,READ,./data/vort025,5152056,6869407
1709508805111,READ,./data/vort025,15456168,17173511
1709508805226,READ,./data/vort025,3434704,5152055
1709508805314,READ,./data/vort025,12021464,13738815
1709508805447,READ,./data/vort025,8586760,10304111
1709508805547,READ,./data/vort025,1717352,3434703
1709508805602,READ,./data/vort025,10304112,12021463
1709508805707,READ,./data/vort025,13738816,15456167
1709508805805,READ,./data/vort025,6869408,8586759
1709508806139,READ,./data/ux00026,0,1717351
1709508806153,READ,./data/ux00026,13738816,15456167
1709508806235,READ,./data/ux00026,12021464,13738815
1709508806382,READ,./data/ux00026,15456168,17173511
1709508806390,READ,./data/ux00026,6869408,8586759
1709508806505,READ,./data/ux00026,10304112,12021463
1709508806522,READ,./data/ux00026,3434704,5152055
1709508806605,READ,./data/ux00026,5152056,6869407
1709508806689,READ,./data/ux00026,8586760,10304111
1709508806736,READ,./data/ux00026,1717352,3434703
1709508807041,READ,./data/uy00026,0,1717351
1709508807060,READ,./data/uy00026,13738816,15456167
1709508807092,READ,./data/uy00026,1717352,3434703
1709508807128,READ,./data/uy00026,3434704,5152055
1709508807129,READ,./data/uy00026,10304112,12021463
1709508807226,READ,./data/uy00026,12021464,13738815
1709508807279,READ,./data/uy00026,15456168,17173511
1709508807366,READ,./data/uy00026,6869408,8586759
1709508807394,READ,./data/uy00026,8586760,10304111
1709508807468,READ,./data/uy00026,5152056,6869407
1709508807836,READ,./data/uz00026,5152056,6869407
1709508807838,READ,./data/uz00026,0,1717351
1709508807854,READ,./data/uz00026,12021464,13738815
1709508808001,READ,./data/uz00026,6869408,8586759
1709508808121,READ,./data/uz00026,8586760,10304111
1709508808168,READ,./data/uz00026,3434704,5152055
1709508808302,READ,./data/uz00026,15456168,17173511
1709508808385,READ,./data/uz00026,10304112,12021463
1709508808400,READ,./data/uz00026,1717352,3434703
1709508808480,READ,./data/uz00026,13738816,15456167
1709508808918,READ,./data/pp00026,0,1717351
1709508808946,READ,./data/pp00026,13738816,15456167
1709508808978,READ,./data/pp00026,10304112,12021463
1709508809078,READ,./data/pp00026,3434704,5152055
1709508809179,READ,./data/pp00026,6869408,8586759
1709508809282,READ,./data/pp00026,12021464,13738815
1709508809449,READ,./data/pp00026,15456168,17173511
1709508809542,READ,./data/pp00026,5152056,6869407
1709508809559,READ,./data/pp00026,8586760,10304111
1709508809587,READ,./data/pp00026,1717352,3434703
1709508809908,READ,./data/phi100026,0,1717351
1709508809912,READ,./data/phi100026,8586760,10304111
1709508810019,READ,./data/phi100026,10304112,12021463
1709508810028,READ,./data/phi100026,13738816,15456167
1709508810121,READ,./data/phi100026,15456168,17173511
1709508810206,READ,./data/phi100026,3434704,5152055
1709508810289,READ,./data/phi100026,5152056,6869407
1709508810343,READ,./data/phi100026,1717352,3434703
1709508810413,READ,./data/phi100026,12021464,13738815
1709508810491,READ,./data/phi100026,6869408,8586759
1709508810526,READ,./data/snap0000026.ini,0,301
1709508810789,READ,./data/vort026,0,1717351
1709508810796,READ,./data/vort026,6869408,8586759
1709508810894,READ,./data/vort026,10304112,12021463
1709508810996,READ,./data/vort026,3434704,5152055
1709508811076,READ,./data/vort026,12021464,13738815
1709508811168,READ,./data/vort026,15456168,17173511
1709508811206,READ,./data/vort026,1717352,3434703
1709508811309,READ,./data/vort026,13738816,15456167
1709508811375,READ,./data/vort026,5152056,6869407
1709508811415,READ,./data/vort026,8586760,10304111
1709508811934,READ,./data/vort026,0,1717351
1709508812066,READ,./data/vort026,3434704,5152055
1709508812076,READ,./data/vort026,13738816,15456167
1709508812181,READ,./data/vort026,12021464,13738815
1709508812232,READ,./data/vort026,1717352,3434703
1709508812288,READ,./data/vort026,5152056,6869407
1709508812376,READ,./data/vort026,10304112,12021463
1709508812493,READ,./data/vort026,15456168,17173511
1709508812604,READ,./data/vort026,6869408,8586759
1709508812657,READ,./data/vort026,8586760,10304111
1709508813084,READ,./data/vort026,0,1717351
1709508813129,READ,./data/vort026,5152056,6869407
1709508813130,READ,./data/vort026,10304112,12021463
1709508813131,READ,./data/vort026,15456168,17173511
1709508813214,READ,./data/vort026,3434704,5152055
1709508813321,READ,./data/vort026,12021464,13738815
1709508813346,READ,./data/vort026,8586760,10304111
1709508813434,READ,./data/vort026,1717352,3434703
1709508813469,READ,./data/vort026,13738816,15456167
1709508813522,READ,./data/vort026,6869408,8586759
1709508814104,READ,./data/vort026,0,1717351
1709508814158,READ,./data/vort026,15456168,17173511
1709508814164,READ,./data/vort026,5152056,6869407
1709508814246,READ,./data/vort026,13738816,15456167
1709508814328,READ,./data/vort026,3434704,5152055
1709508814338,READ,./data/vort026,12021464,13738815
1709508814457,READ,./data/vort026,6869408,8586759
1709508814476,READ,./data/vort026,8586760,10304111
1709508814547,READ,./data/vort026,10304112,12021463
1709508814581,READ,./data/vort026,1717352,3434703
1709508815037,READ,./data/ux00027,3434704,5152055
1709508815042,READ,./data/ux00027,13738816,15456167
1709508815123,READ,./data/ux00027,0,1717351
1709508815123,READ,./data/ux00027,10304112,12021463
1709508815221,READ,./data/ux00027,6869408,8586759
1709508815305,READ,./data/ux00027,15456168,17173511
1709508815362,READ,./data/ux00027,1717352,3434703
1709508815384,READ,./data/ux00027,12021464,13738815
1709508815452,READ,./data/ux00027,8586760,10304111
1709508815529,READ,./data/ux00027,5152056,6869407
1709508815846,READ,./data/uy00027,0,1717351
1709508815849,READ,./data/uy00027,5152056,6869407
1709508815849,READ,./data/uy00027,12021464,13738815
1709508815940,READ,./data/uy00027,3434704,5152055
1709508816005,READ,./data/uy00027,10304112,12021463
1709508816020,READ,./data/uy00027,1717352,3434703
1709508816051,READ,./data/uy00027,6869408,8586759
1709508816103,READ,./data/uy00027,15456168,17173511
1709508816115,READ,./data/uy00027,8586760,10304111
1709508816233,READ,./data/uy00027,13738816,15456167
1709508816688,READ,./data/uz00027,0,1717351
1709508816689,READ,./data/uz00027,10304112,12021463
1709508816743,READ,./data/uz00027,3434704,5152055
1709508816753,READ,./data/uz00027,13738816,15456167
1709508816822,READ,./data/uz00027,5152056,6869407
1709508816916,READ,./data/uz00027,15456168,17173511
1709508816995,READ,./data/uz00027,8586760,10304111
1709508817043,READ,./data/uz00027,6869408,8586759
1709508817114,READ,./data/uz00027,1717352,3434703
1709508817153,READ,./data/uz00027,12021464,13738815
1709508817431,READ,./data/pp00027,0,1717351
1709508817484,READ,./data/pp00027,1717352,3434703
1709508817521,READ,./data/pp00027,3434704,5152055
1709508817525,READ,./data/pp00027,13738816,15456167
1709508817582,READ,./data/pp00027,15456168,17173511
1709508817665,READ,./data/pp00027,12021464,13738815
1709508817765,READ,./data/pp00027,6869408,8586759
1709508817808,READ,./data/pp00027,10304112,12021463
1709508817853,READ,./data/pp00027,5152056,6869407
1709508817882,READ,./data/pp00027,8586760,10304111
1709508818280,READ,./data/phi100027,0,1717351
1709508818389,READ,./data/phi100027,3434704,5152055
1709508818488,READ,./data/phi100027,5152056,6869407
1709508818499,READ,./data/phi100027,15456168,17173511
1709508818647,READ,./data/phi100027,12021464,13738815
1709508818744,READ,./data/phi100027,10304112,12021463
1709508818891,READ,./data/phi100027,6869408,8586759
1709508819000,READ,./data/phi100027,1717352,3434703
1709508819055,READ,./data/phi100027,13738816,15456167
1709508819131,READ,./data/phi100027,8586760,10304111
1709508819177,READ,./data/snap0000027.ini,0,301
1709508819465,READ,./data/vort027,0,1717351
1709508819478,READ,./data/vort027,8586760,10304111
1709508819541,READ,./data/vort027,10304112,12021463
1709508819598,READ,./data/vort027,6869408,8586759
1709508819647,READ,./data/vort027,12021464,13738815
1709508819727,READ,./data/vort027,5152056,6869407
1709508819772,READ,./data/vort027,1717352,3434703
1709508819853,READ,./data/vort027,13738816,15456167
1709508819922,READ,./data/vort027,15456168,17173511
1709508819936,READ,./data/vort027,3434704,5152055
1709508820381,READ,./data/vort027,0,1717351
1709508820413,READ,./data/vort027,6869408,8586759
1709508820511,READ,./data/vort027,8586760,10304111
1709508820511,READ,./data/vort027,15456168,17173511
1709508820570,READ,./data/vort027,1717352,3434703
1709508820600,READ,./data/vort027,10304112,12021463
1709508820658,READ,./data/vort027,3434704,5152055
1709508820758,READ,./data/vort027,5152056,6869407
1709508820841,READ,./data/vort027,13738816,15456167
1709508820935,READ,./data/vort027,12021464,13738815
1709508821422,READ,./data/vort027,0,1717351
1709508821442,READ,./data/vort027,15456168,17173511
1709508821531,READ,./data/vort027,12021464,13738815
1709508821579,READ,./data/vort027,1717352,3434703
1709508821650,READ,./data/vort027,10304112,12021463
1709508821667,READ,./data/vort027,3434704,5152055
1709508821737,READ,./data/vort027,5152056,6869407
1709508821765,READ,./data/vort027,13738816,15456167
1709508821848,READ,./data/vort027,6869408,8586759
1709508821897,READ,./data/vort027,8586760,10304111
1709508822380,READ,./data/vort027,0,1717351
1709508822480,READ,./data/vort027,12021464,13738815
1709508822561,READ,./data/vort027,15456168,17173511
1709508822620,READ,./data/vort027,6869408,8586759
1709508822692,READ,./data/vort027,3434704,5152055
1709508822726,READ,./data/vort027,13738816,15456167
1709508822763,READ,./data/vort027,5152056,6869407
1709508822842,READ,./data/vort027,1717352,3434703
1709508822878,READ,./data/vort027,10304112,12021463
1709508822944,READ,./data/vort027,8586760,10304111
1709508823304,READ,./data/ux00028,0,1717351
1709508823307,READ,./data/ux00028,5152056,6869407
1709508823320,READ,./data/ux00028,8586760,10304111
1709508823407,READ,./data/ux00028,3434704,5152055
1709508823494,READ,./data/ux00028,10304112,12021463
1709508823496,READ,./data/ux00028,15456168,17173511
1709508823520,READ,./data/ux00028,1717352,3434703
1709508823641,READ,./data/ux00028,6869408,8586759
1709508823723,READ,./data/ux00028,12021464,13738815
1709508823754,READ,./data/ux00028,13738816,15456167
1709508824103,READ,./data/uy00028,0,1717351
1709508824111,READ,./data/uy00028,13738816,15456167
1709508824124,READ,./data/uy00028,8586760,10304111
1709508824130,READ,./data/uy00028,5152056,6869407
1709508824263,READ,./data/uy00028,3434704,5152055
1709508824434,READ,./data/uy00028,6869408,8586759
1709508824441,READ,./data/uy00028,1717352,3434703
1709508824507,READ,./data/uy00028,12021464,13738815
1709508824627,READ,./data/uy00028,10304112,12021463
1709508824663,READ,./data/uy00028,15456168,17173511
1709508824998,READ,./data/uz00028,0,1717351
1709508825004,READ,./data/uz00028,13738816,15456167
1709508825094,READ,./data/uz00028,12021464,13738815
1709508825153,READ,./data/uz00028,10304112,12021463
1709508825207,READ,./data/uz00028,8586760,10304111
1709508825251,READ,./data/uz00028,3434704,5152055
1709508825320,READ,./data/uz00028,5152056,6869407
1709508825339,READ,./data/uz00028,15456168,17173511
1709508825414,READ,./data/uz00028,6869408,8586759
1709508825450,READ,./data/uz00028,1717352,3434703
1709508825815,READ,./data/pp00028,0,1717351
1709508825827,READ,./data/pp00028,6869408,8586759
1709508825901,READ,./data/pp00028,12021464,13738815
1709508825992,READ,./data/pp00028,13738816,15456167
1709508826084,READ,./data/pp00028,3434704,5152055
1709508826142,READ,./data/pp00028,5152056,6869407
1709508826173,READ,./data/pp00028,8586760,10304111
1709508826236,READ,./data/pp00028,10304112,12021463
1709508826263,READ,./data/pp00028,15456168,17173511
1709508826301,READ,./data/pp00028,1717352,3434703
1709508826672,READ,./data/phi100028,0,1717351
1709508826721,READ,./data/phi100028,3434704,5152055
1709508826730,READ,./data/phi100028,15456168,17173511
1709508826741,READ,./data/phi100028,8586760,10304111
1709508826837,READ,./data/phi100028,12021464,13738815
1709508826857,READ,./data/phi100028,1717352,3434703
1709508826884,READ,./data/phi100028,13738816,15456167
1709508826957,READ,./data/phi100028,5152056,6869407
1709508827033,READ,./data/phi100028,6869408,8586759
1709508827154,READ,./data/phi100028,10304112,12021463
1709508827156,READ,./data/snap0000028.ini,0,301
1709508827486,READ,./data/vort028,0,1717351
1709508827517,READ,./data/vort028,13738816,15456167
1709508827528,READ,./data/vort028,8586760,10304111
1709508827612,READ,./data/vort028,6869408,8586759
1709508827708,READ,./data/vort028,3434704,5152055
1709508827770,READ,./data/vort028,12021464,13738815
1709508827806,READ,./data/vort028,15456168,17173511
1709508827848,READ,./data/vort028,5152056,6869407
1709508827894,READ,./data/vort028,10304112,12021463
1709508827927,READ,./data/vort028,1717352,3434703
1709508828363,READ,./data/vort028,0,1717351
1709508828393,READ,./data/vort028,13738816,15456167
1709508828448,READ,./data/vort028,1717352,3434703
1709508828510,READ,./data/vort028,12021464,13738815
1709508828551,READ,./data/vort028,15456168,17173511
1709508828655,READ,./data/vort028,8586760,10304111
1709508828698,READ,./data/vort028,6869408,8586759
1709508828828,READ,./data/vort028,3434704,5152055
1709508828904,READ,./data/vort028,10304112,12021463
1709508828970,READ,./data/vort028,5152056,6869407
1709508829506,READ,./data/vort028,0,1717351
1709508829574,READ,./data/vort028,12021464,13738815
1709508829586,READ,./data/vort028,5152056,6869407
1709508829656,READ,./data/vort028,1717352,3434703
1709508829742,READ,./data/vort028,6869408,8586759
1709508829810,READ,./data/vort028,3434704,5152055
1709508829892,READ,./data/vort028,10304112,12021463
1709508829900,READ,./data/vort028,13738816,15456167
1709508829970,READ,./data/vort028,15456168,17173511
1709508830034,READ,./data/vort028,8586760,10304111
1709508830524,READ,./data/vort028,0,1717351
1709508830620,READ,./data/vort028,3434704,5152055
1709508830717,READ,./data/vort028,15456168,17173511
1709508830734,READ,./data/vort028,1717352,3434703
1709508830808,READ,./data/vort028,6869408,8586759
1709508830859,READ,./data/vort028,5152056,6869407
1709508830973,READ,./data/vort028,12021464,13738815
1709508831055,READ,./data/vort028,10304112,12021463
1709508831176,READ,./data/vort028,8586760,10304111
1709508831189,READ,./data/vort028,13738816,15456167
1709508831642,READ,./data/ux00029,0,1717351
1709508831656,READ,./data/ux00029,5152056,6869407
1709508831666,READ,./data/ux00029,8586760,10304111
1709508831679,READ,./data/ux00029,13738816,15456167
1709508831787,READ,./data/ux00029,6869408,8586759
1709508831818,READ,./data/ux00029,3434704,5152055
1709508831846,READ,./data/ux00029,10304112,12021463
1709508831904,READ,./data/ux00029,12021464,13738815
1709508831933,READ,./data/ux00029,1717352,3434703
1709508831949,READ,./data/ux00029,15456168,17173511
1709508832334,READ,./data/uy00029,8586760,10304111
1709508832341,READ,./data/uy00029,3434704,5152055
1709508832427,READ,./data/uy00029,6869408,8586759
1709508832465,READ,./data/uy00029,12021464,13738815
1709508832563,READ,./data/uy00029,10304112,12021463
1709508832640,READ,./data/uy00029,15456168,17173511
1709508832688,READ,./data/uy00029,5152056,6869407
1709508832717,READ,./data/uy00029,13738816,15456167
1709508832761,READ,./data/uy00029,1717352,3434703
1709508832841,READ,./data/uy00029,0,1717351
1709508833205,READ,./data/uz00029,13738816,15456167
1709508833207,READ,./data/uz00029,0,1717351
1709508833216,READ,./data/uz00029,8586760,10304111
1709508833228,READ,./data/uz00029,5152056,6869407
1709508833301,READ,./data/uz00029,15456168,17173511
1709508833353,READ,./data/uz00029,1717352,3434703
1709508833457,READ,./data/uz00029,6869408,8586759
1709508833490,READ,./data/uz00029,12021464,13738815
1709508833588,READ,./data/uz00029,10304112,12021463
1709508833638,READ,./data/uz00029,3434704,5152055
1709508834025,READ,./data/pp00029,0,1717351
1709508834033,READ,./data/pp00029,5152056,6869407
1709508834148,READ,./data/pp00029,3434704,5152055
1709508834149,READ,./data/pp00029,15456168,17173511
1709508834167,READ,./data/pp00029,10304112,12021463
1709508834231,READ,./data/pp00029,13738816,15456167
1709508834298,READ,./data/pp00029,6869408,8586759
1709508834359,READ,./data/pp00029,12021464,13738815
1709508834419,READ,./data/pp00029,1717352,3434703
1709508834442,READ,./data/pp00029,8586760,10304111
1709508834898,READ,./data/phi100029,12021464,13738815
1709508834899,READ,./data/phi100029,0,1717351
1709508835005,READ,./data/phi100029,8586760,10304111
1709508835052,READ,./data/phi100029,1717352,3434703
1709508835146,READ,./data/phi100029,3434704,5152055
1709508835212,READ,./data/phi100029,13738816,15456167
1709508835242,READ,./data/phi100029,15456168,17173511
1709508835353,READ,./data/phi100029,6869408,8586759
1709508835439,READ,./data/phi100029,5152056,6869407
1709508835458,READ,./data/phi100029,10304112,12021463
1709508835471,READ,./data/snap0000029.ini,0,301
1709508835880,READ,./data/vort029,0,1717351
1709508835956,READ,./data/vort029,1717352,3434703
1709508835997,READ,./data/vort029,12021464,13738815
1709508836016,READ,./data/vort029,3434704,5152055
1709508836113,READ,./data/vort029,6869408,8586759
1709508836142,READ,./data/vort029,5152056,6869407
1709508836150,READ,./data/vort029,15456168,17173511
1709508836169,READ,./data/vort029,8586760,10304111
1709508836200,READ,./data/vort029,13738816,15456167
1709508836242,READ,./data/vort029,10304112,12021463
1709508836727,READ,./data/vort029,0,1717351
1709508836796,READ,./data/vort029,8586760,10304111
1709508836878,READ,./data/vort029,10304112,12021463
1709508836879,READ,./data/vort029,15456168,17173511
1709508836931,READ,./data/vort029,1717352,3434703
1709508836961,READ,./data/vort029,6869408,8586759
1709508837021,READ,./data/vort029,13738816,15456167
1709508837094,READ,./data/vort029,5152056,6869407
1709508837184,READ,./data/vort029,3434704,5152055
1709508837255,READ,./data/vort029,12021464,13738815
1709508837725,READ,./data/vort029,0,1717351
1709508837753,READ,./data/vort029,6869408,8586759
1709508837863,READ,./data/vort029,3434704,5152055
1709508837869,READ,./data/vort029,10304112,12021463
1709508837995,READ,./data/vort029,12021464,13738815
1709508838173,READ,./data/vort029,15456168,17173511
1709508838210,READ,./data/vort029,13738816,15456167
1709508838221,READ,./data/vort029,8586760,10304111
1709508838253,READ,./data/vort029,5152056,6869407
1709508838309,READ,./data/vort029,1717352,3434703
1709508838815,READ,./data/vort029,0,1717351
1709508838830,READ,./data/vort029,10304112,12021463
1709508838915,READ,./data/vort029,6869408,8586759
1709508838918,READ,./data/vort029,13738816,15456167
1709508839005,READ,./data/vort029,12021464,13738815
1709508839088,READ,./data/vort029,3434704,5152055
1709508839132,READ,./data/vort029,15456168,17173511
1709508839177,READ,./data/vort029,1717352,3434703
1709508839252,READ,./data/vort029,8586760,10304111
1709508839279,READ,./data/vort029,5152056,6869407
1709508839682,READ,out/restart0000120,0,1717351
1709508839745,READ,out/restart0000120,3434704,5152055
1709508839754,READ,out/restart0000120,12021464,13738815
1709508839846,READ,out/restart0000120,10304112,12021463
1709508839892,READ,out/restart0000120,1717352,3434703
1709508839953,READ,out/restart0000120,13738816,15456167
1709508840037,READ,out/restart0000120,6869408,8586759
1709508840111,READ,out/restart0000120,5152056,6869407
1709508840138,READ,out/restart0000120,15456168,17173511
1709508840149,READ,out/restart0000120,8586760,10304111
1709508840169,READ,out/restart0000120,24042920,25760271
1709508840170,READ,out/restart0000120,30912328,32629679
1709508840247,READ,out/restart0000120,20608216,22325567
1709508840344,READ,out/restart0000120,18890864,20608215
1709508840386,READ,out/restart0000120,25760272,27477623
1709508840448,READ,out/restart0000120,17173512,18890863
1709508840537,READ,out/restart0000120,27477624,29194975
1709508840620,READ,out/restart0000120,29194976,30912327
1709508840630,READ,out/restart0000120,22325568,24042919
1709508840705,READ,out/restart0000120,32629680,34347023
1709508840780,READ,out/restart0000120,34347024,36064375
1709508840784,READ,out/restart0000120,46368488,48085839
1709508840787,READ,out/restart0000120,37781728,39499079
1709508840858,READ,out/restart0000120,39499080,41216431
1709508840907,READ,out/restart0000120,41216432,42933783
1709508841048,READ,out/restart0000120,36064376,37781727
1709508841125,READ,out/restart0000120,44651136,46368487
1709508841207,READ,out/restart0000120,42933784,44651135
1709508841230,READ,out/restart0000120,48085840,49803191
1709508841282,READ,out/restart0000120,49803192,51520535
1709508841287,READ,out/restart0000120,63542000,65259351
1709508841322,READ,out/restart0000120,53237888,54955239
1709508841357,READ,out/restart0000120,51520536,53237887
1709508841391,READ,out/restart0000120,65259352,66976703
1709508841531,READ,out/restart0000120,61824648,63541999
1709508841674,READ,out/restart0000120,60107296,61824647
1709508841675,READ,out/restart0000120,56672592,58389943
1709508841797,READ,out/restart0000120,54955240,56672591
1709508841990,READ,out/restart0000120,58389944,60107295
1709508841991,READ,out/restart0000120,66976704,68694047
1709508841996,READ,out/restart0000120,80715512,82432863
1709508842009,READ,out/restart0000120,73846104,75563455
1709508842080,READ,out/restart0000120,82432864,84150215
1709508842120,READ,out/restart0000120,72128752,73846103
1709508842213,READ,out/restart0000120,75563456,77280807
1709508842409,READ,out/restart0000120,78998160,80715511
1709508842425,READ,out/restart0000120,70411400,72128751
1709508842475,READ,out/restart0000120,68694048,70411399
1709508842496,READ,out/restart0000120,77280808,78998159
1709508842537,READ,out/restart0000120,84150216,85867559
1709508842541,READ,out/restart0000120,97889024,99606375
1709508842665,READ,out/restart0000120,89302264,91019615
1709508842666,READ,out/restart0000120,94454320,96171671
1709508842675,READ,out/restart0000120,85867560,87584911
1709508842832,READ,out/restart0000120,91019616,92736967
1709508842900,READ,out/restart0000120,92736968,94454319
1709508842946,READ,out/restart0000120,99606376,101323727
1709508842992,READ,out/restart0000120,96171672,97889023
1709508842993,READ,out/restart0000120,87584912,89302263
1709508843054,READ,out/restart0000120,101323728,103041071
1709508843059,READ,out/restart0000120,115062536,116779887
1709508843110,READ,out/restart0000120,108193128,109910479
1709508843176,READ,out/restart0000120,104758424,106475775
1709508843293,READ,out/restart0000120,106475776,108193127
1709508843313,READ,out/restart0000120,109910480,111627831
1709508843347,READ,out/restart0000120,113345184,115062535
1709508843396,READ,out/restart0000120,116779888,118497239
1709508843624,READ,out/restart0000120,111627832,113345183
1709508843626,READ,out/restart0000120,103041072,104758423
1709508843627,READ,out/restart0000120,118497240,120214583
1709508843631,READ,out/restart0000120,132236048,133953399
1709508843706,READ,out/restart0000120,133953400,135670751
1709508843716,READ,out/restart0000120,121931936,123649287
1709508843757,READ,out/restart0000120,130518696,132236047
1709508843906,READ,out/restart0000120,128801344,130518695
1709508843930,READ,out/restart0000120,123649288,125366639
1709508844155,READ,out/restart0000120,127083992,128801343
1709508844207,READ,out/restart0000120,120214584,121931935
1709508844395,READ,out/restart0000120,125366640,127083991
1709508844416,READ,out/restart0000120,135670752,137388095
1709508844421,READ,out/restart0000120,149409560,151126911
1709508844481,READ,out/restart0000120,144257504,145974855
1709508844491,READ,out/restart0000120,139105448,140822799
1709508844657,READ,out/restart0000120,140822800,142540151
1709508844734,READ,out/restart0000120,145974856,147692207
1709508844930,READ,out/restart0000120,142540152,144257503
1709508844953,READ,out/restart0000120,151126912,152844263
1709508844997,READ,out/restart0000120,147692208,149409559
1709508845173,READ,out/restart0000120,152844264,154561607
1709508845232,READ,out/restart0000120,137388096,139105447
1709508845245,READ,out/restart0000120,169779069,171469895
1709508845253,READ,out/restart0000120,163015753,164706581
1709508845335,READ,out/restart0000120,156252437,157943265
1709508845354,READ,out/restart0000120,161324924,163015752
1709508845441,READ,out/restart0000120,159634095,161324923
1709508845799,READ,out/restart0000120,157943266,159634094
1709508845876,READ,out/restart0000120,154561608,156252436
1709508846142,READ,out/restart0000120,164706582,166397410
1709508846353,READ,out/restart0000120,166397411,168088239
1709508846398,READ,out/restart0000120,168088240,169779068
1709508846419,READ,out/restart0000120,186926064,188643407
1709508846527,READ,out/restart0000120,171469896,173187247
1709508846534,READ,out/restart0000120,176621952,178339303
1709508846542,READ,out/restart0000120,181774008,183491359
1709508846624,READ,out/restart0000120,178339304,180056655
1709508846742,READ,out/restart0000120,174904600,176621951
1709508847459,READ,out/restart0000120,173187248,174904599
1709508847527,READ,out/restart0000120,180056656,181774007
1709508847611,READ,out/restart0000120,183491360,185208711
1709508847671,READ,out/restart0000120,185208712,186926063
1709508847676,READ,out/restart0000120,204099576,205816919
1709508847690,READ,out/restart0000120,198947520,200664871
1709508847773,READ,out/restart0000120,197230168,198947519
1709508847775,READ,out/restart0000120,190360760,192078111
1709508847787,READ,out/restart0000120,193795464,195512815
1709508847903,READ,out/restart0000120,188643408,190360759
1709508847945,READ,out/restart0000120,202382224,204099575
1709508848026,READ,out/restart0000120,192078112,193795463
1709508848080,READ,out/restart0000120,195512816,197230167
1709508848139,READ,out/restart0000120,200664872,202382223
1709508848144,READ,out/restart0000120,221273088,222990431
1709508848203,READ,out/restart0000120,217838384,219555735
1709508848276,READ,out/restart0000120,209251624,210968975
1709508848311,READ,out/restart0000120,207534272,209251623
1709508848441,READ,out/restart0000120,205816920,207534271
1709508848495,READ,out/restart0000120,210968976,212686327
1709508848501,READ,out/restart0000120,219555736,221273087
1709508848540,READ,out/restart0000120,214403680,216121031
1709508848589,READ,out/restart0000120,216121032,217838383
1709508848681,READ,out/restart0000120,212686328,214403679
1709508848742,READ,out/restart0000120.info,0,538
1709508848961,READ,./data/ux00030,0,1717351
1709508848974,READ,./data/ux00030,8586760,10304111
1709508849097,READ,./data/ux00030,12021464,13738815
1709508849136,READ,./data/ux00030,10304112,12021463
1709508849142,READ,./data/ux00030,5152056,6869407
1709508849208,READ,./data/ux00030,15456168,17173511
1709508849313,READ,./data/ux00030,3434704,5152055
1709508849424,READ,./data/ux00030,6869408,8586759
1709508849455,READ,./data/ux00030,1717352,3434703
1709508849498,READ,./data/ux00030,13738816,15456167
1709508849919,READ,./data/uy00030,0,1717351
1709508849928,READ,./data/uy00030,13738816,15456167
1709508849982,READ,./data/uy00030,10304112,12021463
1709508849989,READ,./data/uy00030,1717352,3434703
1709508850016,READ,./data/uy00030,3434704,5152055
1709508850108,READ,./data/uy00030,12021464,13738815
1709508850196,READ,./data/uy00030,6869408,8586759
1709508850230,READ,./data/uy00030,15456168,17173511
1709508850271,READ,./data/uy00030,5152056,6869407
1709508850291,READ,./data/uy00030,8586760,10304111
1709508850603,READ,./data/uz00030,0,1717351
1709508850670,READ,./data/uz00030,1717352,3434703
1709508850672,READ,./data/uz00030,8586760,10304111
1709508850683,READ,./data/uz00030,13738816,15456167
1709508850745,READ,./data/uz00030,15456168,17173511
1709508850824,READ,./data/uz00030,6869408,8586759
1709508850872,READ,./data/uz00030,12021464,13738815
1709508850923,READ,./data/uz00030,10304112,12021463
1709508850983,READ,./data/uz00030,3434704,5152055
1709508851105,READ,./data/uz00030,5152056,6869407
1709508851463,READ,./data/pp00030,0,1717351
1709508851475,READ,./data/pp00030,12021464,13738815
1709508851562,READ,./data/pp00030,6869408,8586759
1709508851668,READ,./data/pp00030,3434704,5152055
1709508851718,READ,./data/pp00030,13738816,15456167
1709508851744,READ,./data/pp00030,1717352,3434703
1709508851774,READ,./data/pp00030,5152056,6869407
1709508851802,READ,./data/pp00030,8586760,10304111
1709508851818,READ,./data/pp00030,15456168,17173511
1709508851876,READ,./data/pp00030,10304112,12021463
1709508852288,READ,./data/phi100030,0,1717351
1709508852291,READ,./data/phi100030,5152056,6869407
1709508852304,READ,./data/phi100030,13738816,15456167
1709508852315,READ,./data/phi100030,10304112,12021463
1709508852419,READ,./data/phi100030,6869408,8586759
1709508852454,READ,./data/phi100030,3434704,5152055
1709508852520,READ,./data/phi100030,15456168,17173511
1709508852586,READ,./data/phi100030,1717352,3434703
1709508852627,READ,./data/phi100030,12021464,13738815
1709508852786,READ,./data/phi100030,8586760,10304111
1709508852799,READ,./data/snap0000030.ini,0,301
1709508853205,READ,./data/vort030,0,1717351
1709508853264,READ,./data/vort030,1717352,3434703
1709508853271,READ,./data/vort030,12021464,13738815
1709508853362,READ,./data/vort030,8586760,10304111
1709508853400,READ,./data/vort030,10304112,12021463
1709508853470,READ,./data/vort030,13738816,15456167
1709508853546,READ,./data/vort030,6869408,8586759
1709508853655,READ,./data/vort030,5152056,6869407
1709508853687,READ,./data/vort030,3434704,5152055
1709508853724,READ,./data/vort030,15456168,17173511
1709508854196,READ,./data/vort030,0,1717351
1709508854233,READ,./data/vort030,10304112,12021463
1709508854247,READ,./data/vort030,13738816,15456167
1709508854356,READ,./data/vort030,12021464,13738815
1709508854395,READ,./data/vort030,1717352,3434703
1709508854431,READ,./data/vort030,3434704,5152055
1709508854435,READ,./data/vort030,15456168,17173511
1709508854514,READ,./data/vort030,5152056,6869407
1709508854549,READ,./data/vort030,8586760,10304111
1709508854633,READ,./data/vort030,6869408,8586759
1709508855164,READ,./data/vort030,0,1717351
1709508855205,READ,./data/vort030,12021464,13738815
1709508855293,READ,./data/vort030,15456168,17173511
1709508855332,READ,./data/vort030,3434704,5152055
1709508855433,READ,./data/vort030,6869408,8586759
1709508855449,READ,./data/vort030,13738816,15456167
1709508855477,READ,./data/vort030,8586760,10304111
1709508855484,READ,./data/vort030,1717352,3434703
1709508855539,READ,./data/vort030,5152056,6869407
1709508855592,READ,./data/vort030,10304112,12021463
1709508856050,READ,./data/vort030,0,1717351
1709508856098,READ,./data/vort030,13738816,15456167
1709508856108,READ,./data/vort030,10304112,12021463
1709508856120,READ,./data/vort030,5152056,6869407
1709508856251,READ,./data/vort030,6869408,8586759
1709508856322,READ,./data/vort030,12021464,13738815
1709508856369,READ,./data/vort030,3434704,5152055
1709508856412,READ,./data/vort030,1717352,3434703
1709508856426,READ,./data/vort030,15456168,17173511
1709508856489,READ,./data/vort030,8586760,10304111
1709508856885,READ,./data/ux00031,12021464,13738815
1709508856887,READ,./data/ux00031,0,1717351
1709508856981,READ,./data/ux00031,10304112,12021463
1709508857020,READ,./data/ux00031,8586760,10304111
1709508857074,READ,./data/ux00031,15456168,17173511
1709508857107,READ,./data/ux00031,3434704,5152055
1709508857204,READ,./data/ux00031,1717352,3434703
1709508857262,READ,./data/ux00031,6869408,8586759
1709508857297,READ,./data/ux00031,5152056,6869407
1709508857318,READ,./data/ux00031,13738816,15456167
1709508857765,READ,./data/uy00031,0,1717351
1709508857786,READ,./data/uy00031,8586760,10304111
1709508857848,READ,./data/uy00031,6869408,8586759
1709508857877,READ,./data/uy00031,12021464,13738815
1709508857952,READ,./data/uy00031,13738816,15456167
1709508857984,READ,./data/uy00031,15456168,17173511
1709508858064,READ,./data/uy00031,10304112,12021463
1709508858141,READ,./data/uy00031,5152056,6869407
1709508858182,READ,./data/uy00031,3434704,5152055
1709508858260,READ,./data/uy00031,1717352,3434703
1709508858567,READ,./data/uz00031,1717352,3434703
1709508858578,READ,./data/uz00031,10304112,12021463
1709508858637,READ,./data/uz00031,12021464,13738815
1709508858678,READ,./data/uz00031,0,1717351
1709508858723,READ,./data/uz00031,15456168,17173511
1709508858752,READ,./data/uz00031,6869408,8586759
1709508858837,READ,./data/uz00031,3434704,5152055
1709508858870,READ,./data/uz00031,13738816,15456167
1709508858892,READ,./data/uz00031,5152056,6869407
1709508858919,READ,./data/uz00031,8586760,10304111
1709508859280,READ,./data/pp00031,0,1717351
1709508859302,READ,./data/pp00031,13738816,15456167
1709508859303,READ,./data/pp00031,5152056,6869407
1709508859390,READ,./data/pp00031,12021464,13738815
1709508859482,READ,./data/pp00031,10304112,12021463
1709508859510,READ,./data/pp00031,8586760,10304111
1709508859590,READ,./data/pp00031,3434704,5152055
1709508859652,READ,./data/pp00031,15456168,17173511
1709508859663,READ,./data/pp00031,1717352,3434703
1709508859734,READ,./data/pp00031,6869408,8586759
1709508859996,READ,./data/phi100031,0,1717351
1709508860011,READ,./data/phi100031,5152056,6869407
1709508860100,READ,./data/phi100031,10304112,12021463
1709508860104,READ,./data/phi100031,3434704,5152055
1709508860179,READ,./data/phi100031,12021464,13738815
1709508860259,READ,./data/phi100031,15456168,17173511
1709508860305,READ,./data/phi100031,8586760,10304111
1709508860331,READ,./data/phi100031,13738816,15456167
1709508860377,READ,./data/phi100031,1717352,3434703
1709508860444,READ,./data/phi100031,6869408,8586759
1709508860448,READ,./data/snap0000031.ini,0,301
1709508860849,READ,./data/vort031,0,1717351
1709508860867,READ,./data/vort031,8586760,10304111
1709508860872,READ,./data/vort031,5152056,6869407
1709508860962,READ,./data/vort031,3434704,5152055
1709508861020,READ,./data/vort031,13738816,15456167
1709508861023,READ,./data/vort031,10304112,12021463
1709508861099,READ,./data/vort031,12021464,13738815
1709508861140,READ,./data/vort031,15456168,17173511
1709508861182,READ,./data/vort031,1717352,3434703
1709508861252,READ,./data/vort031,6869408,8586759
1709508861652,READ,./data/vort031,0,1717351
1709508861702,READ,./data/vort031,5152056,6869407
1709508861719,READ,./data/vort031,12021464,13738815
1709508861836,READ,./data/vort031,6869408,8586759
1709508861869,READ,./data/vort031,8586760,10304111
1709508861925,READ,./data/vort031,10304112,12021463
1709508861989,READ,./data/vort031,15456168,17173511
1709508862055,READ,./data/vort031,1717352,3434703
1709508862079,READ,./data/vort031,13738816,15456167
1709508862121,READ,./data/vort031,3434704,5152055
1709508862692,READ,./data/vort031,0,1717351
1709508862796,READ,./data/vort031,3434704,5152055
1709508862805,READ,./data/vort031,15456168,17173511
1709508862869,READ,./data/vort031,6869408,8586759
1709508862969,READ,./data/vort031,5152056,6869407
1709508862990,READ,./data/vort031,8586760,10304111
1709508863029,READ,./data/vort031,13738816,15456167
1709508863076,READ,./data/vort031,12021464,13738815
1709508863145,READ,./data/vort031,10304112,12021463
1709508863173,READ,./data/vort031,1717352,3434703
1709508863754,READ,./data/vort031,0,1717351
1709508863781,READ,./data/vort031,5152056,6869407
1709508863803,READ,./data/vort031,15456168,17173511
1709508863804,READ,./data/vort031,8586760,10304111
1709508863873,READ,./data/vort031,13738816,15456167
1709508863935,READ,./data/vort031,10304112,12021463
1709508864035,READ,./data/vort031,12021464,13738815
1709508864126,READ,./data/vort031,6869408,8586759
1709508864233,READ,./data/vort031,1717352,3434703
1709508864308,READ,./data/vort031,3434704,5152055
1709508864694,READ,./data/ux00032,10304112,12021463
1709508864695,READ,./data/ux00032,0,1717351
1709508864779,READ,./data/ux00032,8586760,10304111
1709508864883,READ,./data/ux00032,12021464,13738815
1709508864938,READ,./data/ux00032,13738816,15456167
1709508864966,READ,./data/ux00032,15456168,17173511
1709508865048,READ,./data/ux00032,3434704,5152055
1709508865216,READ,./data/ux00032,5152056,6869407
1709508865281,READ,./data/ux00032,6869408,8586759
1709508865283,READ,./data/ux00032,1717352,3434703
1709508865528,READ,./data/uy00032,0,1717351
1709508865549,READ,./data/uy00032,5152056,6869407
1709508865579,READ,./data/uy00032,1717352,3434703
1709508865656,READ,./data/uy00032,3434704,5152055
1709508865656,READ,./data/uy00032,8586760,10304111
1709508865668,READ,./data/uy00032,13738816,15456167
1709508865757,READ,./data/uy00032,12021464,13738815
1709508865793,READ,./data/uy00032,10304112,12021463
1709508865827,READ,./data/uy00032,15456168,17173511
1709508865894,READ,./data/uy00032,6869408,8586759
1709508866182,READ,./data/uz00032,0,1717351
1709508866242,READ,./data/uz00032,13738816,15456167
1709508866252,READ,./data/uz00032,1717352,3434703
1709508866255,READ,./data/uz00032,8586760,10304111
1709508866265,READ,./data/uz00032,5152056,6869407
1709508866341,READ,./data/uz00032,3434704,5152055
1709508866429,READ,./data/uz00032,12021464,13738815
1709508866462,READ,./data/uz00032,15456168,17173511
1709508866488,READ,./data/uz00032,10304112,12021463
1709508866543,READ,./data/uz00032,6869408,8586759
1709508866809,READ,./data/pp00032,0,1717351
1709508866810,READ,./data/pp00032,5152056,6869407
1709508866817,READ,./data/pp00032,10304112,12021463
1709508866903,READ,./data/pp00032,12021464,13738815
1709508867016,READ,./data/pp00032,15456168,17173511
1709508867021,READ,./data/pp00032,8586760,10304111
1709508867105,READ,./data/pp00032,6869408,8586759
1709508867162,READ,./data/pp00032,13738816,15456167
1709508867193,READ,./data/pp00032,3434704,5152055
1709508867292,READ,./data/pp00032,1717352,3434703
1709508867691,READ,./data/phi100032,1717352,3434703
1709508867694,READ,./data/phi100032,6869408,8586759
1709508867749,READ,./data/phi100032,3434704,5152055
1709508867756,READ,./data/phi100032,13738816,15456167
1709508867785,READ,./data/phi100032,10304112,12021463
1709508867801,READ,./data/phi100032,5152056,6869407
1709508867841,READ,./data/phi100032,8586760,10304111
1709508867904,READ,./data/phi100032,12021464,13738815
1709508867947,READ,./data/phi100032,15456168,17173511
1709508867998,READ,./data/phi100032,0,1717351
1709508868004,READ,./data/snap0000032.ini,0,301
1709508868330,READ,./data/vort032,1717352,3434703
1709508868417,READ,./data/vort032,0,1717351
1709508868420,READ,./data/vort032,10304112,12021463
1709508868501,READ,./data/vort032,6869408,8586759
1709508868517,READ,./data/vort032,15456168,17173511
1709508868621,READ,./data/vort032,12021464,13738815
1709508868686,READ,./data/vort032,5152056,6869407
1709508868726,READ,./data/vort032,3434704,5152055
1709508868746,READ,./data/vort032,13738816,15456167
1709508868820,READ,./data/vort032,8586760,10304111
1709508869326,READ,./data/vort032,0,1717351
1709508869424,READ,./data/vort032,3434704,5152055
1709508869430,READ,./data/vort032,13738816,15456167
1709508869502,READ,./data/vort032,6869408,8586759
1709508869574,READ,./data/vort032,15456168,17173511
1709508869671,READ,./data/vort032,12021464,13738815
1709508869718,READ,./data/vort032,5152056,6869407
1709508869743,READ,./data/vort032,1717352,3434703
1709508869763,READ,./data/vort032,8586760,10304111
1709508869866,READ,./data/vort032,10304112,12021463
1709508870331,READ,./data/vort032,0,1717351
1709508870448,READ,./data/vort032,1717352,3434703
1709508870457,READ,./data/vort032,8586760,10304111
1709508870468,READ,./data/vort032,13738816,15456167
1709508870583,READ,./data/vort032,12021464,13738815
1709508870679,READ,./data/vort032,10304112,12021463
1709508870712,READ,./data/vort032,3434704,5152055
1709508870725,READ,./data/vort032,15456168,17173511
1709508870805,READ,./data/vort032,6869408,8586759
1709508870883,READ,./data/vort032,5152056,6869407
1709508871395,READ,./data/vort032,0,1717351
1709508871444,READ,./data/vort032,8586760,10304111
1709508871449,READ,./data/vort032,5152056,6869407
1709508871521,READ,./data/vort032,12021464,13738815
1709508871621,READ,./data/vort032,3434704,5152055
1709508871655,READ,./data/vort032,1717352,3434703
1709508871728,READ,./data/vort032,15456168,17173511
1709508871830,READ,./data/vort032,13738816,15456167
1709508871855,READ,./data/vort032,6869408,8586759
1709508871890,READ,./data/vort032,10304112,12021463
1709508872186,READ,./data/ux00033,8586760,10304111
1709508872223,READ,./data/ux00033,0,1717351
1709508872268,READ,./data/ux00033,10304112,12021463
1709508872305,READ,./data/ux00033,12021464,13738815
1709508872399,READ,./data/ux00033,15456168,17173511
1709508872435,READ,./data/ux00033,1717352,3434703
1709508872543,READ,./data/ux00033,6869408,8586759
1709508872580,READ,./data/ux00033,13738816,15456167
1709508872670,READ,./data/ux00033,3434704,5152055
1709508872712,READ,./data/ux00033,5152056,6869407
1709508873091,READ,./data/uy00033,0,1717351
1709508873140,READ,./data/uy00033,8586760,10304111
1709508873208,READ,./data/uy00033,6869408,8586759
1709508873215,READ,./data/uy00033,13738816,15456167
1709508873302,READ,./data/uy00033,3434704,5152055
1709508873365,READ,./data/uy00033,15456168,17173511
1709508873536,READ,./data/uy00033,12021464,13738815
1709508873615,READ,./data/uy00033,1717352,3434703
1709508873688,READ,./data/uy00033,5152056,6869407
1709508873752,READ,./data/uy00033,10304112,12021463
1709508874035,READ,./data/uz00033,0,1717351
1709508874076,READ,./data/uz00033,15456168,17173511
1709508874174,READ,./data/uz00033,12021464,13738815
1709508874322,READ,./data/uz00033,8586760,10304111
1709508874363,READ,./data/uz00033,6869408,8586759
1709508874450,READ,./data/uz00033,5152056,6869407
1709508874507,READ,./data/uz00033,3434704,5152055
1709508874520,READ,./data/uz00033,10304112,12021463
1709508874562,READ,./data/uz00033,1717352,3434703
1709508874580,READ,./data/uz00033,13738816,15456167
1709508874978,READ,./data/pp00033,0,1717351
1709508874994,READ,./data/pp00033,12021464,13738815
1709508875007,READ,./data/pp00033,5152056,6869407
1709508875086,READ,./data/pp00033,8586760,10304111
1709508875112,READ,./data/pp00033,10304112,12021463
1709508875164,READ,./data/pp00033,15456168,17173511
1709508875257,READ,./data/pp00033,13738816,15456167
1709508875380,READ,./data/pp00033,6869408,8586759
1709508875417,READ,./data/pp00033,3434704,5152055
1709508875523,READ,./data/pp00033,1717352,3434703
1709508875857,READ,./data/phi100033,0,1717351
1709508875874,READ,./data/phi100033,13738816,15456167
1709508875924,READ,./data/phi100033,3434704,5152055
1709508875936,READ,./data/phi100033,10304112,12021463
1709508875990,READ,./data/phi100033,5152056,6869407
1709508876065,READ,./data/phi100033,8586760,10304111
1709508876154,READ,./data/phi100033,12021464,13738815
1709508876220,READ,./data/phi100033,6869408,8586759
1709508876244,READ,./data/phi100033,1717352,3434703
1709508876273,READ,./data/phi100033,15456168,17173511
1709508876276,READ,./data/snap0000033.ini,0,301
1709508876724,READ,./data/vort033,1717352,3434703
1709508876792,READ,./data/vort033,0,1717351
1709508876795,READ,./data/vort033,8586760,10304111
1709508876811,READ,./data/vort033,5152056,6869407
1709508876814,READ,./data/vort033,15456168,17173511
1709508876920,READ,./data/vort033,3434704,5152055
1709508877016,READ,./data/vort033,12021464,13738815
1709508877054,READ,./data/vort033,13738816,15456167
1709508877087,READ,./data/vort033,10304112,12021463
1709508877151,READ,./data/vort033,6869408,8586759
1709508877583,READ,./data/vort033,0,1717351
1709508877642,READ,./data/vort033,15456168,17173511
1709508877723,READ,./data/vort033,3434704,5152055
1709508877824,READ,./data/vort033,6869408,8586759
1709508877900,READ,./data/vort033,13738816,15456167
1709508877972,READ,./data/vort033,10304112,12021463
1709508877999,READ,./data/vort033,12021464,13738815
1709508878069,READ,./data/vort033,1717352,3434703
1709508878121,READ,./data/vort033,5152056,6869407
1709508878171,READ,./data/vort033,8586760,10304111
1709508878669,READ,./data/vort033,0,1717351
1709508878746,READ,./data/vort033,3434704,5152055
1709508878798,READ,./data/vort033,1717352,3434703
1709508878799,READ,./data/vort033,10304112,12021463
1709508878906,READ,./data/vort033,6869408,8586759
1709508878939,READ,./data/vort033,12021464,13738815
1709508879023,READ,./data/vort033,8586760,10304111
1709508879079,READ,./data/vort033,13738816,15456167
1709508879152,READ,./data/vort033,5152056,6869407
1709508879219,READ,./data/vort033,15456168,17173511
1709508879663,READ,./data/vort033,0,1717351
1709508879689,READ,./data/vort033,12021464,13738815
1709508879703,READ,./data/vort033,5152056,6869407
1709508879759,READ,./data/vort033,15456168,17173511
1709508879819,READ,./data/vort033,10304112,12021463
1709508879898,READ,./data/vort033,13738816,15456167
1709508879937,READ,./data/vort033,1717352,3434703
1709508880003,READ,./data/vort033,8586760,10304111
1709508880065,READ,./data/vort033,3434704,5152055
1709508880159,READ,./data/vort033,6869408,8586759
1709508880582,READ,./data/ux00034,0,1717351
1709508880588,READ,./data/ux00034,5152056,6869407
1709508880665,READ,./data/ux00034,6869408,8586759
1709508880723,READ,./data/ux00034,3434704,5152055
1709508880724,READ,./data/ux00034,13738816,15456167
1709508880815,READ,./data/ux00034,15456168,17173511
1709508880879,READ,./data/ux00034,10304112,12021463
1709508880912,READ,./data/ux00034,8586760,10304111
1709508880961,READ,./data/ux00034,1717352,3434703
1709508881088,READ,./data/ux00034,12021464,13738815
1709508881322,READ,./data/uy00034,0,1717351
1709508881344,READ,./data/uy00034,12021464,13738815
1709508881413,READ,./data/uy00034,15456168,17173511
1709508881473,READ,./data/uy00034,6869408,8586759
1709508881592,READ,./data/uy00034,5152056,6869407
1709508881628,READ,./data/uy00034,1717352,3434703
1709508881662,READ,./data/uy00034,3434704,5152055
1709508881675,READ,./data/uy00034,8586760,10304111
1709508881722,READ,./data/uy00034,13738816,15456167
1709508881738,READ,./data/uy00034,10304112,12021463
1709508882069,READ,./data/uz00034,0,1717351
1709508882200,READ,./data/uz00034,3434704,5152055
1709508882208,READ,./data/uz00034,12021464,13738815
1709508882370,READ,./data/uz00034,15456168,17173511
1709508882529,READ,./data/uz00034,8586760,10304111
1709508882605,READ,./data/uz00034,6869408,8586759
1709508882620,READ,./data/uz00034,1717352,3434703
1709508882728,READ,./data/uz00034,10304112,12021463
1709508882761,READ,./data/uz00034,13738816,15456167
1709508882816,READ,./data/uz00034,5152056,6869407
1709508883204,READ,./data/pp00034,0,1717351
1709508883248,READ,./data/pp00034,5152056,6869407
1709508883304,READ,./data/pp00034,1717352,3434703
1709508883307,READ,./data/pp00034,12021464,13738815
1709508883429,READ,./data/pp00034,13738816,15456167
1709508883517,READ,./data/pp00034,3434704,5152055
1709508883576,READ,./data/pp00034,6869408,8586759
1709508883657,READ,./data/pp00034,10304112,12021463
1709508883725,READ,./data/pp00034,15456168,17173511
1709508883758,READ,./data/pp00034,8586760,10304111
1709508884063,READ,./data/phi100034,0,1717351
1709508884113,READ,./data/phi100034,8586760,10304111
1709508884165,READ,./data/phi100034,1717352,3434703
1709508884168,READ,./data/phi100034,13738816,15456167
1709508884173,READ,./data/phi100034,5152056,6869407
1709508884259,READ,./data/phi100034,6869408,8586759
1709508884329,READ,./data/phi100034,3434704,5152055
1709508884408,READ,./data/phi100034,12021464,13738815
1709508884497,READ,./data/phi100034,15456168,17173511
1709508884504,READ,./data/phi100034,10304112,12021463
1709508884517,READ,./data/snap0000034.ini,0,301
1709508885055,READ,./data/vort034,0,1717351
1709508885102,READ,./data/vort034,5152056,6869407
1709508885112,READ,./data/vort034,13738816,15456167
1709508885190,READ,./data/vort034,12021464,13738815
1709508885237,READ,./data/vort034,1717352,3434703
1709508885313,READ,./data/vort034,3434704,5152055
1709508885423,READ,./data/vort034,8586760,10304111
1709508885503,READ,./data/vort034,6869408,8586759
1709508885541,READ,./data/vort034,10304112,12021463
1709508885588,READ,./data/vort034,15456168,17173511
1709508886066,READ,./data/vort034,0,1717351
1709508886116,READ,./data/vort034,10304112,12021463
1709508886196,READ,./data/vort034,3434704,5152055
1709508886289,READ,./data/vort034,1717352,3434703
1709508886340,READ,./data/vort034,6869408,8586759
1709508886342,READ,./data/vort034,15456168,17173511
1709508886472,READ,./data/vort034,13738816,15456167
1709508886608,READ,./data/vort034,12021464,13738815
1709508886850,READ,./data/vort034,8586760,10304111
1709508886945,READ,./data/vort034,5152056,6869407
1709508887458,READ,./data/vort034,0,1717351
1709508887512,READ,./data/vort034,12021464,13738815
1709508887667,READ,./data/vort034,15456168,17173511
1709508887714,READ,./data/vort034,13738816,15456167
1709508887814,READ,./data/vort034,10304112,12021463
1709508887815,READ,./data/vort034,3434704,5152055
1709508887926,READ,./data/vort034,1717352,3434703
1709508887960,READ,./data/vort034,6869408,8586759
1709508888078,READ,./data/vort034,5152056,6869407
1709508888104,READ,./data/vort034,8586760,10304111
1709508888588,READ,./data/vort034,0,1717351
1709508888630,READ,./data/vort034,10304112,12021463
1709508888689,READ,./data/vort034,1717352,3434703
1709508888758,READ,./data/vort034,12021464,13738815
1709508888850,READ,./data/vort034,6869408,8586759
1709508888942,READ,./data/vort034,5152056,6869407
1709508888949,READ,./data/vort034,13738816,15456167
1709508888998,READ,./data/vort034,8586760,10304111
1709508889013,READ,./data/vort034,15456168,17173511
1709508889060,READ,./data/vort034,3434704,5152055
1709508889606,READ,./data/ux00035,0,1717351
1709508889617,READ,./data/ux00035,5152056,6869407
1709508889627,READ,./data/ux00035,15456168,17173511
1709508889634,READ,./data/ux00035,10304112,12021463
1709508889742,READ,./data/ux00035,6869408,8586759
1709508889816,READ,./data/ux00035,13738816,15456167
1709508889932,READ,./data/ux00035,3434704,5152055
1709508889946,READ,./data/ux00035,8586760,10304111
1709508889994,READ,./data/ux00035,1717352,3434703
1709508890083,READ,./data/ux00035,12021464,13738815
1709508890597,READ,./data/uy00035,1717352,3434703
1709508890668,READ,./data/uy00035,0,1717351
1709508890679,READ,./data/uy00035,12021464,13738815
1709508890759,READ,./data/uy00035,6869408,8586759
1709508890854,READ,./data/uy00035,3434704,5152055
1709508890920,READ,./data/uy00035,15456168,17173511
1709508890961,READ,./data/uy00035,13738816,15456167
1709508890985,READ,./data/uy00035,5152056,6869407
1709508891007,READ,./data/uy00035,10304112,12021463
1709508891072,READ,./data/uy00035,8586760,10304111
1709508891384,READ,./data/uz00035,0,1717351
1709508891386,READ,./data/uz00035,6869408,8586759
1709508891424,READ,./data/uz00035,13738816,15456167
1709508891500,READ,./data/uz00035,8586760,10304111
1709508891587,READ,./data/uz00035,3434704,5152055
1709508891643,READ,./data/uz00035,12021464,13738815
1709508891664,READ,./data/uz00035,1717352,3434703
1709508891705,READ,./data/uz00035,15456168,17173511
1709508891819,READ,./data/uz00035,10304112,12021463
1709508891844,READ,./data/uz00035,5152056,6869407
1709508892215,READ,./data/pp00035,8586760,10304111
1709508892231,READ,./data/pp00035,0,1717351
1709508892288,READ,./data/pp00035,1717352,3434703
1709508892288,READ,./data/pp00035,15456168,17173511
1709508892394,READ,./data/pp00035,12021464,13738815
1709508892447,READ,./data/pp00035,5152056,6869407
1709508892449,READ,./data/pp00035,13738816,15456167
1709508892478,READ,./data/pp00035,10304112,12021463
1709508892602,READ,./data/pp00035,6869408,8586759
1709508892655,READ,./data/pp00035,3434704,5152055
1709508892970,READ,./data/phi100035,0,1717351
1709508893034,READ,./data/phi100035,10304112,12021463
1709508893128,READ,./data/phi100035,6869408,8586759
1709508893166,READ,./data/phi100035,12021464,13738815
1709508893218,READ,./data/phi100035,5152056,6869407
1709508893286,READ,./data/phi100035,15456168,17173511
1709508893335,READ,./data/phi100035,3434704,5152055
1709508893358,READ,./data/phi100035,13738816,15456167
1709508893424,READ,./data/phi100035,1717352,3434703
1709508893458,READ,./data/phi100035,8586760,10304111
1709508893468,READ,./data/snap0000035.ini,0,301
1709508893816,READ,./data/vort035,0,1717351
1709508893835,READ,./data/vort035,8586760,10304111
1709508893847,READ,./data/vort035,5152056,6869407
1709508893903,READ,./data/vort035,1717352,3434703
1709508893904,READ,./data/vort035,15456168,17173511
1709508894001,READ,./data/vort035,13738816,15456167
1709508894098,READ,./data/vort035,6869408,8586759
1709508894149,READ,./data/vort035,12021464,13738815
1709508894187,READ,./data/vort035,3434704,5152055
1709508894240,READ,./data/vort035,10304112,12021463
1709508894860,READ,./data/vort035,0,1717351
1709508894903,READ,./data/vort035,15456168,17173511
1709508894948,READ,./data/vort035,3434704,5152055
1709508895024,READ,./data/vort035,12021464,13738815
1709508895130,READ,./data/vort035,6869408,8586759
1709508895185,READ,./data/vort035,5152056,6869407
1709508895217,READ,./data/vort035,1717352,3434703
1709508895217,READ,./data/vort035,10304112,12021463
1709508895266,READ,./data/vort035,8586760,10304111
1709508895298,READ,./data/vort035,13738816,15456167
1709508895822,READ,./data/vort035,0,1717351
1709508895849,READ,./data/vort035,8586760,10304111
1709508895924,READ,./data/vort035,10304112,12021463
1709508895930,READ,./data/vort035,5152056,6869407
1709508895976,READ,./data/vort035,1717352,3434703
1709508895979,READ,./data/vort035,13738816,15456167
1709508896055,READ,./data/vort035,6869408,8586759
1709508896123,READ,./data/vort035,12021464,13738815
1709508896167,READ,./data/vort035,15456168,17173511
1709508896205,READ,./data/vort035,3434704,5152055
1709508896679,READ,./data/vort035,0,1717351
1709508896723,READ,./data/vort035,10304112,12021463
1709508896775,READ,./data/vort035,1717352,3434703
1709508896776,READ,./data/vort035,15456168,17173511
1709508896849,READ,./data/vort035,6869408,8586759
1709508896944,READ,./data/vort035,12021464,13738815
1709508897017,READ,./data/vort035,5152056,6869407
1709508897071,READ,./data/vort035,8586760,10304111
1709508897126,READ,./data/vort035,3434704,5152055
1709508897169,READ,./data/vort035,13738816,15456167
1709508897549,READ,./data/ux00036,0,1717351
1709508897622,READ,./data/ux00036,1717352,3434703
1709508897637,READ,./data/ux00036,10304112,12021463
1709508897641,READ,./data/ux00036,13738816,15456167
1709508897652,READ,./data/ux00036,5152056,6869407
1709508897764,READ,./data/ux00036,3434704,5152055
1709508897823,READ,./data/ux00036,15456168,17173511
1709508897871,READ,./data/ux00036,8586760,10304111
1709508897969,READ,./data/ux00036,6869408,8586759
1709508898009,READ,./data/ux00036,12021464,13738815
1709508898326,READ,./data/uy00036,3434704,5152055
1709508898402,READ,./data/uy00036,0,1717351
1709508898457,READ,./data/uy00036,13738816,15456167
1709508898460,READ,./data/uy00036,6869408,8586759
1709508898582,READ,./data/uy00036,10304112,12021463
1709508898654,READ,./data/uy00036,8586760,10304111
1709508898659,READ,./data/uy00036,5152056,6869407
1709508898708,READ,./data/uy00036,1717352,3434703
1709508898793,READ,./data/uy00036,15456168,17173511
1709508898935,READ,./data/uy00036,12021464,13738815
1709508899150,READ,./data/uz00036,0,1717351
1709508899196,READ,./data/uz00036,1717352,3434703
1709508899198,READ,./data/uz00036,6869408,8586759
1709508899207,READ,./data/uz00036,15456168,17173511
1709508899285,READ,./data/uz00036,13738816,15456167
1709508899342,READ,./data/uz00036,3434704,5152055
1709508899419,READ,./data/uz00036,8586760,10304111
1709508899462,READ,./data/uz00036,12021464,13738815
1709508899579,READ,./data/uz00036,10304112,12021463
1709508899637,READ,./data/uz00036,5152056,6869407
1709508900021,READ,./data/pp00036,0,1717351
1709508900050,READ,./data/pp00036,6869408,8586759
1709508900143,READ,./data/pp00036,10304112,12021463
1709508900151,READ,./data/pp00036,13738816,15456167
1709508900229,READ,./data/pp00036,15456168,17173511
1709508900268,READ,./data/pp00036,5152056,6869407
1709508900285,READ,./data/pp00036,1717352,3434703
1709508900292,READ,./data/pp00036,12021464,13738815
1709508900417,READ,./data/pp00036,8586760,10304111
1709508900471,READ,./data/pp00036,3434704,5152055
1709508900777,READ,./data/phi100036,0,1717351
1709508900779,READ,./data/phi100036,6869408,8586759
1709508900876,READ,./data/phi100036,8586760,10304111
1709508900885,READ,./data/phi100036,13738816,15456167
1709508900935,READ,./data/phi100036,1717352,3434703
1709508901004,READ,./data/phi100036,12021464,13738815
1709508901077,READ,./data/phi100036,10304112,12021463
1709508901101,READ,./data/phi100036,3434704,5152055
1709508901129,READ,./data/phi100036,15456168,17173511
1709508901153,READ,./data/phi100036,5152056,6869407
1709508901166,READ,./data/snap0000036.ini,0,301
1709508901499,READ,./data/vort036,13738816,15456167
1709508901500,READ,./data/vort036,0,1717351
1709508901521,READ,./data/vort036,10304112,12021463
1709508901586,READ,./data/vort036,8586760,10304111
1709508901587,READ,./data/vort036,5152056,6869407
1709508901661,READ,./data/vort036,15456168,17173511
1709508901706,READ,./data/vort036,1717352,3434703
1709508901775,READ,./data/vort036,12021464,13738815
1709508901863,READ,./data/vort036,3434704,5152055
1709508901924,READ,./data/vort036,6869408,8586759
1709508902384,READ,./data/vort036,0,1717351
1709508902462,READ,./data/vort036,1717352,3434703
1709508902551,READ,./data/vort036,12021464,13738815
1709508902566,READ,./data/vort036,3434704,5152055
1709508902615,READ,./data/vort036,8586760,10304111
1709508902688,READ,./data/vort036,13738816,15456167
1709508902790,READ,./data/vort036,5152056,6869407
1709508902847,READ,./data/vort036,15456168,17173511
1709508902888,READ,./data/vort036,6869408,8586759
1709508902910,READ,./data/vort036,10304112,12021463
1709508903424,READ,./data/vort036,0,1717351
1709508903451,READ,./data/vort036,15456168,17173511
1709508903560,READ,./data/vort036,12021464,13738815
1709508903610,READ,./data/vort036,3434704,5152055
1709508903680,READ,./data/vort036,1717352,3434703
1709508903704,READ,./data/vort036,13738816,15456167
1709508903816,READ,./data/vort036,6869408,8586759
1709508903876,READ,./data/vort036,5152056,6869407
1709508903880,READ,./data/vort036,10304112,12021463
1709508903962,READ,./data/vort036,8586760,10304111
1709508904455,READ,./data/vort036,0,1717351
1709508904536,READ,./data/vort036,12021464,13738815
1709508904635,READ,./data/vort036,8586760,10304111
1709508904697,READ,./data/vort036,5152056,6869407
1709508904705,READ,./data/vort036,13738816,15456167
1709508904738,READ,./data/vort036,15456168,17173511
1709508904780,READ,./data/vort036,1717352,3434703
1709508904879,READ,./data/vort036,3434704,5152055
1709508904915,READ,./data/vort036,10304112,12021463
1709508905003,READ,./data/vort036,6869408,8586759
1709508905380,READ,./data/ux00037,0,1717351
1709508905403,READ,./data/ux00037,5152056,6869407
1709508905415,READ,./data/ux00037,15456168,17173511
1709508905464,READ,./data/ux00037,1717352,3434703
1709508905536,READ,./data/ux00037,3434704,5152055
1709508905583,READ,./data/ux00037,13738816,15456167
1709508905598,READ,./data/ux00037,10304112,12021463
1709508905676,READ,./data/ux00037,8586760,10304111
1709508905736,READ,./data/ux00037,6869408,8586759
1709508905780,READ,./data/ux00037,12021464,13738815
1709508906208,READ,./data/uy00037,0,1717351
1709508906255,READ,./data/uy00037,10304112,12021463
1709508906272,READ,./data/uy00037,5152056,6869407
1709508906276,READ,./data/uy00037,15456168,17173511
1709508906366,READ,./data/uy00037,3434704,5152055
1709508906446,READ,./data/uy00037,1717352,3434703
1709508906521,READ,./data/uy00037,8586760,10304111
1709508906597,READ,./data/uy00037,12021464,13738815
1709508906673,READ,./data/uy00037,6869408,8586759
1709508906676,READ,./data/uy00037,13738816,15456167
1709508907077,READ,./data/uz00037,0,1717351
1709508907121,READ,./data/uz00037,5152056,6869407
1709508907197,READ,./data/uz00037,6869408,8586759
1709508907206,READ,./data/uz00037,13738816,15456167
1709508907246,READ,./data/uz00037,1717352,3434703
1709508907385,READ,./data/uz00037,12021464,13738815
1709508907437,READ,./data/uz00037,10304112,12021463
1709508907463,READ,./data/uz00037,15456168,17173511
1709508907508,READ,./data/uz00037,3434704,5152055
1709508907541,READ,./data/uz00037,8586760,10304111
1709508907882,READ,./data/pp00037,1717352,3434703
1709508907931,READ,./data/pp00037,0,1717351
1709508907933,READ,./data/pp00037,8586760,10304111
1709508908040,READ,./data/pp00037,12021464,13738815
1709508908058,READ,./data/pp00037,5152056,6869407
1709508908075,READ,./data/pp00037,10304112,12021463
1709508908180,READ,./data/pp00037,3434704,5152055
1709508908268,READ,./data/pp00037,6869408,8586759
1709508908337,READ,./data/pp00037,15456168,17173511
1709508908377,READ,./data/pp00037,13738816,15456167
1709508908717,READ,./data/phi100037,0,1717351
1709508908777,READ,./data/phi100037,3434704,5152055
1709508908869,READ,./data/phi100037,6869408,8586759
1709508909006,READ,./data/phi100037,5152056,6869407
1709508909013,READ,./data/phi100037,10304112,12021463
1709508909045,READ,./data/phi100037,12021464,13738815
1709508909128,READ,./data/phi100037,15456168,17173511
1709508909218,READ,./data/phi100037,8586760,10304111
1709508909240,READ,./data/phi100037,1717352,3434703
1709508909261,READ,./data/phi100037,13738816,15456167
1709508909274,READ,./data/snap0000037.ini,0,301
1709508909641,READ,./data/vort037,0,1717351
1709508909686,READ,./data/vort037,1717352,3434703
1709508909690,READ,./data/vort037,15456168,17173511
1709508909777,READ,./data/vort037,12021464,13738815
1709508909852,READ,./data/vort037,3434704,5152055
1709508909928,READ,./data/vort037,6869408,8586759
1709508909983,READ,./data/vort037,5152056,6869407
1709508910012,READ,./data/vort037,8586760,10304111
1709508910022,READ,./data/vort037,13738816,15456167
1709508910068,READ,./data/vort037,10304112,12021463
1709508910436,READ,./data/vort037,0,1717351
1709508910553,READ,./data/vort037,6869408,8586759
1709508910563,READ,./data/vort037,13738816,15456167
1709508910650,READ,./data/vort037,10304112,12021463
1709508910722,READ,./data/vort037,3434704,5152055
1709508910783,READ,./data/vort037,12021464,13738815
1709508910817,READ,./data/vort037,15456168,17173511
1709508910892,READ,./data/vort037,8586760,10304111
1709508910923,READ,./data/vort037,1717352,3434703
1709508910967,READ,./data/vort037,5152056,6869407
1709508911429,READ,out/restart0000150,0,1717351
1709508911451,READ,out/restart0000150,12021464,13738815
1709508911463,READ,out/restart0000150,5152056,6869407
1709508911525,READ,out/restart0000150,13738816,15456167
1709508911567,READ,out/restart0000150,15456168,17173511
1709508911598,READ,out/restart0000150,8586760,10304111
1709508911681,READ,out/restart0000150,3434704,5152055
1709508911720,READ,out/restart0000150,6869408,8586759
1709508911798,READ,out/restart0000150,10304112,12021463
1709508911833,READ,out/restart0000150,1717352,3434703
1709508911852,READ,out/restart0000150,27477624,29194975
1709508911854,READ,out/restart0000150,22325568,24042919
1709508911871,READ,out/restart0000150,30912328,32629679
1709508911955,READ,out/restart0000150,20608216,22325567
1709508911991,READ,out/restart0000150,17173512,18890863
1709508912089,READ,out/restart0000150,24042920,25760271
1709508912128,READ,out/restart0000150,25760272,27477623
1709508912241,READ,out/restart0000150,18890864,20608215
1709508912291,READ,out/restart0000150,29194976,30912327
1709508912325,READ,out/restart0000150,32629680,34347023
1709508912334,READ,out/restart0000150,37781728,39499079
1709508912334,READ,out/restart0000150,48085840,49803191
1709508912395,READ,out/restart0000150,36064376,37781727
1709508912433,READ,out/restart0000150,34347024,36064375
1709508912459,READ,out/restart0000150,46368488,48085839
1709508912465,READ,out/restart0000150,39499080,41216431
1709508912489,READ,out/restart0000150,44651136,46368487
1709508912549,READ,out/restart0000150,41216432,42933783
1709508912601,READ,out/restart0000150,42933784,44651135
1709508912601,READ,out/restart0000150,49803192,51520535
1709508912605,READ,out/restart0000150,65259352,66976703
1709508912610,READ,out/restart0000150,54955240,56672591
1709508912676,READ,out/restart0000150,60107296,61824647
1709508912677,READ,out/restart0000150,56672592,58389943
1709508912687,READ,out/restart0000150,51520536,53237887
1709508912721,READ,out/restart0000150,63542000,65259351
1709508912763,READ,out/restart0000150,61824648,63541999
1709508912786,READ,out/restart0000150,53237888,54955239
1709508912859,READ,out/restart0000150,58389944,60107295
1709508912870,READ,out/restart0000150,66976704,68694047
1709508912874,READ,out/restart0000150,82432864,84150215
1709508912879,READ,out/restart0000150,73846104,75563455
1709508912958,READ,out/restart0000150,70411400,72128751
1709508913026,READ,out/restart0000150,68694048,70411399
1709508913057,READ,out/restart0000150,80715512,82432863
1709508913098,READ,out/restart0000150,77280808,78998159
1709508913149,READ,out/restart0000150,75563456,77280807
1709508913152,READ,out/restart0000150,72128752,73846103
1709508913202,READ,out/restart0000150,78998160,80715511
1709508913208,READ,out/restart0000150,84150216,85867559
1709508913224,READ,out/restart0000150,101323728,103041071
1709508913290,READ,out/restart0000150,96171672,97889023
1709508913331,READ,out/restart0000150,92736968,94454319
1709508913336,READ,out/restart0000150,89302264,91019615
1709508913359,READ,out/restart0000150,94454320,96171671
1709508913386,READ,out/restart0000150,97889024,99606375
1709508913396,READ,out/restart0000150,85867560,87584911
1709508913484,READ,out/restart0000150,87584912,89302263
1709508913533,READ,out/restart0000150,91019616,92736967
1709508913569,READ,out/restart0000150,99606376,101323727
1709508913575,READ,out/restart0000150,118497240,120214583
1709508913584,READ,out/restart0000150,108193128,109910479
1709508913660,READ,out/restart0000150,116779888,118497239
1709508913686,READ,out/restart0000150,104758424,106475775
1709508913734,READ,out/restart0000150,106475776,108193127
1709508913754,READ,out/restart0000150,115062536,116779887
1709508913772,READ,out/restart0000150,109910480,111627831
1709508913808,READ,out/restart0000150,111627832,113345183
1709508913812,READ,out/restart0000150,103041072,104758423
1709508913838,READ,out/restart0000150,113345184,115062535
1709508913844,READ,out/restart0000150,135670752,137388095
1709508913858,READ,out/restart0000150,123649288,125366639
1709508913919,READ,out/restart0000150,133953400,135670751
1709508913954,READ,out/restart0000150,125366640,127083991
1709508913993,READ,out/restart0000150,121931936,123649287
1709508914032,READ,out/restart0000150,128801344,130518695
1709508914076,READ,out/restart0000150,132236048,133953399
1709508914084,READ,out/restart0000150,127083992,128801343
1709508914133,READ,out/restart0000150,130518696,132236047
1709508914209,READ,out/restart0000150,120214584,121931935
1709508914214,READ,out/restart0000150,152844264,154561607
1709508914219,READ,out/restart0000150,139105448,140822799
1709508914291,READ,out/restart0000150,140822800,142540151
1709508914310,READ,out/restart0000150,151126912,152844263
1709508914389,READ,out/restart0000150,142540152,144257503
1709508914390,READ,out/restart0000150,149409560,151126911
1709508914451,READ,out/restart0000150,145974856,147692207
1709508914489,READ,out/restart0000150,137388096,139105447
1709508914495,READ,out/restart0000150,144257504,145974855
1709508914505,READ,out/restart0000150,147692208,149409559
1709508914518,READ,out/restart0000150,169779069,171469895
1709508914535,READ,out/restart0000150,161324924,163015752
1709508914553,READ,out/restart0000150,156252437,157943265
1709508914590,READ,out/restart0000150,163015753,164706581
1709508914647,READ,out/restart0000150,168088240,169779068
1709508914712,READ,out/restart0000150,157943266,159634094
1709508914747,READ,out/restart0000150,154561608,156252436
1709508914784,READ,out/restart0000150,159634095,161324923
1709508914853,READ,out/restart0000150,166397411,168088239
1709508914881,READ,out/restart0000150,164706582,166397410
1709508914885,READ,out/restart0000150,186926064,188643407
1709508914894,READ,out/restart0000150,174904600,176621951
1709508914972,READ,out/restart0000150,178339304,180056655
1709508915054,READ,out/restart0000150,171469896,173187247
1709508915121,READ,out/restart0000150,185208712,186926063
1709508915144,READ,out/restart0000150,180056656,181774007
1709508915226,READ,out/restart0000150,183491360,185208711
1709508915298,READ,out/restart0000150,173187248,174904599
1709508915333,READ,out/restart0000150,181774008,183491359
1709508915356,READ,out/restart0000150,176621952,178339303
1709508915361,READ,out/restart0000150,204099576,205816919
1709508915374,READ,out/restart0000150,198947520,200664871
1709508915386,READ,out/restart0000150,190360760,192078111
1709508915397,READ,out/restart0000150,193795464,195512815
1709508915487,READ,out/restart0000150,195512816,197230167
1709508915519,READ,out/restart0000150,197230168,198947519
1709508915584,READ,out/restart0000150,192078112,193795463
1709508915641,READ,out/restart0000150,202382224,204099575
1709508915695,READ,out/restart0000150,200664872,202382223
1709508915824,READ,out/restart0000150,188643408,190360759
1709508915829,READ,out/restart0000150,221273088,222990431
1709508915834,READ,out/restart0000150,210968976,212686327
1709508915835,READ,out/restart0000150,216121032,217838383
1709508915892,READ,out/restart0000150,207534272,209251623
1709508915950,READ,out/restart0000150,209251624,210968975
1709508915971,READ,out/restart0000150,217838384,219555735
1709508916032,READ,out/restart0000150,205816920,207534271
1709508916067,READ,out/restart0000150,219555736,221273087
1709508916070,READ,out/restart0000150,212686328,214403679
1709508916097,READ,out/restart0000150,214403680,216121031
1709508916136,READ,out/restart0000150.info,0,538
1709508916429,READ,./data/vort037,0,1717351
1709508916450,READ,./data/vort037,15456168,17173511
1709508916464,READ,./data/vort037,8586760,10304111
1709508916522,READ,./data/vort037,1717352,3434703
1709508916570,READ,./data/vort037,3434704,5152055
1709508916638,READ,./data/vort037,13738816,15456167
1709508916724,READ,./data/vort037,6869408,8586759
1709508916795,READ,./data/vort037,10304112,12021463
1709508916802,READ,./data/vort037,5152056,6869407
1709508916870,READ,./data/vort037,12021464,13738815
1709508917406,READ,./data/vort037,0,1717351
1709508917443,READ,./data/vort037,8586760,10304111
1709508917449,READ,./data/vort037,5152056,6869407
1709508917543,READ,./data/vort037,6869408,8586759
1709508917571,READ,./data/vort037,12021464,13738815
1709508917645,READ,./data/vort037,13738816,15456167
1709508917719,READ,./data/vort037,15456168,17173511
1709508917759,READ,./data/vort037,1717352,3434703
1709508917825,READ,./data/vort037,3434704,5152055
1709508917880,READ,./data/vort037,10304112,12021463
1709508918164,READ,./data/ux00038,0,1717351
1709508918171,READ,./data/ux00038,10304112,12021463
1709508918217,READ,./data/ux00038,3434704,5152055
1709508918317,READ,./data/ux00038,13738816,15456167
1709508918325,READ,./data/ux00038,6869408,8586759
1709508918405,READ,./data/ux00038,15456168,17173511
1709508918433,READ,./data/ux00038,5152056,6869407
1709508918474,READ,./data/ux00038,8586760,10304111
1709508918484,READ,./data/ux00038,1717352,3434703
1709508918556,READ,./data/ux00038,12021464,13738815
1709508918896,READ,./data/uy00038,0,1717351
1709508918932,READ,./data/uy00038,10304112,12021463
1709508918933,READ,./data/uy00038,5152056,6869407
1709508919030,READ,./data/uy00038,12021464,13738815
1709508919136,READ,./data/uy00038,13738816,15456167
1709508919208,READ,./data/uy00038,3434704,5152055
1709508919251,READ,./data/uy00038,6869408,8586759
1709508919278,READ,./data/uy00038,8586760,10304111
1709508919294,READ,./data/uy00038,1717352,3434703
1709508919320,READ,./data/uy00038,15456168,17173511
1709508919659,READ,./data/uz00038,0,1717351
1709508919665,READ,./data/uz00038,13738816,15456167
1709508919681,READ,./data/uz00038,5152056,6869407
1709508919691,READ,./data/uz00038,10304112,12021463
1709508919794,READ,./data/uz00038,12021464,13738815
1709508919834,READ,./data/uz00038,15456168,17173511
1709508919908,READ,./data/uz00038,6869408,8586759
1709508919941,READ,./data/uz00038,8586760,10304111
1709508920011,READ,./data/uz00038,1717352,3434703
1709508920050,READ,./data/uz00038,3434704,5152055
1709508920410,READ,./data/pp00038,1717352,3434703
1709508920412,READ,./data/pp00038,10304112,12021463
1709508920481,READ,./data/pp00038,0,1717351
1709508920544,READ,./data/pp00038,12021464,13738815
1709508920623,READ,./data/pp00038,13738816,15456167
1709508920630,READ,./data/pp00038,5152056,6869407
1709508920716,READ,./data/pp00038,6869408,8586759
1709508920745,READ,./data/pp00038,3434704,5152055
1709508920783,READ,./data/pp00038,8586760,10304111
1709508920807,READ,./data/pp00038,15456168,17173511
1709508921111,READ,./data/phi100038,0,1717351
1709508921198,READ,./data/phi100038,15456168,17173511
1709508921248,READ,./data/phi100038,3434704,5152055
1709508921250,READ,./data/phi100038,10304112,12021463
1709508921294,READ,./data/phi100038,1717352,3434703
1709508921392,READ,./data/phi100038,6869408,8586759
1709508921465,READ,./data/phi100038,13738816,15456167
1709508921482,READ,./data/phi100038,8586760,10304111
1709508921552,READ,./data/phi100038,12021464,13738815
1709508921592,READ,./data/phi100038,5152056,6869407
1709508921604,READ,./data/snap0000038.ini,0,301
1709508921925,READ,./data/vort038,1717352,3434703
1709508921996,READ,./data/vort038,0,1717351
1709508922003,READ,./data/vort038,12021464,13738815
1709508922081,READ,./data/vort038,15456168,17173511
1709508922109,READ,./data/vort038,5152056,6869407
1709508922123,READ,./data/vort038,13738816,15456167
1709508922199,READ,./data/vort038,6869408,8586759
1709508922228,READ,./data/vort038,10304112,12021463
1709508922304,READ,./data/vort038,8586760,10304111
1709508922347,READ,./data/vort038,3434704,5152055
1709508922790,READ,./data/vort038,0,1717351
1709508922853,READ,./data/vort038,3434704,5152055
1709508922865,READ,./data/vort038,8586760,10304111
1709508922874,READ,./data/vort038,15456168,17173511
1709508922949,READ,./data/vort038,5152056,6869407
1709508923013,READ,./data/vort038,13738816,15456167
1709508923084,READ,./data/vort038,10304112,12021463
1709508923140,READ,./data/vort038,6869408,8586759
1709508923157,READ,./data/vort038,1717352,3434703
1709508923187,READ,./data/vort038,12021464,13738815
1709508923742,READ,./data/vort038,0,1717351
1709508923776,READ,./data/vort038,13738816,15456167
1709508923845,READ,./data/vort038,15456168,17173511
1709508923861,READ,./data/vort038,5152056,6869407
1709508923948,READ,./data/vort038,6869408,8586759
1709508924049,READ,./data/vort038,1717352,3434703
1709508924100,READ,./data/vort038,10304112,12021463
1709508924142,READ,./data/vort038,12021464,13738815
1709508924182,READ,./data/vort038,3434704,5152055
1709508924256,READ,./data/vort038,8586760,10304111
1709508924831,READ,./data/vort038,0,1717351
1709508924864,READ,./data/vort038,13738816,15456167
1709508924951,READ,./data/vort038,12021464,13738815
1709508925037,READ,./data/vort038,6869408,8586759
1709508925079,READ,./data/vort038,1717352,3434703
1709508925146,READ,./data/vort038,3434704,5152055
1709508925239,READ,./data/vort038,5152056,6869407
1709508925265,READ,./data/vort038,15456168,17173511
1709508925292,READ,./data/vort038,10304112,12021463
1709508925347,READ,./data/vort038,8586760,10304111
1709508925652,READ,./data/ux00039,0,1717351
1709508925664,READ,./data/ux00039,8586760,10304111
1709508925737,READ,./data/ux00039,12021464,13738815
1709508925745,READ,./data/ux00039,5152056,6869407
1709508925813,READ,./data/ux00039,13738816,15456167
1709508925887,READ,./data/ux00039,3434704,5152055
1709508925949,READ,./data/ux00039,1717352,3434703
1709508925972,READ,./data/ux00039,15456168,17173511
1709508925973,READ,./data/ux00039,10304112,12021463
1709508926036,READ,./data/ux00039,6869408,8586759
1709508926412,READ,./data/uy00039,13738816,15456167
1709508926413,READ,./data/uy00039,0,1717351
1709508926428,READ,./data/uy00039,8586760,10304111
1709508926498,READ,./data/uy00039,15456168,17173511
1709508926564,READ,./data/uy00039,6869408,8586759
1709508926589,READ,./data/uy00039,10304112,12021463
1709508926666,READ,./data/uy00039,5152056,6869407
1709508926698,READ,./data/uy00039,1717352,3434703
1709508926728,READ,./data/uy00039,3434704,5152055
1709508926776,READ,./data/uy00039,12021464,13738815
1709508927062,READ,./data/uz00039,0,1717351
1709508927169,READ,./data/uz00039,3434704,5152055
1709508927249,READ,./data/uz00039,5152056,6869407
1709508927279,READ,./data/uz00039,8586760,10304111
1709508927282,READ,./data/uz00039,1717352,3434703
1709508927292,READ,./data/uz00039,15456168,17173511
1709508927374,READ,./data/uz00039,10304112,12021463
1709508927420,READ,./data/uz00039,12021464,13738815
1709508927501,READ,./data/uz00039,13738816,15456167
1709508927616,READ,./data/uz00039,6869408,8586759
1709508927861,READ,./data/pp00039,0,1717351
1709508927947,READ,./data/pp00039,1717352,3434703
1709508927956,READ,./data/pp00039,13738816,15456167
1709508928045,READ,./data/pp00039,12021464,13738815
1709508928142,READ,./data/pp00039,3434704,5152055
1709508928249,READ,./data/pp00039,5152056,6869407
1709508928314,READ,./data/pp00039,15456168,17173511
1709508928383,READ,./data/pp00039,10304112,12021463
1709508928450,READ,./data/pp00039,8586760,10304111
1709508928546,READ,./data/pp00039,6869408,8586759
1709508928845,READ,./data/phi100039,0,1717351
1709508928857,READ,./data/phi100039,5152056,6869407
1709508928880,READ,./data/phi100039,12021464,13738815
1709508928985,READ,./data/phi100039,6869408,8586759
1709508929082,READ,./data/phi100039,3434704,5152055
1709508929111,READ,./data/phi100039,10304112,12021463
1709508929147,READ,./data/phi100039,13738816,15456167
1709508929217,READ,./data/phi100039,8586760,10304111
1709508929319,READ,./data/phi100039,1717352,3434703
1709508929371,READ,./data/phi100039,15456168,17173511
1709508929384,READ,./data/snap0000039.ini,0,301
1709508929679,READ,./data/vort039,0,1717351
1709508929700,READ,./data/vort039,5152056,6869407
1709508929809,READ,./data/vort039,1717352,3434703
1709508929877,READ,./data/vort039,6869408,8586759
1709508929880,READ,./data/vort039,15456168,17173511
1709508930015,READ,./data/vort039,3434704,5152055
1709508930084,READ,./data/vort039,13738816,15456167
1709508930162,READ,./data/vort039,8586760,10304111
1709508930282,READ,./data/vort039,10304112,12021463
1709508930383,READ,./data/vort039,12021464,13738815
1709508930823,READ,./data/vort039,0,1717351
1709508930913,READ,./data/vort039,1717352,3434703
1709508930913,READ,./data/vort039,13738816,15456167
1709508930923,READ,./data/vort039,10304112,12021463
1709508930935,READ,./data/vort039,5152056,6869407
1709508931067,READ,./data/vort039,12021464,13738815
1709508931159,READ,./data/vort039,3434704,5152055
1709508931216,READ,./data/vort039,6869408,8586759
1709508931286,READ,./data/vort039,8586760,10304111
1709508931308,READ,./data/vort039,15456168,17173511
1709508931720,READ,./data/vort039,0,1717351
1709508931738,READ,./data/vort039,5152056,6869407
1709508931824,READ,./data/vort039,3434704,5152055
1709508931828,READ,./data/vort039,12021464,13738815
1709508931917,READ,./data/vort039,13738816,15456167
1709508931963,READ,./data/vort039,1717352,3434703
1709508932040,READ,./data/vort039,15456168,17173511
1709508932088,READ,./data/vort039,6869408,8586759
1709508932130,READ,./data/vort039,10304112,12021463
1709508932177,READ,./data/vort039,8586760,10304111
1709508932550,READ,./data/vort039,0,1717351
1709508932583,READ,./data/vort039,10304112,12021463
1709508932669,READ,./data/vort039,8586760,10304111
1709508932679,READ,./data/vort039,15456168,17173511
1709508932722,READ,./data/vort039,3434704,5152055
1709508932850,READ,./data/vort039,5152056,6869407
1709508932890,READ,./data/vort039,1717352,3434703
1709508932943,READ,./data/vort039,6869408,8586759
1709508933019,READ,./data/vort039,12021464,13738815
1709508933120,READ,./data/vort039,13738816,15456167
1709508933540,READ,./data/ux00040,0,1717351
1709508933540,READ,./data/ux00040,5152056,6869407
1709508933602,READ,./data/ux00040,1717352,3434703
1709508933613,READ,./data/ux00040,15456168,17173511
1709508933667,READ,./data/ux00040,12021464,13738815
1709508933730,READ,./data/ux00040,13738816,15456167
1709508933806,READ,./data/ux00040,10304112,12021463
1709508933877,READ,./data/ux00040,6869408,8586759
1709508933963,READ,./data/ux00040,3434704,5152055
1709508933992,READ,./data/ux00040,8586760,10304111
1709508934313,READ,./data/uy00040,0,1717351
1709508934333,READ,./data/uy00040,10304112,12021463
1709508934384,READ,./data/uy00040,1717352,3434703
1709508934461,READ,./data/uy00040,12021464,13738815
1709508934560,READ,./data/uy00040,13738816,15456167
1709508934566,READ,./data/uy00040,6869408,8586759
1709508934685,READ,./data/uy00040,3434704,5152055
1709508934740,READ,./data/uy00040,15456168,17173511
1709508934765,READ,./data/uy00040,8586760,10304111
1709508934810,READ,./data/uy00040,5152056,6869407
1709508935166,READ,./data/uz00040,0,1717351
1709508935184,READ,./data/uz00040,6869408,8586759
1709508935258,READ,./data/uz00040,8586760,10304111
1709508935258,READ,./data/uz00040,15456168,17173511
1709508935340,READ,./data/uz00040,13738816,15456167
1709508935383,READ,./data/uz00040,1717352,3434703
1709508935461,READ,./data/uz00040,3434704,5152055
1709508935522,READ,./data/uz00040,10304112,12021463
1709508935599,READ,./data/uz00040,12021464,13738815
1709508935611,READ,./data/uz00040,5152056,6869407
1709508935863,READ,./data/pp00040,0,1717351
1709508935864,READ,./data/pp00040,10304112,12021463
1709508935877,READ,./data/pp00040,5152056,6869407
1709508935880,READ,./data/pp00040,13738816,15456167
1709508935967,READ,./data/pp00040,3434704,5152055
1709508936059,READ,./data/pp00040,12021464,13738815
1709508936091,READ,./data/pp00040,15456168,17173511
1709508936114,READ,./data/pp00040,8586760,10304111
1709508936119,READ,./data/pp00040,1717352,3434703
1709508936186,READ,./data/pp00040,6869408,8586759
1709508936597,READ,./data/phi100040,0,1717351
1709508936607,READ,./data/phi100040,6869408,8586759
1709508936661,READ,./data/phi100040,1717352,3434703
1709508936737,READ,./data/phi100040,12021464,13738815
1709508936784,READ,./data/phi100040,10304112,12021463
1709508936831,READ,./data/phi100040,13738816,15456167
1709508936879,READ,./data/phi100040,8586760,10304111
1709508936991,READ,./data/phi100040,3434704,5152055
1709508937083,READ,./data/phi100040,5152056,6869407
1709508937110,READ,./data/phi100040,15456168,17173511
1709508937112,READ,./data/snap0000040.ini,0,301
1709508937458,READ,./data/vort040,0,1717351
1709508937520,READ,./data/vort040,3434704,5152055
1709508937657,READ,./data/vort040,6869408,8586759
1709508937750,READ,./data/vort040,5152056,6869407
1709508937861,READ,./data/vort040,8586760,10304111
1709508937946,READ,./data/vort040,12021464,13738815
1709508938071,READ,./data/vort040,15456168,17173511
1709508938134,READ,./data/vort040,10304112,12021463
1709508938135,READ,./data/vort040,1717352,3434703
1709508938146,READ,./data/vort040,13738816,15456167
1709508938586,READ,./data/vort040,0,1717351
1709508938624,READ,./data/vort040,15456168,17173511
1709508938632,READ,./data/vort040,8586760,10304111
1709508938719,READ,./data/vort040,13738816,15456167
1709508938794,READ,./data/vort040,12021464,13738815
1709508938835,READ,./data/vort040,6869408,8586759
1709508938951,READ,./data/vort040,3434704,5152055
1709508939040,READ,./data/vort040,1717352,3434703
1709508939140,READ,./data/vort040,5152056,6869407
1709508939144,READ,./data/vort040,10304112,12021463
1709508939704,READ,./data/vort040,0,1717351
1709508939740,READ,./data/vort040,6869408,8586759
1709508939745,READ,./data/vort040,15456168,17173511
1709508939824,READ,./data/vort040,13738816,15456167
1709508939919,READ,./data/vort040,8586760,10304111
1709508939990,READ,./data/vort040,5152056,6869407
1709508940089,READ,./data/vort040,12021464,13738815
1709508940127,READ,./data/vort040,1717352,3434703
1709508940240,READ,./data/vort040,10304112,12021463
1709508940309,READ,./data/vort040,3434704,5152055
1709508940810,READ,./data/vort040,0,1717351
1709508940854,READ,./data/vort040,13738816,15456167
1709508940934,READ,./data/vort040,10304112,12021463
1709508940946,READ,./data/vort040,15456168,17173511
1709508941007,READ,./data/vort040,3434704,5152055
1709508941093,READ,./data/vort040,5152056,6869407
1709508941171,READ,./data/vort040,8586760,10304111
1709508941260,READ,./data/vort040,12021464,13738815
1709508941329,READ,./data/vort040,1717352,3434703
1709508941417,READ,./data/vort040,6869408,8586759
1709508941803,READ,./data/ux00041,0,1717351
1709508941825,READ,./data/ux00041,6869408,8586759
1709508941874,READ,./data/ux00041,1717352,3434703
1709508941955,READ,./data/ux00041,15456168,17173511
1709508941956,READ,./data/ux00041,10304112,12021463
1709508942038,READ,./data/ux00041,13738816,15456167
1709508942091,READ,./data/ux00041,5152056,6869407
1709508942112,READ,./data/ux00041,8586760,10304111
1709508942170,READ,./data/ux00041,12021464,13738815
1709508942205,READ,./data/ux00041,3434704,5152055
1709508942597,READ,./data/uy00041,0,1717351
1709508942604,READ,./data/uy00041,8586760,10304111
1709508942611,READ,./data/uy00041,13738816,15456167
1709508942689,READ,./data/uy00041,6869408,8586759
1709508942760,READ,./data/uy00041,1717352,3434703
1709508942768,READ,./data/uy00041,10304112,12021463
1709508942839,READ,./data/uy00041,12021464,13738815
1709508942921,READ,./data/uy00041,5152056,6869407
1709508942960,READ,./data/uy00041,3434704,5152055
1709508942997,READ,./data/uy00041,15456168,17173511
1709508943348,READ,./data/uz00041,0,1717351
1709508943462,READ,./data/uz00041,8586760,10304111
1709508943463,READ,./data/uz00041,1717352,3434703
1709508943531,READ,./data/uz00041,12021464,13738815
1709508943697,READ,./data/uz00041,13738816,15456167
1709508943759,READ,./data/uz00041,10304112,12021463
1709508943770,READ,./data/uz00041,3434704,5152055
1709508943866,READ,./data/uz00041,5152056,6869407
1709508943969,READ,./data/uz00041,6869408,8586759
1709508943969,READ,./data/uz00041,15456168,17173511
1709508944345,READ,./data/pp00041,1717352,3434703
1709508944415,READ,./data/pp00041,0,1717351
1709508944418,READ,./data/pp00041,10304112,12021463
1709508944499,READ,./data/pp00041,3434704,5152055
1709508944601,READ,./data/pp00041,12021464,13738815
1709508944675,READ,./data/pp00041,15456168,17173511
1709508944767,READ,./data/pp00041,6869408,8586759
1709508944823,READ,./data/pp00041,8586760,10304111
1709508944913,READ,./data/pp00041,5152056,6869407
1709508944944,READ,./data/pp00041,13738816,15456167
1709508945286,READ,./data/phi100041,12021464,13738815
1709508945287,READ,./data/phi100041,0,1717351
1709508945376,READ,./data/phi100041,15456168,17173511
1709508945419,READ,./data/phi100041,3434704,5152055
1709508945469,READ,./data/phi100041,1717352,3434703
1709508945566,READ,./data/phi100041,13738816,15456167
1709508945648,READ,./data/phi100041,10304112,12021463
1709508945728,READ,./data/phi100041,6869408,8586759
1709508945767,READ,./data/phi100041,8586760,10304111
1709508945896,READ,./data/phi100041,5152056,6869407
1709508945899,READ,./data/snap0000041.ini,0,301
1709508946278,READ,./data/vort041,0,1717351
1709508946288,READ,./data/vort041,10304112,12021463
1709508946289,READ,./data/vort041,13738816,15456167
1709508946359,READ,./data/vort041,15456168,17173511
1709508946363,READ,./data/vort041,5152056,6869407
1709508946427,READ,./data/vort041,1717352,3434703
1709508946545,READ,./data/vort041,3434704,5152055
1709508946613,READ,./data/vort041,12021464,13738815
1709508946700,READ,./data/vort041,6869408,8586759
1709508946732,READ,./data/vort041,8586760,10304111
1709508947122,READ,./data/vort041,0,1717351
1709508947173,READ,./data/vort041,12021464,13738815
1709508947250,READ,./data/vort041,10304112,12021463
1709508947253,READ,./data/vort041,5152056,6869407
1709508947332,READ,./data/vort041,3434704,5152055
1709508947413,READ,./data/vort041,13738816,15456167
1709508947493,READ,./data/vort041,15456168,17173511
1709508947517,READ,./data/vort041,8586760,10304111
1709508947598,READ,./data/vort041,6869408,8586759
1709508947659,READ,./data/vort041,1717352,3434703
1709508948129,READ,./data/vort041,0,1717351
1709508948153,READ,./data/vort041,15456168,17173511
1709508948192,READ,./data/vort041,3434704,5152055
1709508948276,READ,./data/vort041,1717352,3434703
1709508948305,READ,./data/vort041,12021464,13738815
1709508948406,READ,./data/vort041,5152056,6869407
1709508948471,READ,./data/vort041,10304112,12021463
1709508948497,READ,./data/vort041,8586760,10304111
1709508948531,READ,./data/vort041,13738816,15456167
1709508948717,READ,./data/vort041,6869408,8586759
1709508949340,READ,./data/vort041,0,1717351
1709508949379,READ,./data/vort041,13738816,15456167
1709508949451,READ,./data/vort041,15456168,17173511
1709508949497,READ,./data/vort041,1717352,3434703
1709508949499,READ,./data/vort041,5152056,6869407
1709508949571,READ,./data/vort041,3434704,5152055
1709508949571,READ,./data/vort041,10304112,12021463
1709508949651,READ,./data/vort041,12021464,13738815
1709508949697,READ,./data/vort041,8586760,10304111
1709508949744,READ,./data/vort041,6869408,8586759
1709508950172,READ,./data/ux00042,5152056,6869407
1709508950176,READ,./data/ux00042,0,1717351
1709508950230,READ,./data/ux00042,1717352,3434703
1709508950232,READ,./data/ux00042,8586760,10304111
1709508950313,READ,./data/ux00042,10304112,12021463
1709508950360,READ,./data/ux00042,12021464,13738815
1709508950510,READ,./data/ux00042,13738816,15456167
1709508950567,READ,./data/ux00042,15456168,17173511
1709508950661,READ,./data/ux00042,3434704,5152055
1709508950698,READ,./data/ux00042,6869408,8586759
1709508951044,READ,./data/uy00042,0,1717351
1709508951126,READ,./data/uy00042,15456168,17173511
1709508951138,READ,./data/uy00042,6869408,8586759
1709508951209,READ,./data/uy00042,13738816,15456167
1709508951276,READ,./data/uy00042,5152056,6869407
1709508951331,READ,./data/uy00042,1717352,3434703
1709508951382,READ,./data/uy00042,10304112,12021463
1709508951441,READ,./data/uy00042,12021464,13738815
1709508951483,READ,./data/uy00042,3434704,5152055
1709508951547,READ,./data/uy00042,8586760,10304111
1709508951912,READ,./data/uz00042,0,1717351
1709508951922,READ,./data/uz00042,12021464,13738815
1709508952009,READ,./data/uz00042,13738816,15456167
1709508952045,READ,./data/uz00042,3434704,5152055
1709508952077,READ,./data/uz00042,8586760,10304111
1709508952156,READ,./data/uz00042,5152056,6869407
1709508952182,READ,./data/uz00042,1717352,3434703
1709508952204,READ,./data/uz00042,10304112,12021463
1709508952262,READ,./data/uz00042,15456168,17173511
1709508952322,READ,./data/uz00042,6869408,8586759
1709508952713,READ,./data/pp00042,0,1717351
1709508952726,READ,./data/pp00042,15456168,17173511
1709508952800,READ,./data/pp00042,12021464,13738815
1709508952811,READ,./data/pp00042,5152056,6869407
1709508952903,READ,./data/pp00042,3434704,5152055
1709508953076,READ,./data/pp00042,1717352,3434703
1709508953140,READ,./data/pp00042,6869408,8586759
1709508953166,READ,./data/pp00042,10304112,12021463
1709508953191,READ,./data/pp00042,13738816,15456167
1709508953226,READ,./data/pp00042,8586760,10304111
1709508953533,READ,./data/phi100042,0,1717351
1709508953548,READ,./data/phi100042,8586760,10304111
1709508953557,READ,./data/phi100042,13738816,15456167
1709508953611,READ,./data/phi100042,1717352,3434703
1709508953618,READ,./data/phi100042,5152056,6869407
1709508953730,READ,./data/phi100042,12021464,13738815
1709508953802,READ,./data/phi100042,15456168,17173511
1709508953865,READ,./data/phi100042,6869408,8586759
1709508953901,READ,./data/phi100042,10304112,12021463
1709508953997,READ,./data/phi100042,3434704,5152055
1709508953999,READ,./data/snap0000042.ini,0,301
1709508954361,READ,./data/vort042,0,1717351
1709508954372,READ,./data/vort042,13738816,15456167
1709508954384,READ,./data/vort042,6869408,8586759
1709508954499,READ,./data/vort042,8586760,10304111
1709508954527,READ,./data/vort042,1717352,3434703
1709508954602,READ,./data/vort042,15456168,17173511
1709508954609,READ,./data/vort042,5152056,6869407
1709508954614,READ,./data/vort042,10304112,12021463
1709508954662,READ,./data/vort042,12021464,13738815
1709508954723,READ,./data/vort042,3434704,5152055
1709508955267,READ,./data/vort042,0,1717351
1709508955326,READ,./data/vort042,3434704,5152055
1709508955337,READ,./data/vort042,13738816,15456167
1709508955354,READ,./data/vort042,10304112,12021463
1709508955384,READ,./data/vort042,1717352,3434703
1709508955482,READ,./data/vort042,5152056,6869407
1709508955505,READ,./data/vort042,8586760,10304111
1709508955587,READ,./data/vort042,6869408,8586759
1709508955715,READ,./data/vort042,15456168,17173511
1709508955742,READ,./data/vort042,12021464,13738815
1709508956262,READ,./data/vort042,0,1717351
1709508956332,READ,./data/vort042,3434704,5152055
1709508956341,READ,./data/vort042,12021464,13738815
1709508956390,READ,./data/vort042,1717352,3434703
1709508956480,READ,./data/vort042,6869408,8586759
1709508956503,READ,./data/vort042,8586760,10304111
1709508956553,READ,./data/vort042,13738816,15456167
1709508956600,READ,./data/vort042,15456168,17173511
1709508956626,READ,./data/vort042,5152056,6869407
1709508956644,READ,./data/vort042,10304112,12021463
1709508957290,READ,./data/vort042,0,1717351
1709508957313,READ,./data/vort042,10304112,12021463
1709508957457,READ,./data/vort042,3434704,5152055
1709508957473,READ,./data/vort042,13738816,15456167
1709508957633,READ,./data/vort042,15456168,17173511
1709508957806,READ,./data/vort042,6869408,8586759
1709508957979,READ,./data/vort042,12021464,13738815
1709508958186,READ,./data/vort042,8586760,10304111
1709508958244,READ,./data/vort042,5152056,6869407
1709508958308,READ,./data/vort042,1717352,3434703
1709508958781,READ,./data/ux00043,0,1717351
1709508958782,READ,./data/ux00043,12021464,13738815
1709508958876,READ,./data/ux00043,15456168,17173511
1709508958944,READ,./data/ux00043,1717352,3434703
1709508958971,READ,./data/ux00043,6869408,8586759
1709508959184,READ,./data/ux00043,5152056,6869407
1709508959192,READ,./data/ux00043,10304112,12021463
1709508959238,READ,./data/ux00043,13738816,15456167
1709508959258,READ,./data/ux00043,3434704,5152055
1709508959293,READ,./data/ux00043,8586760,10304111
1709508959755,READ,./data/uy00043,13738816,15456167
1709508959775,READ,./data/uy00043,0,1717351
1709508959823,READ,./data/uy00043,5152056,6869407
1709508959824,READ,./data/uy00043,15456168,17173511
1709508959861,READ,./data/uy00043,12021464,13738815
1709508959964,READ,./data/uy00043,8586760,10304111
1709508960033,READ,./data/uy00043,3434704,5152055
1709508960136,READ,./data/uy00043,6869408,8586759
1709508960177,READ,./data/uy00043,1717352,3434703
1709508960250,READ,./data/uy00043,10304112,12021463
1709508960584,READ,./data/uz00043,12021464,13738815
1709508960585,READ,./data/uz00043,0,1717351
1709508960626,READ,./data/uz00043,1717352,3434703
1709508960670,READ,./data/uz00043,3434704,5152055
1709508960722,READ,./data/uz00043,15456168,17173511
1709508960819,READ,./data/uz00043,13738816,15456167
1709508960893,READ,./data/uz00043,6869408,8586759
1709508960913,READ,./data/uz00043,8586760,10304111
1709508960968,READ,./data/uz00043,10304112,12021463
1709508960988,READ,./data/uz00043,5152056,6869407
1709508961361,READ,./data/pp00043,0,1717351
1709508961386,READ,./data/pp00043,10304112,12021463
1709508961446,READ,./data/pp00043,1717352,3434703
1709508961502,READ,./data/pp00043,6869408,8586759
1709508961579,READ,./data/pp00043,3434704,5152055
1709508961594,READ,./data/pp00043,15456168,17173511
1709508961612,READ,./data/pp00043,8586760,10304111
1709508961694,READ,./data/pp00043,13738816,15456167
1709508961729,READ,./data/pp00043,12021464,13738815
1709508961759,READ,./data/pp00043,5152056,6869407
1709508962164,READ,./data/phi100043,3434704,5152055
1709508962227,READ,./data/phi100043,0,1717351
1709508962236,READ,./data/phi100043,13738816,15456167
1709508962305,READ,./data/phi100043,6869408,8586759
1709508962338,READ,./data/phi100043,1717352,3434703
1709508962402,READ,./data/phi100043,10304112,12021463
1709508962468,READ,./data/phi100043,12021464,13738815
1709508962576,READ,./data/phi100043,8586760,10304111
1709508962603,READ,./data/phi100043,15456168,17173511
1709508962628,READ,./data/phi100043,5152056,6869407
1709508962640,READ,./data/snap0000043.ini,0,301
1709508962982,READ,./data/vort043,0,1717351
1709508962996,READ,./data/vort043,5152056,6869407
1709508962999,READ,./data/vort043,10304112,12021463
1709508963166,READ,./data/vort043,12021464,13738815
1709508963241,READ,./data/vort043,6869408,8586759
1709508963269,READ,./data/vort043,8586760,10304111
1709508963317,READ,./data/vort043,3434704,5152055
1709508963407,READ,./data/vort043,1717352,3434703
1709508963464,READ,./data/vort043,15456168,17173511
1709508963497,READ,./data/vort043,13738816,15456167
1709508963919,READ,./data/vort043,0,1717351
1709508963977,READ,./data/vort043,15456168,17173511
1709508963982,READ,./data/vort043,3434704,5152055
1709508964043,READ,./data/vort043,12021464,13738815
1709508964142,READ,./data/vort043,5152056,6869407
1709508964249,READ,./data/vort043,8586760,10304111
1709508964292,READ,./data/vort043,6869408,8586759
1709508964360,READ,./data/vort043,10304112,12021463
1709508964386,READ,./data/vort043,13738816,15456167
1709508964425,READ,./data/vort043,1717352,3434703
1709508964930,READ,./data/vort043,0,1717351
1709508965031,READ,./data/vort043,3434704,5152055
1709508965114,READ,./data/vort043,6869408,8586759
1709508965148,READ,./data/vort043,5152056,6869407
1709508965223,READ,./data/vort043,10304112,12021463
1709508965243,READ,./data/vort043,15456168,17173511
1709508965273,READ,./data/vort043,1717352,3434703
1709508965369,READ,./data/vort043,12021464,13738815
1709508965405,READ,./data/vort043,13738816,15456167
1709508965464,READ,./data/vort043,8586760,10304111
1709508965850,READ,./data/vort043,0,1717351
1709508965875,READ,./data/vort043,5152056,6869407
1709508965878,READ,./data/vort043,15456168,17173511
1709508965883,READ,./data/vort043,10304112,12021463
1709508965969,READ,./data/vort043,6869408,8586759
1709508966018,READ,./data/vort043,8586760,10304111
1709508966085,READ,./data/vort043,1717352,3434703
1709508966113,READ,./data/vort043,3434704,5152055
1709508966223,READ,./data/vort043,12021464,13738815
1709508966257,READ,./data/vort043,13738816,15456167
1709508966764,READ,./data/ux00044,8586760,10304111
1709508966780,READ,./data/ux00044,0,1717351
1709508966800,READ,./data/ux00044,5152056,6869407
1709508966846,READ,./data/ux00044,1717352,3434703
1709508966905,READ,./data/ux00044,3434704,5152055
1709508967026,READ,./data/ux00044,6869408,8586759
1709508967097,READ,./data/ux00044,10304112,12021463
1709508967101,READ,./data/ux00044,13738816,15456167
1709508967177,READ,./data/ux00044,12021464,13738815
1709508967213,READ,./data/ux00044,15456168,17173511
1709508967426,READ,./data/uy00044,0,1717351
1709508967484,READ,./data/uy00044,15456168,17173511
1709508967490,READ,./data/uy00044,10304112,12021463
1709508967496,READ,./data/uy00044,1717352,3434703
1709508967572,READ,./data/uy00044,3434704,5152055
1709508967651,READ,./data/uy00044,6869408,8586759
1709508967721,READ,./data/uy00044,5152056,6869407
1709508967734,READ,./data/uy00044,12021464,13738815
1709508967776,READ,./data/uy00044,13738816,15456167
1709508967831,READ,./data/uy00044,8586760,10304111
1709508968021,READ,./data/uz00044,0,1717351
1709508968052,READ,./data/uz00044,15456168,17173511
1709508968139,READ,./data/uz00044,5152056,6869407
1709508968142,READ,./data/uz00044,12021464,13738815
1709508968196,READ,./data/uz00044,1717352,3434703
1709508968251,READ,./data/uz00044,10304112,12021463
1709508968317,READ,./data/uz00044,6869408,8586759
1709508968363,READ,./data/uz00044,3434704,5152055
1709508968396,READ,./data/uz00044,13738816,15456167
1709508968440,READ,./data/uz00044,8586760,10304111
1709508968788,READ,./data/pp00044,3434704,5152055
1709508968871,READ,./data/pp00044,0,1717351
1709508968871,READ,./data/pp00044,8586760,10304111
1709508968945,READ,./data/pp00044,15456168,17173511
1709508968952,READ,./data/pp00044,5152056,6869407
1709508969114,READ,./data/pp00044,6869408,8586759
1709508969177,READ,./data/pp00044,1717352,3434703
1709508969223,READ,./data/pp00044,13738816,15456167
1709508969259,READ,./data/pp00044,10304112,12021463
1709508969340,READ,./data/pp00044,12021464,13738815
1709508969615,READ,./data/phi100044,5152056,6869407
1709508969617,READ,./data/phi100044,0,1717351
1709508969639,READ,./data/phi100044,8586760,10304111
1709508969719,READ,./data/phi100044,10304112,12021463
1709508969727,READ,./data/phi100044,13738816,15456167
1709508969844,READ,./data/phi100044,12021464,13738815
1709508969923,READ,./data/phi100044,6869408,8586759
1709508969995,READ,./data/phi100044,1717352,3434703
1709508970143,READ,./data/phi100044,3434704,5152055
1709508970147,READ,./data/phi100044,15456168,17173511
1709508970159,READ,./data/snap0000044.ini,0,301
1709508970566,READ,./data/vort044,0,1717351
1709508970570,READ,./data/vort044,5152056,6869407
1709508970657,READ,./data/vort044,6869408,8586759
1709508970701,READ,./data/vort044,3434704,5152055
1709508970720,READ,./data/vort044,13738816,15456167
1709508970744,READ,./data/vort044,1717352,3434703
1709508970844,READ,./data/vort044,12021464,13738815
1709508970896,READ,./data/vort044,10304112,12021463
1709508970897,READ,./data/vort044,15456168,17173511
1709508970959,READ,./data/vort044,8586760,10304111
1709508971346,READ,./data/vort044,0,1717351
1709508971382,READ,./data/vort044,15456168,17173511
1709508971386,READ,./data/vort044,5152056,6869407
1709508971458,READ,./data/vort044,10304112,12021463
1709508971458,READ,./data/vort044,13738816,15456167
1709508971565,READ,./data/vort044,12021464,13738815
1709508971661,READ,./data/vort044,6869408,8586759
1709508971692,READ,./data/vort044,8586760,10304111
1709508971729,READ,./data/vort044,3434704,5152055
1709508971806,READ,./data/vort044,1717352,3434703
1709508972306,READ,./data/vort044,0,1717351
1709508972342,READ,./data/vort044,15456168,17173511
1709508972390,READ,./data/vort044,1717352,3434703
1709508972402,READ,./data/vort044,5152056,6869407
1709508972474,READ,./data/vort044,6869408,8586759
1709508972591,READ,./data/vort044,12021464,13738815
1709508972631,READ,./data/vort044,13738816,15456167
1709508972658,READ,./data/vort044,3434704,5152055
1709508972703,READ,./data/vort044,8586760,10304111
1709508972792,READ,./data/vort044,10304112,12021463
1709508973379,READ,./data/vort044,0,1717351
1709508973469,READ,./data/vort044,3434704,5152055
1709508973476,READ,./data/vort044,12021464,13738815
1709508973570,READ,./data/vort044,15456168,17173511
1709508973584,READ,./data/vort044,1717352,3434703
1709508973638,READ,./data/vort044,10304112,12021463
1709508973686,READ,./data/vort044,8586760,10304111
1709508973752,READ,./data/vort044,6869408,8586759
1709508973804,READ,./data/vort044,5152056,6869407
1709508973814,READ,./data/vort044,13738816,15456167
1709508974274,READ,out/restart0000180,0,1717351
1709508974342,READ,out/restart0000180,1717352,3434703
1709508974356,READ,out/restart0000180,6869408,8586759
1709508974370,READ,out/restart0000180,15456168,17173511
1709508974475,READ,out/restart0000180,13738816,15456167
1709508974543,READ,out/restart0000180,8586760,10304111
1709508974603,READ,out/restart0000180,10304112,12021463
1709508974679,READ,out/restart0000180,3434704,5152055
1709508974767,READ,out/restart0000180,12021464,13738815
1709508974792,READ,out/restart0000180,5152056,6869407
1709508974808,READ,out/restart0000180,24042920,25760271
1709508974818,READ,out/restart0000180,18890864,20608215
1709508974903,READ,out/restart0000180,20608216,22325567
1709508974974,READ,out/restart0000180,22325568,24042919
1709508975040,READ,out/restart0000180,29194976,30912327
1709508975092,READ,out/restart0000180,25760272,27477623
1709508975120,READ,out/restart0000180,17173512,18890863
1709508975223,READ,out/restart0000180,27477624,29194975
1709508975294,READ,out/restart0000180,32629680,34347023
1709508975324,READ,out/restart0000180,30912328,32629679
1709508975391,READ,out/restart0000180,36064376,37781727
1709508975391,READ,out/restart0000180,48085840,49803191
1709508975455,READ,out/restart0000180,39499080,41216431
1709508975465,READ,out/restart0000180,42933784,44651135
1709508975489,READ,out/restart0000180,37781728,39499079
1709508975566,READ,out/restart0000180,41216432,42933783
1709508975582,READ,out/restart0000180,34347024,36064375
1709508975614,READ,out/restart0000180,46368488,48085839
1709508975654,READ,out/restart0000180,44651136,46368487
1709508975729,READ,out/restart0000180,49803192,51520535
1709508975733,READ,out/restart0000180,65259352,66976703
1709508975775,READ,out/restart0000180,54955240,56672591
1709508975798,READ,out/restart0000180,51520536,53237887
1709508975862,READ,out/restart0000180,56672592,58389943
1709508975885,READ,out/restart0000180,58389944,60107295
1709508975958,READ,out/restart0000180,60107296,61824647
1709508975992,READ,out/restart0000180,61824648,63541999
1709508976068,READ,out/restart0000180,53237888,54955239
1709508976071,READ,out/restart0000180,63542000,65259351
1709508976177,READ,out/restart0000180,66976704,68694047
1709508976181,READ,out/restart0000180,82432864,84150215
1709508976191,READ,out/restart0000180,75563456,77280807
1709508976198,READ,out/restart0000180,72128752,73846103
1709508976256,READ,out/restart0000180,68694048,70411399
1709508976296,READ,out/restart0000180,70411400,72128751
1709508976334,READ,out/restart0000180,80715512,82432863
1709508976376,READ,out/restart0000180,78998160,80715511
1709508976411,READ,out/restart0000180,77280808,78998159
1709508976468,READ,out/restart0000180,73846104,75563455
1709508976472,READ,out/restart0000180,84150216,85867559
1709508976477,READ,out/restart0000180,101323728,103041071
1709508976493,READ,out/restart0000180,91019616,92736967
1709508976542,READ,out/restart0000180,89302264,91019615
1709508976542,READ,out/restart0000180,96171672,97889023
1709508976602,READ,out/restart0000180,99606376,101323727
1709508976610,READ,out/restart0000180,94454320,96171671
1709508976692,READ,out/restart0000180,92736968,94454319
1709508976702,READ,out/restart0000180,97889024,99606375
1709508976730,READ,out/restart0000180,87584912,89302263
1709508976783,READ,out/restart0000180,85867560,87584911
1709508976787,READ,out/restart0000180,118497240,120214583
1709508976800,READ,out/restart0000180,109910480,111627831
1709508976819,READ,out/restart0000180,103041072,104758423
1709508976845,READ,out/restart0000180,106475776,108193127
1709508976877,READ,out/restart0000180,111627832,113345183
1709508976975,READ,out/restart0000180,116779888,118497239
1709508977025,READ,out/restart0000180,115062536,116779887
1709508977036,READ,out/restart0000180,104758424,106475775
1709508977084,READ,out/restart0000180,108193128,109910479
1709508977086,READ,out/restart0000180,113345184,115062535
1709508977090,READ,out/restart0000180,135670752,137388095
1709508977138,READ,out/restart0000180,133953400,135670751
1709508977148,READ,out/restart0000180,127083992,128801343
1709508977221,READ,out/restart0000180,130518696,132236047
1709508977228,READ,out/restart0000180,121931936,123649287
1709508977307,READ,out/restart0000180,128801344,130518695
1709508977386,READ,out/restart0000180,120214584,121931935
1709508977428,READ,out/restart0000180,125366640,127083991
1709508977445,READ,out/restart0000180,132236048,133953399
1709508977465,READ,out/restart0000180,123649288,125366639
1709508977469,READ,out/restart0000180,152844264,154561607
1709508977472,READ,out/restart0000180,147692208,149409559
1709508977473,READ,out/restart0000180,139105448,140822799
1709508977546,READ,out/restart0000180,149409560,151126911
1709508977607,READ,out/restart0000180,137388096,139105447
1709508977700,READ,out/restart0000180,142540152,144257503
1709508977780,READ,out/restart0000180,145974856,147692207
1709508977792,READ,out/restart0000180,140822800,142540151
1709508977800,READ,out/restart0000180,151126912,152844263
1709508977866,READ,out/restart0000180,144257504,145974855
1709508977880,READ,out/restart0000180,169779069,171469895
1709508977899,READ,out/restart0000180,159634095,161324923
1709508977968,READ,out/restart0000180,161324924,163015752
1709508978016,READ,out/restart0000180,163015753,164706581
1709508978108,READ,out/restart0000180,166397411,168088239
1709508978116,READ,out/restart0000180,156252437,157943265
1709508978145,READ,out/restart0000180,164706582,166397410
1709508978226,READ,out/restart0000180,157943266,159634094
1709508978295,READ,out/restart0000180,168088240,169779068
1709508978323,READ,out/restart0000180,154561608,156252436
1709508978330,READ,out/restart0000180,186926064,188643407
1709508978335,READ,out/restart0000180,178339304,180056655
1709508978395,READ,out/restart0000180,174904600,176621951
1709508978463,READ,out/restart0000180,183491360,185208711
1709508978466,READ,out/restart0000180,176621952,178339303
1709508978522,READ,out/restart0000180,180056656,181774007
1709508978541,READ,out/restart0000180,185208712,186926063
1709508978577,READ,out/restart0000180,173187248,174904599
1709508978611,READ,out/restart0000180,181774008,183491359
1709508978718,READ,out/restart0000180,171469896,173187247
1709508978723,READ,out/restart0000180,204099576,205816919
1709508978795,READ,out/restart0000180,202382224,204099575
1709508978798,READ,out/restart0000180,195512816,197230167
1709508978854,READ,out/restart0000180,200664872,202382223
1709508978885,READ,out/restart0000180,193795464,195512815
1709508978901,READ,out/restart0000180,198947520,200664871
1709508978913,READ,out/restart0000180,190360760,192078111
1709508979001,READ,out/restart0000180,188643408,190360759
1709508979044,READ,out/restart0000180,197230168,198947519
1709508979074,READ,out/restart0000180,192078112,193795463
1709508979078,READ,out/restart0000180,221273088,222990431
1709508979084,READ,out/restart0000180,214403680,216121031
1709508979143,READ,out/restart0000180,212686328,214403679
1709508979184,READ,out/restart0000180,216121032,217838383
1709508979251,READ,out/restart0000180,217838384,219555735
1709508979288,READ,out/restart0000180,205816920,207534271
1709508979333,READ,out/restart0000180,207534272,209251623
1709508979387,READ,out/restart0000180,210968976,212686327
1709508979428,READ,out/restart0000180,209251624,210968975
1709508979430,READ,out/restart0000180,219555736,221273087
1709508979538,READ,out/restart0000180.info,0,538
1709508979736,READ,./data/ux00045,0,1717351
1709508979756,READ,./data/ux00045,8586760,10304111
1709508979759,READ,./data/ux00045,5152056,6869407
1709508979769,READ,./data/ux00045,13738816,15456167
1709508979863,READ,./data/ux00045,15456168,17173511
1709508979923,READ,./data/ux00045,1717352,3434703
1709508979991,READ,./data/ux00045,3434704,5152055
1709508980037,READ,./data/ux00045,10304112,12021463
1709508980082,READ,./data/ux00045,12021464,13738815
1709508980188,READ,./data/ux00045,6869408,8586759
1709508980497,READ,./data/uy00045,0,1717351
1709508980567,READ,./data/uy00045,3434704,5152055
1709508980633,READ,./data/uy00045,5152056,6869407
1709508980641,READ,./data/uy00045,8586760,10304111
1709508980649,READ,./data/uy00045,13738816,15456167
1709508980748,READ,./data/uy00045,12021464,13738815
1709508980770,READ,./data/uy00045,15456168,17173511
1709508980790,READ,./data/uy00045,10304112,12021463
1709508980825,READ,./data/uy00045,1717352,3434703
1709508980896,READ,./data/uy00045,6869408,8586759
1709508981263,READ,./data/uz00045,1717352,3434703
1709508981312,READ,./data/uz00045,0,1717351
1709508981315,READ,./data/uz00045,10304112,12021463
1709508981401,READ,./data/uz00045,12021464,13738815
1709508981424,READ,./data/uz00045,3434704,5152055
1709508981578,READ,./data/uz00045,5152056,6869407
1709508981657,READ,./data/uz00045,13738816,15456167
1709508981705,READ,./data/uz00045,8586760,10304111
1709508981721,READ,./data/uz00045,15456168,17173511
1709508981810,READ,./data/uz00045,6869408,8586759
1709508982163,READ,./data/pp00045,12021464,13738815
1709508982168,READ,./data/pp00045,0,1717351
1709508982257,READ,./data/pp00045,6869408,8586759
1709508982330,READ,./data/pp00045,15456168,17173511
1709508982421,READ,./data/pp00045,3434704,5152055
1709508982459,READ,./data/pp00045,5152056,6869407
1709508982576,READ,./data/pp00045,1717352,3434703
1709508982590,READ,./data/pp00045,10304112,12021463
1709508982699,READ,./data/pp00045,8586760,10304111
1709508982707,READ,./data/pp00045,13738816,15456167
1709508983015,READ,./data/phi100045,6869408,8586759
1709508983017,READ,./data/phi100045,15456168,17173511
1709508983023,READ,./data/phi100045,0,1717351
1709508983082,READ,./data/phi100045,8586760,10304111
1709508983140,READ,./data/phi100045,5152056,6869407
1709508983347,READ,./data/phi100045,12021464,13738815
1709508983395,READ,./data/phi100045,13738816,15456167
1709508983468,READ,./data/phi100045,3434704,5152055
1709508983567,READ,./data/phi100045,10304112,12021463
1709508983589,READ,./data/phi100045,1717352,3434703
1709508983602,READ,./data/snap0000045.ini,0,301
1709508983915,READ,./data/vort045,0,1717351
1709508983924,READ,./data/vort045,13738816,15456167
1709508983987,READ,./data/vort045,15456168,17173511
1709508983991,READ,./data/vort045,5152056,6869407
1709508984090,READ,./data/vort045,8586760,10304111
1709508984091,READ,./data/vort045,3434704,5152055
1709508984188,READ,./data/vort045,12021464,13738815
1709508984229,READ,./data/vort045,6869408,8586759
1709508984287,READ,./data/vort045,10304112,12021463
1709508984305,READ,./data/vort045,1717352,3434703
1709508984842,READ,./data/vort045,0,1717351
1709508984880,READ,./data/vort045,13738816,15456167
1709508984956,READ,./data/vort045,12021464,13738815
1709508985005,READ,./data/vort045,1717352,3434703
1709508985056,READ,./data/vort045,6869408,8586759
1709508985087,READ,./data/vort045,10304112,12021463
1709508985153,READ,./data/vort045,8586760,10304111
1709508985233,READ,./data/vort045,5152056,6869407
1709508985261,READ,./data/vort045,15456168,17173511
1709508985297,READ,./data/vort045,3434704,5152055
1709508985869,READ,./data/vort045,0,1717351
1709508985937,READ,./data/vort045,10304112,12021463
1709508985948,READ,./data/vort045,15456168,17173511
1709508986024,READ,./data/vort045,5152056,6869407
1709508986027,READ,./data/vort045,13738816,15456167
1709508986106,READ,./data/vort045,3434704,5152055
1709508986191,READ,./data/vort045,1717352,3434703
1709508986278,READ,./data/vort045,6869408,8586759
1709508986318,READ,./data/vort045,8586760,10304111
1709508986381,READ,./data/vort045,12021464,13738815
1709508986823,READ,./data/vort045,0,1717351
1709508986848,READ,./data/vort045,13738816,15456167
1709508986900,READ,./data/vort045,1717352,3434703
1709508986909,READ,./data/vort045,10304112,12021463
1709508986986,READ,./data/vort045,8586760,10304111
1709508987055,READ,./data/vort045,12021464,13738815
1709508987073,READ,./data/vort045,15456168,17173511
1709508987076,READ,./data/vort045,5152056,6869407
1709508987161,READ,./data/vort045,3434704,5152055
1709508987295,READ,./data/vort045,6869408,8586759
1709508987602,READ,./data/ux00046,0,1717351
1709508987673,READ,./data/ux00046,3434704,5152055
1709508987691,READ,./data/ux00046,15456168,17173511
1709508987783,READ,./data/ux00046,5152056,6869407
1709508987803,READ,./data/ux00046,1717352,3434703
1709508987813,READ,./data/ux00046,8586760,10304111
1709508987904,READ,./data/ux00046,12021464,13738815
1709508987951,READ,./data/ux00046,13738816,15456167
1709508987967,READ,./data/ux00046,10304112,12021463
1709508988074,READ,./data/ux00046,6869408,8586759
1709508988465,READ,./data/uy00046,13738816,15456167
1709508988467,READ,./data/uy00046,0,1717351
1709508988474,READ,./data/uy00046,6869408,8586759
1709508988583,READ,./data/uy00046,3434704,5152055
1709508988673,READ,./data/uy00046,12021464,13738815
1709508988712,READ,./data/uy00046,5152056,6869407
1709508988746,READ,./data/uy00046,8586760,10304111
1709508988823,READ,./data/uy00046,10304112,12021463
1709508988907,READ,./data/uy00046,1717352,3434703
1709508988925,READ,./data/uy00046,15456168,17173511
1709508989242,READ,./data/uz00046,0,1717351
1709508989254,READ,./data/uz00046,5152056,6869407
1709508989260,READ,./data/uz00046,10304112,12021463
1709508989347,READ,./data/uz00046,8586760,10304111
1709508989504,READ,./data/uz00046,6869408,8586759
1709508989610,READ,./data/uz00046,3434704,5152055
1709508989734,READ,./data/uz00046,1717352,3434703
1709508989767,READ,./data/uz00046,12021464,13738815
1709508989856,READ,./data/uz00046,13738816,15456167
1709508989915,READ,./data/uz00046,15456168,17173511
1709508990197,READ,./data/pp00046,0,1717351
1709508990267,READ,./data/pp00046,3434704,5152055
1709508990277,READ,./data/pp00046,8586760,10304111
1709508990372,READ,./data/pp00046,5152056,6869407
1709508990451,READ,./data/pp00046,12021464,13738815
1709508990536,READ,./data/pp00046,1717352,3434703
1709508990565,READ,./data/pp00046,10304112,12021463
1709508990641,READ,./data/pp00046,15456168,17173511
1709508990745,READ,./data/pp00046,13738816,15456167
1709508990844,READ,./data/pp00046,6869408,8586759
1709508991263,READ,./data/phi100046,0,1717351
1709508991277,READ,./data/phi100046,15456168,17173511
1709508991378,READ,./data/phi100046,12021464,13738815
1709508991575,READ,./data/phi100046,8586760,10304111
1709508991740,READ,./data/phi100046,10304112,12021463
1709508991836,READ,./data/phi100046,6869408,8586759
1709508991900,READ,./data/phi100046,1717352,3434703
1709508992036,READ,./data/phi100046,3434704,5152055
1709508992120,READ,./data/phi100046,13738816,15456167
1709508992131,READ,./data/phi100046,5152056,6869407
1709508992143,READ,./data/snap0000046.ini,0,301
1709508992525,READ,./data/vort046,5152056,6869407
1709508992582,READ,./data/vort046,0,1717351
1709508992648,READ,./data/vort046,1717352,3434703
1709508992715,READ,./data/vort046,6869408,8586759
1709508992717,READ,./data/vort046,15456168,17173511
1709508992818,READ,./data/vort046,8586760,10304111
1709508992882,READ,./data/vort046,10304112,12021463
1709508992920,READ,./data/vort046,3434704,5152055
1709508993019,READ,./data/vort046,12021464,13738815
1709508993061,READ,./data/vort046,13738816,15456167
1709508993549,READ,./data/vort046,0,1717351
1709508993578,READ,./data/vort046,13738816,15456167
1709508993649,READ,./data/vort046,12021464,13738815
1709508993687,READ,./data/vort046,1717352,3434703
1709508993776,READ,./data/vort046,10304112,12021463
1709508993811,READ,./data/vort046,3434704,5152055
1709508993837,READ,./data/vort046,8586760,10304111
1709508993856,READ,./data/vort046,15456168,17173511
1709508993962,READ,./data/vort046,6869408,8586759
1709508994018,READ,./data/vort046,5152056,6869407
1709508994496,READ,./data/vort046,0,1717351
1709508994550,READ,./data/vort046,6869408,8586759
1709508994693,READ,./data/vort046,8586760,10304111
1709508994779,READ,./data/vort046,12021464,13738815
1709508994835,READ,./data/vort046,1717352,3434703
1709508994919,READ,./data/vort046,13738816,15456167
1709508994953,READ,./data/vort046,3434704,5152055
1709508995013,READ,./data/vort046,10304112,12021463
1709508995091,READ,./data/vort046,5152056,6869407
1709508995175,READ,./data/vort046,15456168,17173511
1709508995663,READ,./data/vort046,0,1717351
1709508995702,READ,./data/vort046,15456168,17173511
1709508995724,READ,./data/vort046,10304112,12021463
1709508995727,READ,./data/vort046,5152056,6869407
1709508995818,READ,./data/vort046,12021464,13738815
1709508995868,READ,./data/vort046,13738816,15456167
1709508995934,READ,./data/vort046,3434704,5152055
1709508995956,READ,./data/vort046,8586760,10304111
1709508995985,READ,./data/vort046,1717352,3434703
1709508996063,READ,./data/vort046,6869408,8586759
1709508996288,READ,./data/ux00047,0,1717351
1709508996305,READ,./data/ux00047,6869408,8586759
1709508996407,READ,./data/ux00047,3434704,5152055
1709508996408,READ,./data/ux00047,15456168,17173511
1709508996488,READ,./data/ux00047,8586760,10304111
1709508996536,READ,./data/ux00047,1717352,3434703
1709508996612,READ,./data/ux00047,12021464,13738815
1709508996666,READ,./data/ux00047,10304112,12021463
1709508996744,READ,./data/ux00047,5152056,6869407
1709508996787,READ,./data/ux00047,13738816,15456167
1709508997116,READ,./data/uy00047,3434704,5152055
1709508997206,READ,./data/uy00047,0,1717351
1709508997274,READ,./data/uy00047,5152056,6869407
1709508997284,READ,./data/uy00047,8586760,10304111
1709508997390,READ,./data/uy00047,6869408,8586759
1709508997409,READ,./data/uy00047,10304112,12021463
1709508997464,READ,./data/uy00047,12021464,13738815
1709508997553,READ,./data/uy00047,15456168,17173511
1709508997622,READ,./data/uy00047,1717352,3434703
1709508997652,READ,./data/uy00047,13738816,15456167
1709508997945,READ,./data/uz00047,0,1717351
1709508997970,READ,./data/uz00047,8586760,10304111
1709508997979,READ,./data/uz00047,15456168,17173511
1709508998079,READ,./data/uz00047,12021464,13738815
1709508998107,READ,./data/uz00047,6869408,8586759
1709508998202,READ,./data/uz00047,3434704,5152055
1709508998277,READ,./data/uz00047,1717352,3434703
1709508998348,READ,./data/uz00047,5152056,6869407
1709508998381,READ,./data/uz00047,13738816,15456167
1709508998390,READ,./data/uz00047,10304112,12021463
1709508998734,READ,./data/pp00047,0,1717351
1709508998758,READ,./data/pp00047,13738816,15456167
1709508998760,READ,./data/pp00047,8586760,10304111
1709508998770,READ,./data/pp00047,5152056,6869407
1709508998863,READ,./data/pp00047,12021464,13738815
1709508998938,READ,./data/pp00047,1717352,3434703
1709508999043,READ,./data/pp00047,3434704,5152055
1709508999064,READ,./data/pp00047,6869408,8586759
1709508999096,READ,./data/pp00047,15456168,17173511
1709508999120,READ,./data/pp00047,10304112,12021463
1709508999480,READ,./data/phi100047,0,1717351
1709508999492,READ,./data/phi100047,5152056,6869407
1709508999563,READ,./data/phi100047,6869408,8586759
1709508999574,READ,./data/phi100047,15456168,17173511
1709508999671,READ,./data/phi100047,8586760,10304111
1709508999815,READ,./data/phi100047,12021464,13738815
1709508999851,READ,./data/phi100047,1717352,3434703
1709508999942,READ,./data/phi100047,3434704,5152055
1709508999982,READ,./data/phi100047,13738816,15456167
1709509000062,READ,./data/phi100047,10304112,12021463
1709509000074,READ,./data/snap0000047.ini,0,301
1709509000400,READ,./data/vort047,0,1717351
1709509000410,READ,./data/vort047,8586760,10304111
1709509000492,READ,./data/vort047,6869408,8586759
1709509000541,READ,./data/vort047,1717352,3434703
1709509000556,READ,./data/vort047,15456168,17173511
1709509000577,READ,./data/vort047,10304112,12021463
1709509000686,READ,./data/vort047,13738816,15456167
1709509000747,READ,./data/vort047,12021464,13738815
1709509000831,READ,./data/vort047,5152056,6869407
1709509000906,READ,./data/vort047,3434704,5152055
1709509001438,READ,./data/vort047,0,1717351
1709509001471,READ,./data/vort047,10304112,12021463
1709509001576,READ,./data/vort047,12021464,13738815
1709509001679,READ,./data/vort047,6869408,8586759
1709509001800,READ,./data/vort047,3434704,5152055
1709509001928,READ,./data/vort047,5152056,6869407
1709509002016,READ,./data/vort047,13738816,15456167
1709509002034,READ,./data/vort047,8586760,10304111
1709509002085,READ,./data/vort047,15456168,17173511
1709509002087,READ,./data/vort047,1717352,3434703
1709509002591,READ,./data/vort047,0,1717351
1709509002627,READ,./data/vort047,10304112,12021463
1709509002717,READ,./data/vort047,8586760,10304111
1709509002801,READ,./data/vort047,12021464,13738815
1709509002920,READ,./data/vort047,13738816,15456167
1709509002963,READ,./data/vort047,3434704,5152055
1709509003130,READ,./data/vort047,1717352,3434703
1709509003218,READ,./data/vort047,6869408,8586759
1709509003308,READ,./data/vort047,5152056,6869407
1709509003402,READ,./data/vort047,15456168,17173511
1709509003916,READ,./data/vort047,0,1717351
1709509004021,READ,./data/vort047,1717352,3434703
1709509004030,READ,./data/vort047,5152056,6869407
1709509004037,READ,./data/vort047,15456168,17173511
1709509004159,READ,./data/vort047,12021464,13738815
1709509004244,READ,./data/vort047,3434704,5152055
1709509004325,READ,./data/vort047,10304112,12021463
1709509004411,READ,./data/vort047,6869408,8586759
1709509004434,READ,./data/vort047,13738816,15456167
1709509004454,READ,./data/vort047,8586760,10304111
1709509004801,READ,./data/ux00048,5152056,6869407
1709509004803,READ,./data/ux00048,0,1717351
1709509004819,READ,./data/ux00048,8586760,10304111
1709509004826,READ,./data/ux00048,13738816,15456167
1709509004914,READ,./data/ux00048,15456168,17173511
1709509004979,READ,./data/ux00048,6869408,8586759
1709509004996,READ,./data/ux00048,10304112,12021463
1709509005049,READ,./data/ux00048,12021464,13738815
1709509005086,READ,./data/ux00048,3434704,5152055
1709509005108,READ,./data/ux00048,1717352,3434703
1709509005420,READ,./data/uy00048,0,1717351
1709509005421,READ,./data/uy00048,5152056,6869407
1709509005433,READ,./data/uy00048,8586760,10304111
1709509005441,READ,./data/uy00048,15456168,17173511
1709509005507,READ,./data/uy00048,10304112,12021463
1709509005584,READ,./data/uy00048,12021464,13738815
1709509005615,READ,./data/uy00048,13738816,15456167
1709509005693,READ,./data/uy00048,3434704,5152055
1709509005744,READ,./data/uy00048,1717352,3434703
1709509005781,READ,./data/uy00048,6869408,8586759
1709509006195,READ,./data/uz00048,0,1717351
1709509006241,READ,./data/uz00048,12021464,13738815
1709509006350,READ,./data/uz00048,6869408,8586759
1709509006486,READ,./data/uz00048,5152056,6869407
1709509006593,READ,./data/uz00048,3434704,5152055
1709509006614,READ,./data/uz00048,8586760,10304111
1709509006667,READ,./data/uz00048,13738816,15456167
1709509006729,READ,./data/uz00048,15456168,17173511
1709509006820,READ,./data/uz00048,10304112,12021463
1709509006857,READ,./data/uz00048,1717352,3434703
1709509007201,READ,./data/pp00048,0,1717351
1709509007225,READ,./data/pp00048,13738816,15456167
1709509007236,READ,./data/pp00048,8586760,10304111
1709509007321,READ,./data/pp00048,15456168,17173511
1709509007377,READ,./data/pp00048,3434704,5152055
1709509007494,READ,./data/pp00048,5152056,6869407
1709509007554,READ,./data/pp00048,6869408,8586759
1709509007593,READ,./data/pp00048,12021464,13738815
1709509007711,READ,./data/pp00048,1717352,3434703
1709509007744,READ,./data/pp00048,10304112,12021463
1709509008091,READ,./data/phi100048,0,1717351
1709509008186,READ,./data/phi100048,10304112,12021463
1709509008187,READ,./data/phi100048,1717352,3434703
1709509008265,READ,./data/phi100048,12021464,13738815
1709509008268,READ,./data/phi100048,5152056,6869407
1709509008487,READ,./data/phi100048,6869408,8586759
1709509008542,READ,./data/phi100048,8586760,10304111
1709509008595,READ,./data/phi100048,15456168,17173511
1709509008637,READ,./data/phi100048,13738816,15456167
1709509008746,READ,./data/phi100048,3434704,5152055
1709509008758,READ,./data/snap0000048.ini,0,301
1709509009033,READ,./data/vort048,0,1717351
1709509009058,READ,./data/vort048,15456168,17173511
1709509009123,READ,./data/vort048,13738816,15456167
1709509009170,READ,./data/vort048,3434704,5152055
1709509009256,READ,./data/vort048,6869408,8586759
1709509009297,READ,./data/vort048,5152056,6869407
1709509009380,READ,./data/vort048,1717352,3434703
1709509009391,READ,./data/vort048,8586760,10304111
1709509009437,READ,./data/vort048,10304112,12021463
1709509009495,READ,./data/vort048,12021464,13738815
1709509009934,READ,./data/vort048,0,1717351
1709509009973,READ,./data/vort048,13738816,15456167
1709509009986,READ,./data/vort048,6869408,8586759
1709509010055,READ,./data/vort048,15456168,17173511
1709509010105,READ,./data/vort048,1717352,3434703
1709509010165,READ,./data/vort048,5152056,6869407
1709509010227,READ,./data/vort048,8586760,10304111
1709509010297,READ,./data/vort048,3434704,5152055
1709509010355,READ,./data/vort048,10304112,12021463
1709509010405,READ,./data/vort048,12021464,13738815
1709509010924,READ,./data/vort048,0,1717351
1709509010949,READ,./data/vort048,12021464,13738815
1709509010996,READ,./data/vort048,1717352,3434703
1709509011066,READ,./data/vort048,13738816,15456167
1709509011116,READ,./data/vort048,8586760,10304111
1709509011173,READ,./data/vort048,10304112,12021463
1709509011270,READ,./data/vort048,6869408,8586759
1709509011312,READ,./data/vort048,15456168,17173511
1709509011398,READ,./data/vort048,3434704,5152055
1709509011507,READ,./data/vort048,5152056,6869407
1709509011907,READ,./data/vort048,0,1717351
1709509011935,READ,./data/vort048,10304112,12021463
1709509012021,READ,./data/vort048,8586760,10304111
1709509012062,READ,./data/vort048,1717352,3434703
1709509012064,READ,./data/vort048,13738816,15456167
1709509012112,READ,./data/vort048,6869408,8586759
1709509012190,READ,./data/vort048,12021464,13738815
1709509012239,READ,./data/vort048,5152056,6869407
1709509012272,READ,./data/vort048,3434704,5152055
1709509012288,READ,./data/vort048,15456168,17173511
1709509012670,READ,./data/ux00049,0,1717351
1709509012689,READ,./data/ux00049,15456168,17173511
1709509012707,READ,./data/ux00049,6869408,8586759
1709509012796,READ,./data/ux00049,10304112,12021463
1709509012895,READ,./data/ux00049,5152056,6869407
1709509012935,READ,./data/ux00049,1717352,3434703
1709509012957,READ,./data/ux00049,8586760,10304111
1709509013041,READ,./data/ux00049,3434704,5152055
1709509013114,READ,./data/ux00049,12021464,13738815
1709509013139,READ,./data/ux00049,13738816,15456167
1709509013499,READ,./data/uy00049,1717352,3434703
1709509013569,READ,./data/uy00049,10304112,12021463
1709509013575,READ,./data/uy00049,3434704,5152055
1709509013639,READ,./data/uy00049,13738816,15456167
1709509013643,READ,./data/uy00049,6869408,8586759
1709509013720,READ,./data/uy00049,15456168,17173511
1709509013757,READ,./data/uy00049,8586760,10304111
1709509013770,READ,./data/uy00049,5152056,6869407
1709509013843,READ,./data/uy00049,0,1717351
1709509013897,READ,./data/uy00049,12021464,13738815
1709509014185,READ,./data/uz00049,13738816,15456167
1709509014186,READ,./data/uz00049,0,1717351
1709509014207,READ,./data/uz00049,5152056,6869407
1709509014313,READ,./data/uz00049,1717352,3434703
1709509014375,READ,./data/uz00049,6869408,8586759
1709509014497,READ,./data/uz00049,3434704,5152055
1709509014575,READ,./data/uz00049,8586760,10304111
1709509014613,READ,./data/uz00049,10304112,12021463
1709509014698,READ,./data/uz00049,12021464,13738815
1709509014734,READ,./data/uz00049,15456168,17173511
1709509015089,READ,./data/pp00049,0,1717351
1709509015118,READ,./data/pp00049,15456168,17173511
1709509015189,READ,./data/pp00049,12021464,13738815
1709509015261,READ,./data/pp00049,10304112,12021463
1709509015293,READ,./data/pp00049,6869408,8586759
1709509015379,READ,./data/pp00049,5152056,6869407
1709509015455,READ,./data/pp00049,3434704,5152055
1709509015567,READ,./data/pp00049,1717352,3434703
1709509015585,READ,./data/pp00049,13738816,15456167
1709509015634,READ,./data/pp00049,8586760,10304111
1709509015992,READ,./data/phi100049,0,1717351
1709509015999,READ,./data/phi100049,10304112,12021463
1709509016005,READ,./data/phi100049,13738816,15456167
1709509016084,READ,./data/phi100049,3434704,5152055
1709509016188,READ,./data/phi100049,5152056,6869407
1709509016287,READ,./data/phi100049,1717352,3434703
1709509016367,READ,./data/phi100049,12021464,13738815
1709509016466,READ,./data/phi100049,6869408,8586759
1709509016523,READ,./data/phi100049,8586760,10304111
1709509016586,READ,./data/phi100049,15456168,17173511
1709509016619,READ,./data/snap0000049.ini,0,301
1709509016835,READ,./data/vort049,0,1717351
1709509016875,READ,./data/vort049,3434704,5152055
1709509016885,READ,./data/vort049,8586760,10304111
1709509016918,READ,./data/vort049,1717352,3434703
1709509016978,READ,./data/vort049,12021464,13738815
1709509017083,READ,./data/vort049,13738816,15456167
1709509017153,READ,./data/vort049,6869408,8586759
1709509017189,READ,./data/vort049,10304112,12021463
1709509017219,READ,./data/vort049,5152056,6869407
1709509017290,READ,./data/vort049,15456168,17173511
1709509017711,READ,./data/vort049,0,1717351
1709509017771,READ,./data/vort049,10304112,12021463
1709509017864,READ,./data/vort049,8586760,10304111
1709509017866,READ,./data/vort049,13738816,15456167
1709509017914,READ,./data/vort049,3434704,5152055
1709509018040,READ,./data/vort049,6869408,8586759
1709509018116,READ,./data/vort049,12021464,13738815
1709509018141,READ,./data/vort049,5152056,6869407
1709509018150,READ,./data/vort049,15456168,17173511
1709509018152,READ,./data/vort049,1717352,3434703
1709509018614,READ,./data/vort049,0,1717351
1709509018661,READ,./data/vort049,10304112,12021463
1709509018718,READ,./data/vort049,1717352,3434703
1709509018725,READ,./data/vort049,15456168,17173511
1709509018754,READ,./data/vort049,3434704,5152055
1709509018820,READ,./data/vort049,8586760,10304111
1709509018909,READ,./data/vort049,5152056,6869407
1709509018959,READ,./data/vort049,6869408,8586759
1709509019072,READ,./data/vort049,12021464,13738815
1709509019140,READ,./data/vort049,13738816,15456167
1709509019515,READ,./data/vort049,0,1717351
1709509019543,READ,./data/vort049,8586760,10304111
1709509019624,READ,./data/vort049,6869408,8586759
1709509019665,READ,./data/vort049,1717352,3434703
1709509019670,READ,./data/vort049,13738816,15456167
1709509019761,READ,./data/vort049,12021464,13738815
1709509019833,READ,./data/vort049,3434704,5152055
1709509019886,READ,./data/vort049,10304112,12021463
1709509019928,READ,./data/vort049,15456168,17173511
1709509019965,READ,./data/vort049,5152056,6869407
1709509020400,READ,./data/ux00050,10304112,12021463
1709509020402,READ,./data/ux00050,0,1717351
1709509020499,READ,./data/ux00050,5152056,6869407
1709509020506,READ,./data/ux00050,8586760,10304111
1709509020535,READ,./data/ux00050,12021464,13738815
1709509020633,READ,./data/ux00050,13738816,15456167
1709509020672,READ,./data/ux00050,15456168,17173511
1709509020720,READ,./data/ux00050,1717352,3434703
1709509020788,READ,./data/ux00050,6869408,8586759
1709509020823,READ,./data/ux00050,3434704,5152055
1709509021222,READ,./data/uy00050,0,1717351
1709509021224,READ,./data/uy00050,13738816,15456167
1709509021281,READ,./data/uy00050,1717352,3434703
1709509021341,READ,./data/uy00050,15456168,17173511
1709509021343,READ,./data/uy00050,8586760,10304111
1709509021357,READ,./data/uy00050,5152056,6869407
1709509021412,READ,./data/uy00050,3434704,5152055
1709509021483,READ,./data/uy00050,10304112,12021463
1709509021538,READ,./data/uy00050,6869408,8586759
1709509021661,READ,./data/uy00050,12021464,13738815
1709509022036,READ,./data/uz00050,0,1717351
1709509022052,READ,./data/uz00050,15456168,17173511
1709509022063,READ,./data/uz00050,8586760,10304111
1709509022131,READ,./data/uz00050,10304112,12021463
1709509022163,READ,./data/uz00050,6869408,8586759
1709509022207,READ,./data/uz00050,1717352,3434703
1709509022285,READ,./data/uz00050,13738816,15456167
1709509022358,READ,./data/uz00050,3434704,5152055
1709509022462,READ,./data/uz00050,12021464,13738815
1709509022544,READ,./data/uz00050,5152056,6869407
1709509022835,READ,./data/pp00050,0,1717351
1709509022848,READ,./data/pp00050,13738816,15456167
1709509022898,READ,./data/pp00050,1717352,3434703
1709509022918,READ,./data/pp00050,6869408,8586759
1709509023036,READ,./data/pp00050,8586760,10304111
1709509023098,READ,./data/pp00050,10304112,12021463
1709509023153,READ,./data/pp00050,15456168,17173511
1709509023164,READ,./data/pp00050,5152056,6869407
1709509023203,READ,./data/pp00050,3434704,5152055
1709509023231,READ,./data/pp00050,12021464,13738815
1709509023484,READ,./data/phi100050,3434704,5152055
1709509023561,READ,./data/phi100050,0,1717351
1709509023603,READ,./data/phi100050,1717352,3434703
1709509023605,READ,./data/phi100050,15456168,17173511
1709509023666,READ,./data/phi100050,12021464,13738815
1709509023770,READ,./data/phi100050,10304112,12021463
1709509023846,READ,./data/phi100050,5152056,6869407
1709509023873,READ,./data/phi100050,13738816,15456167
1709509023884,READ,./data/phi100050,8586760,10304111
1709509023975,READ,./data/phi100050,6869408,8586759
1709509023988,READ,./data/snap0000050.ini,0,301
1709509024285,READ,./data/vort050,0,1717351
1709509024296,READ,./data/vort050,6869408,8586759
1709509024298,READ,./data/vort050,15456168,17173511
1709509024390,READ,./data/vort050,13738816,15456167
1709509024488,READ,./data/vort050,8586760,10304111
1709509024539,READ,./data/vort050,1717352,3434703
1709509024567,READ,./data/vort050,10304112,12021463
1709509024665,READ,./data/vort050,12021464,13738815
1709509024726,READ,./data/vort050,5152056,6869407
1709509024854,READ,./data/vort050,3434704,5152055
1709509025211,READ,./data/vort050,0,1717351
1709509025333,READ,./data/vort050,3434704,5152055
1709509025343,READ,./data/vort050,15456168,17173511
1709509025345,READ,./data/vort050,10304112,12021463
1709509025444,READ,./data/vort050,8586760,10304111
1709509025519,READ,./data/vort050,1717352,3434703
1709509025595,READ,./data/vort050,6869408,8586759
1709509025654,READ,./data/vort050,13738816,15456167
1709509025743,READ,./data/vort050,5152056,6869407
1709509025775,READ,./data/vort050,12021464,13738815
1709509026643,READ,./data/vort050,0,1717351
1709509026704,READ,./data/vort050,5152056,6869407
1709509026760,READ,./data/vort050,1717352,3434703
1709509026778,READ,./data/vort050,10304112,12021463
1709509026870,READ,./data/vort050,12021464,13738815
1709509026940,READ,./data/vort050,13738816,15456167
1709509026986,READ,./data/vort050,15456168,17173511
1709509027057,READ,./data/vort050,6869408,8586759
1709509027112,READ,./data/vort050,8586760,10304111
1709509027191,READ,./data/vort050,3434704,5152055
1709509027590,READ,./data/vort050,0,1717351
1709509027640,READ,./data/vort050,8586760,10304111
1709509027649,READ,./data/vort050,13738816,15456167
1709509027704,READ,./data/vort050,1717352,3434703
1709509027760,READ,./data/vort050,6869408,8586759
1709509027852,READ,./data/vort050,3434704,5152055
1709509027888,READ,./data/vort050,10304112,12021463
1709509027974,READ,./data/vort050,15456168,17173511
1709509028004,READ,./data/vort050,5152056,6869407
1709509028074,READ,./data/vort050,12021464,13738815
1709509028455,READ,./data/ux00051,5152056,6869407
1709509028458,READ,./data/ux00051,8586760,10304111
1709509028469,READ,./data/ux00051,0,1717351
1709509028537,READ,./data/ux00051,3434704,5152055
1709509028624,READ,./data/ux00051,10304112,12021463
1709509028633,READ,./data/ux00051,15456168,17173511
1709509028672,READ,./data/ux00051,6869408,8586759
1709509028740,READ,./data/ux00051,12021464,13738815
1709509028787,READ,./data/ux00051,1717352,3434703
1709509028808,READ,./data/ux00051,13738816,15456167
1709509029033,READ,./data/uy00051,0,1717351
1709509029124,READ,./data/uy00051,15456168,17173511
1709509029173,READ,./data/uy00051,8586760,10304111
1709509029176,READ,./data/uy00051,1717352,3434703
1709509029271,READ,./data/uy00051,12021464,13738815
1709509029319,READ,./data/uy00051,13738816,15456167
1709509029352,READ,./data/uy00051,10304112,12021463
1709509029379,READ,./data/uy00051,3434704,5152055
1709509029439,READ,./data/uy00051,6869408,8586759
1709509029478,READ,./data/uy00051,5152056,6869407
1709509029813,READ,./data/uz00051,0,1717351
1709509029862,READ,./data/uz00051,3434704,5152055
1709509029926,READ,./data/uz00051,6869408,8586759
1709509029996,READ,./data/uz00051,8586760,10304111
1709509030032,READ,./data/uz00051,13738816,15456167
1709509030039,READ,./data/uz00051,1717352,3434703
1709509030116,READ,./data/uz00051,15456168,17173511
1709509030188,READ,./data/uz00051,5152056,6869407
1709509030234,READ,./data/uz00051,12021464,13738815
1709509030323,READ,./data/uz00051,10304112,12021463
1709509030681,READ,./data/pp00051,0,1717351
1709509030687,READ,./data/pp00051,6869408,8586759
1709509030702,READ,./data/pp00051,15456168,17173511
1709509030822,READ,./data/pp00051,3434704,5152055
1709509030853,READ,./data/pp00051,10304112,12021463
1709509030920,READ,./data/pp00051,12021464,13738815
1709509030998,READ,./data/pp00051,1717352,3434703
1709509031057,READ,./data/pp00051,8586760,10304111
1709509031125,READ,./data/pp00051,13738816,15456167
1709509031224,READ,./data/pp00051,5152056,6869407
1709509031570,READ,./data/phi100051,0,1717351
1709509031575,READ,./data/phi100051,10304112,12021463
1709509031643,READ,./data/phi100051,12021464,13738815
1709509031685,READ,./data/phi100051,6869408,8586759
1709509031762,READ,./data/phi100051,3434704,5152055
1709509031832,READ,./data/phi100051,1717352,3434703
1709509031897,READ,./data/phi100051,8586760,10304111
1709509031982,READ,./data/phi100051,15456168,17173511
1709509032089,READ,./data/phi100051,13738816,15456167
1709509032090,READ,./data/phi100051,5152056,6869407
1709509032103,READ,./data/snap0000051.ini,0,301
1709509032360,READ,./data/vort051,0,1717351
1709509032417,READ,./data/vort051,5152056,6869407
1709509032426,READ,./data/vort051,12021464,13738815
1709509032503,READ,./data/vort051,15456168,17173511
1709509032580,READ,./data/vort051,10304112,12021463
1709509032661,READ,./data/vort051,3434704,5152055
1709509032690,READ,./data/vort051,13738816,15456167
1709509032720,READ,./data/vort051,1717352,3434703
1709509032758,READ,./data/vort051,6869408,8586759
1709509032777,READ,./data/vort051,8586760,10304111
1709509033240,READ,./data/vort051,0,1717351
1709509033328,READ,./data/vort051,3434704,5152055
1709509033412,READ,./data/vort051,15456168,17173511
1709509033423,READ,./data/vort051,5152056,6869407
1709509033427,READ,./data/vort051,8586760,10304111
1709509033527,READ,./data/vort051,12021464,13738815
1709509033555,READ,./data/vort051,10304112,12021463
1709509033583,READ,./data/vort051,1717352,3434703
1709509033614,READ,./data/vort051,13738816,15456167
1709509033661,READ,./data/vort051,6869408,8586759
1709509034142,READ,./data/vort051,0,1717351
1709509034199,READ,./data/vort051,5152056,6869407
1709509034270,READ,./data/vort051,6869408,8586759
1709509034349,READ,./data/vort051,10304112,12021463
1709509034398,READ,./data/vort051,1717352,3434703
1709509034435,READ,./data/vort051,8586760,10304111
1709509034539,READ,./data/vort051,12021464,13738815
1709509034629,READ,./data/vort051,13738816,15456167
1709509034666,READ,./data/vort051,3434704,5152055
1709509034689,READ,./data/vort051,15456168,17173511
1709509035185,READ,./data/vort051,0,1717351
1709509035227,READ,./data/vort051,12021464,13738815
1709509035312,READ,./data/vort051,6869408,8586759
1709509035344,READ,./data/vort051,10304112,12021463
1709509035395,READ,./data/vort051,5152056,6869407
1709509035458,READ,./data/vort051,8586760,10304111
1709509035513,READ,./data/vort051,15456168,17173511
1709509035620,READ,./data/vort051,13738816,15456167
1709509035662,READ,./data/vort051,3434704,5152055
1709509035719,READ,./data/vort051,1717352,3434703
1709509036068,READ,./data/ux00052,5152056,6869407
1709509036069,READ,./data/ux00052,1717352,3434703
1709509036079,READ,./data/ux00052,13738816,15456167
1709509036091,READ,./data/ux00052,8586760,10304111
1709509036150,READ,./data/ux00052,15456168,17173511
1709509036200,READ,./data/ux00052,3434704,5152055
1709509036281,READ,./data/ux00052,10304112,12021463
1709509036314,READ,./data/ux00052,12021464,13738815
1709509036364,READ,./data/ux00052,6869408,8586759
1709509036391,READ,./data/ux00052,0,1717351
1709509036682,READ,./data/uy00052,0,1717351
1709509036694,READ,./data/uy00052,13738816,15456167
1709509036760,READ,./data/uy00052,12021464,13738815
1709509036839,READ,./data/uy00052,6869408,8586759
1709509036885,READ,./data/uy00052,8586760,10304111
1709509036956,READ,./data/uy00052,3434704,5152055
1709509036998,READ,./data/uy00052,5152056,6869407
1709509037022,READ,./data/uy00052,1717352,3434703
1709509037049,READ,./data/uy00052,10304112,12021463
1709509037076,READ,./data/uy00052,15456168,17173511
1709509037453,READ,./data/uz00052,13738816,15456167
1709509037454,READ,./data/uz00052,0,1717351
1709509037465,READ,./data/uz00052,10304112,12021463
1709509037555,READ,./data/uz00052,6869408,8586759
1709509037648,READ,./data/uz00052,15456168,17173511
1709509037667,READ,./data/uz00052,8586760,10304111
1709509037769,READ,./data/uz00052,5152056,6869407
1709509037814,READ,./data/uz00052,12021464,13738815
1709509037862,READ,./data/uz00052,1717352,3434703
1709509037905,READ,./data/uz00052,3434704,5152055
1709509038234,READ,./data/pp00052,0,1717351
1709509038264,READ,./data/pp00052,10304112,12021463
1709509038355,READ,./data/pp00052,12021464,13738815
1709509038427,READ,./data/pp00052,15456168,17173511
1709509038428,READ,./data/pp00052,5152056,6869407
1709509038475,READ,./data/pp00052,1717352,3434703
1709509038565,READ,./data/pp00052,6869408,8586759
1709509038584,READ,./data/pp00052,13738816,15456167
1709509038610,READ,./data/pp00052,8586760,10304111
1709509038643,READ,./data/pp00052,3434704,5152055
1709509039010,READ,./data/phi100052,0,1717351
1709509039022,READ,./data/phi100052,13738816,15456167
1709509039030,READ,./data/phi100052,6869408,8586759
1709509039112,READ,./data/phi100052,5152056,6869407
1709509039197,READ,./data/phi100052,15456168,17173511
1709509039230,READ,./data/phi100052,10304112,12021463
1709509039268,READ,./data/phi100052,3434704,5152055
1709509039295,READ,./data/phi100052,12021464,13738815
1709509039406,READ,./data/phi100052,8586760,10304111
1709509039434,READ,./data/phi100052,1717352,3434703
1709509039448,READ,./data/snap0000052.ini,0,301
1709509039799,READ,./data/vort052,12021464,13738815
1709509039803,READ,./data/vort052,0,1717351
1709509039909,READ,./data/vort052,10304112,12021463
1709509039962,READ,./data/vort052,15456168,17173511
1709509040023,READ,./data/vort052,6869408,8586759
1709509040065,READ,./data/vort052,8586760,10304111
1709509040138,READ,./data/vort052,5152056,6869407
1709509040180,READ,./data/vort052,1717352,3434703
1709509040238,READ,./data/vort052,3434704,5152055
1709509040249,READ,./data/vort052,13738816,15456167
1709509040740,READ,./data/vort052,0,1717351
1709509040762,READ,./data/vort052,8586760,10304111
1709509040806,READ,./data/vort052,1717352,3434703
1709509040816,READ,./data/vort052,13738816,15456167
1709509040882,READ,./data/vort052,6869408,8586759
1709509040965,READ,./data/vort052,3434704,5152055
1709509041002,READ,./data/vort052,5152056,6869407
1709509041024,READ,./data/vort052,10304112,12021463
1709509041101,READ,./data/vort052,15456168,17173511
1709509041266,READ,./data/vort052,12021464,13738815
1709509041605,READ,out/restart0000210,0,1717351
1709509041618,READ,out/restart0000210,13738816,15456167
1709509041676,READ,out/restart0000210,1717352,3434703
1709509041731,READ,out/restart0000210,12021464,13738815
1709509041811,READ,out/restart0000210,6869408,8586759
1709509041848,READ,out/restart0000210,8586760,10304111
1709509041919,READ,out/restart0000210,3434704,5152055
1709509041957,READ,out/restart0000210,5152056,6869407
1709509042013,READ,out/restart0000210,10304112,12021463
1709509042076,READ,out/restart0000210,15456168,17173511
1709509042096,READ,out/restart0000210,22325568,24042919
1709509042179,READ,out/restart0000210,20608216,22325567
1709509042201,READ,out/restart0000210,24042920,25760271
1709509042211,READ,out/restart0000210,30912328,32629679
1709509042316,READ,out/restart0000210,29194976,30912327
1709509042338,READ,out/restart0000210,27477624,29194975
1709509042364,READ,out/restart0000210,17173512,18890863
1709509042407,READ,out/restart0000210,18890864,20608215
1709509042499,READ,out/restart0000210,25760272,27477623
1709509042512,READ,out/restart0000210,32629680,34347023
1709509042558,READ,out/restart0000210,48085840,49803191
1709509042566,READ,out/restart0000210,34347024,36064375
1709509042569,READ,out/restart0000210,39499080,41216431
1709509042664,READ,out/restart0000210,37781728,39499079
1709509042700,READ,out/restart0000210,41216432,42933783
1709509042795,READ,out/restart0000210,44651136,46368487
1709509042825,READ,out/restart0000210,42933784,44651135
1709509042830,READ,out/restart0000210,36064376,37781727
1709509042834,READ,out/restart0000210,46368488,48085839
1709509042919,READ,out/restart0000210,49803192,51520535
1709509042923,READ,out/restart0000210,65259352,66976703
1709509042987,READ,out/restart0000210,58389944,60107295
1709509043038,READ,out/restart0000210,56672592,58389943
1709509043098,READ,out/restart0000210,53237888,54955239
1709509043156,READ,out/restart0000210,54955240,56672591
1709509043189,READ,out/restart0000210,60107296,61824647
1709509043235,READ,out/restart0000210,61824648,63541999
1709509043247,READ,out/restart0000210,51520536,53237887
1709509043298,READ,out/restart0000210,63542000,65259351
1709509043395,READ,out/restart0000210,66976704,68694047
1709509043398,READ,out/restart0000210,82432864,84150215
1709509043476,READ,out/restart0000210,78998160,80715511
1709509043516,READ,out/restart0000210,75563456,77280807
1709509043550,READ,out/restart0000210,73846104,75563455
1709509043613,READ,out/restart0000210,70411400,72128751
1709509043623,READ,out/restart0000210,80715512,82432863
1709509043674,READ,out/restart0000210,68694048,70411399
1709509043679,READ,out/restart0000210,72128752,73846103
1709509043687,READ,out/restart0000210,77280808,78998159
1709509043696,READ,out/restart0000210,84150216,85867559
1709509043700,READ,out/restart0000210,101323728,103041071
1709509043716,READ,out/restart0000210,89302264,91019615
1709509043767,READ,out/restart0000210,85867560,87584911
1709509043835,READ,out/restart0000210,92736968,94454319
1709509043842,READ,out/restart0000210,87584912,89302263
1709509043911,READ,out/restart0000210,97889024,99606375
1709509043922,READ,out/restart0000210,91019616,92736967
1709509043963,READ,out/restart0000210,94454320,96171671
1709509044035,READ,out/restart0000210,96171672,97889023
1709509044094,READ,out/restart0000210,99606376,101323727
1709509044100,READ,out/restart0000210,118497240,120214583
1709509044106,READ,out/restart0000210,109910480,111627831
1709509044172,READ,out/restart0000210,116779888,118497239
1709509044221,READ,out/restart0000210,111627832,113345183
1709509044258,READ,out/restart0000210,108193128,109910479
1709509044302,READ,out/restart0000210,106475776,108193127
1709509044311,READ,out/restart0000210,103041072,104758423
1709509044397,READ,out/restart0000210,104758424,106475775
1709509044399,READ,out/restart0000210,113345184,115062535
1709509044489,READ,out/restart0000210,115062536,116779887
1709509044494,READ,out/restart0000210,135670752,137388095
1709509044500,READ,out/restart0000210,125366640,127083991
1709509044564,READ,out/restart0000210,133953400,135670751
1709509044603,READ,out/restart0000210,120214584,121931935
1709509044639,READ,out/restart0000210,123649288,125366639
1709509044699,READ,out/restart0000210,128801344,130518695
1709509044739,READ,out/restart0000210,121931936,123649287
1709509044739,READ,out/restart0000210,127083992,128801343
1709509044740,READ,out/restart0000210,130518696,132236047
1709509044819,READ,out/restart0000210,132236048,133953399
1709509044824,READ,out/restart0000210,152844264,154561607
1709509044842,READ,out/restart0000210,144257504,145974855
1709509044863,READ,out/restart0000210,139105448,140822799
1709509044900,READ,out/restart0000210,151126912,152844263
1709509044943,READ,out/restart0000210,149409560,151126911
1709509045018,READ,out/restart0000210,145974856,147692207
1709509045052,READ,out/restart0000210,140822800,142540151
1709509045092,READ,out/restart0000210,142540152,144257503
1709509045108,READ,out/restart0000210,147692208,149409559
1709509045221,READ,out/restart0000210,137388096,139105447
1709509045235,READ,out/restart0000210,169779069,171469895
1709509045246,READ,out/restart0000210,156252437,157943265
1709509045255,READ,out/restart0000210,161324924,163015752
1709509045330,READ,out/restart0000210,157943266,159634094
1709509045371,READ,out/restart0000210,163015753,164706581
1709509045498,READ,out/restart0000210,159634095,161324923
1709509045549,READ,out/restart0000210,166397411,168088239
1709509045606,READ,out/restart0000210,164706582,166397410
1709509045623,READ,out/restart0000210,154561608,156252436
1709509045634,READ,out/restart0000210,168088240,169779068
1709509045639,READ,out/restart0000210,186926064,188643407
1709509045705,READ,out/restart0000210,185208712,186926063
1709509045714,READ,out/restart0000210,174904600,176621951
1709509045725,READ,out/restart0000210,181774008,183491359
1709509045788,READ,out/restart0000210,176621952,178339303
1709509045877,READ,out/restart0000210,171469896,173187247
1709509045911,READ,out/restart0000210,173187248,174904599
1709509045927,READ,out/restart0000210,178339304,180056655
1709509045987,READ,out/restart0000210,183491360,185208711
1709509046069,READ,out/restart0000210,180056656,181774007
1709509046082,READ,out/restart0000210,204099576,205816919
1709509046088,READ,out/restart0000210,193795464,195512815
1709509046119,READ,out/restart0000210,197230168,198947519
1709509046183,READ,out/restart0000210,200664872,202382223
1709509046210,READ,out/restart0000210,195512816,197230167
1709509046276,READ,out/restart0000210,188643408,190360759
1709509046314,READ,out/restart0000210,190360760,192078111
1709509046347,READ,out/restart0000210,202382224,204099575
1709509046405,READ,out/restart0000210,198947520,200664871
1709509046483,READ,out/restart0000210,192078112,193795463
1709509046487,READ,out/restart0000210,221273088,222990431
1709509046561,READ,out/restart0000210,209251624,210968975
1709509046585,READ,out/restart0000210,205816920,207534271
1709509046598,READ,out/restart0000210,219555736,221273087
1709509046664,READ,out/restart0000210,207534272,209251623
1709509046666,READ,out/restart0000210,210968976,212686327
1709509046676,READ,out/restart0000210,217838384,219555735
1709509046748,READ,out/restart0000210,212686328,214403679
1709509046789,READ,out/restart0000210,214403680,216121031
1709509046832,READ,out/restart0000210,216121032,217838383
1709509046870,READ,out/restart0000210.info,0,538
1709509047038,READ,./data/vort052,0,1717351
1709509047106,READ,./data/vort052,13738816,15456167
1709509047131,READ,./data/vort052,6869408,8586759
1709509047205,READ,./data/vort052,5152056,6869407
1709509047304,READ,./data/vort052,15456168,17173511
1709509047359,READ,./data/vort052,8586760,10304111
1709509047390,READ,./data/vort052,3434704,5152055
1709509047430,READ,./data/vort052,12021464,13738815
1709509047577,READ,./data/vort052,10304112,12021463
1709509047619,READ,./data/vort052,1717352,3434703
1709509048072,READ,./data/vort052,0,1717351
1709509048118,READ,./data/vort052,12021464,13738815
1709509048131,READ,./data/vort052,5152056,6869407
1709509048214,READ,./data/vort052,8586760,10304111
1709509048265,READ,./data/vort052,1717352,3434703
1709509048339,READ,./data/vort052,13738816,15456167
1709509048374,READ,./data/vort052,15456168,17173511
1709509048458,READ,./data/vort052,10304112,12021463
1709509048560,READ,./data/vort052,6869408,8586759
1709509048636,READ,./data/vort052,3434704,5152055
1709509048958,READ,./data/ux00053,0,1717351
1709509048982,READ,./data/ux00053,6869408,8586759
1709509049063,READ,./data/ux00053,5152056,6869407
1709509049146,READ,./data/ux00053,8586760,10304111
1709509049192,READ,./data/ux00053,13738816,15456167
1709509049194,READ,./data/ux00053,3434704,5152055
1709509049302,READ,./data/ux00053,12021464,13738815
1709509049328,READ,./data/ux00053,15456168,17173511
1709509049361,READ,./data/ux00053,1717352,3434703
1709509049454,READ,./data/ux00053,10304112,12021463
1709509049678,READ,./data/uy00053,0,1717351
1709509049682,READ,./data/uy00053,5152056,6869407
1709509049713,READ,./data/uy00053,15456168,17173511
1709509049768,READ,./data/uy00053,10304112,12021463
1709509049785,READ,./data/uy00053,3434704,5152055
1709509049867,READ,./data/uy00053,6869408,8586759
1709509049923,READ,./data/uy00053,12021464,13738815
1709509049956,READ,./data/uy00053,13738816,15456167
1709509049978,READ,./data/uy00053,1717352,3434703
1709509050068,READ,./data/uy00053,8586760,10304111
1709509050321,READ,./data/uz00053,0,1717351
1709509050337,READ,./data/uz00053,5152056,6869407
1709509050346,READ,./data/uz00053,15456168,17173511
1709509050430,READ,./data/uz00053,3434704,5152055
1709509050439,READ,./data/uz00053,8586760,10304111
1709509050482,READ,./data/uz00053,1717352,3434703
1709509050554,READ,./data/uz00053,12021464,13738815
1709509050624,READ,./data/uz00053,10304112,12021463
1709509050688,READ,./data/uz00053,13738816,15456167
1709509050709,READ,./data/uz00053,6869408,8586759
1709509051030,READ,./data/pp00053,0,1717351
1709509051074,READ,./data/pp00053,15456168,17173511
1709509051158,READ,./data/pp00053,8586760,10304111
1709509051158,READ,./data/pp00053,13738816,15456167
1709509051248,READ,./data/pp00053,6869408,8586759
1709509051289,READ,./data/pp00053,10304112,12021463
1709509051350,READ,./data/pp00053,12021464,13738815
1709509051446,READ,./data/pp00053,5152056,6869407
1709509051495,READ,./data/pp00053,3434704,5152055
1709509051533,READ,./data/pp00053,1717352,3434703
1709509051825,READ,./data/phi100053,0,1717351
1709509051871,READ,./data/phi100053,1717352,3434703
1709509051880,READ,./data/phi100053,10304112,12021463
1709509051973,READ,./data/phi100053,6869408,8586759
1709509052099,READ,./data/phi100053,5152056,6869407
1709509052103,READ,./data/phi100053,13738816,15456167
1709509052105,READ,./data/phi100053,8586760,10304111
1709509052217,READ,./data/phi100053,12021464,13738815
1709509052305,READ,./data/phi100053,3434704,5152055
1709509052364,READ,./data/phi100053,15456168,17173511
1709509052376,READ,./data/snap0000053.ini,0,301
1709509052687,READ,./data/vort053,0,1717351
1709509052689,READ,./data/vort053,5152056,6869407
1709509052761,READ,./data/vort053,6869408,8586759
1709509052815,READ,./data/vort053,3434704,5152055
1709509052896,READ,./data/vort053,15456168,17173511
1709509052898,READ,./data/vort053,10304112,12021463
1709509052964,READ,./data/vort053,13738816,15456167
1709509052983,READ,./data/vort053,1717352,3434703
1709509053061,READ,./data/vort053,12021464,13738815
1709509053212,READ,./data/vort053,8586760,10304111
1709509053633,READ,./data/vort053,0,1717351
1709509053670,READ,./data/vort053,8586760,10304111
1709509053680,READ,./data/vort053,15456168,17173511
1709509053730,READ,./data/vort053,3434704,5152055
1709509053872,READ,./data/vort053,5152056,6869407
1709509053888,READ,./data/vort053,1717352,3434703
1709509053930,READ,./data/vort053,10304112,12021463
1709509054051,READ,./data/vort053,12021464,13738815
1709509054258,READ,./data/vort053,13738816,15456167
1709509054282,READ,./data/vort053,6869408,8586759
1709509054840,READ,./data/vort053,0,1717351
1709509054866,READ,./data/vort053,5152056,6869407
1709509054877,READ,./data/vort053,12021464,13738815
1709509054982,READ,./data/vort053,8586760,10304111
1709509055016,READ,./data/vort053,1717352,3434703
1709509055098,READ,./data/vort053,6869408,8586759
1709509055137,READ,./data/vort053,10304112,12021463
1709509055176,READ,./data/vort053,15456168,17173511
1709509055264,READ,./data/vort053,13738816,15456167
1709509055304,READ,./data/vort053,3434704,5152055
1709509055856,READ,./data/vort053,0,1717351
1709509055904,READ,./data/vort053,15456168,17173511
1709509055908,READ,./data/vort053,6869408,8586759
1709509056004,READ,./data/vort053,5152056,6869407
1709509056094,READ,./data/vort053,8586760,10304111
1709509056196,READ,./data/vort053,12021464,13738815
1709509056232,READ,./data/vort053,13738816,15456167
1709509056297,READ,./data/vort053,10304112,12021463
1709509056357,READ,./data/vort053,1717352,3434703
1709509056412,READ,./data/vort053,3434704,5152055
1709509056980,READ,./data/ux00054,0,1717351
1709509056980,READ,./data/ux00054,5152056,6869407
1709509056995,READ,./data/ux00054,8586760,10304111
1709509056995,READ,./data/ux00054,13738816,15456167
1709509057109,READ,./data/ux00054,10304112,12021463
1709509057145,READ,./data/ux00054,1717352,3434703
1709509057223,READ,./data/ux00054,12021464,13738815
1709509057295,READ,./data/ux00054,6869408,8586759
1709509057324,READ,./data/ux00054,3434704,5152055
1709509057366,READ,./data/ux00054,15456168,17173511
1709509057673,READ,./data/uy00054,0,1717351
1709509057684,READ,./data/uy00054,13738816,15456167
1709509057731,READ,./data/uy00054,1717352,3434703
1709509057734,READ,./data/uy00054,5152056,6869407
1709509057813,READ,./data/uy00054,12021464,13738815
1709509057900,READ,./data/uy00054,3434704,5152055
1709509057971,READ,./data/uy00054,10304112,12021463
1709509058043,READ,./data/uy00054,6869408,8586759
1709509058101,READ,./data/uy00054,8586760,10304111
1709509058119,READ,./data/uy00054,15456168,17173511
1709509058422,READ,./data/uz00054,0,1717351
1709509058516,READ,./data/uz00054,3434704,5152055
1709509058596,READ,./data/uz00054,13738816,15456167
1709509058601,READ,./data/uz00054,5152056,6869407
1709509058697,READ,./data/uz00054,15456168,17173511
1709509058766,READ,./data/uz00054,6869408,8586759
1709509058835,READ,./data/uz00054,1717352,3434703
1709509058947,READ,./data/uz00054,12021464,13738815
1709509058989,READ,./data/uz00054,8586760,10304111
1709509059048,READ,./data/uz00054,10304112,12021463
1709509059341,READ,./data/pp00054,10304112,12021463
1709509059346,READ,./data/pp00054,5152056,6869407
1709509059350,READ,./data/pp00054,1717352,3434703
1709509059427,READ,./data/pp00054,0,1717351
1709509059532,READ,./data/pp00054,8586760,10304111
1709509059668,READ,./data/pp00054,6869408,8586759
1709509059735,READ,./data/pp00054,13738816,15456167
1709509059737,READ,./data/pp00054,3434704,5152055
1709509059830,READ,./data/pp00054,12021464,13738815
1709509059909,READ,./data/pp00054,15456168,17173511
1709509060138,READ,./data/phi100054,0,1717351
1709509060191,READ,./data/phi100054,1717352,3434703
1709509060193,READ,./data/phi100054,15456168,17173511
1709509060278,READ,./data/phi100054,12021464,13738815
1709509060351,READ,./data/phi100054,6869408,8586759
1709509060451,READ,./data/phi100054,5152056,6869407
1709509060459,READ,./data/phi100054,8586760,10304111
1709509060548,READ,./data/phi100054,3434704,5152055
1709509060585,READ,./data/phi100054,10304112,12021463
1709509060600,READ,./data/phi100054,13738816,15456167
1709509060643,READ,./data/snap0000054.ini,0,301
1709509060994,READ,./data/vort054,0,1717351
1709509061041,READ,./data/vort054,10304112,12021463
1709509061043,READ,./data/vort054,3434704,5152055
1709509061124,READ,./data/vort054,5152056,6869407
1709509061197,READ,./data/vort054,12021464,13738815
1709509061220,READ,./data/vort054,1717352,3434703
1709509061257,READ,./data/vort054,6869408,8586759
1709509061294,READ,./data/vort054,8586760,10304111
1709509061358,READ,./data/vort054,13738816,15456167
1709509061459,READ,./data/vort054,15456168,17173511
1709509061971,READ,./data/vort054,0,1717351
1709509061994,READ,./data/vort054,13738816,15456167
1709509062078,READ,./data/vort054,12021464,13738815
1709509062150,READ,./data/vort054,15456168,17173511
1709509062232,READ,./data/vort054,6869408,8586759
1709509062311,READ,./data/vort054,5152056,6869407
1709509062358,READ,./data/vort054,3434704,5152055
1709509062419,READ,./data/vort054,1717352,3434703
1709509062433,READ,./data/vort054,10304112,12021463
1709509062474,READ,./data/vort054,8586760,10304111
1709509063079,READ,./data/vort054,0,1717351
1709509063124,READ,./data/vort054,12021464,13738815
1709509063228,READ,./data/vort054,13738816,15456167
1709509063264,READ,./data/vort054,3434704,5152055
1709509063339,READ,./data/vort054,10304112,12021463
1709509063384,READ,./data/vort054,8586760,10304111
1709509063410,READ,./data/vort054,15456168,17173511
1709509063469,READ,./data/vort054,6869408,8586759
1709509063521,READ,./data/vort054,5152056,6869407
1709509063542,READ,./data/vort054,1717352,3434703
1709509064142,READ,./data/vort054,0,1717351
1709509064194,READ,./data/vort054,15456168,17173511
1709509064291,READ,./data/vort054,12021464,13738815
1709509064370,READ,./data/vort054,8586760,10304111
1709509064417,READ,./data/vort054,3434704,5152055
1709509064506,READ,./data/vort054,1717352,3434703
1709509064523,READ,./data/vort054,6869408,8586759
1709509064571,READ,./data/vort054,5152056,6869407
1709509064602,READ,./data/vort054,13738816,15456167
1709509064610,READ,./data/vort054,10304112,12021463
1709509064952,READ,./data/ux00055,0,1717351
1709509064977,READ,./data/ux00055,12021464,13738815
1709509065105,READ,./data/ux00055,6869408,8586759
1709509065231,READ,./data/ux00055,5152056,6869407
1709509065238,READ,./data/ux00055,10304112,12021463
1709509065283,READ,./data/ux00055,15456168,17173511
1709509065322,READ,./data/ux00055,1717352,3434703
1709509065384,READ,./data/ux00055,8586760,10304111
1709509065464,READ,./data/ux00055,13738816,15456167
1709509065546,READ,./data/ux00055,3434704,5152055
1709509065930,READ,./data/uy00055,0,1717351
1709509065942,READ,./data/uy00055,8586760,10304111
1709509066028,READ,./data/uy00055,10304112,12021463
1709509066029,READ,./data/uy00055,15456168,17173511
1709509066115,READ,./data/uy00055,12021464,13738815
1709509066148,READ,./data/uy00055,1717352,3434703
1709509066226,READ,./data/uy00055,6869408,8586759
1709509066309,READ,./data/uy00055,3434704,5152055
1709509066351,READ,./data/uy00055,5152056,6869407
1709509066375,READ,./data/uy00055,13738816,15456167
1709509066753,READ,./data/uz00055,0,1717351
1709509066770,READ,./data/uz00055,5152056,6869407
1709509066785,READ,./data/uz00055,8586760,10304111
1709509066879,READ,./data/uz00055,10304112,12021463
1709509066904,READ,./data/uz00055,12021464,13738815
1709509066987,READ,./data/uz00055,3434704,5152055
1709509067074,READ,./data/uz00055,15456168,17173511
1709509067140,READ,./data/uz00055,6869408,8586759
1709509067179,READ,./data/uz00055,13738816,15456167
1709509067206,READ,./data/uz00055,1717352,3434703
1709509067457,READ,./data/pp00055,10304112,12021463
1709509067458,READ,./data/pp00055,0,1717351
1709509067520,READ,./data/pp00055,3434704,5152055
1709509067659,READ,./data/pp00055,1717352,3434703
1709509067725,READ,./data/pp00055,12021464,13738815
1709509067828,READ,./data/pp00055,6869408,8586759
1709509067932,READ,./data/pp00055,15456168,17173511
1709509067996,READ,./data/pp00055,8586760,10304111
1709509068061,READ,./data/pp00055,5152056,6869407
1709509068086,READ,./data/pp00055,13738816,15456167
1709509068428,READ,./data/phi100055,0,1717351
1709509068548,READ,./data/phi100055,10304112,12021463
1709509068549,READ,./data/phi100055,1717352,3434703
1709509068626,READ,./data/phi100055,12021464,13738815
1709509068697,READ,./data/phi100055,13738816,15456167
1709509068789,READ,./data/phi100055,8586760,10304111
1709509068865,READ,./data/phi100055,6869408,8586759
1709509068959,READ,./data/phi100055,3434704,5152055
1709509069034,READ,./data/phi100055,5152056,6869407
1709509069125,READ,./data/phi100055,15456168,17173511
1709509069159,READ,./data/snap0000055.ini,0,301
1709509069435,READ,./data/vort055,0,1717351
1709509069437,READ,./data/vort055,5152056,6869407
1709509069513,READ,./data/vort055,6869408,8586759
1709509069592,READ,./data/vort055,8586760,10304111
1709509069669,READ,./data/vort055,10304112,12021463
1709509069704,READ,./data/vort055,1717352,3434703
1709509069781,READ,./data/vort055,12021464,13738815
1709509069856,READ,./data/vort055,15456168,17173511
1709509069940,READ,./data/vort055,13738816,15456167
1709509070028,READ,./data/vort055,3434704,5152055
1709509070534,READ,./data/vort055,0,1717351
1709509070566,READ,./data/vort055,12021464,13738815
1709509070581,READ,./data/vort055,5152056,6869407
1709509070639,READ,./data/vort055,8586760,10304111
1709509070719,READ,./data/vort055,13738816,15456167
1709509070774,READ,./data/vort055,1717352,3434703
1709509070855,READ,./data/vort055,6869408,8586759
1709509070928,READ,./data/vort055,15456168,17173511
1709509071037,READ,./data/vort055,3434704,5152055
1709509071054,READ,./data/vort055,10304112,12021463
1709509071568,READ,./data/vort055,0,1717351
1709509071595,READ,./data/vort055,12021464,13738815
1709509071710,READ,./data/vort055,13738816,15456167
1709509071784,READ,./data/vort055,15456168,17173511
1709509071795,READ,./data/vort055,10304112,12021463
1709509071867,READ,./data/vort055,1717352,3434703
1709509071914,READ,./data/vort055,8586760,10304111
1709509071964,READ,./data/vort055,3434704,5152055
1709509072028,READ,./data/vort055,5152056,6869407
1709509072101,READ,./data/vort055,6869408,8586759
1709509072645,READ,./data/vort055,0,1717351
1709509072708,READ,./data/vort055,13738816,15456167
1709509072742,READ,./data/vort055,6869408,8586759
1709509072837,READ,./data/vort055,8586760,10304111
1709509072944,READ,./data/vort055,10304112,12021463
1709509073040,READ,./data/vort055,15456168,17173511
1709509073122,READ,./data/vort055,3434704,5152055
1709509073255,READ,./data/vort055,1717352,3434703
1709509073364,READ,./data/vort055,5152056,6869407
1709509073364,READ,./data/vort055,12021464,13738815
1709509073703,READ,./data/ux00056,0,1717351
1709509073718,READ,./data/ux00056,12021464,13738815
1709509073788,READ,./data/ux00056,1717352,3434703
1709509073849,READ,./data/ux00056,3434704,5152055
1709509073955,READ,./data/ux00056,10304112,12021463
1709509074014,READ,./data/ux00056,15456168,17173511
1709509074070,READ,./data/ux00056,6869408,8586759
1709509074117,READ,./data/ux00056,8586760,10304111
1709509074149,READ,./data/ux00056,5152056,6869407
1709509074221,READ,./data/ux00056,13738816,15456167
1709509074544,READ,./data/uy00056,0,1717351
1709509074564,READ,./data/uy00056,13738816,15456167
1709509074680,READ,./data/uy00056,15456168,17173511
1709509074681,READ,./data/uy00056,5152056,6869407
1709509074701,READ,./data/uy00056,8586760,10304111
1709509074805,READ,./data/uy00056,3434704,5152055
1709509074987,READ,./data/uy00056,6869408,8586759
1709509075060,READ,./data/uy00056,12021464,13738815
1709509075062,READ,./data/uy00056,1717352,3434703
1709509075136,READ,./data/uy00056,10304112,12021463
1709509075501,READ,./data/uz00056,0,1717351
1709509075532,READ,./data/uz00056,10304112,12021463
1709509075543,READ,./data/uz00056,5152056,6869407
1709509075596,READ,./data/uz00056,1717352,3434703
1709509075694,READ,./data/uz00056,6869408,8586759
1709509075726,READ,./data/uz00056,8586760,10304111
1709509075788,READ,./data/uz00056,13738816,15456167
1709509075808,READ,./data/uz00056,3434704,5152055
1709509075856,READ,./data/uz00056,15456168,17173511
1709509075973,READ,./data/uz00056,12021464,13738815
1709509076279,READ,./data/pp00056,0,1717351
1709509076286,READ,./data/pp00056,13738816,15456167
1709509076303,READ,./data/pp00056,10304112,12021463
1709509076412,READ,./data/pp00056,5152056,6869407
1709509076413,READ,./data/pp00056,1717352,3434703
1709509076600,READ,./data/pp00056,8586760,10304111
1709509076800,READ,./data/pp00056,15456168,17173511
1709509077080,READ,./data/pp00056,12021464,13738815
1709509077321,READ,./data/pp00056,6869408,8586759
1709509077438,READ,./data/pp00056,3434704,5152055
1709509077658,READ,./data/phi100056,0,1717351
1709509077681,READ,./data/phi100056,10304112,12021463
1709509077683,READ,./data/phi100056,5152056,6869407
1709509077688,READ,./data/phi100056,13738816,15456167
1709509077878,READ,./data/phi100056,15456168,17173511
1709509078012,READ,./data/phi100056,6869408,8586759
1709509078054,READ,./data/phi100056,12021464,13738815
1709509078130,READ,./data/phi100056,3434704,5152055
1709509078247,READ,./data/phi100056,8586760,10304111
1709509078379,READ,./data/phi100056,1717352,3434703
1709509078392,READ,./data/snap0000056.ini,0,301
1709509078742,READ,./data/vort056,0,1717351
1709509078742,READ,./data/vort056,8586760,10304111
1709509078754,READ,./data/vort056,13738816,15456167
1709509078798,READ,./data/vort056,1717352,3434703
1709509078876,READ,./data/vort056,15456168,17173511
1709509078968,READ,./data/vort056,6869408,8586759
1709509079049,READ,./data/vort056,3434704,5152055
1709509079077,READ,./data/vort056,10304112,12021463
1709509079112,READ,./data/vort056,5152056,6869407
1709509079150,READ,./data/vort056,12021464,13738815
1709509079659,READ,./data/vort056,0,1717351
1709509079698,READ,./data/vort056,8586760,10304111
1709509079785,READ,./data/vort056,10304112,12021463
1709509079787,READ,./data/vort056,13738816,15456167
1709509079852,READ,./data/vort056,15456168,17173511
1709509079884,READ,./data/vort056,6869408,8586759
1709509079920,READ,./data/vort056,1717352,3434703
1709509079995,READ,./data/vort056,3434704,5152055
1709509080031,READ,./data/vort056,12021464,13738815
1709509080044,READ,./data/vort056,5152056,6869407
1709509080511,READ,./data/vort056,0,1717351
1709509080545,READ,./data/vort056,15456168,17173511
1709509080547,READ,./data/vort056,8586760,10304111
1709509080610,READ,./data/vort056,13738816,15456167
1709509080720,READ,./data/vort056,12021464,13738815
1709509080746,READ,./data/vort056,6869408,8586759
1709509080808,READ,./data/vort056,5152056,6869407
1709509080855,READ,./data/vort056,3434704,5152055
1709509080999,READ,./data/vort056,1717352,3434703
1709509081033,READ,./data/vort056,10304112,12021463
1709509081402,READ,./data/vort056,0,1717351
1709509081426,READ,./data/vort056,5152056,6869407
1709509081431,READ,./data/vort056,8586760,10304111
1709509081508,READ,./data/vort056,3434704,5152055
1709509081526,READ,./data/vort056,13738816,15456167
1709509081576,READ,./data/vort056,1717352,3434703
1709509081640,READ,./data/vort056,15456168,17173511
1709509081711,READ,./data/vort056,6869408,8586759
1709509081740,READ,./data/vort056,12021464,13738815
1709509081766,READ,./data/vort056,10304112,12021463
1709509082123,READ,./data/ux00057,13738816,15456167
1709509082135,READ,./data/ux00057,0,1717351
1709509082215,READ,./data/ux00057,15456168,17173511
1709509082313,READ,./data/ux00057,12021464,13738815
1709509082327,READ,./data/ux00057,5152056,6869407
1709509082410,READ,./data/ux00057,10304112,12021463
1709509082504,READ,./data/ux00057,6869408,8586759
1709509082532,READ,./data/ux00057,8586760,10304111
1709509082583,READ,./data/ux00057,3434704,5152055
1709509082697,READ,./data/ux00057,1717352,3434703
1709509082964,READ,./data/uy00057,0,1717351
1709509083007,READ,./data/uy00057,1717352,3434703
1709509083016,READ,./data/uy00057,10304112,12021463
1709509083094,READ,./data/uy00057,6869408,8586759
1709509083096,READ,./data/uy00057,15456168,17173511
1709509083179,READ,./data/uy00057,5152056,6869407
1709509083259,READ,./data/uy00057,13738816,15456167
1709509083307,READ,./data/uy00057,3434704,5152055
1709509083346,READ,./data/uy00057,12021464,13738815
1709509083411,READ,./data/uy00057,8586760,10304111
1709509083694,READ,./data/uz00057,1717352,3434703
1709509083769,READ,./data/uz00057,8586760,10304111
1709509083771,READ,./data/uz00057,0,1717351
1709509083789,READ,./data/uz00057,5152056,6869407
1709509083805,READ,./data/uz00057,15456168,17173511
1709509083916,READ,./data/uz00057,12021464,13738815
1709509083948,READ,./data/uz00057,13738816,15456167
1709509083996,READ,./data/uz00057,10304112,12021463
1709509084077,READ,./data/uz00057,6869408,8586759
1709509084120,READ,./data/uz00057,3434704,5152055
1709509084407,READ,./data/pp00057,0,1717351
1709509084417,READ,./data/pp00057,6869408,8586759
1709509084547,READ,./data/pp00057,8586760,10304111
1709509084582,READ,./data/pp00057,12021464,13738815
1709509084637,READ,./data/pp00057,3434704,5152055
1709509084678,READ,./data/pp00057,5152056,6869407
1709509084754,READ,./data/pp00057,15456168,17173511
1709509084847,READ,./data/pp00057,1717352,3434703
1709509084861,READ,./data/pp00057,13738816,15456167
1709509084921,READ,./data/pp00057,10304112,12021463
1709509085236,READ,./data/phi100057,0,1717351
1709509085270,READ,./data/phi100057,10304112,12021463
1709509085387,READ,./data/phi100057,12021464,13738815
1709509085467,READ,./data/phi100057,15456168,17173511
1709509085552,READ,./data/phi100057,8586760,10304111
1709509085615,READ,./data/phi100057,3434704,5152055
1709509085664,READ,./data/phi100057,13738816,15456167
1709509085688,READ,./data/phi100057,1717352,3434703
1709509085782,READ,./data/phi100057,6869408,8586759
1709509085901,READ,./data/phi100057,5152056,6869407
1709509085914,READ,./data/snap0000057.ini,0,301
1709509086262,READ,./data/vort057,0,1717351
1709509086340,READ,./data/vort057,3434704,5152055
1709509086443,READ,./data/vort057,6869408,8586759
1709509086544,READ,./data/vort057,10304112,12021463
1709509086659,READ,./data/vort057,5152056,6869407
1709509086797,READ,./data/vort057,8586760,10304111
1709509086914,READ,./data/vort057,12021464,13738815
1709509086999,READ,./data/vort057,15456168,17173511
1709509087152,READ,./data/vort057,1717352,3434703
1709509087173,READ,./data/vort057,13738816,15456167
1709509087688,READ,./data/vort057,0,1717351
1709509087792,READ,./data/vort057,3434704,5152055
1709509087803,READ,./data/vort057,8586760,10304111
1709509087927,READ,./data/vort057,6869408,8586759
1709509087999,READ,./data/vort057,1717352,3434703
1709509088048,READ,./data/vort057,15456168,17173511
1709509088053,READ,./data/vort057,10304112,12021463
1709509088203,READ,./data/vort057,13738816,15456167
1709509088318,READ,./data/vort057,12021464,13738815
1709509088410,READ,./data/vort057,5152056,6869407
1709509088972,READ,./data/vort057,0,1717351
1709509088997,READ,./data/vort057,13738816,15456167
1709509089076,READ,./data/vort057,3434704,5152055
1709509089083,READ,./data/vort057,10304112,12021463
1709509089154,READ,./data/vort057,15456168,17173511
1709509089228,READ,./data/vort057,6869408,8586759
1709509089257,READ,./data/vort057,12021464,13738815
1709509089288,READ,./data/vort057,5152056,6869407
1709509089342,READ,./data/vort057,1717352,3434703
1709509089374,READ,./data/vort057,8586760,10304111
1709509089886,READ,./data/vort057,0,1717351
1709509089933,READ,./data/vort057,5152056,6869407
1709509090081,READ,./data/vort057,6869408,8586759
1709509090184,READ,./data/vort057,8586760,10304111
1709509090287,READ,./data/vort057,12021464,13738815
1709509090407,READ,./data/vort057,10304112,12021463
1709509090467,READ,./data/vort057,1717352,3434703
1709509090478,READ,./data/vort057,15456168,17173511
1709509090600,READ,./data/vort057,3434704,5152055
1709509090633,READ,./data/vort057,13738816,15456167
1709509091041,READ,./data/ux00058,0,1717351
1709509091112,READ,./data/ux00058,10304112,12021463
1709509091117,READ,./data/ux00058,5152056,6869407
1709509091205,READ,./data/ux00058,3434704,5152055
1709509091250,READ,./data/ux00058,1717352,3434703
1709509091324,READ,./data/ux00058,13738816,15456167
1709509091326,READ,./data/ux00058,6869408,8586759
1709509091347,READ,./data/ux00058,8586760,10304111
1709509091429,READ,./data/ux00058,12021464,13738815
1709509091477,READ,./data/ux00058,15456168,17173511
1709509091869,READ,./data/uy00058,0,1717351
1709509091897,READ,./data/uy00058,12021464,13738815
1709509091945,READ,./data/uy00058,1717352,3434703
1709509091954,READ,./data/uy00058,5152056,6869407
1709509092054,READ,./data/uy00058,6869408,8586759
1709509092092,READ,./data/uy00058,10304112,12021463
1709509092146,READ,./data/uy00058,13738816,15456167
1709509092219,READ,./data/uy00058,8586760,10304111
1709509092232,READ,./data/uy00058,3434704,5152055
1709509092253,READ,./data/uy00058,15456168,17173511
1709509092598,READ,./data/uz00058,0,1717351
1709509092620,READ,./data/uz00058,6869408,8586759
1709509092712,READ,./data/uz00058,10304112,12021463
1709509092715,READ,./data/uz00058,15456168,17173511
1709509092812,READ,./data/uz00058,12021464,13738815
1709509092889,READ,./data/uz00058,5152056,6869407
1709509092923,READ,./data/uz00058,8586760,10304111
1709509092970,READ,./data/uz00058,1717352,3434703
1709509093004,READ,./data/uz00058,3434704,5152055
1709509093031,READ,./data/uz00058,13738816,15456167
1709509093369,READ,./data/pp00058,0,1717351
1709509093372,READ,./data/pp00058,5152056,6869407
1709509093375,READ,./data/pp00058,12021464,13738815
1709509093443,READ,./data/pp00058,15456168,17173511
1709509093533,READ,./data/pp00058,3434704,5152055
1709509093578,READ,./data/pp00058,6869408,8586759
1709509093660,READ,./data/pp00058,8586760,10304111
1709509093684,READ,./data/pp00058,1717352,3434703
1709509093721,READ,./data/pp00058,10304112,12021463
1709509093745,READ,./data/pp00058,13738816,15456167
1709509094117,READ,./data/phi100058,0,1717351
1709509094132,READ,./data/phi100058,10304112,12021463
1709509094212,READ,./data/phi100058,6869408,8586759
1709509094279,READ,./data/phi100058,5152056,6869407
1709509094280,READ,./data/phi100058,13738816,15456167
1709509094351,READ,./data/phi100058,1717352,3434703
1709509094412,READ,./data/phi100058,12021464,13738815
1709509094517,READ,./data/phi100058,8586760,10304111
1709509094625,READ,./data/phi100058,3434704,5152055
1709509094626,READ,./data/phi100058,15456168,17173511
1709509094638,READ,./data/snap0000058.ini,0,301
1709509094957,READ,./data/vort058,0,1717351
1709509094973,READ,./data/vort058,15456168,17173511
1709509095030,READ,./data/vort058,3434704,5152055
1709509095098,READ,./data/vort058,13738816,15456167
1709509095134,READ,./data/vort058,12021464,13738815
1709509095178,READ,./data/vort058,1717352,3434703
1709509095236,READ,./data/vort058,8586760,10304111
1709509095319,READ,./data/vort058,6869408,8586759
1709509095384,READ,./data/vort058,5152056,6869407
1709509095392,READ,./data/vort058,10304112,12021463
1709509095927,READ,./data/vort058,0,1717351
1709509096071,READ,./data/vort058,3434704,5152055
1709509096165,READ,./data/vort058,5152056,6869407
1709509096207,READ,./data/vort058,6869408,8586759
1709509096217,READ,./data/vort058,15456168,17173511
1709509096226,READ,./data/vort058,1717352,3434703
1709509096298,READ,./data/vort058,13738816,15456167
1709509096365,READ,./data/vort058,8586760,10304111
1709509096401,READ,./data/vort058,10304112,12021463
1709509096507,READ,./data/vort058,12021464,13738815
1709509096997,READ,./data/vort058,0,1717351
1709509097022,READ,./data/vort058,10304112,12021463
1709509097043,READ,./data/vort058,15456168,17173511
1709509097050,READ,./data/vort058,5152056,6869407
1709509097143,READ,./data/vort058,13738816,15456167
1709509097188,READ,./data/vort058,1717352,3434703
1709509097242,READ,./data/vort058,3434704,5152055
1709509097307,READ,./data/vort058,12021464,13738815
1709509097351,READ,./data/vort058,8586760,10304111
1709509097463,READ,./data/vort058,6869408,8586759
1709509097969,READ,./data/vort058,0,1717351
1709509098007,READ,./data/vort058,6869408,8586759
1709509098132,READ,./data/vort058,12021464,13738815
1709509098204,READ,./data/vort058,15456168,17173511
1709509098273,READ,./data/vort058,3434704,5152055
1709509098304,READ,./data/vort058,10304112,12021463
1709509098356,READ,./data/vort058,5152056,6869407
1709509098384,READ,./data/vort058,13738816,15456167
1709509098489,READ,./data/vort058,8586760,10304111
1709509098517,READ,./data/vort058,1717352,3434703
1709509098911,READ,./data/ux00059,13738816,15456167
1709509098919,READ,./data/ux00059,0,1717351
1709509098979,READ,./data/ux00059,12021464,13738815
1709509099065,READ,./data/ux00059,6869408,8586759
1709509099172,READ,./data/ux00059,5152056,6869407
1709509099200,READ,./data/ux00059,1717352,3434703
1709509099270,READ,./data/ux00059,3434704,5152055
1709509099296,READ,./data/ux00059,15456168,17173511
1709509099297,READ,./data/ux00059,10304112,12021463
1709509099338,READ,./data/ux00059,8586760,10304111
1709509099686,READ,./data/uy00059,0,1717351
1709509099696,READ,./data/uy00059,10304112,12021463
1709509099795,READ,./data/uy00059,12021464,13738815
1709509099874,READ,./data/uy00059,13738816,15456167
1709509099903,READ,./data/uy00059,6869408,8586759
1709509100016,READ,./data/uy00059,3434704,5152055
1709509100039,READ,./data/uy00059,15456168,17173511
1709509100065,READ,./data/uy00059,8586760,10304111
1709509100164,READ,./data/uy00059,5152056,6869407
1709509100221,READ,./data/uy00059,1717352,3434703
1709509100539,READ,./data/uz00059,0,1717351
1709509100614,READ,./data/uz00059,1717352,3434703
1709509100630,READ,./data/uz00059,6869408,8586759
1709509100638,READ,./data/uz00059,15456168,17173511
1709509100710,READ,./data/uz00059,5152056,6869407
1709509100746,READ,./data/uz00059,3434704,5152055
1709509100796,READ,./data/uz00059,10304112,12021463
1709509100860,READ,./data/uz00059,13738816,15456167
1709509100893,READ,./data/uz00059,8586760,10304111
1709509100946,READ,./data/uz00059,12021464,13738815
1709509101360,READ,./data/pp00059,0,1717351
1709509101421,READ,./data/pp00059,6869408,8586759
1709509101430,READ,./data/pp00059,15456168,17173511
1709509101531,READ,./data/pp00059,3434704,5152055
1709509101584,READ,./data/pp00059,10304112,12021463
1709509101612,READ,./data/pp00059,8586760,10304111
1709509101726,READ,./data/pp00059,1717352,3434703
1709509101796,READ,./data/pp00059,12021464,13738815
1709509101863,READ,./data/pp00059,5152056,6869407
1709509101891,READ,./data/pp00059,13738816,15456167
1709509102251,READ,./data/phi100059,1717352,3434703
1709509102326,READ,./data/phi100059,12021464,13738815
1709509102333,READ,./data/phi100059,0,1717351
1709509102396,READ,./data/phi100059,6869408,8586759
1709509102428,READ,./data/phi100059,10304112,12021463
1709509102520,READ,./data/phi100059,13738816,15456167
1709509102594,READ,./data/phi100059,3434704,5152055
1709509102633,READ,./data/phi100059,8586760,10304111
1709509102738,READ,./data/phi100059,15456168,17173511
1709509102763,READ,./data/phi100059,5152056,6869407
1709509102786,READ,./data/snap0000059.ini,0,301
1709509103119,READ,./data/vort059,0,1717351
1709509103185,READ,./data/vort059,1717352,3434703
1709509103227,READ,./data/vort059,3434704,5152055
1709509103230,READ,./data/vort059,10304112,12021463
1709509103250,READ,./data/vort059,15456168,17173511
1709509103308,READ,./data/vort059,5152056,6869407
1709509103407,READ,./data/vort059,12021464,13738815
1709509103452,READ,./data/vort059,8586760,10304111
1709509103455,READ,./data/vort059,13738816,15456167
1709509103518,READ,./data/vort059,6869408,8586759
1709509103997,READ,./data/vort059,0,1717351
1709509104048,READ,./data/vort059,12021464,13738815
1709509104120,READ,./data/vort059,1717352,3434703
1709509104216,READ,./data/vort059,15456168,17173511
1709509104279,READ,./data/vort059,8586760,10304111
1709509104318,READ,./data/vort059,13738816,15456167
1709509104344,READ,./data/vort059,6869408,8586759
1709509104424,READ,./data/vort059,3434704,5152055
1709509104560,READ,./data/vort059,5152056,6869407
1709509104579,READ,./data/vort059,10304112,12021463
1709509105023,READ,./data/vort059,0,1717351
1709509105132,READ,./data/vort059,3434704,5152055
1709509105217,READ,./data/vort059,5152056,6869407
1709509105223,READ,./data/vort059,12021464,13738815
1709509105262,READ,./data/vort059,1717352,3434703
1709509105320,READ,./data/vort059,15456168,17173511
1709509105378,READ,./data/vort059,6869408,8586759
1709509105449,READ,./data/vort059,8586760,10304111
1709509105505,READ,./data/vort059,10304112,12021463
1709509105536,READ,./data/vort059,13738816,15456167
1709509106013,READ,./data/vort059,0,1717351
1709509106064,READ,./data/vort059,15456168,17173511
1709509106174,READ,./data/vort059,6869408,8586759
1709509106178,READ,./data/vort059,13738816,15456167
1709509106282,READ,./data/vort059,12021464,13738815
1709509106346,READ,./data/vort059,5152056,6869407
1709509106408,READ,./data/vort059,3434704,5152055
1709509106473,READ,./data/vort059,1717352,3434703
1709509106519,READ,./data/vort059,10304112,12021463
1709509106627,READ,./data/vort059,8586760,10304111
1709509106918,READ,out/restart0000240,0,1717351
1709509106938,READ,out/restart0000240,8586760,10304111
1709509106959,READ,out/restart0000240,13738816,15456167
1709509107018,READ,out/restart0000240,6869408,8586759
1709509107064,READ,out/restart0000240,1717352,3434703
1709509107126,READ,out/restart0000240,15456168,17173511
1709509107177,READ,out/restart0000240,12021464,13738815
1709509107252,READ,out/restart0000240,5152056,6869407
1709509107294,READ,out/restart0000240,10304112,12021463
1709509107322,READ,out/restart0000240,3434704,5152055
1709509107382,READ,out/restart0000240,20608216,22325567
1709509107385,READ,out/restart0000240,30912328,32629679
1709509107415,READ,out/restart0000240,17173512,18890863
1709509107430,READ,out/restart0000240,27477624,29194975
1709509107520,READ,out/restart0000240,22325568,24042919
1709509107623,READ,out/restart0000240,29194976,30912327
1709509107698,READ,out/restart0000240,18890864,20608215
1709509107796,READ,out/restart0000240,24042920,25760271
1709509107852,READ,out/restart0000240,25760272,27477623
1709509107870,READ,out/restart0000240,32629680,34347023
1709509107891,READ,out/restart0000240,44651136,46368487
1709509107955,READ,out/restart0000240,48085840,49803191
1709509107966,READ,out/restart0000240,39499080,41216431
1709509107966,READ,out/restart0000240,42933784,44651135
1709509107999,READ,out/restart0000240,34347024,36064375
1709509108036,READ,out/restart0000240,36064376,37781727
1709509108040,READ,out/restart0000240,46368488,48085839
1709509108067,READ,out/restart0000240,37781728,39499079
1709509108133,READ,out/restart0000240,41216432,42933783
1709509108139,READ,out/restart0000240,49803192,51520535
1709509108194,READ,out/restart0000240,51520536,53237887
1709509108202,READ,out/restart0000240,66976704,68694047
1709509108209,READ,out/restart0000240,58389944,60107295
1709509108247,READ,out/restart0000240,65259352,66976703
1709509108328,READ,out/restart0000240,63542000,65259351
1709509108382,READ,out/restart0000240,56672592,58389943
1709509108412,READ,out/restart0000240,53237888,54955239
1709509108423,READ,out/restart0000240,61824648,63541999
1709509108484,READ,out/restart0000240,60107296,61824647
1709509108495,READ,out/restart0000240,54955240,56672591
1709509108499,READ,out/restart0000240,84150216,85867559
1709509108514,READ,out/restart0000240,75563456,77280807
1709509108577,READ,out/restart0000240,73846104,75563455
1709509108630,READ,out/restart0000240,72128752,73846103
1709509108645,READ,out/restart0000240,82432864,84150215
1709509108666,READ,out/restart0000240,70411400,72128751
1709509108738,READ,out/restart0000240,68694048,70411399
1709509108773,READ,out/restart0000240,80715512,82432863
1709509108784,READ,out/restart0000240,77280808,78998159
1709509108847,READ,out/restart0000240,78998160,80715511
1709509108852,READ,out/restart0000240,101323728,103041071
1709509108867,READ,out/restart0000240,91019616,92736967
1709509108927,READ,out/restart0000240,96171672,97889023
1709509108929,READ,out/restart0000240,85867560,87584911
1709509108947,READ,out/restart0000240,89302264,91019615
1709509109000,READ,out/restart0000240,87584912,89302263
1709509109011,READ,out/restart0000240,94454320,96171671
1709509109109,READ,out/restart0000240,92736968,94454319
1709509109153,READ,out/restart0000240,99606376,101323727
1709509109215,READ,out/restart0000240,97889024,99606375
1709509109220,READ,out/restart0000240,118497240,120214583
1709509109233,READ,out/restart0000240,115062536,116779887
1709509109244,READ,out/restart0000240,106475776,108193127
1709509109318,READ,out/restart0000240,104758424,106475775
1709509109332,READ,out/restart0000240,109910480,111627831
1709509109341,READ,out/restart0000240,103041072,104758423
1709509109401,READ,out/restart0000240,116779888,118497239
1709509109485,READ,out/restart0000240,113345184,115062535
1709509109515,READ,out/restart0000240,108193128,109910479
1709509109598,READ,out/restart0000240,111627832,113345183
1709509109610,READ,out/restart0000240,135670752,137388095
1709509109630,READ,out/restart0000240,123649288,125366639
1709509109740,READ,out/restart0000240,133953400,135670751
1709509109794,READ,out/restart0000240,130518696,132236047
1709509109833,READ,out/restart0000240,125366640,127083991
1709509109889,READ,out/restart0000240,121931936,123649287
1709509109891,READ,out/restart0000240,132236048,133953399
1709509109970,READ,out/restart0000240,128801344,130518695
1709509110006,READ,out/restart0000240,127083992,128801343
1709509110031,READ,out/restart0000240,120214584,121931935
1709509110069,READ,out/restart0000240,152844264,154561607
1709509110132,READ,out/restart0000240,137388096,139105447
1709509110183,READ,out/restart0000240,142540152,144257503
1709509110224,READ,out/restart0000240,139105448,140822799
1709509110251,READ,out/restart0000240,149409560,151126911
1709509110325,READ,out/restart0000240,145974856,147692207
1709509110341,READ,out/restart0000240,140822800,142540151
1709509110384,READ,out/restart0000240,144257504,145974855
1709509110398,READ,out/restart0000240,147692208,149409559
1709509110459,READ,out/restart0000240,151126912,152844263
1709509110565,READ,out/restart0000240,169779069,171469895
1709509110600,READ,out/restart0000240,157943266,159634094
1709509110661,READ,out/restart0000240,159634095,161324923
1709509110749,READ,out/restart0000240,154561608,156252436
1709509110812,READ,out/restart0000240,166397411,168088239
1709509110890,READ,out/restart0000240,163015753,164706581
1709509110926,READ,out/restart0000240,164706582,166397410
1709509111006,READ,out/restart0000240,161324924,163015752
1709509111073,READ,out/restart0000240,156252437,157943265
1709509111107,READ,out/restart0000240,168088240,169779068
1709509111153,READ,out/restart0000240,186926064,188643407
1709509111167,READ,out/restart0000240,173187248,174904599
1709509111177,READ,out/restart0000240,176621952,178339303
1709509111253,READ,out/restart0000240,185208712,186926063
1709509111262,READ,out/restart0000240,181774008,183491359
1709509111341,READ,out/restart0000240,183491360,185208711
1709509111387,READ,out/restart0000240,171469896,173187247
1709509111459,READ,out/restart0000240,174904600,176621951
1709509111495,READ,out/restart0000240,178339304,180056655
1709509111571,READ,out/restart0000240,180056656,181774007
1709509111769,READ,out/restart0000240,204099576,205816919
1709509111804,READ,out/restart0000240,193795464,195512815
1709509111920,READ,out/restart0000240,195512816,197230167
1709509111980,READ,out/restart0000240,188643408,190360759
1709509112058,READ,out/restart0000240,198947520,200664871
1709509112122,READ,out/restart0000240,192078112,193795463
1709509112189,READ,out/restart0000240,202382224,204099575
1709509112209,READ,out/restart0000240,190360760,192078111
1709509112233,READ,out/restart0000240,200664872,202382223
1709509112327,READ,out/restart0000240,197230168,198947519
1709509112486,READ,out/restart0000240,221273088,222990431
1709509112489,READ,out/restart0000240,214403680,216121031
1709509112570,READ,out/restart0000240,216121032,217838383
1709509112602,READ,out/restart0000240,219555736,221273087
1709509112606,READ,out/restart0000240,205816920,207534271
1709509112663,READ,out/restart0000240,209251624,210968975
1709509112745,READ,out/restart0000240,210968976,212686327
1709509112755,READ,out/restart0000240,207534272,209251623
1709509112762,READ,out/restart0000240,217838384,219555735
1709509112779,READ,out/restart0000240,212686328,214403679
1709509112815,READ,out/restart0000240.info,0,538
1709509113711,READ,./data/ux00060,10304112,12021463
1709509113716,READ,./data/ux00060,0,1717351
1709509113728,READ,./data/ux00060,15456168,17173511
1709509113739,READ,./data/ux00060,5152056,6869407
1709509113823,READ,./data/ux00060,12021464,13738815
1709509113884,READ,./data/ux00060,1717352,3434703
1709509113911,READ,./data/ux00060,8586760,10304111
1709509113982,READ,./data/ux00060,6869408,8586759
1709509114027,READ,./data/ux00060,3434704,5152055
1709509114067,READ,./data/ux00060,13738816,15456167
1709509114426,READ,./data/uy00060,0,1717351
1709509114429,READ,./data/uy00060,6869408,8586759
1709509114438,READ,./data/uy00060,15456168,17173511
1709509114548,READ,./data/uy00060,10304112,12021463
1709509114611,READ,./data/uy00060,3434704,5152055
1709509114658,READ,./data/uy00060,5152056,6869407
1709509114689,READ,./data/uy00060,1717352,3434703
1709509114747,READ,./data/uy00060,13738816,15456167
1709509114859,READ,./data/uy00060,8586760,10304111
1709509114946,READ,./data/uy00060,12021464,13738815
1709509115382,READ,./data/uz00060,0,1717351
1709509115393,READ,./data/uz00060,13738816,15456167
1709509115470,READ,./data/uz00060,15456168,17173511
1709509115575,READ,./data/uz00060,3434704,5152055
1709509115647,READ,./data/uz00060,12021464,13738815
1709509115696,READ,./data/uz00060,1717352,3434703
1709509115775,READ,./data/uz00060,10304112,12021463
1709509115837,READ,./data/uz00060,8586760,10304111
1709509115943,READ,./data/uz00060,6869408,8586759
1709509116041,READ,./data/uz00060,5152056,6869407
1709509116429,READ,./data/pp00060,0,1717351
1709509116492,READ,./data/pp00060,3434704,5152055
1709509116619,READ,./data/pp00060,6869408,8586759
1709509116702,READ,./data/pp00060,12021464,13738815
1709509116742,READ,./data/pp00060,10304112,12021463
1709509116799,READ,./data/pp00060,13738816,15456167
1709509116857,READ,./data/pp00060,8586760,10304111
1709509116886,READ,./data/pp00060,15456168,17173511
1709509116915,READ,./data/pp00060,5152056,6869407
1709509116918,READ,./data/pp00060,1717352,3434703
1709509117285,READ,./data/phi100060,0,1717351
1709509117308,READ,./data/phi100060,5152056,6869407
1709509117322,READ,./data/phi100060,13738816,15456167
1709509117411,READ,./data/phi100060,12021464,13738815
1709509117508,READ,./data/phi100060,8586760,10304111
1709509117526,READ,./data/phi100060,15456168,17173511
1709509117590,READ,./data/phi100060,1717352,3434703
1709509117674,READ,./data/phi100060,3434704,5152055
1709509117689,READ,./data/phi100060,10304112,12021463
1709509117811,READ,./data/phi100060,6869408,8586759
1709509117823,READ,./data/snap0000060.ini,0,301
1709509118294,READ,./data/vort060,0,1717351
1709509118307,READ,./data/vort060,13738816,15456167
1709509118318,READ,./data/vort060,5152056,6869407
1709509118409,READ,./data/vort060,3434704,5152055
1709509118510,READ,./data/vort060,10304112,12021463
1709509118527,READ,./data/vort060,1717352,3434703
1709509118680,READ,./data/vort060,12021464,13738815
1709509118776,READ,./data/vort060,6869408,8586759
1709509118845,READ,./data/vort060,15456168,17173511
1709509118869,READ,./data/vort060,8586760,10304111
1709509119400,READ,./data/vort060,0,1717351
1709509119443,READ,./data/vort060,5152056,6869407
1709509119531,READ,./data/vort060,3434704,5152055
1709509119536,READ,./data/vort060,13738816,15456167
1709509119623,READ,./data/vort060,12021464,13738815
1709509119714,READ,./data/vort060,10304112,12021463
1709509119812,READ,./data/vort060,15456168,17173511
1709509119912,READ,./data/vort060,6869408,8586759
1709509119956,READ,./data/vort060,8586760,10304111
1709509120016,READ,./data/vort060,1717352,3434703
1709509120437,READ,./data/vort060,0,1717351
1709509120492,READ,./data/vort060,13738816,15456167
1709509120567,READ,./data/vort060,3434704,5152055
1709509120710,READ,./data/vort060,5152056,6869407
1709509120812,READ,./data/vort060,12021464,13738815
1709509120904,READ,./data/vort060,15456168,17173511
1709509121012,READ,./data/vort060,10304112,12021463
1709509121143,READ,./data/vort060,8586760,10304111
1709509121256,READ,./data/vort060,1717352,3434703
1709509121425,READ,./data/vort060,6869408,8586759
1709509121916,READ,./data/vort060,0,1717351
1709509121996,READ,./data/vort060,6869408,8586759
1709509122104,READ,./data/vort060,3434704,5152055
1709509122195,READ,./data/vort060,10304112,12021463
1709509122273,READ,./data/vort060,8586760,10304111
1709509122343,READ,./data/vort060,12021464,13738815
1709509122413,READ,./data/vort060,1717352,3434703
1709509122488,READ,./data/vort060,5152056,6869407
1709509122560,READ,./data/vort060,15456168,17173511
1709509122657,READ,./data/vort060,13738816,15456167
1709509122994,READ,./data/ux00061,1717352,3434703
1709509123008,READ,./data/ux00061,10304112,12021463
1709509123063,READ,./data/ux00061,12021464,13738815
1709509123150,READ,./data/ux00061,13738816,15456167
1709509123214,READ,./data/ux00061,3434704,5152055
1709509123297,READ,./data/ux00061,5152056,6869407
1709509123392,READ,./data/ux00061,6869408,8586759
1709509123452,READ,./data/ux00061,0,1717351
1709509123521,READ,./data/ux00061,8586760,10304111
1709509123613,READ,./data/ux00061,15456168,17173511
1709509123881,READ,./data/uy00061,0,1717351
1709509123925,READ,./data/uy00061,15456168,17173511
1709509123988,READ,./data/uy00061,1717352,3434703
1709509123998,READ,./data/uy00061,5152056,6869407
1709509124084,READ,./data/uy00061,6869408,8586759
1709509124142,READ,./data/uy00061,8586760,10304111
1709509124230,READ,./data/uy00061,3434704,5152055
1709509124260,READ,./data/uy00061,10304112,12021463
1709509124357,READ,./data/uy00061,12021464,13738815
1709509124380,READ,./data/uy00061,13738816,15456167
1709509124727,READ,./data/uz00061,0,1717351
1709509124751,READ,./data/uz00061,6869408,8586759
1709509124752,READ,./data/uz00061,15456168,17173511
1709509124831,READ,./data/uz00061,13738816,15456167
1709509124925,READ,./data/uz00061,10304112,12021463
1709509124955,READ,./data/uz00061,8586760,10304111
1709509125028,READ,./data/uz00061,3434704,5152055
1709509125057,READ,./data/uz00061,1717352,3434703
1709509125085,READ,./data/uz00061,5152056,6869407
1709509125150,READ,./data/uz00061,12021464,13738815
1709509125507,READ,./data/pp00061,0,1717351
1709509125520,READ,./data/pp00061,5152056,6869407
1709509125520,READ,./data/pp00061,12021464,13738815
1709509125682,READ,./data/pp00061,6869408,8586759
1709509125726,READ,./data/pp00061,8586760,10304111
1709509125841,READ,./data/pp00061,10304112,12021463
1709509125900,READ,./data/pp00061,3434704,5152055
1709509125913,READ,./data/pp00061,13738816,15456167
1709509125968,READ,./data/pp00061,1717352,3434703
1709509126040,READ,./data/pp00061,15456168,17173511
1709509126384,READ,./data/phi100061,5152056,6869407
1709509126392,READ,./data/phi100061,0,1717351
1709509126447,READ,./data/phi100061,6869408,8586759
1709509126455,READ,./data/phi100061,15456168,17173511
1709509126578,READ,./data/phi100061,12021464,13738815
1709509126685,READ,./data/phi100061,13738816,15456167
1709509126742,READ,./data/phi100061,3434704,5152055
1709509126878,READ,./data/phi100061,1717352,3434703
1709509126903,READ,./data/phi100061,10304112,12021463
1709509127011,READ,./data/phi100061,8586760,10304111
1709509127023,READ,./data/snap0000061.ini,0,301
1709509127252,READ,./data/vort061,0,1717351
1709509127272,READ,./data/vort061,8586760,10304111
1709509127360,READ,./data/vort061,6869408,8586759
1709509127431,READ,./data/vort061,3434704,5152055
1709509127471,READ,./data/vort061,12021464,13738815
1709509127561,READ,./data/vort061,13738816,15456167
1709509127673,READ,./data/vort061,10304112,12021463
1709509127687,READ,./data/vort061,15456168,17173511
1709509127756,READ,./data/vort061,1717352,3434703
1709509127762,READ,./data/vort061,5152056,6869407
1709509128151,READ,./data/vort061,0,1717351
1709509128179,READ,./data/vort061,5152056,6869407
1709509128252,READ,./data/vort061,6869408,8586759
1709509128340,READ,./data/vort061,8586760,10304111
1709509128385,READ,./data/vort061,3434704,5152055
1709509128418,READ,./data/vort061,1717352,3434703
1709509128452,READ,./data/vort061,10304112,12021463
1709509128540,READ,./data/vort061,12021464,13738815
1709509128657,READ,./data/vort061,13738816,15456167
1709509128711,READ,./data/vort061,15456168,17173511
1709509129177,READ,./data/vort061,0,1717351
1709509129209,READ,./data/vort061,13738816,15456167
1709509129227,READ,./data/vort061,6869408,8586759
1709509129318,READ,./data/vort061,12021464,13738815
1709509129388,READ,./data/vort061,1717352,3434703
1709509129435,READ,./data/vort061,3434704,5152055
1709509129467,READ,./data/vort061,8586760,10304111
1709509129479,READ,./data/vort061,15456168,17173511
1709509129509,READ,./data/vort061,5152056,6869407
1709509129569,READ,./data/vort061,10304112,12021463
1709509129995,READ,./data/vort061,0,1717351
1709509130022,READ,./data/vort061,15456168,17173511
1709509130032,READ,./data/vort061,10304112,12021463
1709509130041,READ,./data/vort061,5152056,6869407
1709509130123,READ,./data/vort061,13738816,15456167
1709509130202,READ,./data/vort061,12021464,13738815
1709509130234,READ,./data/vort061,8586760,10304111
1709509130302,READ,./data/vort061,6869408,8586759
1709509130351,READ,./data/vort061,3434704,5152055
1709509130392,READ,./data/vort061,1717352,3434703
1709509130764,READ,./data/ux00062,0,1717351
1709509130776,READ,./data/ux00062,10304112,12021463
1709509130859,READ,./data/ux00062,15456168,17173511
1709509130866,READ,./data/ux00062,8586760,10304111
1709509130879,READ,./data/ux00062,5152056,6869407
1709509130972,READ,./data/ux00062,12021464,13738815
1709509131040,READ,./data/ux00062,6869408,8586759
1709509131110,READ,./data/ux00062,3434704,5152055
1709509131126,READ,./data/ux00062,13738816,15456167
1709509131161,READ,./data/ux00062,1717352,3434703
1709509131500,READ,./data/uy00062,6869408,8586759
1709509131508,READ,./data/uy00062,0,1717351
1709509131566,READ,./data/uy00062,5152056,6869407
1709509131568,READ,./data/uy00062,13738816,15456167
1709509131687,READ,./data/uy00062,12021464,13738815
1709509131725,READ,./data/uy00062,1717352,3434703
1709509131782,READ,./data/uy00062,3434704,5152055
1709509131806,READ,./data/uy00062,15456168,17173511
1709509131934,READ,./data/uy00062,8586760,10304111
1709509132035,READ,./data/uy00062,10304112,12021463
1709509132327,READ,./data/uz00062,5152056,6869407
1709509132338,READ,./data/uz00062,1717352,3434703
1709509132423,READ,./data/uz00062,3434704,5152055
1709509132431,READ,./data/uz00062,13738816,15456167
1709509132465,READ,./data/uz00062,6869408,8586759
1709509132513,READ,./data/uz00062,10304112,12021463
1709509132580,READ,./data/uz00062,15456168,17173511
1709509132597,READ,./data/uz00062,8586760,10304111
1709509132713,READ,./data/uz00062,12021464,13738815
1709509132748,READ,./data/uz00062,0,1717351
1709509133030,READ,./data/pp00062,0,1717351
1709509133072,READ,./data/pp00062,15456168,17173511
1709509133132,READ,./data/pp00062,1717352,3434703
1709509133198,READ,./data/pp00062,8586760,10304111
1709509133199,READ,./data/pp00062,13738816,15456167
1709509133300,READ,./data/pp00062,12021464,13738815
1709509133362,READ,./data/pp00062,3434704,5152055
1709509133424,READ,./data/pp00062,5152056,6869407
1709509133512,READ,./data/pp00062,10304112,12021463
1709509133603,READ,./data/pp00062,6869408,8586759
1709509133820,READ,./data/phi100062,0,1717351
1709509133826,READ,./data/phi100062,5152056,6869407
1709509133919,READ,./data/phi100062,6869408,8586759
1709509134016,READ,./data/phi100062,12021464,13738815
1709509134118,READ,./data/phi100062,3434704,5152055
1709509134165,READ,./data/phi100062,10304112,12021463
1709509134250,READ,./data/phi100062,13738816,15456167
1709509134333,READ,./data/phi100062,8586760,10304111
1709509134416,READ,./data/phi100062,1717352,3434703
1709509134498,READ,./data/phi100062,15456168,17173511
1709509134510,READ,./data/snap0000062.ini,0,301
1709509134842,READ,./data/vort062,0,1717351
1709509134864,READ,./data/vort062,5152056,6869407
1709509134867,READ,./data/vort062,15456168,17173511
1709509135028,READ,./data/vort062,12021464,13738815
1709509135149,READ,./data/vort062,6869408,8586759
1709509135203,READ,./data/vort062,1717352,3434703
1709509135230,READ,./data/vort062,8586760,10304111
1709509135300,READ,./data/vort062,13738816,15456167
1709509135363,READ,./data/vort062,10304112,12021463
1709509135474,READ,./data/vort062,3434704,5152055
1709509136059,READ,./data/vort062,0,1717351
1709509136099,READ,./data/vort062,5152056,6869407
1709509136121,READ,./data/vort062,12021464,13738815
1709509136221,READ,./data/vort062,13738816,15456167
1709509136336,READ,./data/vort062,6869408,8586759
1709509136421,READ,./data/vort062,3434704,5152055
1709509136471,READ,./data/vort062,8586760,10304111
1709509136579,READ,./data/vort062,10304112,12021463
1709509136672,READ,./data/vort062,1717352,3434703
1709509136757,READ,./data/vort062,15456168,17173511
1709509137297,READ,./data/vort062,0,1717351
1709509137325,READ,./data/vort062,8586760,10304111
1709509137378,READ,./data/vort062,3434704,5152055
1709509137388,READ,./data/vort062,15456168,17173511
1709509137495,READ,./data/vort062,5152056,6869407
1709509137596,READ,./data/vort062,6869408,8586759
1709509137651,READ,./data/vort062,13738816,15456167
1709509137670,READ,./data/vort062,10304112,12021463
1709509137741,READ,./data/vort062,12021464,13738815
1709509137794,READ,./data/vort062,1717352,3434703
1709509138245,READ,./data/vort062,0,1717351
1709509138341,READ,./data/vort062,3434704,5152055
1709509138425,READ,./data/vort062,6869408,8586759
1709509138428,READ,./data/vort062,13738816,15456167
1709509138566,READ,./data/vort062,12021464,13738815
1709509138638,READ,./data/vort062,8586760,10304111
1709509138706,READ,./data/vort062,5152056,6869407
1709509138781,READ,./data/vort062,1717352,3434703
1709509138797,READ,./data/vort062,15456168,17173511
1709509138966,READ,./data/vort062,10304112,12021463
1709509139340,READ,./data/ux00063,0,1717351
1709509139401,READ,./data/ux00063,1717352,3434703
1709509139402,READ,./data/ux00063,13738816,15456167
1709509139415,READ,./data/ux00063,6869408,8586759
1709509139502,READ,./data/ux00063,12021464,13738815
1709509139539,READ,./data/ux00063,15456168,17173511
1709509139588,READ,./data/ux00063,10304112,12021463
1709509139666,READ,./data/ux00063,8586760,10304111
1709509139734,READ,./data/ux00063,3434704,5152055
1709509139832,READ,./data/ux00063,5152056,6869407
1709509140068,READ,./data/uy00063,0,1717351
1709509140110,READ,./data/uy00063,8586760,10304111
1709509140115,READ,./data/uy00063,15456168,17173511
1709509140125,READ,./data/uy00063,5152056,6869407
1709509140222,READ,./data/uy00063,12021464,13738815
1709509140252,READ,./data/uy00063,10304112,12021463
1709509140326,READ,./data/uy00063,3434704,5152055
1709509140366,READ,./data/uy00063,1717352,3434703
1709509140412,READ,./data/uy00063,13738816,15456167
1709509140453,READ,./data/uy00063,6869408,8586759
1709509140807,READ,./data/uz00063,0,1717351
1709509140817,READ,./data/uz00063,6869408,8586759
1709509140820,READ,./data/uz00063,13738816,15456167
1709509140890,READ,./data/uz00063,8586760,10304111
1709509141000,READ,./data/uz00063,12021464,13738815
1709509141077,READ,./data/uz00063,15456168,17173511
1709509141146,READ,./data/uz00063,3434704,5152055
1709509141172,READ,./data/uz00063,5152056,6869407
1709509141190,READ,./data/uz00063,10304112,12021463
1709509141200,READ,./data/uz00063,1717352,3434703
1709509141570,READ,./data/pp00063,5152056,6869407
1709509141572,READ,./data/pp00063,0,1717351
1709509141572,READ,./data/pp00063,12021464,13738815
1709509141694,READ,./data/pp00063,6869408,8586759
1709509141731,READ,./data/pp00063,8586760,10304111
1709509141792,READ,./data/pp00063,15456168,17173511
1709509141903,READ,./data/pp00063,3434704,5152055
1709509141977,READ,./data/pp00063,10304112,12021463
1709509142050,READ,./data/pp00063,1717352,3434703
1709509142093,READ,./data/pp00063,13738816,15456167
1709509142508,READ,./data/phi100063,0,1717351
1709509142509,READ,./data/phi100063,6869408,8586759
1709509142616,READ,./data/phi100063,12021464,13738815
1709509142669,READ,./data/phi100063,1717352,3434703
1709509142740,READ,./data/phi100063,5152056,6869407
1709509142786,READ,./data/phi100063,15456168,17173511
1709509142810,READ,./data/phi100063,10304112,12021463
1709509142879,READ,./data/phi100063,13738816,15456167
1709509142917,READ,./data/phi100063,3434704,5152055
1709509142970,READ,./data/phi100063,8586760,10304111
1709509142982,READ,./data/snap0000063.ini,0,301
1709509143233,READ,./data/vort063,0,1717351
1709509143265,READ,./data/vort063,10304112,12021463
1709509143379,READ,./data/vort063,12021464,13738815
1709509143450,READ,./data/vort063,15456168,17173511
1709509143498,READ,./data/vort063,3434704,5152055
1709509143532,READ,./data/vort063,13738816,15456167
1709509143623,READ,./data/vort063,6869408,8586759
1709509143651,READ,./data/vort063,1717352,3434703
1709509143657,READ,./data/vort063,8586760,10304111
1709509143691,READ,./data/vort063,5152056,6869407
1709509144139,READ,./data/vort063,0,1717351
1709509144176,READ,./data/vort063,15456168,17173511
1709509144181,READ,./data/vort063,5152056,6869407
1709509144288,READ,./data/vort063,12021464,13738815
1709509144427,READ,./data/vort063,6869408,8586759
1709509144454,READ,./data/vort063,13738816,15456167
1709509144537,READ,./data/vort063,8586760,10304111
1709509144647,READ,./data/vort063,10304112,12021463
1709509144694,READ,./data/vort063,3434704,5152055
1709509144802,READ,./data/vort063,1717352,3434703
1709509145242,READ,./data/vort063,0,1717351
1709509145273,READ,./data/vort063,10304112,12021463
1709509145338,READ,./data/vort063,6869408,8586759
1709509145339,READ,./data/vort063,15456168,17173511
1709509145413,READ,./data/vort063,12021464,13738815
1709509145496,READ,./data/vort063,8586760,10304111
1709509145583,READ,./data/vort063,5152056,6869407
1709509145604,READ,./data/vort063,13738816,15456167
1709509145693,READ,./data/vort063,3434704,5152055
1709509145797,READ,./data/vort063,1717352,3434703
1709509146200,READ,./data/vort063,0,1717351
1709509146253,READ,./data/vort063,15456168,17173511
1709509146330,READ,./data/vort063,13738816,15456167
1709509146334,READ,./data/vort063,10304112,12021463
1709509146432,READ,./data/vort063,6869408,8586759
1709509146456,READ,./data/vort063,12021464,13738815
1709509146535,READ,./data/vort063,5152056,6869407
1709509146592,READ,./data/vort063,1717352,3434703
1709509146633,READ,./data/vort063,8586760,10304111
1709509146741,READ,./data/vort063,3434704,5152055
1709509147032,READ,./data/ux00064,0,1717351
1709509147059,READ,./data/ux00064,13738816,15456167
1709509147097,READ,./data/ux00064,1717352,3434703
1709509147161,READ,./data/ux00064,12021464,13738815
1709509147196,READ,./data/ux00064,3434704,5152055
1709509147270,READ,./data/ux00064,8586760,10304111
1709509147308,READ,./data/ux00064,10304112,12021463
1709509147357,READ,./data/ux00064,15456168,17173511
1709509147423,READ,./data/ux00064,5152056,6869407
1709509147461,READ,./data/ux00064,6869408,8586759
1709509147743,READ,./data/uy00064,0,1717351
1709509147759,READ,./data/uy00064,15456168,17173511
1709509147845,READ,./data/uy00064,13738816,15456167
1709509147871,READ,./data/uy00064,12021464,13738815
1709509147930,READ,./data/uy00064,1717352,3434703
1709509148025,READ,./data/uy00064,3434704,5152055
1709509148127,READ,./data/uy00064,6869408,8586759
1709509148161,READ,./data/uy00064,5152056,6869407
1709509148229,READ,./data/uy00064,8586760,10304111
1709509148340,READ,./data/uy00064,10304112,12021463
1709509148615,READ,./data/uz00064,0,1717351
1709509148631,READ,./data/uz00064,13738816,15456167
1709509148643,READ,./data/uz00064,10304112,12021463
1709509148723,READ,./data/uz00064,8586760,10304111
1709509148773,READ,./data/uz00064,3434704,5152055
1709509148860,READ,./data/uz00064,5152056,6869407
1709509148931,READ,./data/uz00064,12021464,13738815
1709509148960,READ,./data/uz00064,1717352,3434703
1709509148987,READ,./data/uz00064,15456168,17173511
1709509149028,READ,./data/uz00064,6869408,8586759
1709509149398,READ,./data/pp00064,0,1717351
1709509149418,READ,./data/pp00064,8586760,10304111
1709509149494,READ,./data/pp00064,3434704,5152055
1709509149593,READ,./data/pp00064,10304112,12021463
1709509149623,READ,./data/pp00064,13738816,15456167
1709509149718,READ,./data/pp00064,6869408,8586759
1709509149808,READ,./data/pp00064,12021464,13738815
1709509149898,READ,./data/pp00064,15456168,17173511
1709509150013,READ,./data/pp00064,1717352,3434703
1709509150087,READ,./data/pp00064,5152056,6869407
1709509150383,READ,./data/phi100064,0,1717351
1709509150390,READ,./data/phi100064,5152056,6869407
1709509150396,READ,./data/phi100064,10304112,12021463
1709509150433,READ,./data/phi100064,13738816,15456167
1709509150517,READ,./data/phi100064,6869408,8586759
1709509150603,READ,./data/phi100064,15456168,17173511
1709509150640,READ,./data/phi100064,8586760,10304111
1709509150754,READ,./data/phi100064,12021464,13738815
1709509150825,READ,./data/phi100064,1717352,3434703
1709509150920,READ,./data/phi100064,3434704,5152055
1709509150934,READ,./data/snap0000064.ini,0,301
1709509151282,READ,./data/vort064,0,1717351
1709509151288,READ,./data/vort064,13738816,15456167
1709509151293,READ,./data/vort064,8586760,10304111
1709509151380,READ,./data/vort064,12021464,13738815
1709509151438,READ,./data/vort064,10304112,12021463
1709509151527,READ,./data/vort064,6869408,8586759
1709509151624,READ,./data/vort064,5152056,6869407
1709509151670,READ,./data/vort064,1717352,3434703
1709509151706,READ,./data/vort064,15456168,17173511
1709509151738,READ,./data/vort064,3434704,5152055
1709509152211,READ,./data/vort064,0,1717351
1709509152254,READ,./data/vort064,12021464,13738815
1709509152354,READ,./data/vort064,1717352,3434703
1709509152387,READ,./data/vort064,6869408,8586759
1709509152416,READ,./data/vort064,10304112,12021463
1709509152482,READ,./data/vort064,13738816,15456167
1709509152525,READ,./data/vort064,15456168,17173511
1709509152597,READ,./data/vort064,3434704,5152055
1709509152677,READ,./data/vort064,5152056,6869407
1709509152685,READ,./data/vort064,8586760,10304111
1709509153160,READ,./data/vort064,0,1717351
1709509153198,READ,./data/vort064,12021464,13738815
1709509153278,READ,./data/vort064,10304112,12021463
1709509153321,READ,./data/vort064,15456168,17173511
1709509153355,READ,./data/vort064,8586760,10304111
1709509153410,READ,./data/vort064,3434704,5152055
1709509153494,READ,./data/vort064,1717352,3434703
1709509153553,READ,./data/vort064,6869408,8586759
1709509153643,READ,./data/vort064,5152056,6869407
1709509153660,READ,./data/vort064,13738816,15456167
1709509154147,READ,./data/vort064,0,1717351
1709509154252,READ,./data/vort064,3434704,5152055
1709509154289,READ,./data/vort064,8586760,10304111
1709509154291,READ,./data/vort064,13738816,15456167
1709509154363,READ,./data/vort064,10304112,12021463
1709509154395,READ,./data/vort064,1717352,3434703
1709509154464,READ,./data/vort064,6869408,8586759
1709509154542,READ,./data/vort064,5152056,6869407
1709509154619,READ,./data/vort064,15456168,17173511
1709509154666,READ,./data/vort064,12021464,13738815
1709509155081,READ,./data/ux00065,0,1717351
1709509155191,READ,./data/ux00065,13738816,15456167
1709509155213,READ,./data/ux00065,3434704,5152055
1709509155250,READ,./data/ux00065,1717352,3434703
1709509155324,READ,./data/ux00065,5152056,6869407
1709509155379,READ,./data/ux00065,12021464,13738815
1709509155463,READ,./data/ux00065,6869408,8586759
1709509155486,READ,./data/ux00065,15456168,17173511
1709509155549,READ,./data/ux00065,10304112,12021463
1709509155617,READ,./data/ux00065,8586760,10304111
1709509156026,READ,./data/uy00065,6869408,8586759
1709509156030,READ,./data/uy00065,0,1717351
1709509156100,READ,./data/uy00065,10304112,12021463
1709509156134,READ,./data/uy00065,1717352,3434703
1709509156138,READ,./data/uy00065,15456168,17173511
1709509156195,READ,./data/uy00065,3434704,5152055
1709509156248,READ,./data/uy00065,8586760,10304111
1709509156301,READ,./data/uy00065,13738816,15456167
1709509156330,READ,./data/uy00065,5152056,6869407
1709509156443,READ,./data/uy00065,12021464,13738815
1709509156840,READ,./data/uz00065,0,1717351
1709509156846,READ,./data/uz00065,13738816,15456167
1709509156852,READ,./data/uz00065,10304112,12021463
1709509156933,READ,./data/uz00065,15456168,17173511
1709509156969,READ,./data/uz00065,3434704,5152055
1709509157058,READ,./data/uz00065,6869408,8586759
1709509157087,READ,./data/uz00065,1717352,3434703
1709509157101,READ,./data/uz00065,8586760,10304111
1709509157139,READ,./data/uz00065,5152056,6869407
1709509157206,READ,./data/uz00065,12021464,13738815
1709509157628,READ,./data/pp00065,0,1717351
1709509157638,READ,./data/pp00065,13738816,15456167
1709509157646,READ,./data/pp00065,5152056,6869407
1709509157747,READ,./data/pp00065,8586760,10304111
1709509157749,READ,./data/pp00065,3434704,5152055
1709509157824,READ,./data/pp00065,15456168,17173511
1709509157933,READ,./data/pp00065,12021464,13738815
1709509158026,READ,./data/pp00065,10304112,12021463
1709509158114,READ,./data/pp00065,1717352,3434703
1709509158209,READ,./data/pp00065,6869408,8586759
1709509158459,READ,./data/phi100065,0,1717351
1709509158460,READ,./data/phi100065,6869408,8586759
1709509158548,READ,./data/phi100065,10304112,12021463
1709509158604,READ,./data/phi100065,5152056,6869407
1709509158642,READ,./data/phi100065,3434704,5152055
1709509158741,READ,./data/phi100065,1717352,3434703
1709509158778,READ,./data/phi100065,12021464,13738815
1709509158904,READ,./data/phi100065,13738816,15456167
1709509159004,READ,./data/phi100065,15456168,17173511
1709509159008,READ,./data/phi100065,8586760,10304111
1709509159020,READ,./data/snap0000065.ini,0,301
1709509159367,READ,./data/vort065,0,1717351
1709509159399,READ,./data/vort065,5152056,6869407
1709509159429,READ,./data/vort065,1717352,3434703
1709509159437,READ,./data/vort065,13738816,15456167
1709509159524,READ,./data/vort065,6869408,8586759
1709509159591,READ,./data/vort065,15456168,17173511
1709509159750,READ,./data/vort065,12021464,13738815
1709509159825,READ,./data/vort065,8586760,10304111
1709509159911,READ,./data/vort065,10304112,12021463
1709509159998,READ,./data/vort065,3434704,5152055
1709509160355,READ,./data/vort065,0,1717351
1709509160415,READ,./data/vort065,13738816,15456167
1709509160432,READ,./data/vort065,5152056,6869407
1709509160432,READ,./data/vort065,8586760,10304111
1709509160531,READ,./data/vort065,6869408,8586759
1709509160595,READ,./data/vort065,3434704,5152055
1709509160638,READ,./data/vort065,10304112,12021463
1709509160910,READ,./data/vort065,12021464,13738815
1709509160972,READ,./data/vort065,15456168,17173511
1709509161025,READ,./data/vort065,1717352,3434703
1709509161460,READ,./data/vort065,0,1717351
1709509161501,READ,./data/vort065,5152056,6869407
1709509161515,READ,./data/vort065,10304112,12021463
1709509161619,READ,./data/vort065,6869408,8586759
1709509161637,READ,./data/vort065,13738816,15456167
1709509161723,READ,./data/vort065,3434704,5152055
1709509161781,READ,./data/vort065,15456168,17173511
1709509161798,READ,./data/vort065,8586760,10304111
1709509161896,READ,./data/vort065,1717352,3434703
1709509161941,READ,./data/vort065,12021464,13738815
1709509162441,READ,./data/vort065,0,1717351
1709509162471,READ,./data/vort065,12021464,13738815
1709509162555,READ,./data/vort065,13738816,15456167
1709509162600,READ,./data/vort065,1717352,3434703
1709509162659,READ,./data/vort065,10304112,12021463
1709509162736,READ,./data/vort065,6869408,8586759
1709509162771,READ,./data/vort065,15456168,17173511
1709509162875,READ,./data/vort065,5152056,6869407
1709509162904,READ,./data/vort065,8586760,10304111
1709509162951,READ,./data/vort065,3434704,5152055
1709509163414,READ,./data/ux00066,5152056,6869407
1709509163426,READ,./data/ux00066,8586760,10304111
1709509163428,READ,./data/ux00066,0,1717351
1709509163505,READ,./data/ux00066,12021464,13738815
1709509163615,READ,./data/ux00066,13738816,15456167
1709509163672,READ,./data/ux00066,15456168,17173511
1709509163754,READ,./data/ux00066,3434704,5152055
1709509163857,READ,./data/ux00066,6869408,8586759
1709509163863,READ,./data/ux00066,1717352,3434703
1709509163876,READ,./data/ux00066,10304112,12021463
1709509164169,READ,./data/uy00066,0,1717351
1709509164233,READ,./data/uy00066,1717352,3434703
1709509164235,READ,./data/uy00066,15456168,17173511
1709509164255,READ,./data/uy00066,8586760,10304111
1709509164347,READ,./data/uy00066,12021464,13738815
1709509164369,READ,./data/uy00066,3434704,5152055
1709509164439,READ,./data/uy00066,5152056,6869407
1709509164459,READ,./data/uy00066,13738816,15456167
1709509164533,READ,./data/uy00066,6869408,8586759
1709509164579,READ,./data/uy00066,10304112,12021463
1709509164988,READ,./data/uz00066,12021464,13738815
1709509164990,READ,./data/uz00066,0,1717351
1709509165046,READ,./data/uz00066,3434704,5152055
1709509165104,READ,./data/uz00066,1717352,3434703
1709509165163,READ,./data/uz00066,5152056,6869407
1709509165234,READ,./data/uz00066,10304112,12021463
1709509165293,READ,./data/uz00066,13738816,15456167
1709509165353,READ,./data/uz00066,8586760,10304111
1709509165369,READ,./data/uz00066,15456168,17173511
1709509165482,READ,./data/uz00066,6869408,8586759
1709509165835,READ,./data/pp00066,13738816,15456167
1709509165859,READ,./data/pp00066,0,1717351
1709509165912,READ,./data/pp00066,15456168,17173511
1709509165969,READ,./data/pp00066,1717352,3434703
1709509165990,READ,./data/pp00066,6869408,8586759
1709509166073,READ,./data/pp00066,12021464,13738815
1709509166115,READ,./data/pp00066,8586760,10304111
1709509166207,READ,./data/pp00066,5152056,6869407
1709509166292,READ,./data/pp00066,3434704,5152055
1709509166370,READ,./data/pp00066,10304112,12021463
1709509166805,READ,./data/phi100066,0,1717351
1709509166851,READ,./data/phi100066,3434704,5152055
1709509166858,READ,./data/phi100066,13738816,15456167
1709509166870,READ,./data/phi100066,10304112,12021463
1709509166897,READ,./data/phi100066,1717352,3434703
1709509167003,READ,./data/phi100066,5152056,6869407
1709509167133,READ,./data/phi100066,6869408,8586759
1709509167204,READ,./data/phi100066,8586760,10304111
1709509167270,READ,./data/phi100066,12021464,13738815
1709509167292,READ,./data/phi100066,15456168,17173511
1709509167304,READ,./data/snap0000066.ini,0,301
1709509167664,READ,./data/vort066,0,1717351
1709509167691,READ,./data/vort066,15456168,17173511
1709509167706,READ,./data/vort066,10304112,12021463
1709509167764,READ,./data/vort066,3434704,5152055
1709509167842,READ,./data/vort066,5152056,6869407
1709509167937,READ,./data/vort066,12021464,13738815
1709509167994,READ,./data/vort066,13738816,15456167
1709509168015,READ,./data/vort066,6869408,8586759
1709509168038,READ,./data/vort066,1717352,3434703
1709509168079,READ,./data/vort066,8586760,10304111
1709509168565,READ,./data/vort066,0,1717351
1709509168589,READ,./data/vort066,8586760,10304111
1709509168601,READ,./data/vort066,15456168,17173511
1709509168616,READ,./data/vort066,5152056,6869407
1709509168687,READ,./data/vort066,1717352,3434703
1709509168778,READ,./data/vort066,10304112,12021463
1709509168870,READ,./data/vort066,3434704,5152055
1709509168908,READ,./data/vort066,6869408,8586759
1709509168967,READ,./data/vort066,12021464,13738815
1709509169017,READ,./data/vort066,13738816,15456167
1709509169461,READ,./data/vort066,0,1717351
1709509169499,READ,./data/vort066,10304112,12021463
1709509169574,READ,./data/vort066,12021464,13738815
1709509169605,READ,./data/vort066,5152056,6869407
1709509169606,READ,./data/vort066,8586760,10304111
1709509169697,READ,./data/vort066,3434704,5152055
1709509169802,READ,./data/vort066,1717352,3434703
1709509169876,READ,./data/vort066,13738816,15456167
1709509169968,READ,./data/vort066,6869408,8586759
1709509169995,READ,./data/vort066,15456168,17173511
1709509170455,READ,./data/vort066,0,1717351
1709509170545,READ,./data/vort066,13738816,15456167
1709509170603,READ,./data/vort066,1717352,3434703
1709509170604,READ,./data/vort066,6869408,8586759
1709509170718,READ,./data/vort066,5152056,6869407
1709509170754,READ,./data/vort066,3434704,5152055
1709509170818,READ,./data/vort066,10304112,12021463
1709509170876,READ,./data/vort066,15456168,17173511
1709509170927,READ,./data/vort066,12021464,13738815
1709509171056,READ,./data/vort066,8586760,10304111
1709509171415,READ,./data/ux00067,10304112,12021463
1709509171416,READ,./data/ux00067,0,1717351
1709509171511,READ,./data/ux00067,6869408,8586759
1709509171531,READ,./data/ux00067,12021464,13738815
1709509171622,READ,./data/ux00067,15456168,17173511
1709509171660,READ,./data/ux00067,13738816,15456167
1709509171734,READ,./data/ux00067,3434704,5152055
1709509171744,READ,./data/ux00067,8586760,10304111
1709509171778,READ,./data/ux00067,5152056,6869407
1709509171843,READ,./data/ux00067,1717352,3434703
1709509172206,READ,./data/uy00067,0,1717351
1709509172228,READ,./data/uy00067,13738816,15456167
1709509172239,READ,./data/uy00067,6869408,8586759
1709509172274,READ,./data/uy00067,1717352,3434703
1709509172351,READ,./data/uy00067,8586760,10304111
1709509172396,READ,./data/uy00067,10304112,12021463
1709509172500,READ,./data/uy00067,12021464,13738815
1709509172538,READ,./data/uy00067,15456168,17173511
1709509172600,READ,./data/uy00067,3434704,5152055
1709509172644,READ,./data/uy00067,5152056,6869407
1709509172980,READ,./data/uz00067,0,1717351
1709509172981,READ,./data/uz00067,5152056,6869407
1709509172996,READ,./data/uz00067,15456168,17173511
1709509173007,READ,./data/uz00067,10304112,12021463
1709509173081,READ,./data/uz00067,8586760,10304111
1709509173148,READ,./data/uz00067,12021464,13738815
1709509173180,READ,./data/uz00067,13738816,15456167
1709509173292,READ,./data/uz00067,3434704,5152055
1709509173362,READ,./data/uz00067,1717352,3434703
1709509173411,READ,./data/uz00067,6869408,8586759
1709509173804,READ,./data/pp00067,0,1717351
1709509173819,READ,./data/pp00067,15456168,17173511
1709509173872,READ,./data/pp00067,3434704,5152055
1709509173960,READ,./data/pp00067,10304112,12021463
1709509173964,READ,./data/pp00067,1717352,3434703
1709509173987,READ,./data/pp00067,13738816,15456167
1709509174121,READ,./data/pp00067,6869408,8586759
1709509174439,READ,./data/pp00067,8586760,10304111
1709509174704,READ,./data/pp00067,12021464,13738815
1709509174789,READ,./data/pp00067,5152056,6869407
1709509175460,READ,./data/phi100067,1717352,3434703
1709509175574,READ,./data/phi100067,5152056,6869407
1709509175585,READ,./data/phi100067,0,1717351
1709509175587,READ,./data/phi100067,8586760,10304111
1709509175715,READ,./data/phi100067,3434704,5152055
1709509175794,READ,./data/phi100067,12021464,13738815
1709509175879,READ,./data/phi100067,13738816,15456167
1709509175923,READ,./data/phi100067,15456168,17173511
1709509175977,READ,./data/phi100067,6869408,8586759
1709509176042,READ,./data/phi100067,10304112,12021463
1709509176045,READ,./data/snap0000067.ini,0,301
1709509176330,READ,./data/vort067,0,1717351
1709509176362,READ,./data/vort067,6869408,8586759
1709509176463,READ,./data/vort067,5152056,6869407
1709509176466,READ,./data/vort067,12021464,13738815
1709509176492,READ,./data/vort067,10304112,12021463
1709509176570,READ,./data/vort067,13738816,15456167
1709509176625,READ,./data/vort067,1717352,3434703
1709509176664,READ,./data/vort067,15456168,17173511
1709509176725,READ,./data/vort067,3434704,5152055
1709509176828,READ,./data/vort067,8586760,10304111
1709509177333,READ,./data/vort067,0,1717351
1709509177363,READ,./data/vort067,13738816,15456167
1709509177378,READ,./data/vort067,8586760,10304111
1709509177387,READ,./data/vort067,5152056,6869407
1709509177427,READ,./data/vort067,1717352,3434703
1709509177528,READ,./data/vort067,12021464,13738815
1709509177599,READ,./data/vort067,3434704,5152055
1709509177712,READ,./data/vort067,6869408,8586759
1709509177752,READ,./data/vort067,10304112,12021463
1709509177763,READ,./data/vort067,15456168,17173511
1709509178165,READ,out/restart0000270,0,1717351
1709509178181,READ,out/restart0000270,5152056,6869407
1709509178192,READ,out/restart0000270,8586760,10304111
1709509178289,READ,out/restart0000270,6869408,8586759
1709509178326,READ,out/restart0000270,10304112,12021463
1709509178362,READ,out/restart0000270,12021464,13738815
1709509178412,READ,out/restart0000270,1717352,3434703
1709509178488,READ,out/restart0000270,15456168,17173511
1709509178517,READ,out/restart0000270,3434704,5152055
1709509178552,READ,out/restart0000270,13738816,15456167
1709509178591,READ,out/restart0000270,20608216,22325567
1709509178674,READ,out/restart0000270,22325568,24042919
1709509178677,READ,out/restart0000270,29194976,30912327
1709509178706,READ,out/restart0000270,17173512,18890863
1709509178766,READ,out/restart0000270,27477624,29194975
1709509178814,READ,out/restart0000270,18890864,20608215
1709509178845,READ,out/restart0000270,24042920,25760271
1709509178942,READ,out/restart0000270,25760272,27477623
1709509178995,READ,out/restart0000270,30912328,32629679
1709509179034,READ,out/restart0000270,32629680,34347023
1709509179053,READ,out/restart0000270,48085840,49803191
1709509179117,READ,out/restart0000270,34347024,36064375
1709509179140,READ,out/restart0000270,42933784,44651135
1709509179228,READ,out/restart0000270,41216432,42933783
1709509179335,READ,out/restart0000270,36064376,37781727
1709509179396,READ,out/restart0000270,44651136,46368487
1709509179429,READ,out/restart0000270,46368488,48085839
1709509179444,READ,out/restart0000270,39499080,41216431
1709509179514,READ,out/restart0000270,49803192,51520535
1709509179544,READ,out/restart0000270,37781728,39499079
1709509179548,READ,out/restart0000270,65259352,66976703
1709509179565,READ,out/restart0000270,56672592,58389943
1709509179620,READ,out/restart0000270,53237888,54955239
1709509179661,READ,out/restart0000270,54955240,56672591
1709509179664,READ,out/restart0000270,51520536,53237887
1709509179734,READ,out/restart0000270,61824648,63541999
1709509179767,READ,out/restart0000270,63542000,65259351
1709509179810,READ,out/restart0000270,60107296,61824647
1709509179866,READ,out/restart0000270,58389944,60107295
1709509179866,READ,out/restart0000270,66976704,68694047
1709509179871,READ,out/restart0000270,82432864,84150215
1709509179877,READ,out/restart0000270,77280808,78998159
1709509179886,READ,out/restart0000270,72128752,73846103
1709509179946,READ,out/restart0000270,80715512,82432863
1709509179995,READ,out/restart0000270,73846104,75563455
1709509180118,READ,out/restart0000270,70411400,72128751
1709509180253,READ,out/restart0000270,68694048,70411399
1709509180266,READ,out/restart0000270,78998160,80715511
1709509180385,READ,out/restart0000270,84150216,85867559
1709509180390,READ,out/restart0000270,75563456,77280807
1709509180395,READ,out/restart0000270,101323728,103041071
1709509180409,READ,out/restart0000270,94454320,96171671
1709509180415,READ,out/restart0000270,85867560,87584911
1709509180427,READ,out/restart0000270,89302264,91019615
1709509180514,READ,out/restart0000270,91019616,92736967
1709509180549,READ,out/restart0000270,92736968,94454319
1709509180564,READ,out/restart0000270,87584912,89302263
1709509180692,READ,out/restart0000270,96171672,97889023
1709509180783,READ,out/restart0000270,97889024,99606375
1709509180831,READ,out/restart0000270,99606376,101323727
1709509180836,READ,out/restart0000270,118497240,120214583
1709509180843,READ,out/restart0000270,109910480,111627831
1709509180912,READ,out/restart0000270,116779888,118497239
1709509180914,READ,out/restart0000270,103041072,104758423
1709509181025,READ,out/restart0000270,104758424,106475775
1709509181060,READ,out/restart0000270,115062536,116779887
1709509181110,READ,out/restart0000270,111627832,113345183
1709509181187,READ,out/restart0000270,108193128,109910479
1709509181265,READ,out/restart0000270,113345184,115062535
1709509181269,READ,out/restart0000270,106475776,108193127
1709509181274,READ,out/restart0000270,135670752,137388095
1709509181281,READ,out/restart0000270,121931936,123649287
1709509181281,READ,out/restart0000270,128801344,130518695
1709509181355,READ,out/restart0000270,127083992,128801343
1709509181392,READ,out/restart0000270,133953400,135670751
1709509181442,READ,out/restart0000270,132236048,133953399
1709509181479,READ,out/restart0000270,125366640,127083991
1709509181563,READ,out/restart0000270,123649288,125366639
1709509181568,READ,out/restart0000270,130518696,132236047
1709509181696,READ,out/restart0000270,120214584,121931935
1709509181701,READ,out/restart0000270,152844264,154561607
1709509181759,READ,out/restart0000270,140822800,142540151
1709509181767,READ,out/restart0000270,151126912,152844263
1709509181843,READ,out/restart0000270,139105448,140822799
1709509181932,READ,out/restart0000270,142540152,144257503
1709509181986,READ,out/restart0000270,145974856,147692207
1709509182023,READ,out/restart0000270,144257504,145974855
1709509182044,READ,out/restart0000270,137388096,139105447
1709509182052,READ,out/restart0000270,149409560,151126911
1709509182085,READ,out/restart0000270,147692208,149409559
1709509182099,READ,out/restart0000270,169779069,171469895
1709509182127,READ,out/restart0000270,159634095,161324923
1709509182152,READ,out/restart0000270,156252437,157943265
1709509182226,READ,out/restart0000270,163015753,164706581
1709509182287,READ,out/restart0000270,161324924,163015752
1709509182344,READ,out/restart0000270,164706582,166397410
1709509182417,READ,out/restart0000270,166397411,168088239
1709509182536,READ,out/restart0000270,157943266,159634094
1709509182569,READ,out/restart0000270,154561608,156252436
1709509182615,READ,out/restart0000270,168088240,169779068
1709509182620,READ,out/restart0000270,186926064,188643407
1709509182626,READ,out/restart0000270,174904600,176621951
1709509182709,READ,out/restart0000270,185208712,186926063
1709509182756,READ,out/restart0000270,171469896,173187247
1709509182809,READ,out/restart0000270,178339304,180056655
1709509182841,READ,out/restart0000270,173187248,174904599
1709509182880,READ,out/restart0000270,183491360,185208711
1709509182899,READ,out/restart0000270,176621952,178339303
1709509183001,READ,out/restart0000270,180056656,181774007
1709509183132,READ,out/restart0000270,181774008,183491359
1709509183136,READ,out/restart0000270,204099576,205816919
1709509183151,READ,out/restart0000270,193795464,195512815
1709509183250,READ,out/restart0000270,195512816,197230167
1709509183373,READ,out/restart0000270,192078112,193795463
1709509183456,READ,out/restart0000270,188643408,190360759
1709509183535,READ,out/restart0000270,202382224,204099575
1709509183623,READ,out/restart0000270,197230168,198947519
1709509183702,READ,out/restart0000270,198947520,200664871
1709509183748,READ,out/restart0000270,190360760,192078111
1709509183817,READ,out/restart0000270,200664872,202382223
1709509183822,READ,out/restart0000270,221273088,222990431
1709509183848,READ,out/restart0000270,210968976,212686327
1709509183900,READ,out/restart0000270,212686328,214403679
1709509183946,READ,out/restart0000270,207534272,209251623
1709509183968,READ,out/restart0000270,209251624,210968975
1709509184031,READ,out/restart0000270,205816920,207534271
1709509184078,READ,out/restart0000270,219555736,221273087
1709509184079,READ,out/restart0000270,214403680,216121031
1709509184151,READ,out/restart0000270,217838384,219555735
1709509184190,READ,out/restart0000270,216121032,217838383
1709509184254,READ,out/restart0000270.info,0,538
1709509184597,READ,./data/vort067,0,1717351
1709509184663,READ,./data/vort067,5152056,6869407
1709509184740,READ,./data/vort067,1717352,3434703
1709509184749,READ,./data/vort067,13738816,15456167
1709509184830,READ,./data/vort067,8586760,10304111
1709509184831,READ,./data/vort067,15456168,17173511
1709509184917,READ,./data/vort067,12021464,13738815
1709509184987,READ,./data/vort067,6869408,8586759
1709509185057,READ,./data/vort067,3434704,5152055
1709509185081,READ,./data/vort067,10304112,12021463
1709509185470,READ,./data/vort067,0,1717351
1709509185495,READ,./data/vort067,13738816,15456167
1709509185595,READ,./data/vort067,1717352,3434703
1709509185608,READ,./data/vort067,5152056,6869407
1709509185661,READ,./data/vort067,12021464,13738815
1709509185805,READ,./data/vort067,6869408,8586759
1709509185831,READ,./data/vort067,15456168,17173511
1709509185862,READ,./data/vort067,3434704,5152055
1709509185926,READ,./data/vort067,10304112,12021463
1709509186019,READ,./data/vort067,8586760,10304111
1709509186388,READ,./data/ux00068,0,1717351
1709509186399,READ,./data/ux00068,10304112,12021463
1709509186468,READ,./data/ux00068,12021464,13738815
1709509186504,READ,./data/ux00068,6869408,8586759
1709509186586,READ,./data/ux00068,3434704,5152055
1709509186637,READ,./data/ux00068,15456168,17173511
1709509186740,READ,./data/ux00068,13738816,15456167
1709509186765,READ,./data/ux00068,8586760,10304111
1709509186767,READ,./data/ux00068,1717352,3434703
1709509186805,READ,./data/ux00068,5152056,6869407
1709509187133,READ,./data/uy00068,10304112,12021463
1709509187158,READ,./data/uy00068,15456168,17173511
1709509187159,READ,./data/uy00068,1717352,3434703
1709509187231,READ,./data/uy00068,3434704,5152055
1709509187289,READ,./data/uy00068,5152056,6869407
1709509187392,READ,./data/uy00068,12021464,13738815
1709509187415,READ,./data/uy00068,6869408,8586759
1709509187463,READ,./data/uy00068,13738816,15456167
1709509187484,READ,./data/uy00068,8586760,10304111
1709509187514,READ,./data/uy00068,0,1717351
1709509187906,READ,./data/uz00068,0,1717351
1709509187927,READ,./data/uz00068,6869408,8586759
1709509188022,READ,./data/uz00068,12021464,13738815
1709509188069,READ,./data/uz00068,8586760,10304111
1709509188144,READ,./data/uz00068,10304112,12021463
1709509188226,READ,./data/uz00068,3434704,5152055
1709509188288,READ,./data/uz00068,15456168,17173511
1709509188334,READ,./data/uz00068,1717352,3434703
1709509188340,READ,./data/uz00068,13738816,15456167
1709509188424,READ,./data/uz00068,5152056,6869407
1709509188756,READ,./data/pp00068,10304112,12021463
1709509188762,READ,./data/pp00068,0,1717351
1709509188769,READ,./data/pp00068,15456168,17173511
1709509188845,READ,./data/pp00068,6869408,8586759
1709509188941,READ,./data/pp00068,5152056,6869407
1709509188959,READ,./data/pp00068,8586760,10304111
1709509189027,READ,./data/pp00068,13738816,15456167
1709509189105,READ,./data/pp00068,12021464,13738815
1709509189258,READ,./data/pp00068,1717352,3434703
1709509189386,READ,./data/pp00068,3434704,5152055
1709509189638,READ,./data/phi100068,0,1717351
1709509189670,READ,./data/phi100068,12021464,13738815
1709509189755,READ,./data/phi100068,1717352,3434703
1709509189840,READ,./data/phi100068,6869408,8586759
1709509189861,READ,./data/phi100068,8586760,10304111
1709509189915,READ,./data/phi100068,3434704,5152055
1709509189971,READ,./data/phi100068,10304112,12021463
1709509190017,READ,./data/phi100068,15456168,17173511
1709509190030,READ,./data/phi100068,5152056,6869407
1709509190092,READ,./data/phi100068,13738816,15456167
1709509190104,READ,./data/snap0000068.ini,0,301
1709509190479,READ,./data/vort068,0,1717351
1709509190549,READ,./data/vort068,15456168,17173511
1709509190648,READ,./data/vort068,13738816,15456167
1709509190652,READ,./data/vort068,6869408,8586759
1709509190787,READ,./data/vort068,5152056,6869407
1709509190789,READ,./data/vort068,12021464,13738815
1709509190880,READ,./data/vort068,8586760,10304111
1709509190971,READ,./data/vort068,3434704,5152055
1709509191078,READ,./data/vort068,10304112,12021463
1709509191111,READ,./data/vort068,1717352,3434703
1709509191575,READ,./data/vort068,0,1717351
1709509191608,READ,./data/vort068,8586760,10304111
1709509191698,READ,./data/vort068,10304112,12021463
1709509191706,READ,./data/vort068,13738816,15456167
1709509191792,READ,./data/vort068,5152056,6869407
1709509191792,READ,./data/vort068,15456168,17173511
1709509191856,READ,./data/vort068,12021464,13738815
1709509191945,READ,./data/vort068,6869408,8586759
1709509191997,READ,./data/vort068,1717352,3434703
1709509192077,READ,./data/vort068,3434704,5152055
1709509192488,READ,./data/vort068,0,1717351
1709509192517,READ,./data/vort068,5152056,6869407
1709509192532,READ,./data/vort068,12021464,13738815
1709509192614,READ,./data/vort068,10304112,12021463
1709509192656,READ,./data/vort068,1717352,3434703
1709509192733,READ,./data/vort068,13738816,15456167
1709509192843,READ,./data/vort068,15456168,17173511
1709509192895,READ,./data/vort068,6869408,8586759
1709509192957,READ,./data/vort068,3434704,5152055
1709509192994,READ,./data/vort068,8586760,10304111
1709509193418,READ,./data/vort068,0,1717351
1709509193463,READ,./data/vort068,8586760,10304111
1709509193556,READ,./data/vort068,6869408,8586759
1709509193652,READ,./data/vort068,5152056,6869407
1709509193686,READ,./data/vort068,1717352,3434703
1709509193758,READ,./data/vort068,15456168,17173511
1709509193771,READ,./data/vort068,3434704,5152055
1709509193854,READ,./data/vort068,12021464,13738815
1709509193935,READ,./data/vort068,13738816,15456167
1709509193989,READ,./data/vort068,10304112,12021463
1709509194477,READ,./data/ux00069,0,1717351
1709509194510,READ,./data/ux00069,6869408,8586759
1709509194621,READ,./data/ux00069,5152056,6869407
1709509194666,READ,./data/ux00069,12021464,13738815
1709509194717,READ,./data/ux00069,1717352,3434703
1709509194734,READ,./data/ux00069,10304112,12021463
1709509194769,READ,./data/ux00069,3434704,5152055
1709509194850,READ,./data/ux00069,15456168,17173511
1709509194920,READ,./data/ux00069,13738816,15456167
1709509195064,READ,./data/ux00069,8586760,10304111
1709509195496,READ,./data/uy00069,0,1717351
1709509195511,READ,./data/uy00069,15456168,17173511
1709509195641,READ,./data/uy00069,13738816,15456167
1709509195707,READ,./data/uy00069,1717352,3434703
1709509195717,READ,./data/uy00069,8586760,10304111
1709509195836,READ,./data/uy00069,3434704,5152055
1709509195928,READ,./data/uy00069,5152056,6869407
1709509195998,READ,./data/uy00069,12021464,13738815
1709509196079,READ,./data/uy00069,6869408,8586759
1709509196112,READ,./data/uy00069,10304112,12021463
1709509196335,READ,./data/uz00069,0,1717351
1709509196359,READ,./data/uz00069,5152056,6869407
1709509196365,READ,./data/uz00069,15456168,17173511
1709509196473,READ,./data/uz00069,13738816,15456167
1709509196558,READ,./data/uz00069,3434704,5152055
1709509196702,READ,./data/uz00069,6869408,8586759
1709509196781,READ,./data/uz00069,8586760,10304111
1709509196814,READ,./data/uz00069,12021464,13738815
1709509196816,READ,./data/uz00069,1717352,3434703
1709509196862,READ,./data/uz00069,10304112,12021463
1709509197097,READ,./data/pp00069,0,1717351
1709509197223,READ,./data/pp00069,3434704,5152055
1709509197232,READ,./data/pp00069,10304112,12021463
1709509197243,READ,./data/pp00069,13738816,15456167
1709509197384,READ,./data/pp00069,12021464,13738815
1709509197474,READ,./data/pp00069,1717352,3434703
1709509197551,READ,./data/pp00069,15456168,17173511
1709509197678,READ,./data/pp00069,6869408,8586759
1709509197768,READ,./data/pp00069,8586760,10304111
1709509197771,READ,./data/pp00069,5152056,6869407
1709509198068,READ,./data/phi100069,0,1717351
1709509198117,READ,./data/phi100069,10304112,12021463
1709509198129,READ,./data/phi100069,13738816,15456167
1709509198228,READ,./data/phi100069,12021464,13738815
1709509198261,READ,./data/phi100069,8586760,10304111
1709509198307,READ,./data/phi100069,15456168,17173511
1709509198367,READ,./data/phi100069,3434704,5152055
1709509198465,READ,./data/phi100069,1717352,3434703
1709509198563,READ,./data/phi100069,6869408,8586759
1709509198663,READ,./data/phi100069,5152056,6869407
1709509198675,READ,./data/snap0000069.ini,0,301
1709509198960,READ,./data/vort069,0,1717351
1709509198963,READ,./data/vort069,13738816,15456167
1709509199038,READ,./data/vort069,15456168,17173511
1709509199052,READ,./data/vort069,8586760,10304111
1709509199139,READ,./data/vort069,10304112,12021463
1709509199230,READ,./data/vort069,1717352,3434703
1709509199271,READ,./data/vort069,12021464,13738815
1709509199324,READ,./data/vort069,6869408,8586759
1709509199455,READ,./data/vort069,3434704,5152055
1709509199618,READ,./data/vort069,5152056,6869407
1709509200019,READ,./data/vort069,0,1717351
1709509200121,READ,./data/vort069,3434704,5152055
1709509200132,READ,./data/vort069,13738816,15456167
1709509200246,READ,./data/vort069,6869408,8586759
1709509200300,READ,./data/vort069,15456168,17173511
1709509200405,READ,./data/vort069,5152056,6869407
1709509200493,READ,./data/vort069,12021464,13738815
1709509200584,READ,./data/vort069,10304112,12021463
1709509200661,READ,./data/vort069,1717352,3434703
1709509200756,READ,./data/vort069,8586760,10304111
1709509201209,READ,./data/vort069,0,1717351
1709509201245,READ,./data/vort069,6869408,8586759
1709509201255,READ,./data/vort069,13738816,15456167
1709509201367,READ,./data/vort069,12021464,13738815
1709509201421,READ,./data/vort069,1717352,3434703
1709509201512,READ,./data/vort069,8586760,10304111
1709509201571,READ,./data/vort069,5152056,6869407
1709509201604,READ,./data/vort069,15456168,17173511
1709509201692,READ,./data/vort069,3434704,5152055
1709509201781,READ,./data/vort069,10304112,12021463
1709509202318,READ,./data/vort069,0,1717351
1709509202380,READ,./data/vort069,10304112,12021463
1709509202476,READ,./data/vort069,12021464,13738815
1709509202574,READ,./data/vort069,8586760,10304111
1709509202576,READ,./data/vort069,5152056,6869407
1709509202666,READ,./data/vort069,13738816,15456167
1709509202705,READ,./data/vort069,1717352,3434703
1709509202797,READ,./data/vort069,15456168,17173511
1709509202885,READ,./data/vort069,6869408,8586759
1709509203010,READ,./data/vort069,3434704,5152055
1709509203402,READ,./data/ux00070,0,1717351
1709509203426,READ,./data/ux00070,8586760,10304111
1709509203437,READ,./data/ux00070,5152056,6869407
1709509203541,READ,./data/ux00070,3434704,5152055
1709509203603,READ,./data/ux00070,12021464,13738815
1709509203751,READ,./data/ux00070,13738816,15456167
1709509203834,READ,./data/ux00070,15456168,17173511
1709509203891,READ,./data/ux00070,1717352,3434703
1709509203951,READ,./data/ux00070,6869408,8586759
1709509203999,READ,./data/ux00070,10304112,12021463
1709509204234,READ,./data/uy00070,0,1717351
1709509204241,READ,./data/uy00070,6869408,8586759
1709509204327,READ,./data/uy00070,5152056,6869407
1709509204383,READ,./data/uy00070,12021464,13738815
1709509204514,READ,./data/uy00070,10304112,12021463
1709509204533,READ,./data/uy00070,13738816,15456167
1709509204552,READ,./data/uy00070,3434704,5152055
1709509204581,READ,./data/uy00070,1717352,3434703
1709509204666,READ,./data/uy00070,15456168,17173511
1709509204769,READ,./data/uy00070,8586760,10304111
1709509205159,READ,./data/uz00070,0,1717351
1709509205161,READ,./data/uz00070,10304112,12021463
1709509205195,READ,./data/uz00070,1717352,3434703
1709509205256,READ,./data/uz00070,6869408,8586759
1709509205382,READ,./data/uz00070,8586760,10304111
1709509205383,READ,./data/uz00070,13738816,15456167
1709509205425,READ,./data/uz00070,3434704,5152055
1709509205460,READ,./data/uz00070,5152056,6869407
1709509205535,READ,./data/uz00070,15456168,17173511
1709509205632,READ,./data/uz00070,12021464,13738815
1709509205811,READ,./data/pp00070,0,1717351
1709509205812,READ,./data/pp00070,12021464,13738815
1709509205921,READ,./data/pp00070,8586760,10304111
1709509206015,READ,./data/pp00070,5152056,6869407
1709509206022,READ,./data/pp00070,10304112,12021463
1709509206088,READ,./data/pp00070,15456168,17173511
1709509206130,READ,./data/pp00070,1717352,3434703
1709509206204,READ,./data/pp00070,3434704,5152055
1709509206279,READ,./data/pp00070,13738816,15456167
1709509206368,READ,./data/pp00070,6869408,8586759
1709509206689,READ,./data/phi100070,0,1717351
1709509206729,READ,./data/phi100070,13738816,15456167
1709509206860,READ,./data/phi100070,12021464,13738815
1709509206946,READ,./data/phi100070,3434704,5152055
1709509207021,READ,./data/phi100070,10304112,12021463
1709509207103,READ,./data/phi100070,1717352,3434703
1709509207175,READ,./data/phi100070,6869408,8586759
1709509207248,READ,./data/phi100070,5152056,6869407
1709509207301,READ,./data/phi100070,8586760,10304111
1709509207396,READ,./data/phi100070,15456168,17173511
1709509207399,READ,./data/snap0000070.ini,0,301
1709509207794,READ,./data/vort070,0,1717351
1709509207808,READ,./data/vort070,13738816,15456167
1709509207822,READ,./data/vort070,6869408,8586759
1709509207951,READ,./data/vort070,8586760,10304111
1709509208006,READ,./data/vort070,3434704,5152055
1709509208171,READ,./data/vort070,1717352,3434703
1709509208236,READ,./data/vort070,12021464,13738815
1709509208305,READ,./data/vort070,5152056,6869407
1709509208316,READ,./data/vort070,15456168,17173511
1709509208378,READ,./data/vort070,10304112,12021463
1709509208845,READ,./data/vort070,0,1717351
1709509208921,READ,./data/vort070,3434704,5152055
1709509208943,READ,./data/vort070,8586760,10304111
1709509208953,READ,./data/vort070,13738816,15456167
1709509209063,READ,./data/vort070,6869408,8586759
1709509209117,READ,./data/vort070,1717352,3434703
1709509209138,READ,./data/vort070,10304112,12021463
1709509209164,READ,./data/vort070,5152056,6869407
1709509209235,READ,./data/vort070,15456168,17173511
1709509209352,READ,./data/vort070,12021464,13738815
1709509209753,READ,./data/vort070,0,1717351
1709509209814,READ,./data/vort070,13738816,15456167
1709509209885,READ,./data/vort070,1717352,3434703
1709509209892,READ,./data/vort070,10304112,12021463
1709509209963,READ,./data/vort070,15456168,17173511
1709509210031,READ,./data/vort070,3434704,5152055
1709509210110,READ,./data/vort070,5152056,6869407
1709509210191,READ,./data/vort070,8586760,10304111
1709509210262,READ,./data/vort070,6869408,8586759
1709509210308,READ,./data/vort070,12021464,13738815
1709509210768,READ,./data/vort070,0,1717351
1709509210823,READ,./data/vort070,8586760,10304111
1709509210827,READ,./data/vort070,15456168,17173511
1709509210898,READ,./data/vort070,3434704,5152055
1709509210969,READ,./data/vort070,10304112,12021463
1709509211048,READ,./data/vort070,13738816,15456167
1709509211098,READ,./data/vort070,12021464,13738815
1709509211167,READ,./data/vort070,5152056,6869407
1709509211208,READ,./data/vort070,1717352,3434703
1709509211273,READ,./data/vort070,6869408,8586759
1709509211735,READ,./data/ux00071,0,1717351
1709509211743,READ,./data/ux00071,13738816,15456167
1709509211820,READ,./data/ux00071,12021464,13738815
1709509211840,READ,./data/ux00071,3434704,5152055
1709509211907,READ,./data/ux00071,10304112,12021463
1709509211990,READ,./data/ux00071,5152056,6869407
1709509212002,READ,./data/ux00071,15456168,17173511
1709509212034,READ,./data/ux00071,1717352,3434703
1709509212057,READ,./data/ux00071,8586760,10304111
1709509212094,READ,./data/ux00071,6869408,8586759
1709509212400,READ,./data/uy00071,13738816,15456167
1709509212402,READ,./data/uy00071,0,1717351
1709509212436,READ,./data/uy00071,6869408,8586759
1709509212525,READ,./data/uy00071,5152056,6869407
1709509212595,READ,./data/uy00071,15456168,17173511
1709509212635,READ,./data/uy00071,3434704,5152055
1709509212744,READ,./data/uy00071,1717352,3434703
1709509212782,READ,./data/uy00071,10304112,12021463
1709509212823,READ,./data/uy00071,12021464,13738815
1709509212919,READ,./data/uy00071,8586760,10304111
1709509213194,READ,./data/uz00071,0,1717351
1709509213202,READ,./data/uz00071,10304112,12021463
1709509213217,READ,./data/uz00071,5152056,6869407
1709509213312,READ,./data/uz00071,1717352,3434703
1709509213437,READ,./data/uz00071,3434704,5152055
1709509213447,READ,./data/uz00071,13738816,15456167
1709509213594,READ,./data/uz00071,15456168,17173511
1709509213708,READ,./data/uz00071,12021464,13738815
1709509213799,READ,./data/uz00071,6869408,8586759
1709509213932,READ,./data/uz00071,8586760,10304111
1709509214238,READ,./data/pp00071,12021464,13738815
1709509214264,READ,./data/pp00071,1717352,3434703
1709509214333,READ,./data/pp00071,13738816,15456167
1709509214374,READ,./data/pp00071,0,1717351
1709509214463,READ,./data/pp00071,15456168,17173511
1709509214544,READ,./data/pp00071,8586760,10304111
1709509214571,READ,./data/pp00071,6869408,8586759
1709509214640,READ,./data/pp00071,3434704,5152055
1709509214717,READ,./data/pp00071,5152056,6869407
1709509214804,READ,./data/pp00071,10304112,12021463
1709509215206,READ,./data/phi100071,0,1717351
1709509215227,READ,./data/phi100071,8586760,10304111
1709509215238,READ,./data/phi100071,15456168,17173511
1709509215319,READ,./data/phi100071,13738816,15456167
1709509215367,READ,./data/phi100071,3434704,5152055
1709509215452,READ,./data/phi100071,10304112,12021463
1709509215525,READ,./data/phi100071,5152056,6869407
1709509215559,READ,./data/phi100071,12021464,13738815
1709509215629,READ,./data/phi100071,6869408,8586759
1709509215715,READ,./data/phi100071,1717352,3434703
1709509215728,READ,./data/snap0000071.ini,0,301
1709509216050,READ,./data/vort071,0,1717351
1709509216135,READ,./data/vort071,10304112,12021463
1709509216175,READ,./data/vort071,3434704,5152055
1709509216184,READ,./data/vort071,13738816,15456167
1709509216221,READ,./data/vort071,1717352,3434703
1709509216286,READ,./data/vort071,8586760,10304111
1709509216339,READ,./data/vort071,5152056,6869407
1709509216437,READ,./data/vort071,12021464,13738815
1709509216567,READ,./data/vort071,6869408,8586759
1709509216570,READ,./data/vort071,15456168,17173511
1709509217053,READ,./data/vort071,0,1717351
1709509217307,READ,./data/vort071,15456168,17173511
1709509217313,READ,./data/vort071,1717352,3434703
1709509217412,READ,./data/vort071,3434704,5152055
1709509217414,READ,./data/vort071,8586760,10304111
1709509217510,READ,./data/vort071,10304112,12021463
1709509217673,READ,./data/vort071,12021464,13738815
1709509217781,READ,./data/vort071,5152056,6869407
1709509217888,READ,./data/vort071,13738816,15456167
1709509217984,READ,./data/vort071,6869408,8586759
1709509218517,READ,./data/vort071,0,1717351
1709509218579,READ,./data/vort071,15456168,17173511
1709509218624,READ,./data/vort071,3434704,5152055
1709509218698,READ,./data/vort071,13738816,15456167
1709509218777,READ,./data/vort071,5152056,6869407
1709509218817,READ,./data/vort071,6869408,8586759
1709509218870,READ,./data/vort071,1717352,3434703
1709509218935,READ,./data/vort071,12021464,13738815
1709509218965,READ,./data/vort071,8586760,10304111
1709509219026,READ,./data/vort071,10304112,12021463
1709509219509,READ,./data/vort071,0,1717351
1709509219598,READ,./data/vort071,1717352,3434703
1709509219674,READ,./data/vort071,3434704,5152055
1709509219758,READ,./data/vort071,5152056,6869407
1709509219774,READ,./data/vort071,13738816,15456167
1709509219809,READ,./data/vort071,6869408,8586759
1709509219894,READ,./data/vort071,8586760,10304111
1709509219945,READ,./data/vort071,10304112,12021463
1709509220098,READ,./data/vort071,12021464,13738815
1709509220169,READ,./data/vort071,15456168,17173511
1709509220450,READ,./data/ux00072,5152056,6869407
1709509220455,READ,./data/ux00072,12021464,13738815
1709509220463,READ,./data/ux00072,0,1717351
1709509220545,READ,./data/ux00072,13738816,15456167
1709509220597,READ,./data/ux00072,15456168,17173511
1709509220650,READ,./data/ux00072,8586760,10304111
1709509220726,READ,./data/ux00072,3434704,5152055
1709509220773,READ,./data/ux00072,10304112,12021463
1709509220913,READ,./data/ux00072,6869408,8586759
1709509220954,READ,./data/ux00072,1717352,3434703
1709509221421,READ,./data/uy00072,8586760,10304111
1709509221477,READ,./data/uy00072,0,1717351
1709509221499,READ,./data/uy00072,10304112,12021463
1709509221509,READ,./data/uy00072,15456168,17173511
1709509221541,READ,./data/uy00072,6869408,8586759
1709509221643,READ,./data/uy00072,5152056,6869407
1709509221699,READ,./data/uy00072,3434704,5152055
1709509221898,READ,./data/uy00072,1717352,3434703
1709509222039,READ,./data/uy00072,13738816,15456167
1709509222090,READ,./data/uy00072,12021464,13738815
1709509222465,READ,./data/uz00072,0,1717351
1709509222519,READ,./data/uz00072,15456168,17173511
1709509222523,READ,./data/uz00072,1717352,3434703
1709509222527,READ,./data/uz00072,10304112,12021463
1709509222657,READ,./data/uz00072,8586760,10304111
1709509222720,READ,./data/uz00072,13738816,15456167
1709509222764,READ,./data/uz00072,3434704,5152055
1709509222825,READ,./data/uz00072,5152056,6869407
1709509222909,READ,./data/uz00072,12021464,13738815
1709509223086,READ,./data/uz00072,6869408,8586759
1709509223515,READ,./data/pp00072,0,1717351
1709509223516,READ,./data/pp00072,10304112,12021463
1709509223591,READ,./data/pp00072,6869408,8586759
1709509223599,READ,./data/pp00072,13738816,15456167
1709509223609,READ,./data/pp00072,8586760,10304111
1709509223645,READ,./data/pp00072,1717352,3434703
1709509223736,READ,./data/pp00072,15456168,17173511
1709509223809,READ,./data/pp00072,5152056,6869407
1709509223865,READ,./data/pp00072,3434704,5152055
1709509223888,READ,./data/pp00072,12021464,13738815
1709509224171,READ,./data/phi100072,0,1717351
1709509224225,READ,./data/phi100072,12021464,13738815
1709509224301,READ,./data/phi100072,15456168,17173511
1709509224356,READ,./data/phi100072,13738816,15456167
1709509224408,READ,./data/phi100072,8586760,10304111
1709509224477,READ,./data/phi100072,3434704,5152055
1709509224516,READ,./data/phi100072,10304112,12021463
1709509224623,READ,./data/phi100072,1717352,3434703
1709509224721,READ,./data/phi100072,6869408,8586759
1709509224782,READ,./data/phi100072,5152056,6869407
1709509224794,READ,./data/snap0000072.ini,0,301
1709509225091,READ,./data/vort072,0,1717351
1709509225187,READ,./data/vort072,1717352,3434703
1709509225187,READ,./data/vort072,10304112,12021463
1709509225204,READ,./data/vort072,15456168,17173511
1709509225236,READ,./data/vort072,3434704,5152055
1709509225322,READ,./data/vort072,5152056,6869407
1709509225402,READ,./data/vort072,13738816,15456167
1709509225484,READ,./data/vort072,6869408,8586759
1709509225506,READ,./data/vort072,12021464,13738815
1709509225666,READ,./data/vort072,8586760,10304111
1709509226230,READ,./data/vort072,0,1717351
1709509226263,READ,./data/vort072,12021464,13738815
1709509226374,READ,./data/vort072,15456168,17173511
1709509226412,READ,./data/vort072,1717352,3434703
1709509226474,READ,./data/vort072,13738816,15456167
1709509226492,READ,./data/vort072,3434704,5152055
1709509226619,READ,./data/vort072,6869408,8586759
1709509226665,READ,./data/vort072,10304112,12021463
1709509226675,READ,./data/vort072,5152056,6869407
1709509226704,READ,./data/vort072,8586760,10304111
1709509227183,READ,./data/vort072,0,1717351
1709509227248,READ,./data/vort072,13738816,15456167
1709509227294,READ,./data/vort072,3434704,5152055
1709509227303,READ,./data/vort072,10304112,12021463
1709509227339,READ,./data/vort072,1717352,3434703
1709509227421,READ,./data/vort072,12021464,13738815
1709509227470,READ,./data/vort072,15456168,17173511
1709509227535,READ,./data/vort072,6869408,8586759
1709509227588,READ,./data/vort072,5152056,6869407
1709509227636,READ,./data/vort072,8586760,10304111
1709509228155,READ,./data/vort072,0,1717351
1709509228195,READ,./data/vort072,10304112,12021463
1709509228291,READ,./data/vort072,8586760,10304111
1709509228312,READ,./data/vort072,12021464,13738815
1709509228476,READ,./data/vort072,6869408,8586759
1709509228536,READ,./data/vort072,15456168,17173511
1709509228582,READ,./data/vort072,1717352,3434703
1709509228667,READ,./data/vort072,3434704,5152055
1709509228699,READ,./data/vort072,13738816,15456167
1709509228746,READ,./data/vort072,5152056,6869407
1709509229085,READ,./data/ux00073,0,1717351
1709509229157,READ,./data/ux00073,1717352,3434703
1709509229168,READ,./data/ux00073,15456168,17173511
1709509229180,READ,./data/ux00073,8586760,10304111
1709509229219,READ,./data/ux00073,3434704,5152055
1709509229316,READ,./data/ux00073,12021464,13738815
1709509229387,READ,./data/ux00073,6869408,8586759
1709509229442,READ,./data/ux00073,5152056,6869407
1709509229460,READ,./data/ux00073,10304112,12021463
1709509229524,READ,./data/ux00073,13738816,15456167
1709509229841,READ,./data/uy00073,0,1717351
1709509229904,READ,./data/uy00073,3434704,5152055
1709509229911,READ,./data/uy00073,15456168,17173511
1709509229974,READ,./data/uy00073,5152056,6869407
1709509229974,READ,./data/uy00073,8586760,10304111
1709509230002,READ,./data/uy00073,1717352,3434703
1709509230067,READ,./data/uy00073,6869408,8586759
1709509230120,READ,./data/uy00073,12021464,13738815
1709509230165,READ,./data/uy00073,13738816,15456167
1709509230201,READ,./data/uy00073,10304112,12021463
1709509230492,READ,./data/uz00073,0,1717351
1709509230493,READ,./data/uz00073,5152056,6869407
1709509230575,READ,./data/uz00073,1717352,3434703
1709509230651,READ,./data/uz00073,6869408,8586759
1709509230700,READ,./data/uz00073,3434704,5152055
1709509230787,READ,./data/uz00073,10304112,12021463
1709509230798,READ,./data/uz00073,13738816,15456167
1709509230869,READ,./data/uz00073,8586760,10304111
1709509230911,READ,./data/uz00073,15456168,17173511
1709509231023,READ,./data/uz00073,12021464,13738815
1709509231276,READ,./data/pp00073,0,1717351
1709509231302,READ,./data/pp00073,6869408,8586759
1709509231397,READ,./data/pp00073,8586760,10304111
1709509231473,READ,./data/pp00073,3434704,5152055
1709509231492,READ,./data/pp00073,15456168,17173511
1709509231591,READ,./data/pp00073,12021464,13738815
1709509231644,READ,./data/pp00073,13738816,15456167
1709509231665,READ,./data/pp00073,5152056,6869407
1709509231711,READ,./data/pp00073,10304112,12021463
1709509231750,READ,./data/pp00073,1717352,3434703
1709509232015,READ,./data/phi100073,13738816,15456167
1709509232029,READ,./data/phi100073,5152056,6869407
1709509232038,READ,./data/phi100073,0,1717351
1709509232061,READ,./data/phi100073,8586760,10304111
1709509232137,READ,./data/phi100073,3434704,5152055
1709509232218,READ,./data/phi100073,6869408,8586759
1709509232283,READ,./data/phi100073,12021464,13738815
1709509232311,READ,./data/phi100073,1717352,3434703
1709509232382,READ,./data/phi100073,10304112,12021463
1709509232409,READ,./data/phi100073,15456168,17173511
1709509232421,READ,./data/snap0000073.ini,0,301
1709509232664,READ,./data/vort073,0,1717351
1709509232678,READ,./data/vort073,6869408,8586759
1709509232681,READ,./data/vort073,13738816,15456167
1709509232766,READ,./data/vort073,8586760,10304111
1709509232839,READ,./data/vort073,3434704,5152055
1709509232899,READ,./data/vort073,5152056,6869407
1709509232953,READ,./data/vort073,10304112,12021463
1709509233019,READ,./data/vort073,15456168,17173511
1709509233028,READ,./data/vort073,1717352,3434703
1709509233108,READ,./data/vort073,12021464,13738815
1709509233465,READ,./data/vort073,0,1717351
1709509233546,READ,./data/vort073,15456168,17173511
1709509233572,READ,./data/vort073,3434704,5152055
1709509233653,READ,./data/vort073,5152056,6869407
1709509233656,READ,./data/vort073,8586760,10304111
1709509233727,READ,./data/vort073,13738816,15456167
1709509233815,READ,./data/vort073,6869408,8586759
1709509233834,READ,./data/vort073,1717352,3434703
1709509233851,READ,./data/vort073,12021464,13738815
1709509233940,READ,./data/vort073,10304112,12021463
1709509234350,READ,./data/vort073,0,1717351
1709509234380,READ,./data/vort073,10304112,12021463
1709509234384,READ,./data/vort073,5152056,6869407
1709509234454,READ,./data/vort073,15456168,17173511
1709509234460,READ,./data/vort073,8586760,10304111
1709509234504,READ,./data/vort073,1717352,3434703
1709509234597,READ,./data/vort073,6869408,8586759
1709509234677,READ,./data/vort073,12021464,13738815
1709509234709,READ,./data/vort073,13738816,15456167
1709509234748,READ,./data/vort073,3434704,5152055
1709509235321,READ,./data/vort073,0,1717351
1709509235350,READ,./data/vort073,15456168,17173511
1709509235425,READ,./data/vort073,13738816,15456167
1709509235471,READ,./data/vort073,3434704,5152055
1709509235555,READ,./data/vort073,6869408,8586759
1709509235632,READ,./data/vort073,12021464,13738815
1709509235658,READ,./data/vort073,1717352,3434703
1709509235701,READ,./data/vort073,5152056,6869407
1709509235740,READ,./data/vort073,8586760,10304111
1709509235834,READ,./data/vort073,10304112,12021463
1709509236173,READ,./data/ux00074,0,1717351
1709509236193,READ,./data/ux00074,13738816,15456167
1709509236250,READ,./data/ux00074,3434704,5152055
1709509236328,READ,./data/ux00074,6869408,8586759
1709509236357,READ,./data/ux00074,1717352,3434703
1709509236417,READ,./data/ux00074,5152056,6869407
1709509236480,READ,./data/ux00074,8586760,10304111
1709509236524,READ,./data/ux00074,10304112,12021463
1709509236622,READ,./data/ux00074,12021464,13738815
1709509236698,READ,./data/ux00074,15456168,17173511
1709509237036,READ,./data/uy00074,1717352,3434703
1709509237110,READ,./data/uy00074,0,1717351
1709509237112,READ,./data/uy00074,5152056,6869407
1709509237115,READ,./data/uy00074,13738816,15456167
1709509237120,READ,./data/uy00074,10304112,12021463
1709509237224,READ,./data/uy00074,12021464,13738815
1709509237278,READ,./data/uy00074,3434704,5152055
1709509237298,READ,./data/uy00074,15456168,17173511
1709509237322,READ,./data/uy00074,8586760,10304111
1709509237374,READ,./data/uy00074,6869408,8586759
1709509237692,READ,./data/uz00074,0,1717351
1709509237696,READ,./data/uz00074,13738816,15456167
1709509237779,READ,./data/uz00074,12021464,13738815
1709509237831,READ,./data/uz00074,3434704,5152055
1709509237906,READ,./data/uz00074,8586760,10304111
1709509237932,READ,./data/uz00074,1717352,3434703
1709509238009,READ,./data/uz00074,5152056,6869407
1709509238051,READ,./data/uz00074,15456168,17173511
1709509238113,READ,./data/uz00074,10304112,12021463
1709509238184,READ,./data/uz00074,6869408,8586759
1709509238603,READ,./data/pp00074,0,1717351
1709509238614,READ,./data/pp00074,15456168,17173511
1709509238615,READ,./data/pp00074,10304112,12021463
1709509238737,READ,./data/pp00074,12021464,13738815
1709509238798,READ,./data/pp00074,6869408,8586759
1709509238892,READ,./data/pp00074,13738816,15456167
1709509238903,READ,./data/pp00074,5152056,6869407
1709509238952,READ,./data/pp00074,3434704,5152055
1709509238973,READ,./data/pp00074,8586760,10304111
1709509238995,READ,./data/pp00074,1717352,3434703
1709509239300,READ,./data/phi100074,0,1717351
1709509239380,READ,./data/phi100074,1717352,3434703
1709509239380,READ,./data/phi100074,8586760,10304111
1709509239463,READ,./data/phi100074,3434704,5152055
1709509239569,READ,./data/phi100074,6869408,8586759
1709509239595,READ,./data/phi100074,10304112,12021463
1709509239605,READ,./data/phi100074,15456168,17173511
1709509239716,READ,./data/phi100074,12021464,13738815
1709509239777,READ,./data/phi100074,13738816,15456167
1709509239792,READ,./data/phi100074,5152056,6869407
1709509239795,READ,./data/snap0000074.ini,0,301
1709509239991,READ,./data/vort074,5152056,6869407
1709509240002,READ,./data/vort074,0,1717351
1709509240067,READ,./data/vort074,6869408,8586759
1709509240149,READ,./data/vort074,3434704,5152055
1709509240304,READ,./data/vort074,15456168,17173511
1709509240307,READ,./data/vort074,8586760,10304111
1709509240416,READ,./data/vort074,12021464,13738815
1709509240501,READ,./data/vort074,13738816,15456167
1709509240575,READ,./data/vort074,1717352,3434703
1709509240625,READ,./data/vort074,10304112,12021463
1709509241060,READ,./data/vort074,0,1717351
1709509241112,READ,./data/vort074,15456168,17173511
1709509241229,READ,./data/vort074,3434704,5152055
1709509241229,READ,./data/vort074,10304112,12021463
1709509241355,READ,./data/vort074,13738816,15456167
1709509241426,READ,./data/vort074,8586760,10304111
1709509241571,READ,./data/vort074,5152056,6869407
1709509241635,READ,./data/vort074,12021464,13738815
1709509241734,READ,./data/vort074,6869408,8586759
1709509241829,READ,./data/vort074,1717352,3434703
1709509242406,READ,./data/vort074,0,1717351
1709509242444,READ,./data/vort074,15456168,17173511
1709509242450,READ,./data/vort074,8586760,10304111
1709509242455,READ,./data/vort074,5152056,6869407
1709509242558,READ,./data/vort074,12021464,13738815
1709509242657,READ,./data/vort074,1717352,3434703
1709509242687,READ,./data/vort074,10304112,12021463
1709509242779,READ,./data/vort074,6869408,8586759
1709509242811,READ,./data/vort074,13738816,15456167
1709509242865,READ,./data/vort074,3434704,5152055
1709509243380,READ,./data/vort074,0,1717351
1709509243406,READ,./data/vort074,15456168,17173511
1709509243413,READ,./data/vort074,5152056,6869407
1709509243488,READ,./data/vort074,12021464,13738815
1709509243547,READ,./data/vort074,1717352,3434703
1709509243632,READ,./data/vort074,3434704,5152055
1709509243699,READ,./data/vort074,8586760,10304111
1709509243734,READ,./data/vort074,13738816,15456167
1709509243797,READ,./data/vort074,10304112,12021463
1709509243871,READ,./data/vort074,6869408,8586759
1709509244272,READ,out/restart0000300,0,1717351
1709509244342,READ,out/restart0000300,3434704,5152055
1709509244445,READ,out/restart0000300,15456168,17173511
1709509244448,READ,out/restart0000300,5152056,6869407
1709509244524,READ,out/restart0000300,6869408,8586759
1709509244619,READ,out/restart0000300,13738816,15456167
1709509244702,READ,out/restart0000300,12021464,13738815
1709509244782,READ,out/restart0000300,8586760,10304111
1709509244867,READ,out/restart0000300,10304112,12021463
1709509244930,READ,out/restart0000300,1717352,3434703
1709509244986,READ,out/restart0000300,30912328,32629679
1709509244993,READ,out/restart0000300,24042920,25760271
1709509244994,READ,out/restart0000300,17173512,18890863
1709509245105,READ,out/restart0000300,29194976,30912327
1709509245138,READ,out/restart0000300,27477624,29194975
1709509245160,READ,out/restart0000300,18890864,20608215
1709509245249,READ,out/restart0000300,25760272,27477623
1709509245298,READ,out/restart0000300,20608216,22325567
1709509245331,READ,out/restart0000300,32629680,34347023
1709509245381,READ,out/restart0000300,22325568,24042919
1709509245403,READ,out/restart0000300,42933784,44651135
1709509245449,READ,out/restart0000300,36064376,37781727
1709509245507,READ,out/restart0000300,46368488,48085839
1709509245512,READ,out/restart0000300,34347024,36064375
1709509245608,READ,out/restart0000300,48085840,49803191
1709509245653,READ,out/restart0000300,39499080,41216431
1709509245688,READ,out/restart0000300,37781728,39499079
1709509245782,READ,out/restart0000300,41216432,42933783
1709509245860,READ,out/restart0000300,44651136,46368487
1709509245941,READ,out/restart0000300,49803192,51520535
1709509245945,READ,out/restart0000300,63542000,65259351
1709509246005,READ,out/restart0000300,61824648,63541999
1709509246056,READ,out/restart0000300,60107296,61824647
1709509246061,READ,out/restart0000300,65259352,66976703
1709509246099,READ,out/restart0000300,58389944,60107295
1709509246151,READ,out/restart0000300,54955240,56672591
1709509246191,READ,out/restart0000300,56672592,58389943
1709509246262,READ,out/restart0000300,53237888,54955239
1709509246278,READ,out/restart0000300,66976704,68694047
1709509246295,READ,out/restart0000300,51520536,53237887
1709509246299,READ,out/restart0000300,80715512,82432863
1709509246305,READ,out/restart0000300,73846104,75563455
1709509246366,READ,out/restart0000300,72128752,73846103
1709509246399,READ,out/restart0000300,82432864,84150215
1709509246414,READ,out/restart0000300,77280808,78998159
1709509246458,READ,out/restart0000300,78998160,80715511
1709509246547,READ,out/restart0000300,75563456,77280807
1709509246564,READ,out/restart0000300,68694048,70411399
1709509246604,READ,out/restart0000300,70411400,72128751
1709509246635,READ,out/restart0000300,84150216,85867559
1709509246639,READ,out/restart0000300,97889024,99606375
1709509246670,READ,out/restart0000300,85867560,87584911
1709509246686,READ,out/restart0000300,94454320,96171671
1709509246821,READ,out/restart0000300,87584912,89302263
1709509246894,READ,out/restart0000300,89302264,91019615
1709509246936,READ,out/restart0000300,99606376,101323727
1709509246978,READ,out/restart0000300,91019616,92736967
1709509247013,READ,out/restart0000300,96171672,97889023
1709509247084,READ,out/restart0000300,92736968,94454319
1709509247147,READ,out/restart0000300,101323728,103041071
1709509247151,READ,out/restart0000300,115062536,116779887
1709509247249,READ,out/restart0000300,103041072,104758423
1709509247257,READ,out/restart0000300,106475776,108193127
1709509247338,READ,out/restart0000300,108193128,109910479
1709509247401,READ,out/restart0000300,109910480,111627831
1709509247452,READ,out/restart0000300,113345184,115062535
1709509247477,READ,out/restart0000300,111627832,113345183
1709509247520,READ,out/restart0000300,116779888,118497239
1709509247554,READ,out/restart0000300,104758424,106475775
1709509247598,READ,out/restart0000300,118497240,120214583
1709509247602,READ,out/restart0000300,132236048,133953399
1709509247673,READ,out/restart0000300,128801344,130518695
1709509247676,READ,out/restart0000300,121931936,123649287
1709509247726,READ,out/restart0000300,130518696,132236047
1709509247733,READ,out/restart0000300,123649288,125366639
1709509247781,READ,out/restart0000300,127083992,128801343
1709509247842,READ,out/restart0000300,125366640,127083991
1709509247845,READ,out/restart0000300,133953400,135670751
1709509247973,READ,out/restart0000300,135670752,137388095
1709509247985,READ,out/restart0000300,120214584,121931935
1709509247990,READ,out/restart0000300,149409560,151126911
1709509248004,READ,out/restart0000300,139105448,140822799
1709509248072,READ,out/restart0000300,140822800,142540151
1709509248158,READ,out/restart0000300,144257504,145974855
1709509248161,READ,out/restart0000300,147692208,149409559
1709509248193,READ,out/restart0000300,137388096,139105447
1709509248255,READ,out/restart0000300,142540152,144257503
1709509248307,READ,out/restart0000300,145974856,147692207
1709509248309,READ,out/restart0000300,151126912,152844263
1709509248409,READ,out/restart0000300,152844264,154561607
1709509248424,READ,out/restart0000300,168088240,169779068
1709509248427,READ,out/restart0000300,161324924,163015752
1709509248508,READ,out/restart0000300,169779069,171469895
1709509248615,READ,out/restart0000300,157943266,159634094
1709509248654,READ,out/restart0000300,163015753,164706581
1709509248728,READ,out/restart0000300,156252437,157943265
1709509248837,READ,out/restart0000300,159634095,161324923
1709509248855,READ,out/restart0000300,154561608,156252436
1709509248976,READ,out/restart0000300,166397411,168088239
1709509249010,READ,out/restart0000300,164706582,166397410
1709509249014,READ,out/restart0000300,185208712,186926063
1709509249037,READ,out/restart0000300,171469896,173187247
1709509249082,READ,out/restart0000300,173187248,174904599
1709509249084,READ,out/restart0000300,176621952,178339303
1709509249163,READ,out/restart0000300,178339304,180056655
1709509249203,READ,out/restart0000300,174904600,176621951
1709509249268,READ,out/restart0000300,180056656,181774007
1709509249374,READ,out/restart0000300,183491360,185208711
1709509249413,READ,out/restart0000300,181774008,183491359
1709509249482,READ,out/restart0000300,186926064,188643407
1709509249485,READ,out/restart0000300,202382224,204099575
1709509249498,READ,out/restart0000300,198947520,200664871
1709509249523,READ,out/restart0000300,192078112,193795463
1709509249590,READ,out/restart0000300,188643408,190360759
1709509249672,READ,out/restart0000300,195512816,197230167
1709509249761,READ,out/restart0000300,193795464,195512815
1709509249775,READ,out/restart0000300,197230168,198947519
1709509249878,READ,out/restart0000300,200664872,202382223
1709509249934,READ,out/restart0000300,190360760,192078111
1709509250023,READ,out/restart0000300,204099576,205816919
1709509250028,READ,out/restart0000300,219555736,221273087
1709509250035,READ,out/restart0000300,216121032,217838383
1709509250045,READ,out/restart0000300,210968976,212686327
1709509250128,READ,out/restart0000300,205816920,207534271
1709509250205,READ,out/restart0000300,207534272,209251623
1709509250263,READ,out/restart0000300,214403680,216121031
1709509250337,READ,out/restart0000300,209251624,210968975
1709509250368,READ,out/restart0000300,212686328,214403679
1709509250402,READ,out/restart0000300,221273088,222990431
1709509250488,READ,out/restart0000300,217838384,219555735
1709509250537,READ,out/restart0000300.info,0,538
1709509250884,READ,./data/ux00075,0,1717351
1709509250911,READ,./data/ux00075,15456168,17173511
1709509250950,READ,./data/ux00075,3434704,5152055
1709509250959,READ,./data/ux00075,10304112,12021463
1709509251072,READ,./data/ux00075,12021464,13738815
1709509251143,READ,./data/ux00075,5152056,6869407
1709509251242,READ,./data/ux00075,13738816,15456167
1709509251265,READ,./data/ux00075,1717352,3434703
1709509251300,READ,./data/ux00075,6869408,8586759
1709509251340,READ,./data/ux00075,8586760,10304111
1709509251662,READ,./data/uy00075,8586760,10304111
1709509251684,READ,./data/uy00075,0,1717351
1709509251750,READ,./data/uy00075,15456168,17173511
1709509251757,READ,./data/uy00075,6869408,8586759
1709509251860,READ,./data/uy00075,5152056,6869407
1709509251878,READ,./data/uy00075,10304112,12021463
1709509251972,READ,./data/uy00075,13738816,15456167
1709509252015,READ,./data/uy00075,12021464,13738815
1709509252065,READ,./data/uy00075,1717352,3434703
1709509252097,READ,./data/uy00075,3434704,5152055
1709509252536,READ,./data/uz00075,1717352,3434703
1709509252536,READ,./data/uz00075,5152056,6869407
1709509252541,READ,./data/uz00075,8586760,10304111
1709509252657,READ,./data/uz00075,6869408,8586759
1709509252665,READ,./data/uz00075,13738816,15456167
1709509252741,READ,./data/uz00075,15456168,17173511
1709509252766,READ,./data/uz00075,10304112,12021463
1709509252817,READ,./data/uz00075,3434704,5152055
1709509252944,READ,./data/uz00075,0,1717351
1709509252987,READ,./data/uz00075,12021464,13738815
1709509253230,READ,./data/pp00075,0,1717351
1709509253242,READ,./data/pp00075,5152056,6869407
1709509253244,READ,./data/pp00075,10304112,12021463
1709509253393,READ,./data/pp00075,3434704,5152055
1709509253485,READ,./data/pp00075,6869408,8586759
1709509253524,READ,./data/pp00075,12021464,13738815
1709509253624,READ,./data/pp00075,1717352,3434703
1709509253684,READ,./data/pp00075,8586760,10304111
1709509253747,READ,./data/pp00075,15456168,17173511
1709509253804,READ,./data/pp00075,13738816,15456167
1709509254145,READ,./data/phi100075,0,1717351
1709509254145,READ,./data/phi100075,13738816,15456167
1709509254276,READ,./data/phi100075,12021464,13738815
1709509254390,READ,./data/phi100075,6869408,8586759
1709509254424,READ,./data/phi100075,8586760,10304111
1709509254490,READ,./data/phi100075,10304112,12021463
1709509254607,READ,./data/phi100075,3434704,5152055
1709509254694,READ,./data/phi100075,5152056,6869407
1709509254766,READ,./data/phi100075,15456168,17173511
1709509254846,READ,./data/phi100075,1717352,3434703
1709509254859,READ,./data/snap0000075.ini,0,301
1709509255217,READ,./data/vort075,0,1717351
1709509255223,READ,./data/vort075,12021464,13738815
1709509255308,READ,./data/vort075,15456168,17173511
1709509255365,READ,./data/vort075,1717352,3434703
1709509255453,READ,./data/vort075,10304112,12021463
1709509255517,READ,./data/vort075,3434704,5152055
1709509255552,READ,./data/vort075,13738816,15456167
1709509255672,READ,./data/vort075,6869408,8586759
1709509255800,READ,./data/vort075,5152056,6869407
1709509255821,READ,./data/vort075,8586760,10304111
1709514782370,READ,./examples/Turbulent-Boundary-Layer/input.i3d.copy,0,3677
1709514782371,READ,./examples/Turbulent-Boundary-Layer/input.i3d.copy,0,3677
1709514782372,READ,./examples/Turbulent-Boundary-Layer/input.i3d.copy,0,3677
1709514782373,READ,./examples/Turbulent-Boundary-Layer/input.i3d.copy,0,3676
1709514782374,READ,./examples/Turbulent-Boundary-Layer/input.i3d.copy,0,3677
1709514782375,READ,./examples/Turbulent-Boundary-Layer/input.i3d.copy,0,3677
1709514782376,READ,./examples/Turbulent-Boundary-Layer/input.i3d.copy,0,3677
1709514782377,READ,./examples/Turbulent-Boundary-Layer/input.i3d.copy,0,3677
1709514782378,READ,./examples/Turbulent-Boundary-Layer/input.i3d.copy,0,3677
1709514782379,READ,./examples/Turbulent-Boundary-Layer/input.i3d.copy,0,3677
1709514782380,READ,./examples/Turbulent-Boundary-Layer/input.i3d.copy,0,3677
1709514782381,READ,./examples/Turbulent-Boundary-Layer/input.i3d.copy,0,3677
1709514782382,READ,./examples/Turbulent-Boundary-Layer/input.i3d.copy,0,3677
1709514782404,READ,./examples/Turbulent-Boundary-Layer/input.i3d.copy,0,3676
1709514782405,READ,./examples/Turbulent-Boundary-Layer/input.i3d.copy,0,3677
1709514782890,READ,yp.dat,0,26
1709514782906,READ,yp.dat,27,3482
1709514782923,READ,ypi.dat,0,26
1709514782929,READ,ypi.dat,27,3455
1709514783332,READ,./data/vort000,0,1717351
1709514783355,READ,./data/vort000,13738816,15456167
1709514783427,READ,./data/vort000,12021464,13738815
1709514783474,READ,./data/vort000,1717352,3434703
1709514783537,READ,./data/vort000,15456168,17173511
1709514783570,READ,./data/vort000,10304112,12021463
1709514783625,READ,./data/vort000,8586760,10304111
1709514783665,READ,./data/vort000,5152056,6869407
1709514783848,READ,./data/vort000,6869408,8586759
1709514783952,READ,./data/vort000,3434704,5152055
1709514784613,READ,./data/vort000,0,1717351
1709514784657,READ,./data/vort000,10304112,12021463
1709514784734,READ,./data/vort000,8586760,10304111
1709514784780,READ,./data/vort000,3434704,5152055
1709514784797,READ,./data/vort000,15456168,17173511
1709514784877,READ,./data/vort000,12021464,13738815
1709514784909,READ,./data/vort000,1717352,3434703
1709514784935,READ,./data/vort000,13738816,15456167
1709514785047,READ,./data/vort000,6869408,8586759
1709514785125,READ,./data/vort000,5152056,6869407
1709514785688,READ,./data/vort000,0,1717351
1709514785732,READ,./data/vort000,8586760,10304111
1709514785810,READ,./data/vort000,10304112,12021463
1709514785853,READ,./data/vort000,12021464,13738815
1709514785907,READ,./data/vort000,3434704,5152055
1709514785985,READ,./data/vort000,13738816,15456167
1709514786013,READ,./data/vort000,1717352,3434703
1709514786140,READ,./data/vort000,6869408,8586759
1709514786225,READ,./data/vort000,5152056,6869407
1709514786274,READ,./data/vort000,15456168,17173511
1709514786761,READ,./data/ux00001,0,1717351
1709514786765,READ,./data/ux00001,13738816,15456167
1709514786788,READ,./data/ux00001,5152056,6869407
1709514786797,READ,./data/ux00001,10304112,12021463
1709514786894,READ,./data/ux00001,8586760,10304111
1709514786958,READ,./data/ux00001,6869408,8586759
1709514787012,READ,./data/ux00001,12021464,13738815
1709514787088,READ,./data/ux00001,1717352,3434703
1709514787135,READ,./data/ux00001,3434704,5152055
1709514787161,READ,./data/ux00001,15456168,17173511
1709514787530,READ,./data/uy00001,0,1717351
1709514787559,READ,./data/uy00001,12021464,13738815
1709514787634,READ,./data/uy00001,6869408,8586759
1709514787698,READ,./data/uy00001,15456168,17173511
1709514787722,READ,./data/uy00001,8586760,10304111
1709514787796,READ,./data/uy00001,1717352,3434703
1709514787875,READ,./data/uy00001,5152056,6869407
1709514787911,READ,./data/uy00001,3434704,5152055
1709514787962,READ,./data/uy00001,13738816,15456167
1709514787980,READ,./data/uy00001,10304112,12021463
1709514788441,READ,./data/uz00001,10304112,12021463
1709514788463,READ,./data/uz00001,3434704,5152055
1709514788509,READ,./data/uz00001,12021464,13738815
1709514788565,READ,./data/uz00001,13738816,15456167
1709514788592,READ,./data/uz00001,15456168,17173511
1709514788644,READ,./data/uz00001,1717352,3434703
1709514788680,READ,./data/uz00001,5152056,6869407
1709514788711,READ,./data/uz00001,8586760,10304111
1709514788722,READ,./data/uz00001,0,1717351
1709514788824,READ,./data/uz00001,6869408,8586759
1709514789260,READ,./data/pp00001,3434704,5152055
1709514789328,READ,./data/pp00001,0,1717351
1709514789339,READ,./data/pp00001,10304112,12021463
1709514789441,READ,./data/pp00001,12021464,13738815
1709514789483,READ,./data/pp00001,5152056,6869407
1709514789565,READ,./data/pp00001,15456168,17173511
1709514789601,READ,./data/pp00001,8586760,10304111
1709514789677,READ,./data/pp00001,6869408,8586759
1709514789712,READ,./data/pp00001,1717352,3434703
1709514789731,READ,./data/pp00001,13738816,15456167
1709514790120,READ,./data/phi100001,0,1717351
1709514790219,READ,./data/phi100001,3434704,5152055
1709514790240,READ,./data/phi100001,8586760,10304111
1709514790241,READ,./data/phi100001,15456168,17173511
1709514790331,READ,./data/phi100001,6869408,8586759
1709514790362,READ,./data/phi100001,10304112,12021463
1709514790407,READ,./data/phi100001,13738816,15456167
1709514790447,READ,./data/phi100001,12021464,13738815
1709514790509,READ,./data/phi100001,5152056,6869407
1709514790547,READ,./data/phi100001,1717352,3434703
1709514790576,READ,./data/snap0000001.ini,0,301
1709514790989,READ,./data/vort001,13738816,15456167
1709514790991,READ,./data/vort001,0,1717351
1709514791002,READ,./data/vort001,6869408,8586759
1709514791113,READ,./data/vort001,12021464,13738815
1709514791123,READ,./data/vort001,1717352,3434703
1709514791140,READ,./data/vort001,10304112,12021463
1709514791193,READ,./data/vort001,5152056,6869407
1709514791202,READ,./data/vort001,8586760,10304111
1709514791232,READ,./data/vort001,3434704,5152055
1709514791264,READ,./data/vort001,15456168,17173511
1709514791788,READ,./data/vort001,0,1717351
1709514791817,READ,./data/vort001,10304112,12021463
1709514791893,READ,./data/vort001,8586760,10304111
1709514791945,READ,./data/vort001,12021464,13738815
1709514792026,READ,./data/vort001,5152056,6869407
1709514792033,READ,./data/vort001,13738816,15456167
1709514792080,READ,./data/vort001,15456168,17173511
1709514792131,READ,./data/vort001,3434704,5152055
1709514792182,READ,./data/vort001,1717352,3434703
1709514792298,READ,./data/vort001,6869408,8586759
1709514792770,READ,./data/vort001,0,1717351
1709514792836,READ,./data/vort001,6869408,8586759
1709514792836,READ,./data/vort001,13738816,15456167
1709514792910,READ,./data/vort001,10304112,12021463
1709514792953,READ,./data/vort001,8586760,10304111
1709514793013,READ,./data/vort001,3434704,5152055
1709514793079,READ,./data/vort001,12021464,13738815
1709514793116,READ,./data/vort001,5152056,6869407
1709514793158,READ,./data/vort001,15456168,17173511
1709514793204,READ,./data/vort001,1717352,3434703
1709514793667,READ,./data/vort001,0,1717351
1709514793741,READ,./data/vort001,1717352,3434703
1709514793753,READ,./data/vort001,15456168,17173511
1709514793763,READ,./data/vort001,6869408,8586759
1709514793837,READ,./data/vort001,13738816,15456167
1709514793886,READ,./data/vort001,12021464,13738815
1709514793935,READ,./data/vort001,8586760,10304111
1709514794017,READ,./data/vort001,10304112,12021463
1709514794075,READ,./data/vort001,3434704,5152055
1709514794121,READ,./data/vort001,5152056,6869407
1709514794587,READ,./data/ux00002,0,1717351
1709514794597,READ,./data/ux00002,5152056,6869407
1709514794603,READ,./data/ux00002,10304112,12021463
1709514794667,READ,./data/ux00002,1717352,3434703
1709514794720,READ,./data/ux00002,3434704,5152055
1709514794725,READ,./data/ux00002,15456168,17173511
1709514794790,READ,./data/ux00002,6869408,8586759
1709514794861,READ,./data/ux00002,12021464,13738815
1709514794900,READ,./data/ux00002,13738816,15456167
1709514794948,READ,./data/ux00002,8586760,10304111
1709514795416,READ,./data/uy00002,0,1717351
1709514795431,READ,./data/uy00002,10304112,12021463
1709514795508,READ,./data/uy00002,6869408,8586759
1709514795594,READ,./data/uy00002,3434704,5152055
1709514795655,READ,./data/uy00002,5152056,6869407
1709514795664,READ,./data/uy00002,12021464,13738815
1709514795736,READ,./data/uy00002,15456168,17173511
1709514795789,READ,./data/uy00002,13738816,15456167
1709514795804,READ,./data/uy00002,1717352,3434703
1709514795853,READ,./data/uy00002,8586760,10304111
1709514796253,READ,./data/uz00002,0,1717351
1709514796265,READ,./data/uz00002,6869408,8586759
1709514796341,READ,./data/uz00002,5152056,6869407
1709514796344,READ,./data/uz00002,13738816,15456167
1709514796429,READ,./data/uz00002,12021464,13738815
1709514796483,READ,./data/uz00002,8586760,10304111
1709514796522,READ,./data/uz00002,1717352,3434703
1709514796569,READ,./data/uz00002,10304112,12021463
1709514796593,READ,./data/uz00002,15456168,17173511
1709514796637,READ,./data/uz00002,3434704,5152055
1709514796955,READ,./data/pp00002,3434704,5152055
1709514797047,READ,./data/pp00002,10304112,12021463
1709514797053,READ,./data/pp00002,0,1717351
1709514797151,READ,./data/pp00002,8586760,10304111
1709514797215,READ,./data/pp00002,6869408,8586759
1709514797229,READ,./data/pp00002,13738816,15456167
1709514797313,READ,./data/pp00002,12021464,13738815
1709514797363,READ,./data/pp00002,15456168,17173511
1709514797383,READ,./data/pp00002,5152056,6869407
1709514797437,READ,./data/pp00002,1717352,3434703
1709514797740,READ,./data/phi100002,0,1717351
1709514797750,READ,./data/phi100002,5152056,6869407
1709514797829,READ,./data/phi100002,10304112,12021463
1709514797869,READ,./data/phi100002,3434704,5152055
1709514797913,READ,./data/phi100002,13738816,15456167
1709514797914,READ,./data/phi100002,6869408,8586759
1709514797949,READ,./data/phi100002,1717352,3434703
1709514798031,READ,./data/phi100002,15456168,17173511
1709514798054,READ,./data/phi100002,8586760,10304111
1709514798104,READ,./data/phi100002,12021464,13738815
1709514798117,READ,./data/snap0000002.ini,0,301
1709514798560,READ,./data/vort002,0,1717351
1709514798628,READ,./data/vort002,10304112,12021463
1709514798634,READ,./data/vort002,3434704,5152055
1709514798715,READ,./data/vort002,5152056,6869407
1709514798786,READ,./data/vort002,8586760,10304111
1709514798812,READ,./data/vort002,1717352,3434703
1709514798823,READ,./data/vort002,13738816,15456167
1709514798895,READ,./data/vort002,12021464,13738815
1709514798943,READ,./data/vort002,15456168,17173511
1709514798998,READ,./data/vort002,6869408,8586759
1709514799469,READ,./data/vort002,0,1717351
1709514799520,READ,./data/vort002,12021464,13738815
1709514799553,READ,./data/vort002,1717352,3434703
1709514799602,READ,./data/vort002,8586760,10304111
1709514799638,READ,./data/vort002,6869408,8586759
1709514799681,READ,./data/vort002,10304112,12021463
1709514799742,READ,./data/vort002,3434704,5152055
1709514799849,READ,./data/vort002,5152056,6869407
1709514799925,READ,./data/vort002,13738816,15456167
1709514799988,READ,./data/vort002,15456168,17173511
1709514800548,READ,./data/vort002,0,1717351
1709514800574,READ,./data/vort002,12021464,13738815
1709514800612,READ,./data/vort002,5152056,6869407
1709514800683,READ,./data/vort002,3434704,5152055
1709514800821,READ,./data/vort002,8586760,10304111
1709514800952,READ,./data/vort002,15456168,17173511
1709514801024,READ,./data/vort002,1717352,3434703
1709514801123,READ,./data/vort002,13738816,15456167
1709514801215,READ,./data/vort002,6869408,8586759
1709514801265,READ,./data/vort002,10304112,12021463
1709514801746,READ,./data/vort002,0,1717351
1709514801810,READ,./data/vort002,3434704,5152055
1709514801811,READ,./data/vort002,8586760,10304111
1709514801872,READ,./data/vort002,12021464,13738815
1709514801984,READ,./data/vort002,5152056,6869407
1709514802035,READ,./data/vort002,1717352,3434703
1709514802105,READ,./data/vort002,15456168,17173511
1709514802162,READ,./data/vort002,6869408,8586759
1709514802193,READ,./data/vort002,13738816,15456167
1709514802220,READ,./data/vort002,10304112,12021463
1709514802671,READ,./data/ux00003,0,1717351
1709514802680,READ,./data/ux00003,6869408,8586759
1709514802826,READ,./data/ux00003,3434704,5152055
1709514802833,READ,./data/ux00003,8586760,10304111
1709514802938,READ,./data/ux00003,10304112,12021463
1709514802960,READ,./data/ux00003,1717352,3434703
1709514803040,READ,./data/ux00003,12021464,13738815
1709514803129,READ,./data/ux00003,13738816,15456167
1709514803188,READ,./data/ux00003,15456168,17173511
1709514803264,READ,./data/ux00003,5152056,6869407
1709514803525,READ,./data/uy00003,3434704,5152055
1709514803582,READ,./data/uy00003,0,1717351
1709514803651,READ,./data/uy00003,5152056,6869407
1709514803652,READ,./data/uy00003,12021464,13738815
1709514803728,READ,./data/uy00003,15456168,17173511
1709514803809,READ,./data/uy00003,8586760,10304111
1709514803836,READ,./data/uy00003,13738816,15456167
1709514803863,READ,./data/uy00003,1717352,3434703
1709514803896,READ,./data/uy00003,6869408,8586759
1709514803940,READ,./data/uy00003,10304112,12021463
1709514804262,READ,./data/uz00003,0,1717351
1709514804296,READ,./data/uz00003,5152056,6869407
1709514804317,READ,./data/uz00003,12021464,13738815
1709514804387,READ,./data/uz00003,10304112,12021463
1709514804418,READ,./data/uz00003,8586760,10304111
1709514804457,READ,./data/uz00003,1717352,3434703
1709514804528,READ,./data/uz00003,3434704,5152055
1709514804573,READ,./data/uz00003,15456168,17173511
1709514804613,READ,./data/uz00003,6869408,8586759
1709514804664,READ,./data/uz00003,13738816,15456167
1709514804979,READ,./data/pp00003,0,1717351
1709514804981,READ,./data/pp00003,10304112,12021463
1709514805051,READ,./data/pp00003,12021464,13738815
1709514805054,READ,./data/pp00003,5152056,6869407
1709514805129,READ,./data/pp00003,8586760,10304111
1709514805188,READ,./data/pp00003,13738816,15456167
1709514805255,READ,./data/pp00003,6869408,8586759
1709514805294,READ,./data/pp00003,3434704,5152055
1709514805343,READ,./data/pp00003,1717352,3434703
1709514805367,READ,./data/pp00003,15456168,17173511
1709514805628,READ,./data/phi100003,0,1717351
1709514805669,READ,./data/phi100003,1717352,3434703
1709514805683,READ,./data/phi100003,12021464,13738815
1709514805757,READ,./data/phi100003,8586760,10304111
1709514805798,READ,./data/phi100003,5152056,6869407
1709514805802,READ,./data/phi100003,10304112,12021463
1709514805875,READ,./data/phi100003,6869408,8586759
1709514805914,READ,./data/phi100003,3434704,5152055
1709514805991,READ,./data/phi100003,13738816,15456167
1709514806026,READ,./data/phi100003,15456168,17173511
1709514806048,READ,./data/snap0000003.ini,0,301
1709514806405,READ,./data/vort003,0,1717351
1709514806449,READ,./data/vort003,3434704,5152055
1709514806536,READ,./data/vort003,6869408,8586759
1709514806646,READ,./data/vort003,10304112,12021463
1709514806698,READ,./data/vort003,12021464,13738815
1709514806874,READ,./data/vort003,13738816,15456167
1709514806879,READ,./data/vort003,8586760,10304111
1709514806884,READ,./data/vort003,5152056,6869407
1709514806913,READ,./data/vort003,15456168,17173511
1709514806937,READ,./data/vort003,1717352,3434703
1709514807385,READ,./data/vort003,0,1717351
1709514807427,READ,./data/vort003,6869408,8586759
1709514807532,READ,./data/vort003,8586760,10304111
1709514807584,READ,./data/vort003,10304112,12021463
1709514807646,READ,./data/vort003,12021464,13738815
1709514807689,READ,./data/vort003,1717352,3434703
1709514807740,READ,./data/vort003,5152056,6869407
1709514807755,READ,./data/vort003,15456168,17173511
1709514807778,READ,./data/vort003,3434704,5152055
1709514807814,READ,./data/vort003,13738816,15456167
1709514808447,READ,./data/vort003,0,1717351
1709514808472,READ,./data/vort003,10304112,12021463
1709514808486,READ,./data/vort003,15456168,17173511
1709514808554,READ,./data/vort003,8586760,10304111
1709514808592,READ,./data/vort003,3434704,5152055
1709514808653,READ,./data/vort003,6869408,8586759
1709514808728,READ,./data/vort003,13738816,15456167
1709514808798,READ,./data/vort003,12021464,13738815
1709514808835,READ,./data/vort003,1717352,3434703
1709514808861,READ,./data/vort003,5152056,6869407
1709514809198,READ,./data/vort003,0,1717351
1709514809243,READ,./data/vort003,6869408,8586759
1709514809274,READ,./data/vort003,15456168,17173511
1709514809351,READ,./data/vort003,10304112,12021463
1709514809397,READ,./data/vort003,8586760,10304111
1709514809463,READ,./data/vort003,13738816,15456167
1709514809516,READ,./data/vort003,5152056,6869407
1709514809586,READ,./data/vort003,12021464,13738815
1709514809632,READ,./data/vort003,1717352,3434703
1709514809675,READ,./data/vort003,3434704,5152055
1709514810189,READ,./data/ux00004,0,1717351
1709514810190,READ,./data/ux00004,6869408,8586759
1709514810282,READ,./data/ux00004,3434704,5152055
1709514810362,READ,./data/ux00004,10304112,12021463
1709514810375,READ,./data/ux00004,13738816,15456167
1709514810381,READ,./data/ux00004,1717352,3434703
1709514810411,READ,./data/ux00004,8586760,10304111
1709514810519,READ,./data/ux00004,15456168,17173511
1709514810705,READ,./data/ux00004,12021464,13738815
1709514810784,READ,./data/ux00004,5152056,6869407
1709514811037,READ,./data/uy00004,0,1717351
1709514811042,READ,./data/uy00004,5152056,6869407
1709514811046,READ,./data/uy00004,13738816,15456167
1709514811142,READ,./data/uy00004,3434704,5152055
1709514811153,READ,./data/uy00004,10304112,12021463
1709514811230,READ,./data/uy00004,8586760,10304111
1709514811285,READ,./data/uy00004,6869408,8586759
1709514811363,READ,./data/uy00004,12021464,13738815
1709514811392,READ,./data/uy00004,1717352,3434703
1709514811413,READ,./data/uy00004,15456168,17173511
1709514811654,READ,./data/uz00004,1717352,3434703
1709514811722,READ,./data/uz00004,0,1717351
1709514811753,READ,./data/uz00004,3434704,5152055
1709514811773,READ,./data/uz00004,10304112,12021463
1709514811819,READ,./data/uz00004,5152056,6869407
1709514811884,READ,./data/uz00004,12021464,13738815
1709514811914,READ,./data/uz00004,8586760,10304111
1709514811984,READ,./data/uz00004,13738816,15456167
1709514812029,READ,./data/uz00004,15456168,17173511
1709514812116,READ,./data/uz00004,6869408,8586759
1709514812382,READ,./data/pp00004,0,1717351
1709514812389,READ,./data/pp00004,12021464,13738815
1709514812405,READ,./data/pp00004,5152056,6869407
1709514812477,READ,./data/pp00004,3434704,5152055
1709514812543,READ,./data/pp00004,8586760,10304111
1709514812609,READ,./data/pp00004,15456168,17173511
1709514812624,READ,./data/pp00004,10304112,12021463
1709514812686,READ,./data/pp00004,6869408,8586759
1709514812705,READ,./data/pp00004,1717352,3434703
1709514812734,READ,./data/pp00004,13738816,15456167
1709514813073,READ,./data/phi100004,0,1717351
1709514813131,READ,./data/phi100004,1717352,3434703
1709514813139,READ,./data/phi100004,6869408,8586759
1709514813206,READ,./data/phi100004,12021464,13738815
1709514813282,READ,./data/phi100004,15456168,17173511
1709514813337,READ,./data/phi100004,13738816,15456167
1709514813344,READ,./data/phi100004,8586760,10304111
1709514813424,READ,./data/phi100004,10304112,12021463
1709514813472,READ,./data/phi100004,5152056,6869407
1709514813535,READ,./data/phi100004,3434704,5152055
1709514813602,READ,./data/snap0000004.ini,0,301
1709514813936,READ,./data/vort004,8586760,10304111
1709514813953,READ,./data/vort004,0,1717351
1709514813969,READ,./data/vort004,13738816,15456167
1709514814024,READ,./data/vort004,3434704,5152055
1709514814108,READ,./data/vort004,5152056,6869407
1709514814166,READ,./data/vort004,10304112,12021463
1709514814234,READ,./data/vort004,12021464,13738815
1709514814385,READ,./data/vort004,15456168,17173511
1709514814417,READ,./data/vort004,1717352,3434703
1709514814494,READ,./data/vort004,6869408,8586759
1709514814914,READ,./data/vort004,0,1717351
1709514814966,READ,./data/vort004,12021464,13738815
1709514815034,READ,./data/vort004,8586760,10304111
1709514815070,READ,./data/vort004,1717352,3434703
1709514815122,READ,./data/vort004,10304112,12021463
1709514815165,READ,./data/vort004,3434704,5152055
1709514815217,READ,./data/vort004,15456168,17173511
1709514815288,READ,./data/vort004,5152056,6869407
1709514815355,READ,./data/vort004,6869408,8586759
1709514815393,READ,./data/vort004,13738816,15456167
1709514815768,READ,./data/vort004,0,1717351
1709514815808,READ,./data/vort004,8586760,10304111
1709514815849,READ,./data/vort004,3434704,5152055
1709514815915,READ,./data/vort004,12021464,13738815
1709514816066,READ,./data/vort004,10304112,12021463
1709514816076,READ,./data/vort004,15456168,17173511
1709514816153,READ,./data/vort004,5152056,6869407
1709514816199,READ,./data/vort004,13738816,15456167
1709514816204,READ,./data/vort004,1717352,3434703
1709514816268,READ,./data/vort004,6869408,8586759
1709514816718,READ,./data/vort004,0,1717351
1709514816770,READ,./data/vort004,10304112,12021463
1709514816841,READ,./data/vort004,8586760,10304111
1709514816884,READ,./data/vort004,3434704,5152055
1709514816899,READ,./data/vort004,13738816,15456167
1709514816981,READ,./data/vort004,12021464,13738815
1709514817047,READ,./data/vort004,5152056,6869407
1709514817083,READ,./data/vort004,1717352,3434703
1709514817159,READ,./data/vort004,6869408,8586759
1709514817241,READ,./data/vort004,15456168,17173511
1709514817641,READ,./data/ux00005,0,1717351
1709514817665,READ,./data/ux00005,5152056,6869407
1709514817730,READ,./data/ux00005,3434704,5152055
1709514817733,READ,./data/ux00005,12021464,13738815
1709514817761,READ,./data/ux00005,1717352,3434703
1709514817846,READ,./data/ux00005,10304112,12021463
1709514817873,READ,./data/ux00005,8586760,10304111
1709514817964,READ,./data/ux00005,6869408,8586759
1709514818039,READ,./data/ux00005,15456168,17173511
1709514818135,READ,./data/ux00005,13738816,15456167
1709514818472,READ,./data/uy00005,13738816,15456167
1709514818473,READ,./data/uy00005,0,1717351
1709514818553,READ,./data/uy00005,1717352,3434703
1709514818579,READ,./data/uy00005,8586760,10304111
1709514818581,READ,./data/uy00005,3434704,5152055
1709514818708,READ,./data/uy00005,6869408,8586759
1709514818761,READ,./data/uy00005,15456168,17173511
1709514818779,READ,./data/uy00005,10304112,12021463
1709514818822,READ,./data/uy00005,5152056,6869407
1709514818853,READ,./data/uy00005,12021464,13738815
1709514819254,READ,./data/uz00005,0,1717351
1709514819273,READ,./data/uz00005,10304112,12021463
1709514819276,READ,./data/uz00005,13738816,15456167
1709514819339,READ,./data/uz00005,8586760,10304111
1709514819408,READ,./data/uz00005,15456168,17173511
1709514819449,READ,./data/uz00005,1717352,3434703
1709514819462,READ,./data/uz00005,5152056,6869407
1709514819567,READ,./data/uz00005,6869408,8586759
1709514819610,READ,./data/uz00005,3434704,5152055
1709514819708,READ,./data/uz00005,12021464,13738815
1709514819983,READ,./data/pp00005,0,1717351
1709514819992,READ,./data/pp00005,12021464,13738815
1709514820034,READ,./data/pp00005,1717352,3434703
1709514820094,READ,./data/pp00005,15456168,17173511
1709514820099,READ,./data/pp00005,5152056,6869407
1709514820153,READ,./data/pp00005,8586760,10304111
1709514820230,READ,./data/pp00005,6869408,8586759
1709514820279,READ,./data/pp00005,13738816,15456167
1709514820294,READ,./data/pp00005,10304112,12021463
1709514820328,READ,./data/pp00005,3434704,5152055
1709514820714,READ,./data/phi100005,0,1717351
1709514820725,READ,./data/phi100005,13738816,15456167
1709514820738,READ,./data/phi100005,6869408,8586759
1709514820814,READ,./data/phi100005,8586760,10304111
1709514820870,READ,./data/phi100005,1717352,3434703
1709514820928,READ,./data/phi100005,5152056,6869407
1709514820944,READ,./data/phi100005,10304112,12021463
1709514820977,READ,./data/phi100005,3434704,5152055
1709514821095,READ,./data/phi100005,15456168,17173511
1709514821170,READ,./data/phi100005,12021464,13738815
1709514821184,READ,./data/snap0000005.ini,0,301
1709514821501,READ,./data/vort005,5152056,6869407
1709514821504,READ,./data/vort005,0,1717351
1709514821602,READ,./data/vort005,3434704,5152055
1709514821604,READ,./data/vort005,8586760,10304111
1709514821670,READ,./data/vort005,10304112,12021463
1709514821703,READ,./data/vort005,6869408,8586759
1709514821760,READ,./data/vort005,12021464,13738815
1709514821842,READ,./data/vort005,15456168,17173511
1709514821927,READ,./data/vort005,1717352,3434703
1709514821992,READ,./data/vort005,13738816,15456167
1709514822428,READ,./data/vort005,0,1717351
1709514822502,READ,./data/vort005,6869408,8586759
1709514822527,READ,./data/vort005,13738816,15456167
1709514822565,READ,./data/vort005,1717352,3434703
1709514822675,READ,./data/vort005,12021464,13738815
1709514822725,READ,./data/vort005,15456168,17173511
1709514822778,READ,./data/vort005,3434704,5152055
1709514822780,READ,./data/vort005,10304112,12021463
1709514822903,READ,./data/vort005,8586760,10304111
1709514822934,READ,./data/vort005,5152056,6869407
1709514823498,READ,./data/vort005,0,1717351
1709514823595,READ,./data/vort005,15456168,17173511
1709514823602,READ,./data/vort005,1717352,3434703
1709514823613,READ,./data/vort005,6869408,8586759
1709514823696,READ,./data/vort005,13738816,15456167
1709514823745,READ,./data/vort005,5152056,6869407
1709514823799,READ,./data/vort005,8586760,10304111
1709514823839,READ,./data/vort005,3434704,5152055
1709514823917,READ,./data/vort005,12021464,13738815
1709514823996,READ,./data/vort005,10304112,12021463
1709514824569,READ,./data/vort005,0,1717351
1709514824604,READ,./data/vort005,5152056,6869407
1709514824606,READ,./data/vort005,10304112,12021463
1709514824695,READ,./data/vort005,3434704,5152055
1709514824715,READ,./data/vort005,13738816,15456167
1709514824800,READ,./data/vort005,12021464,13738815
1709514824829,READ,./data/vort005,6869408,8586759
1709514824859,READ,./data/vort005,15456168,17173511
1709514824928,READ,./data/vort005,1717352,3434703
1709514824958,READ,./data/vort005,8586760,10304111
1709514825280,READ,./data/ux00006,0,1717351
1709514825293,READ,./data/ux00006,5152056,6869407
1709514825330,READ,./data/ux00006,1717352,3434703
1709514825407,READ,./data/ux00006,3434704,5152055
1709514825439,READ,./data/ux00006,6869408,8586759
1709514825519,READ,./data/ux00006,12021464,13738815
1709514825548,READ,./data/ux00006,8586760,10304111
1709514825615,READ,./data/ux00006,15456168,17173511
1709514825667,READ,./data/ux00006,10304112,12021463
1709514825737,READ,./data/ux00006,13738816,15456167
1709514826163,READ,./data/uy00006,0,1717351
1709514826219,READ,./data/uy00006,3434704,5152055
1709514826222,READ,./data/uy00006,10304112,12021463
1709514826314,READ,./data/uy00006,12021464,13738815
1709514826338,READ,./data/uy00006,1717352,3434703
1709514826408,READ,./data/uy00006,5152056,6869407
1709514826475,READ,./data/uy00006,15456168,17173511
1709514826503,READ,./data/uy00006,6869408,8586759
1709514826581,READ,./data/uy00006,8586760,10304111
1709514826624,READ,./data/uy00006,13738816,15456167
1709514827007,READ,./data/uz00006,0,1717351
1709514827008,READ,./data/uz00006,8586760,10304111
1709514827041,READ,./data/uz00006,5152056,6869407
1709514827044,READ,./data/uz00006,13738816,15456167
1709514827147,READ,./data/uz00006,3434704,5152055
1709514827213,READ,./data/uz00006,10304112,12021463
1709514827265,READ,./data/uz00006,6869408,8586759
1709514827293,READ,./data/uz00006,1717352,3434703
1709514827390,READ,./data/uz00006,12021464,13738815
1709514827427,READ,./data/uz00006,15456168,17173511
1709514827730,READ,./data/pp00006,13738816,15456167
1709514827758,READ,./data/pp00006,0,1717351
1709514827763,READ,./data/pp00006,10304112,12021463
1709514827807,READ,./data/pp00006,3434704,5152055
1709514827879,READ,./data/pp00006,8586760,10304111
1709514827960,READ,./data/pp00006,6869408,8586759
1709514828005,READ,./data/pp00006,15456168,17173511
1709514828055,READ,./data/pp00006,12021464,13738815
1709514828083,READ,./data/pp00006,1717352,3434703
1709514828106,READ,./data/pp00006,5152056,6869407
1709514828420,READ,./data/phi100006,0,1717351
1709514828440,READ,./data/phi100006,13738816,15456167
1709514828447,READ,./data/phi100006,10304112,12021463
1709514828499,READ,./data/phi100006,3434704,5152055
1709514828525,READ,./data/phi100006,1717352,3434703
1709514828598,READ,./data/phi100006,8586760,10304111
1709514828653,READ,./data/phi100006,5152056,6869407
1709514828723,READ,./data/phi100006,15456168,17173511
1709514828781,READ,./data/phi100006,6869408,8586759
1709514828826,READ,./data/phi100006,12021464,13738815
1709514828840,READ,./data/snap0000006.ini,0,301
1709514829187,READ,./data/vort006,12021464,13738815
1709514829189,READ,./data/vort006,0,1717351
1709514829250,READ,./data/vort006,3434704,5152055
1709514829340,READ,./data/vort006,13738816,15456167
1709514829398,READ,./data/vort006,8586760,10304111
1709514829414,READ,./data/vort006,15456168,17173511
1709514829479,READ,./data/vort006,6869408,8586759
1709514829506,READ,./data/vort006,1717352,3434703
1709514829581,READ,./data/vort006,10304112,12021463
1709514829648,READ,./data/vort006,5152056,6869407
1709514830098,READ,./data/vort006,0,1717351
1709514830137,READ,./data/vort006,8586760,10304111
1709514830140,READ,./data/vort006,5152056,6869407
1709514830229,READ,./data/vort006,3434704,5152055
1709514830297,READ,./data/vort006,12021464,13738815
1709514830334,READ,./data/vort006,1717352,3434703
1709514830406,READ,./data/vort006,6869408,8586759
1709514830469,READ,./data/vort006,15456168,17173511
1709514830490,READ,./data/vort006,10304112,12021463
1709514830514,READ,./data/vort006,13738816,15456167
1709514830940,READ,./data/vort006,0,1717351
1709514831021,READ,./data/vort006,3434704,5152055
1709514831023,READ,./data/vort006,8586760,10304111
1709514831036,READ,./data/vort006,15456168,17173511
1709514831130,READ,./data/vort006,6869408,8586759
1709514831213,READ,./data/vort006,12021464,13738815
1709514831242,READ,./data/vort006,5152056,6869407
1709514831276,READ,./data/vort006,10304112,12021463
1709514831316,READ,./data/vort006,13738816,15456167
1709514831345,READ,./data/vort006,1717352,3434703
1709514831859,READ,./data/vort006,0,1717351
1709514831887,READ,./data/vort006,8586760,10304111
1709514831930,READ,./data/vort006,3434704,5152055
1709514832030,READ,./data/vort006,13738816,15456167
1709514832032,READ,./data/vort006,6869408,8586759
1709514832112,READ,./data/vort006,15456168,17173511
1709514832151,READ,./data/vort006,1717352,3434703
1709514832193,READ,./data/vort006,10304112,12021463
1709514832251,READ,./data/vort006,12021464,13738815
1709514832298,READ,./data/vort006,5152056,6869407
1709514832594,READ,./data/ux00007,0,1717351
1709514832601,READ,./data/ux00007,8586760,10304111
1709514832605,READ,./data/ux00007,13738816,15456167
1709514832678,READ,./data/ux00007,3434704,5152055
1709514832755,READ,./data/ux00007,12021464,13738815
1709514832805,READ,./data/ux00007,15456168,17173511
1709514832853,READ,./data/ux00007,5152056,6869407
1709514832890,READ,./data/ux00007,6869408,8586759
1709514832969,READ,./data/ux00007,1717352,3434703
1709514832984,READ,./data/ux00007,10304112,12021463
1709514833412,READ,./data/uy00007,5152056,6869407
1709514833436,READ,./data/uy00007,0,1717351
1709514833455,READ,./data/uy00007,8586760,10304111
1709514833552,READ,./data/uy00007,6869408,8586759
1709514833616,READ,./data/uy00007,3434704,5152055
1709514833639,READ,./data/uy00007,12021464,13738815
1709514833765,READ,./data/uy00007,15456168,17173511
1709514833865,READ,./data/uy00007,13738816,15456167
1709514833901,READ,./data/uy00007,10304112,12021463
1709514833920,READ,./data/uy00007,1717352,3434703
1709514834329,READ,./data/uz00007,0,1717351
1709514834407,READ,./data/uz00007,1717352,3434703
1709514834453,READ,./data/uz00007,3434704,5152055
1709514834454,READ,./data/uz00007,8586760,10304111
1709514834556,READ,./data/uz00007,6869408,8586759
1709514834604,READ,./data/uz00007,5152056,6869407
1709514834626,READ,./data/uz00007,10304112,12021463
1709514834635,READ,./data/uz00007,15456168,17173511
1709514834725,READ,./data/uz00007,13738816,15456167
1709514834774,READ,./data/uz00007,12021464,13738815
1709514835033,READ,./data/pp00007,0,1717351
1709514835076,READ,./data/pp00007,10304112,12021463
1709514835122,READ,./data/pp00007,3434704,5152055
1709514835206,READ,./data/pp00007,5152056,6869407
1709514835254,READ,./data/pp00007,1717352,3434703
1709514835328,READ,./data/pp00007,6869408,8586759
1709514835404,READ,./data/pp00007,12021464,13738815
1709514835456,READ,./data/pp00007,8586760,10304111
1709514835522,READ,./data/pp00007,13738816,15456167
1709514835551,READ,./data/pp00007,15456168,17173511
1709514835815,READ,./data/phi100007,0,1717351
1709514835879,READ,./data/phi100007,1717352,3434703
1709514835955,READ,./data/phi100007,3434704,5152055
1709514835957,READ,./data/phi100007,13738816,15456167
1709514835969,READ,./data/phi100007,10304112,12021463
1709514836055,READ,./data/phi100007,8586760,10304111
1709514836129,READ,./data/phi100007,6869408,8586759
1709514836203,READ,./data/phi100007,12021464,13738815
1709514836232,READ,./data/phi100007,5152056,6869407
1709514836243,READ,./data/phi100007,15456168,17173511
1709514836255,READ,./data/snap0000007.ini,0,301
1709514836587,READ,./data/vort007,0,1717351
1709514836596,READ,./data/vort007,10304112,12021463
1709514836650,READ,./data/vort007,5152056,6869407
1709514836661,READ,./data/vort007,1717352,3434703
1709514836726,READ,./data/vort007,8586760,10304111
1709514836821,READ,./data/vort007,12021464,13738815
1709514836872,READ,./data/vort007,3434704,5152055
1709514837000,READ,./data/vort007,13738816,15456167
1709514837052,READ,./data/vort007,6869408,8586759
1709514837128,READ,./data/vort007,15456168,17173511
1709514837549,READ,./data/vort007,0,1717351
1709514837614,READ,./data/vort007,6869408,8586759
1709514837723,READ,./data/vort007,3434704,5152055
1709514837863,READ,./data/vort007,5152056,6869407
1709514837928,READ,./data/vort007,8586760,10304111
1709514837928,READ,./data/vort007,13738816,15456167
1709514838050,READ,./data/vort007,10304112,12021463
1709514838135,READ,./data/vort007,12021464,13738815
1709514838163,READ,./data/vort007,1717352,3434703
1709514838210,READ,./data/vort007,15456168,17173511
1709514838709,READ,out/restart0000030,0,1717351
1709514838753,READ,out/restart0000030,5152056,6869407
1709514838855,READ,out/restart0000030,10304112,12021463
1709514838859,READ,out/restart0000030,3434704,5152055
1709514838946,READ,out/restart0000030,8586760,10304111
1709514838967,READ,out/restart0000030,1717352,3434703
1709514838998,READ,out/restart0000030,6869408,8586759
1709514839014,READ,out/restart0000030,13738816,15456167
1709514839092,READ,out/restart0000030,12021464,13738815
1709514839187,READ,out/restart0000030,15456168,17173511
1709514839204,READ,out/restart0000030,24042920,25760271
1709514839279,READ,out/restart0000030,20608216,22325567
1709514839320,READ,out/restart0000030,18890864,20608215
1709514839385,READ,out/restart0000030,17173512,18890863
1709514839385,READ,out/restart0000030,30912328,32629679
1709514839419,READ,out/restart0000030,22325568,24042919
1709514839489,READ,out/restart0000030,29194976,30912327
1709514839506,READ,out/restart0000030,25760272,27477623
1709514839538,READ,out/restart0000030,32629680,34347023
1709514839587,READ,out/restart0000030,27477624,29194975
1709514839603,READ,out/restart0000030,37781728,39499079
1709514839607,READ,out/restart0000030,42933784,44651135
1709514839702,READ,out/restart0000030,41216432,42933783
1709514839733,READ,out/restart0000030,34347024,36064375
1709514839811,READ,out/restart0000030,48085840,49803191
1709514839819,READ,out/restart0000030,39499080,41216431
1709514839911,READ,out/restart0000030,36064376,37781727
1709514839945,READ,out/restart0000030,44651136,46368487
1709514839961,READ,out/restart0000030,49803192,51520535
1709514840006,READ,out/restart0000030,46368488,48085839
1709514840010,READ,out/restart0000030,65259352,66976703
1709514840022,READ,out/restart0000030,54955240,56672591
1709514840103,READ,out/restart0000030,53237888,54955239
1709514840132,READ,out/restart0000030,56672592,58389943
1709514840154,READ,out/restart0000030,60107296,61824647
1709514840159,READ,out/restart0000030,63542000,65259351
1709514840196,READ,out/restart0000030,66976704,68694047
1709514840230,READ,out/restart0000030,61824648,63541999
1709514840264,READ,out/restart0000030,58389944,60107295
1709514840267,READ,out/restart0000030,51520536,53237887
1709514840271,READ,out/restart0000030,82432864,84150215
1709514840280,READ,out/restart0000030,73846104,75563455
1709514840363,READ,out/restart0000030,75563456,77280807
1709514840411,READ,out/restart0000030,72128752,73846103
1709514840411,READ,out/restart0000030,80715512,82432863
1709514840451,READ,out/restart0000030,70411400,72128751
1709514840460,READ,out/restart0000030,78998160,80715511
1709514840487,READ,out/restart0000030,68694048,70411399
1709514840533,READ,out/restart0000030,77280808,78998159
1709514840542,READ,out/restart0000030,84150216,85867559
1709514840547,READ,out/restart0000030,101323728,103041071
1709514840554,READ,out/restart0000030,91019616,92736967
1709514840584,READ,out/restart0000030,85867560,87584911
1709514840637,READ,out/restart0000030,96171672,97889023
1709514840697,READ,out/restart0000030,87584912,89302263
1709514840738,READ,out/restart0000030,89302264,91019615
1709514840793,READ,out/restart0000030,92736968,94454319
1709514840799,READ,out/restart0000030,97889024,99606375
1709514840844,READ,out/restart0000030,99606376,101323727
1709514840847,READ,out/restart0000030,94454320,96171671
1709514840852,READ,out/restart0000030,118497240,120214583
1709514840937,READ,out/restart0000030,116779888,118497239
1709514840939,READ,out/restart0000030,108193128,109910479
1709514840993,READ,out/restart0000030,109910480,111627831
1709514841027,READ,out/restart0000030,115062536,116779887
1709514841028,READ,out/restart0000030,103041072,104758423
1709514841061,READ,out/restart0000030,113345184,115062535
1709514841132,READ,out/restart0000030,106475776,108193127
1709514841135,READ,out/restart0000030,111627832,113345183
1709514841177,READ,out/restart0000030,104758424,106475775
1709514841182,READ,out/restart0000030,135670752,137388095
1709514841234,READ,out/restart0000030,133953400,135670751
1709514841294,READ,out/restart0000030,127083992,128801343
1709514841301,READ,out/restart0000030,132236048,133953399
1709514841387,READ,out/restart0000030,120214584,121931935
1709514841474,READ,out/restart0000030,125366640,127083991
1709514841486,READ,out/restart0000030,130518696,132236047
1709514841532,READ,out/restart0000030,123649288,125366639
1709514841559,READ,out/restart0000030,128801344,130518695
1709514841630,READ,out/restart0000030,121931936,123649287
1709514841634,READ,out/restart0000030,152844264,154561607
1709514841643,READ,out/restart0000030,142540152,144257503
1709514841704,READ,out/restart0000030,145974856,147692207
1709514841727,READ,out/restart0000030,140822800,142540151
1709514841767,READ,out/restart0000030,144257504,145974855
1709514841806,READ,out/restart0000030,151126912,152844263
1709514841814,READ,out/restart0000030,137388096,139105447
1709514841844,READ,out/restart0000030,149409560,151126911
1709514841892,READ,out/restart0000030,139105448,140822799
1709514841903,READ,out/restart0000030,147692208,149409559
1709514841970,READ,out/restart0000030,169779069,171469895
1709514842031,READ,out/restart0000030,166397411,168088239
1709514842039,READ,out/restart0000030,157943266,159634094
1709514842144,READ,out/restart0000030,163015753,164706581
1709514842179,READ,out/restart0000030,159634095,161324923
1709514842208,READ,out/restart0000030,164706582,166397410
1709514842280,READ,out/restart0000030,161324924,163015752
1709514842332,READ,out/restart0000030,156252437,157943265
1709514842367,READ,out/restart0000030,168088240,169779068
1709514842397,READ,out/restart0000030,154561608,156252436
1709514842402,READ,out/restart0000030,186926064,188643407
1709514842459,READ,out/restart0000030,183491360,185208711
1709514842466,READ,out/restart0000030,178339304,180056655
1709514842500,READ,out/restart0000030,185208712,186926063
1709514842578,READ,out/restart0000030,180056656,181774007
1709514842667,READ,out/restart0000030,174904600,176621951
1709514842756,READ,out/restart0000030,176621952,178339303
1709514842810,READ,out/restart0000030,171469896,173187247
1709514842858,READ,out/restart0000030,181774008,183491359
1709514842916,READ,out/restart0000030,173187248,174904599
1709514842920,READ,out/restart0000030,204099576,205816919
1709514842936,READ,out/restart0000030,192078112,193795463
1709514842958,READ,out/restart0000030,198947520,200664871
1709514843012,READ,out/restart0000030,202382224,204099575
1709514843132,READ,out/restart0000030,195512816,197230167
1709514843156,READ,out/restart0000030,197230168,198947519
1709514843202,READ,out/restart0000030,190360760,192078111
1709514843235,READ,out/restart0000030,200664872,202382223
1709514843313,READ,out/restart0000030,188643408,190360759
1709514843341,READ,out/restart0000030,193795464,195512815
1709514843346,READ,out/restart0000030,221273088,222990431
1709514843417,READ,out/restart0000030,219555736,221273087
1709514843459,READ,out/restart0000030,217838384,219555735
1709514843461,READ,out/restart0000030,210968976,212686327
1709514843515,READ,out/restart0000030,205816920,207534271
1709514843557,READ,out/restart0000030,207534272,209251623
1709514843616,READ,out/restart0000030,216121032,217838383
1709514843699,READ,out/restart0000030,212686328,214403679
1709514843775,READ,out/restart0000030,209251624,210968975
1709514843803,READ,out/restart0000030,214403680,216121031
1709514843899,READ,out/restart0000030.info,0,538
1709514844186,READ,./data/vort007,0,1717351
1709514844271,READ,./data/vort007,1717352,3434703
1709514844284,READ,./data/vort007,15456168,17173511
1709514844361,READ,./data/vort007,3434704,5152055
1709514844441,READ,./data/vort007,10304112,12021463
1709514844445,READ,./data/vort007,13738816,15456167
1709514844538,READ,./data/vort007,12021464,13738815
1709514844567,READ,./data/vort007,8586760,10304111
1709514844649,READ,./data/vort007,5152056,6869407
1709514844703,READ,./data/vort007,6869408,8586759
1709514845288,READ,./data/vort007,0,1717351
1709514845317,READ,./data/vort007,5152056,6869407
1709514845324,READ,./data/vort007,8586760,10304111
1709514845407,READ,./data/vort007,3434704,5152055
1709514845505,READ,./data/vort007,12021464,13738815
1709514845586,READ,./data/vort007,1717352,3434703
1709514845656,READ,./data/vort007,10304112,12021463
1709514845744,READ,./data/vort007,15456168,17173511
1709514845758,READ,./data/vort007,6869408,8586759
1709514845790,READ,./data/vort007,13738816,15456167
1709514846341,READ,./data/ux00008,13738816,15456167
1709514846366,READ,./data/ux00008,5152056,6869407
1709514846369,READ,./data/ux00008,8586760,10304111
1709514846392,READ,./data/ux00008,0,1717351
1709514846456,READ,./data/ux00008,10304112,12021463
1709514846525,READ,./data/ux00008,12021464,13738815
1709514846567,READ,./data/ux00008,1717352,3434703
1709514846610,READ,./data/ux00008,15456168,17173511
1709514846699,READ,./data/ux00008,3434704,5152055
1709514846738,READ,./data/ux00008,6869408,8586759
1709514847071,READ,./data/uy00008,0,1717351
1709514847128,READ,./data/uy00008,10304112,12021463
1709514847217,READ,./data/uy00008,8586760,10304111
1709514847222,READ,./data/uy00008,15456168,17173511
1709514847273,READ,./data/uy00008,1717352,3434703
1709514847340,READ,./data/uy00008,12021464,13738815
1709514847378,READ,./data/uy00008,13738816,15456167
1709514847430,READ,./data/uy00008,6869408,8586759
1709514847505,READ,./data/uy00008,3434704,5152055
1709514847549,READ,./data/uy00008,5152056,6869407
1709514847952,READ,./data/uz00008,6869408,8586759
1709514847970,READ,./data/uz00008,0,1717351
1709514848066,READ,./data/uz00008,5152056,6869407
1709514848076,READ,./data/uz00008,12021464,13738815
1709514848150,READ,./data/uz00008,3434704,5152055
1709514848230,READ,./data/uz00008,13738816,15456167
1709514848291,READ,./data/uz00008,8586760,10304111
1709514848342,READ,./data/uz00008,10304112,12021463
1709514848423,READ,./data/uz00008,15456168,17173511
1709514848480,READ,./data/uz00008,1717352,3434703
1709514848811,READ,./data/pp00008,10304112,12021463
1709514848831,READ,./data/pp00008,0,1717351
1709514848836,READ,./data/pp00008,13738816,15456167
1709514848911,READ,./data/pp00008,12021464,13738815
1709514848963,READ,./data/pp00008,8586760,10304111
1709514849012,READ,./data/pp00008,3434704,5152055
1709514849079,READ,./data/pp00008,5152056,6869407
1709514849153,READ,./data/pp00008,1717352,3434703
1709514849209,READ,./data/pp00008,6869408,8586759
1709514849256,READ,./data/pp00008,15456168,17173511
1709514849672,READ,./data/phi100008,5152056,6869407
1709514849676,READ,./data/phi100008,0,1717351
1709514849689,READ,./data/phi100008,12021464,13738815
1709514849754,READ,./data/phi100008,1717352,3434703
1709514849845,READ,./data/phi100008,8586760,10304111
1709514849893,READ,./data/phi100008,13738816,15456167
1709514849959,READ,./data/phi100008,10304112,12021463
1709514850023,READ,./data/phi100008,15456168,17173511
1709514850090,READ,./data/phi100008,3434704,5152055
1709514850163,READ,./data/phi100008,6869408,8586759
1709514850175,READ,./data/snap0000008.ini,0,301
1709514850509,READ,./data/vort008,8586760,10304111
1709514850510,READ,./data/vort008,0,1717351
1709514850605,READ,./data/vort008,12021464,13738815
1709514850614,READ,./data/vort008,5152056,6869407
1709514850718,READ,./data/vort008,3434704,5152055
1709514850787,READ,./data/vort008,6869408,8586759
1709514850865,READ,./data/vort008,13738816,15456167
1709514850879,READ,./data/vort008,10304112,12021463
1709514850905,READ,./data/vort008,1717352,3434703
1709514851005,READ,./data/vort008,15456168,17173511
1709514851550,READ,./data/vort008,0,1717351
1709514851602,READ,./data/vort008,15456168,17173511
1709514851603,READ,./data/vort008,5152056,6869407
1709514851689,READ,./data/vort008,6869408,8586759
1709514851742,READ,./data/vort008,10304112,12021463
1709514851824,READ,./data/vort008,13738816,15456167
1709514851853,READ,./data/vort008,1717352,3434703
1709514851935,READ,./data/vort008,12021464,13738815
1709514851983,READ,./data/vort008,8586760,10304111
1709514852056,READ,./data/vort008,3434704,5152055
1709514852576,READ,./data/vort008,0,1717351
1709514852650,READ,./data/vort008,10304112,12021463
1709514852661,READ,./data/vort008,5152056,6869407
1709514852674,READ,./data/vort008,15456168,17173511
1709514852764,READ,./data/vort008,6869408,8586759
1709514852828,READ,./data/vort008,3434704,5152055
1709514852838,READ,./data/vort008,8586760,10304111
1709514852936,READ,./data/vort008,12021464,13738815
1709514853001,READ,./data/vort008,13738816,15456167
1709514853069,READ,./data/vort008,1717352,3434703
1709514853512,READ,./data/vort008,0,1717351
1709514853595,READ,./data/vort008,1717352,3434703
1709514853690,READ,./data/vort008,3434704,5152055
1709514853693,READ,./data/vort008,8586760,10304111
1709514853766,READ,./data/vort008,10304112,12021463
1709514853840,READ,./data/vort008,5152056,6869407
1709514853840,READ,./data/vort008,13738816,15456167
1709514853939,READ,./data/vort008,15456168,17173511
1709514853986,READ,./data/vort008,6869408,8586759
1709514854055,READ,./data/vort008,12021464,13738815
1709514854459,READ,./data/ux00009,0,1717351
1709514854478,READ,./data/ux00009,10304112,12021463
1709514854481,READ,./data/ux00009,5152056,6869407
1709514854572,READ,./data/ux00009,3434704,5152055
1709514854575,READ,./data/ux00009,15456168,17173511
1709514854640,READ,./data/ux00009,1717352,3434703
1709514854707,READ,./data/ux00009,6869408,8586759
1709514854775,READ,./data/ux00009,13738816,15456167
1709514854823,READ,./data/ux00009,12021464,13738815
1709514854914,READ,./data/ux00009,8586760,10304111
1709514855345,READ,./data/uy00009,0,1717351
1709514855429,READ,./data/uy00009,1717352,3434703
1709514855430,READ,./data/uy00009,5152056,6869407
1709514855507,READ,./data/uy00009,3434704,5152055
1709514855509,READ,./data/uy00009,10304112,12021463
1709514855614,READ,./data/uy00009,12021464,13738815
1709514855704,READ,./data/uy00009,13738816,15456167
1709514855742,READ,./data/uy00009,8586760,10304111
1709514855803,READ,./data/uy00009,15456168,17173511
1709514855898,READ,./data/uy00009,6869408,8586759
1709514856290,READ,./data/uz00009,13738816,15456167
1709514856303,READ,./data/uz00009,0,1717351
1709514856353,READ,./data/uz00009,3434704,5152055
1709514856429,READ,./data/uz00009,15456168,17173511
1709514856454,READ,./data/uz00009,1717352,3434703
1709514856495,READ,./data/uz00009,12021464,13738815
1709514856578,READ,./data/uz00009,10304112,12021463
1709514856616,READ,./data/uz00009,8586760,10304111
1709514856685,READ,./data/uz00009,5152056,6869407
1709514856773,READ,./data/uz00009,6869408,8586759
1709514857301,READ,./data/pp00009,10304112,12021463
1709514857321,READ,./data/pp00009,0,1717351
1709514857376,READ,./data/pp00009,6869408,8586759
1709514857406,READ,./data/pp00009,12021464,13738815
1709514857492,READ,./data/pp00009,15456168,17173511
1709514857562,READ,./data/pp00009,5152056,6869407
1709514857638,READ,./data/pp00009,8586760,10304111
1709514857666,READ,./data/pp00009,13738816,15456167
1709514857700,READ,./data/pp00009,3434704,5152055
1709514857730,READ,./data/pp00009,1717352,3434703
1709514858134,READ,./data/phi100009,0,1717351
1709514858162,READ,./data/phi100009,10304112,12021463
1709514858235,READ,./data/phi100009,12021464,13738815
1709514858321,READ,./data/phi100009,15456168,17173511
1709514858400,READ,./data/phi100009,13738816,15456167
1709514858435,READ,./data/phi100009,6869408,8586759
1709514858530,READ,./data/phi100009,3434704,5152055
1709514858574,READ,./data/phi100009,8586760,10304111
1709514858653,READ,./data/phi100009,1717352,3434703
1709514858730,READ,./data/phi100009,5152056,6869407
1709514858786,READ,./data/snap0000009.ini,0,301
1709514859090,READ,./data/vort009,0,1717351
1709514859151,READ,./data/vort009,5152056,6869407
1709514859162,READ,./data/vort009,8586760,10304111
1709514859248,READ,./data/vort009,6869408,8586759
1709514859263,READ,./data/vort009,1717352,3434703
1709514859282,READ,./data/vort009,13738816,15456167
1709514859343,READ,./data/vort009,15456168,17173511
1709514859446,READ,./data/vort009,3434704,5152055
1709514859482,READ,./data/vort009,10304112,12021463
1709514859573,READ,./data/vort009,12021464,13738815
1709514860062,READ,./data/vort009,0,1717351
1709514860091,READ,./data/vort009,13738816,15456167
1709514860092,READ,./data/vort009,6869408,8586759
1709514860214,READ,./data/vort009,5152056,6869407
1709514860287,READ,./data/vort009,12021464,13738815
1709514860320,READ,./data/vort009,8586760,10304111
1709514860372,READ,./data/vort009,3434704,5152055
1709514860437,READ,./data/vort009,10304112,12021463
1709514860457,READ,./data/vort009,15456168,17173511
1709514860528,READ,./data/vort009,1717352,3434703
1709514861044,READ,./data/vort009,0,1717351
1709514861081,READ,./data/vort009,12021464,13738815
1709514861167,READ,./data/vort009,6869408,8586759
1709514861248,READ,./data/vort009,3434704,5152055
1709514861306,READ,./data/vort009,15456168,17173511
1709514861338,READ,./data/vort009,10304112,12021463
1709514861402,READ,./data/vort009,13738816,15456167
1709514861470,READ,./data/vort009,8586760,10304111
1709514861544,READ,./data/vort009,1717352,3434703
1709514861615,READ,./data/vort009,5152056,6869407
1709514862170,READ,./data/vort009,0,1717351
1709514862257,READ,./data/vort009,3434704,5152055
1709514862259,READ,./data/vort009,8586760,10304111
1709514862352,READ,./data/vort009,12021464,13738815
1709514862463,READ,./data/vort009,5152056,6869407
1709514862526,READ,./data/vort009,13738816,15456167
1709514862638,READ,./data/vort009,6869408,8586759
1709514862656,READ,./data/vort009,15456168,17173511
1709514862683,READ,./data/vort009,10304112,12021463
1709514862761,READ,./data/vort009,1717352,3434703
1709514863085,READ,./data/ux00010,0,1717351
1709514863124,READ,./data/ux00010,10304112,12021463
1709514863203,READ,./data/ux00010,6869408,8586759
1709514863205,READ,./data/ux00010,13738816,15456167
1709514863292,READ,./data/ux00010,3434704,5152055
1709514863330,READ,./data/ux00010,5152056,6869407
1709514863330,READ,./data/ux00010,8586760,10304111
1709514863400,READ,./data/ux00010,15456168,17173511
1709514863444,READ,./data/ux00010,12021464,13738815
1709514863466,READ,./data/ux00010,1717352,3434703
1709514863867,READ,./data/uy00010,3434704,5152055
1709514863882,READ,./data/uy00010,10304112,12021463
1709514863966,READ,./data/uy00010,8586760,10304111
1709514864004,READ,./data/uy00010,12021464,13738815
1709514864058,READ,./data/uy00010,5152056,6869407
1709514864116,READ,./data/uy00010,15456168,17173511
1709514864159,READ,./data/uy00010,1717352,3434703
1709514864189,READ,./data/uy00010,13738816,15456167
1709514864247,READ,./data/uy00010,6869408,8586759
1709514864331,READ,./data/uy00010,0,1717351
1709514864687,READ,./data/uz00010,0,1717351
1709514864696,READ,./data/uz00010,8586760,10304111
1709514864706,READ,./data/uz00010,5152056,6869407
1709514864792,READ,./data/uz00010,10304112,12021463
1709514864840,READ,./data/uz00010,12021464,13738815
1709514864915,READ,./data/uz00010,3434704,5152055
1709514864979,READ,./data/uz00010,1717352,3434703
1709514865048,READ,./data/uz00010,13738816,15456167
1709514865110,READ,./data/uz00010,6869408,8586759
1709514865187,READ,./data/uz00010,15456168,17173511
1709514865575,READ,./data/pp00010,0,1717351
1709514865585,READ,./data/pp00010,10304112,12021463
1709514865651,READ,./data/pp00010,6869408,8586759
1709514865659,READ,./data/pp00010,13738816,15456167
1709514865747,READ,./data/pp00010,15456168,17173511
1709514865814,READ,./data/pp00010,3434704,5152055
1709514865875,READ,./data/pp00010,12021464,13738815
1709514865892,READ,./data/pp00010,1717352,3434703
1709514865928,READ,./data/pp00010,5152056,6869407
1709514865988,READ,./data/pp00010,8586760,10304111
1709514866372,READ,./data/phi100010,0,1717351
1709514866408,READ,./data/phi100010,13738816,15456167
1709514866515,READ,./data/phi100010,12021464,13738815
1709514866603,READ,./data/phi100010,8586760,10304111
1709514866674,READ,./data/phi100010,6869408,8586759
1709514866782,READ,./data/phi100010,5152056,6869407
1709514866794,READ,./data/phi100010,10304112,12021463
1709514866822,READ,./data/phi100010,1717352,3434703
1709514866865,READ,./data/phi100010,3434704,5152055
1709514866918,READ,./data/phi100010,15456168,17173511
1709514866931,READ,./data/snap0000010.ini,0,301
1709514867233,READ,./data/vort010,3434704,5152055
1709514867307,READ,./data/vort010,0,1717351
1709514867320,READ,./data/vort010,12021464,13738815
1709514867398,READ,./data/vort010,10304112,12021463
1709514867446,READ,./data/vort010,5152056,6869407
1709514867485,READ,./data/vort010,6869408,8586759
1709514867549,READ,./data/vort010,15456168,17173511
1709514867703,READ,./data/vort010,13738816,15456167
1709514867721,READ,./data/vort010,8586760,10304111
1709514867750,READ,./data/vort010,1717352,3434703
1709514868067,READ,./data/vort010,0,1717351
1709514868140,READ,./data/vort010,8586760,10304111
1709514868214,READ,./data/vort010,3434704,5152055
1709514868225,READ,./data/vort010,15456168,17173511
1709514868294,READ,./data/vort010,1717352,3434703
1709514868384,READ,./data/vort010,13738816,15456167
1709514868473,READ,./data/vort010,12021464,13738815
1709514868544,READ,./data/vort010,6869408,8586759
1709514868592,READ,./data/vort010,5152056,6869407
1709514868603,READ,./data/vort010,10304112,12021463
1709514869149,READ,./data/vort010,0,1717351
1709514869197,READ,./data/vort010,12021464,13738815
1709514869296,READ,./data/vort010,6869408,8586759
1709514869346,READ,./data/vort010,1717352,3434703
1709514869364,READ,./data/vort010,8586760,10304111
1709514869465,READ,./data/vort010,3434704,5152055
1709514869556,READ,./data/vort010,15456168,17173511
1709514869672,READ,./data/vort010,5152056,6869407
1709514869742,READ,./data/vort010,10304112,12021463
1709514869831,READ,./data/vort010,13738816,15456167
1709514870289,READ,./data/vort010,0,1717351
1709514870336,READ,./data/vort010,13738816,15456167
1709514870397,READ,./data/vort010,3434704,5152055
1709514870484,READ,./data/vort010,1717352,3434703
1709514870620,READ,./data/vort010,6869408,8586759
1709514870755,READ,./data/vort010,8586760,10304111
1709514870765,READ,./data/vort010,5152056,6869407
1709514870851,READ,./data/vort010,10304112,12021463
1709514870946,READ,./data/vort010,12021464,13738815
1709514870992,READ,./data/vort010,15456168,17173511
1709514871464,READ,./data/ux00011,13738816,15456167
1709514871465,READ,./data/ux00011,0,1717351
1709514871481,READ,./data/ux00011,5152056,6869407
1709514871571,READ,./data/ux00011,3434704,5152055
1709514871611,READ,./data/ux00011,6869408,8586759
1709514871673,READ,./data/ux00011,15456168,17173511
1709514871759,READ,./data/ux00011,12021464,13738815
1709514871815,READ,./data/ux00011,10304112,12021463
1709514871848,READ,./data/ux00011,1717352,3434703
1709514871915,READ,./data/ux00011,8586760,10304111
1709514872162,READ,./data/uy00011,0,1717351
1709514872166,READ,./data/uy00011,10304112,12021463
1709514872246,READ,./data/uy00011,13738816,15456167
1709514872250,READ,./data/uy00011,8586760,10304111
1709514872326,READ,./data/uy00011,5152056,6869407
1709514872341,READ,./data/uy00011,15456168,17173511
1709514872424,READ,./data/uy00011,3434704,5152055
1709514872452,READ,./data/uy00011,6869408,8586759
1709514872525,READ,./data/uy00011,1717352,3434703
1709514872627,READ,./data/uy00011,12021464,13738815
1709514873023,READ,./data/uz00011,0,1717351
1709514873032,READ,./data/uz00011,12021464,13738815
1709514873081,READ,./data/uz00011,1717352,3434703
1709514873089,READ,./data/uz00011,5152056,6869407
1709514873157,READ,./data/uz00011,3434704,5152055
1709514873226,READ,./data/uz00011,15456168,17173511
1709514873292,READ,./data/uz00011,8586760,10304111
1709514873334,READ,./data/uz00011,13738816,15456167
1709514873342,READ,./data/uz00011,10304112,12021463
1709514873393,READ,./data/uz00011,6869408,8586759
1709514873746,READ,./data/pp00011,0,1717351
1709514873755,READ,./data/pp00011,6869408,8586759
1709514873828,READ,./data/pp00011,5152056,6869407
1709514873903,READ,./data/pp00011,8586760,10304111
1709514873945,READ,./data/pp00011,12021464,13738815
1709514874017,READ,./data/pp00011,15456168,17173511
1709514874108,READ,./data/pp00011,3434704,5152055
1709514874153,READ,./data/pp00011,1717352,3434703
1709514874200,READ,./data/pp00011,10304112,12021463
1709514874230,READ,./data/pp00011,13738816,15456167
1709514874656,READ,./data/phi100011,0,1717351
1709514874731,READ,./data/phi100011,1717352,3434703
1709514874779,READ,./data/phi100011,3434704,5152055
1709514874860,READ,./data/phi100011,5152056,6869407
1709514874895,READ,./data/phi100011,6869408,8586759
1709514874899,READ,./data/phi100011,13738816,15456167
1709514874994,READ,./data/phi100011,15456168,17173511
1709514875067,READ,./data/phi100011,8586760,10304111
1709514875115,READ,./data/phi100011,10304112,12021463
1709514875195,READ,./data/phi100011,12021464,13738815
1709514875198,READ,./data/snap0000011.ini,0,301
1709514875551,READ,./data/vort011,0,1717351
1709514875556,READ,./data/vort011,5152056,6869407
1709514875563,READ,./data/vort011,13738816,15456167
1709514875578,READ,./data/vort011,8586760,10304111
1709514875654,READ,./data/vort011,10304112,12021463
1709514875697,READ,./data/vort011,1717352,3434703
1709514875770,READ,./data/vort011,3434704,5152055
1709514875803,READ,./data/vort011,6869408,8586759
1709514875883,READ,./data/vort011,12021464,13738815
1709514875918,READ,./data/vort011,15456168,17173511
1709514876273,READ,./data/vort011,0,1717351
1709514876312,READ,./data/vort011,5152056,6869407
1709514876395,READ,./data/vort011,3434704,5152055
1709514876414,READ,./data/vort011,13738816,15456167
1709514876477,READ,./data/vort011,12021464,13738815
1709514876561,READ,./data/vort011,6869408,8586759
1709514876591,READ,./data/vort011,15456168,17173511
1709514876613,READ,./data/vort011,8586760,10304111
1709514876690,READ,./data/vort011,10304112,12021463
1709514876724,READ,./data/vort011,1717352,3434703
1709514877142,READ,./data/vort011,0,1717351
1709514877183,READ,./data/vort011,6869408,8586759
1709514877294,READ,./data/vort011,8586760,10304111
1709514877301,READ,./data/vort011,15456168,17173511
1709514877373,READ,./data/vort011,10304112,12021463
1709514877417,READ,./data/vort011,1717352,3434703
1709514877482,READ,./data/vort011,13738816,15456167
1709514877524,READ,./data/vort011,3434704,5152055
1709514877617,READ,./data/vort011,12021464,13738815
1709514877624,READ,./data/vort011,5152056,6869407
1709514878084,READ,./data/vort011,0,1717351
1709514878131,READ,./data/vort011,13738816,15456167
1709514878132,READ,./data/vort011,10304112,12021463
1709514878207,READ,./data/vort011,15456168,17173511
1709514878266,READ,./data/vort011,6869408,8586759
1709514878344,READ,./data/vort011,1717352,3434703
1709514878425,READ,./data/vort011,3434704,5152055
1709514878458,READ,./data/vort011,5152056,6869407
1709514878497,READ,./data/vort011,12021464,13738815
1709514878538,READ,./data/vort011,8586760,10304111
1709514879096,READ,./data/ux00012,0,1717351
1709514879181,READ,./data/ux00012,3434704,5152055
1709514879186,READ,./data/ux00012,8586760,10304111
1709514879200,READ,./data/ux00012,15456168,17173511
1709514879254,READ,./data/ux00012,1717352,3434703
1709514879313,READ,./data/ux00012,5152056,6869407
1709514879387,READ,./data/ux00012,10304112,12021463
1709514879457,READ,./data/ux00012,12021464,13738815
1709514879500,READ,./data/ux00012,13738816,15456167
1709514879592,READ,./data/ux00012,6869408,8586759
1709514879971,READ,./data/uy00012,0,1717351
1709514879982,READ,./data/uy00012,6869408,8586759
1709514880073,READ,./data/uy00012,8586760,10304111
1709514880116,READ,./data/uy00012,5152056,6869407
1709514880116,READ,./data/uy00012,10304112,12021463
1709514880158,READ,./data/uy00012,1717352,3434703
1709514880206,READ,./data/uy00012,3434704,5152055
1709514880216,READ,./data/uy00012,15456168,17173511
1709514880286,READ,./data/uy00012,13738816,15456167
1709514880362,READ,./data/uy00012,12021464,13738815
1709514880615,READ,./data/uz00012,0,1717351
1709514880625,READ,./data/uz00012,5152056,6869407
1709514880647,READ,./data/uz00012,8586760,10304111
1709514880724,READ,./data/uz00012,12021464,13738815
1709514880796,READ,./data/uz00012,13738816,15456167
1709514880870,READ,./data/uz00012,3434704,5152055
1709514880891,READ,./data/uz00012,10304112,12021463
1709514880925,READ,./data/uz00012,1717352,3434703
1709514880944,READ,./data/uz00012,15456168,17173511
1709514881054,READ,./data/uz00012,6869408,8586759
1709514881357,READ,./data/pp00012,0,1717351
1709514881362,READ,./data/pp00012,6869408,8586759
1709514881375,READ,./data/pp00012,13738816,15456167
1709514881443,READ,./data/pp00012,8586760,10304111
1709514881527,READ,./data/pp00012,12021464,13738815
1709514881586,READ,./data/pp00012,5152056,6869407
1709514881633,READ,./data/pp00012,3434704,5152055
1709514881730,READ,./data/pp00012,10304112,12021463
1709514881759,READ,./data/pp00012,15456168,17173511
1709514881795,READ,./data/pp00012,1717352,3434703
1709514882247,READ,./data/phi100012,3434704,5152055
1709514882312,READ,./data/phi100012,0,1717351
1709514882327,READ,./data/phi100012,10304112,12021463
1709514882413,READ,./data/phi100012,15456168,17173511
1709514882426,READ,./data/phi100012,8586760,10304111
1709514882488,READ,./data/phi100012,12021464,13738815
1709514882542,READ,./data/phi100012,1717352,3434703
1709514882587,READ,./data/phi100012,6869408,8586759
1709514882605,READ,./data/phi100012,13738816,15456167
1709514882641,READ,./data/phi100012,5152056,6869407
1709514882653,READ,./data/snap0000012.ini,0,301
1709514883025,READ,./data/vort012,0,1717351
1709514883072,READ,./data/vort012,6869408,8586759
1709514883161,READ,./data/vort012,5152056,6869407
1709514883218,READ,./data/vort012,8586760,10304111
1709514883254,READ,./data/vort012,12021464,13738815
1709514883303,READ,./data/vort012,3434704,5152055
1709514883342,READ,./data/vort012,1717352,3434703
1709514883408,READ,./data/vort012,15456168,17173511
1709514883519,READ,./data/vort012,10304112,12021463
1709514883542,READ,./data/vort012,13738816,15456167
1709514884075,READ,./data/vort012,0,1717351
1709514884109,READ,./data/vort012,10304112,12021463
1709514884152,READ,./data/vort012,1717352,3434703
1709514884213,READ,./data/vort012,6869408,8586759
1709514884263,READ,./data/vort012,8586760,10304111
1709514884325,READ,./data/vort012,12021464,13738815
1709514884388,READ,./data/vort012,3434704,5152055
1709514884458,READ,./data/vort012,13738816,15456167
1709514884506,READ,./data/vort012,15456168,17173511
1709514884527,READ,./data/vort012,5152056,6869407
1709514885105,READ,./data/vort012,0,1717351
1709514885153,READ,./data/vort012,6869408,8586759
1709514885254,READ,./data/vort012,15456168,17173511
1709514885256,READ,./data/vort012,8586760,10304111
1709514885366,READ,./data/vort012,12021464,13738815
1709514885399,READ,./data/vort012,5152056,6869407
1709514885448,READ,./data/vort012,3434704,5152055
1709514885547,READ,./data/vort012,13738816,15456167
1709514885593,READ,./data/vort012,1717352,3434703
1709514885674,READ,./data/vort012,10304112,12021463
1709514886148,READ,./data/vort012,0,1717351
1709514886229,READ,./data/vort012,3434704,5152055
1709514886230,READ,./data/vort012,15456168,17173511
1709514886300,READ,./data/vort012,6869408,8586759
1709514886371,READ,./data/vort012,13738816,15456167
1709514886445,READ,./data/vort012,10304112,12021463
1709514886520,READ,./data/vort012,12021464,13738815
1709514886639,READ,./data/vort012,8586760,10304111
1709514886684,READ,./data/vort012,1717352,3434703
1709514886710,READ,./data/vort012,5152056,6869407
1709514887159,READ,./data/ux00013,5152056,6869407
1709514887160,READ,./data/ux00013,0,1717351
1709514887221,READ,./data/ux00013,10304112,12021463
1709514887234,READ,./data/ux00013,1717352,3434703
1709514887289,READ,./data/ux00013,12021464,13738815
1709514887372,READ,./data/ux00013,3434704,5152055
1709514887399,READ,./data/ux00013,8586760,10304111
1709514887513,READ,./data/ux00013,6869408,8586759
1709514887584,READ,./data/ux00013,15456168,17173511
1709514887628,READ,./data/ux00013,13738816,15456167
1709514887931,READ,./data/uy00013,0,1717351
1709514887931,READ,./data/uy00013,10304112,12021463
1709514887942,READ,./data/uy00013,5152056,6869407
1709514888008,READ,./data/uy00013,8586760,10304111
1709514888062,READ,./data/uy00013,13738816,15456167
1709514888071,READ,./data/uy00013,6869408,8586759
1709514888127,READ,./data/uy00013,15456168,17173511
1709514888193,READ,./data/uy00013,3434704,5152055
1709514888208,READ,./data/uy00013,12021464,13738815
1709514888228,READ,./data/uy00013,1717352,3434703
1709514888589,READ,./data/uz00013,0,1717351
1709514888614,READ,./data/uz00013,10304112,12021463
1709514888705,READ,./data/uz00013,8586760,10304111
1709514888742,READ,./data/uz00013,12021464,13738815
1709514888781,READ,./data/uz00013,3434704,5152055
1709514888848,READ,./data/uz00013,5152056,6869407
1709514888887,READ,./data/uz00013,1717352,3434703
1709514888944,READ,./data/uz00013,6869408,8586759
1709514889011,READ,./data/uz00013,13738816,15456167
1709514889092,READ,./data/uz00013,15456168,17173511
1709514889485,READ,./data/pp00013,0,1717351
1709514889492,READ,./data/pp00013,6869408,8586759
1709514889580,READ,./data/pp00013,5152056,6869407
1709514889628,READ,./data/pp00013,3434704,5152055
1709514889678,READ,./data/pp00013,12021464,13738815
1709514889744,READ,./data/pp00013,15456168,17173511
1709514889805,READ,./data/pp00013,8586760,10304111
1709514889890,READ,./data/pp00013,10304112,12021463
1709514889916,READ,./data/pp00013,1717352,3434703
1709514889950,READ,./data/pp00013,13738816,15456167
1709514890403,READ,./data/phi100013,0,1717351
1709514890427,READ,./data/phi100013,8586760,10304111
1709514890451,READ,./data/phi100013,5152056,6869407
1709514890556,READ,./data/phi100013,10304112,12021463
1709514890605,READ,./data/phi100013,3434704,5152055
1709514890661,READ,./data/phi100013,13738816,15456167
1709514890664,READ,./data/phi100013,6869408,8586759
1709514891086,READ,./data/phi100013,15456168,17173511
1709514891254,READ,./data/phi100013,12021464,13738815
1709514891502,READ,./data/phi100013,1717352,3434703
1709514891515,READ,./data/snap0000013.ini,0,301
1709514891772,READ,./data/vort013,0,1717351
1709514891967,READ,./data/vort013,3434704,5152055
1709514891985,READ,./data/vort013,13738816,15456167
1709514892264,READ,./data/vort013,10304112,12021463
1709514892367,READ,./data/vort013,5152056,6869407
1709514892798,READ,./data/vort013,12021464,13738815
1709514892879,READ,./data/vort013,15456168,17173511
1709514892905,READ,./data/vort013,8586760,10304111
1709514893011,READ,./data/vort013,6869408,8586759
1709514893038,READ,./data/vort013,1717352,3434703
1709514893456,READ,./data/vort013,0,1717351
1709514893482,READ,./data/vort013,8586760,10304111
1709514893570,READ,./data/vort013,6869408,8586759
1709514893616,READ,./data/vort013,1717352,3434703
1709514893684,READ,./data/vort013,3434704,5152055
1709514893716,READ,./data/vort013,13738816,15456167
1709514893724,READ,./data/vort013,10304112,12021463
1709514893809,READ,./data/vort013,5152056,6869407
1709514893935,READ,./data/vort013,12021464,13738815
1709514894000,READ,./data/vort013,15456168,17173511
1709514894441,READ,./data/vort013,0,1717351
1709514894462,READ,./data/vort013,5152056,6869407
1709514894480,READ,./data/vort013,10304112,12021463
1709514894496,READ,./data/vort013,15456168,17173511
1709514894587,READ,./data/vort013,12021464,13738815
1709514894703,READ,./data/vort013,3434704,5152055
1709514894827,READ,./data/vort013,13738816,15456167
1709514894842,READ,./data/vort013,1717352,3434703
1709514894843,READ,./data/vort013,8586760,10304111
1709514894933,READ,./data/vort013,6869408,8586759
1709514895407,READ,./data/vort013,0,1717351
1709514895444,READ,./data/vort013,8586760,10304111
1709514895454,READ,./data/vort013,5152056,6869407
1709514895468,READ,./data/vort013,15456168,17173511
1709514895569,READ,./data/vort013,12021464,13738815
1709514895609,READ,./data/vort013,10304112,12021463
1709514895684,READ,./data/vort013,6869408,8586759
1709514895799,READ,./data/vort013,3434704,5152055
1709514895927,READ,./data/vort013,1717352,3434703
1709514895940,READ,./data/vort013,13738816,15456167
1709514896314,READ,./data/ux00014,0,1717351
1709514896329,READ,./data/ux00014,13738816,15456167
1709514896402,READ,./data/ux00014,12021464,13738815
1709514896501,READ,./data/ux00014,10304112,12021463
1709514896544,READ,./data/ux00014,8586760,10304111
1709514896596,READ,./data/ux00014,1717352,3434703
1709514896664,READ,./data/ux00014,6869408,8586759
1709514896755,READ,./data/ux00014,5152056,6869407
1709514896815,READ,./data/ux00014,15456168,17173511
1709514896925,READ,./data/ux00014,3434704,5152055
1709514897205,READ,./data/uy00014,0,1717351
1709514897205,READ,./data/uy00014,13738816,15456167
1709514897229,READ,./data/uy00014,6869408,8586759
1709514897346,READ,./data/uy00014,3434704,5152055
1709514897438,READ,./data/uy00014,5152056,6869407
1709514897498,READ,./data/uy00014,10304112,12021463
1709514897604,READ,./data/uy00014,8586760,10304111
1709514897672,READ,./data/uy00014,15456168,17173511
1709514897778,READ,./data/uy00014,12021464,13738815
1709514897873,READ,./data/uy00014,1717352,3434703
1709514898264,READ,./data/uz00014,3434704,5152055
1709514898340,READ,./data/uz00014,0,1717351
1709514898343,READ,./data/uz00014,12021464,13738815
1709514898422,READ,./data/uz00014,8586760,10304111
1709514898487,READ,./data/uz00014,5152056,6869407
1709514898524,READ,./data/uz00014,10304112,12021463
1709514898585,READ,./data/uz00014,15456168,17173511
1709514898695,READ,./data/uz00014,6869408,8586759
1709514898731,READ,./data/uz00014,13738816,15456167
1709514898771,READ,./data/uz00014,1717352,3434703
1709514899252,READ,./data/pp00014,0,1717351
1709514899271,READ,./data/pp00014,13738816,15456167
1709514899375,READ,./data/pp00014,12021464,13738815
1709514899376,READ,./data/pp00014,5152056,6869407
1709514899478,READ,./data/pp00014,3434704,5152055
1709514899548,READ,./data/pp00014,8586760,10304111
1709514899632,READ,./data/pp00014,10304112,12021463
1709514899673,READ,./data/pp00014,15456168,17173511
1709514899735,READ,./data/pp00014,6869408,8586759
1709514899764,READ,./data/pp00014,1717352,3434703
1709514900162,READ,./data/phi100014,0,1717351
1709514900214,READ,./data/phi100014,3434704,5152055
1709514900301,READ,./data/phi100014,5152056,6869407
1709514900302,READ,./data/phi100014,12021464,13738815
1709514900423,READ,./data/phi100014,6869408,8586759
1709514900482,READ,./data/phi100014,8586760,10304111
1709514900548,READ,./data/phi100014,1717352,3434703
1709514900646,READ,./data/phi100014,15456168,17173511
1709514900649,READ,./data/phi100014,10304112,12021463
1709514900742,READ,./data/phi100014,13738816,15456167
1709514900756,READ,./data/snap0000014.ini,0,301
1709514901179,READ,./data/vort014,0,1717351
1709514901204,READ,./data/vort014,13738816,15456167
1709514901243,READ,./data/vort014,3434704,5152055
1709514901320,READ,./data/vort014,12021464,13738815
1709514901405,READ,./data/vort014,10304112,12021463
1709514901465,READ,./data/vort014,8586760,10304111
1709514901521,READ,./data/vort014,5152056,6869407
1709514901556,READ,./data/vort014,15456168,17173511
1709514901626,READ,./data/vort014,1717352,3434703
1709514901743,READ,./data/vort014,6869408,8586759
1709514902249,READ,./data/vort014,0,1717351
1709514902293,READ,./data/vort014,5152056,6869407
1709514902301,READ,./data/vort014,10304112,12021463
1709514902310,READ,./data/vort014,13738816,15456167
1709514902438,READ,./data/vort014,12021464,13738815
1709514902519,READ,./data/vort014,8586760,10304111
1709514902585,READ,./data/vort014,1717352,3434703
1709514902617,READ,./data/vort014,15456168,17173511
1709514902714,READ,./data/vort014,6869408,8586759
1709514902859,READ,./data/vort014,3434704,5152055
1709514903360,READ,./data/vort014,0,1717351
1709514903399,READ,./data/vort014,5152056,6869407
1709514903405,READ,./data/vort014,10304112,12021463
1709514903499,READ,./data/vort014,6869408,8586759
1709514903512,READ,./data/vort014,13738816,15456167
1709514903554,READ,./data/vort014,8586760,10304111
1709514903653,READ,./data/vort014,12021464,13738815
1709514903683,READ,./data/vort014,15456168,17173511
1709514903738,READ,./data/vort014,1717352,3434703
1709514903800,READ,./data/vort014,3434704,5152055
1709514904264,READ,./data/vort014,0,1717351
1709514904371,READ,./data/vort014,1717352,3434703
1709514904376,READ,./data/vort014,5152056,6869407
1709514904388,READ,./data/vort014,13738816,15456167
1709514904481,READ,./data/vort014,12021464,13738815
1709514904596,READ,./data/vort014,6869408,8586759
1709514904633,READ,./data/vort014,15456168,17173511
1709514904655,READ,./data/vort014,10304112,12021463
1709514904710,READ,./data/vort014,8586760,10304111
1709514904764,READ,./data/vort014,3434704,5152055
1709514905067,READ,out/restart0000060,0,1717351
1709514905110,READ,out/restart0000060,15456168,17173511
1709514905234,READ,out/restart0000060,5152056,6869407
1709514905244,READ,out/restart0000060,13738816,15456167
1709514905325,READ,out/restart0000060,6869408,8586759
1709514905371,READ,out/restart0000060,1717352,3434703
1709514905432,READ,out/restart0000060,12021464,13738815
1709514905519,READ,out/restart0000060,10304112,12021463
1709514905544,READ,out/restart0000060,3434704,5152055
1709514905626,READ,out/restart0000060,8586760,10304111
1709514905643,READ,out/restart0000060,24042920,25760271
1709514905773,READ,out/restart0000060,25760272,27477623
1709514905828,READ,out/restart0000060,20608216,22325567
1709514905907,READ,out/restart0000060,29194976,30912327
1709514905962,READ,out/restart0000060,22325568,24042919
1709514906006,READ,out/restart0000060,18890864,20608215
1709514906058,READ,out/restart0000060,30912328,32629679
1709514906100,READ,out/restart0000060,17173512,18890863
1709514906166,READ,out/restart0000060,27477624,29194975
1709514906238,READ,out/restart0000060,32629680,34347023
1709514906250,READ,out/restart0000060,48085840,49803191
1709514906265,READ,out/restart0000060,42933784,44651135
1709514906330,READ,out/restart0000060,44651136,46368487
1709514906380,READ,out/restart0000060,37781728,39499079
1709514906389,READ,out/restart0000060,34347024,36064375
1709514906466,READ,out/restart0000060,36064376,37781727
1709514906525,READ,out/restart0000060,41216432,42933783
1709514906529,READ,out/restart0000060,46368488,48085839
1709514906610,READ,out/restart0000060,39499080,41216431
1709514906636,READ,out/restart0000060,49803192,51520535
1709514906640,READ,out/restart0000060,65259352,66976703
1709514906694,READ,out/restart0000060,61824648,63541999
1709514906754,READ,out/restart0000060,58389944,60107295
1709514906766,READ,out/restart0000060,63542000,65259351
1709514906866,READ,out/restart0000060,56672592,58389943
1709514907001,READ,out/restart0000060,54955240,56672591
1709514907006,READ,out/restart0000060,66976704,68694047
1709514907086,READ,out/restart0000060,53237888,54955239
1709514907095,READ,out/restart0000060,60107296,61824647
1709514907127,READ,out/restart0000060,51520536,53237887
1709514907131,READ,out/restart0000060,82432864,84150215
1709514907142,READ,out/restart0000060,73846104,75563455
1709514907195,READ,out/restart0000060,70411400,72128751
1709514907221,READ,out/restart0000060,72128752,73846103
1709514907246,READ,out/restart0000060,78998160,80715511
1709514907278,READ,out/restart0000060,80715512,82432863
1709514907280,READ,out/restart0000060,75563456,77280807
1709514907300,READ,out/restart0000060,68694048,70411399
1709514907345,READ,out/restart0000060,84150216,85867559
1709514907349,READ,out/restart0000060,77280808,78998159
1709514907353,READ,out/restart0000060,101323728,103041071
1709514907357,READ,out/restart0000060,97889024,99606375
1709514907366,READ,out/restart0000060,91019616,92736967
1709514907386,READ,out/restart0000060,85867560,87584911
1709514907450,READ,out/restart0000060,99606376,101323727
1709514907491,READ,out/restart0000060,92736968,94454319
1709514907509,READ,out/restart0000060,89302264,91019615
1709514907542,READ,out/restart0000060,94454320,96171671
1709514907642,READ,out/restart0000060,96171672,97889023
1709514907648,READ,out/restart0000060,87584912,89302263
1709514907664,READ,out/restart0000060,118497240,120214583
1709514907738,READ,out/restart0000060,116779888,118497239
1709514907748,READ,out/restart0000060,106475776,108193127
1709514907790,READ,out/restart0000060,111627832,113345183
1709514907860,READ,out/restart0000060,109910480,111627831
1709514907873,READ,out/restart0000060,103041072,104758423
1709514907876,READ,out/restart0000060,113345184,115062535
1709514907918,READ,out/restart0000060,108193128,109910479
1709514907922,READ,out/restart0000060,115062536,116779887
1709514907958,READ,out/restart0000060,104758424,106475775
1709514907963,READ,out/restart0000060,135670752,137388095
1709514907977,READ,out/restart0000060,125366640,127083991
1709514908046,READ,out/restart0000060,132236048,133953399
1709514908057,READ,out/restart0000060,127083992,128801343
1709514908092,READ,out/restart0000060,133953400,135670751
1709514908150,READ,out/restart0000060,120214584,121931935
1709514908170,READ,out/restart0000060,123649288,125366639
1709514908178,READ,out/restart0000060,128801344,130518695
1709514908220,READ,out/restart0000060,130518696,132236047
1709514908242,READ,out/restart0000060,121931936,123649287
1709514908247,READ,out/restart0000060,152844264,154561607
1709514908318,READ,out/restart0000060,149409560,151126911
1709514908326,READ,out/restart0000060,142540152,144257503
1709514908353,READ,out/restart0000060,147692208,149409559
1709514908362,READ,out/restart0000060,151126912,152844263
1709514908395,READ,out/restart0000060,139105448,140822799
1709514908417,READ,out/restart0000060,145974856,147692207
1709514908464,READ,out/restart0000060,144257504,145974855
1709514908466,READ,out/restart0000060,140822800,142540151
1709514908602,READ,out/restart0000060,137388096,139105447
1709514908616,READ,out/restart0000060,169779069,171469895
1709514908620,READ,out/restart0000060,157943266,159634094
1709514908686,READ,out/restart0000060,163015753,164706581
1709514908728,READ,out/restart0000060,161324924,163015752
1709514908770,READ,out/restart0000060,168088240,169779068
1709514908831,READ,out/restart0000060,156252437,157943265
1709514908904,READ,out/restart0000060,159634095,161324923
1709514908988,READ,out/restart0000060,166397411,168088239
1709514909034,READ,out/restart0000060,154561608,156252436
1709514909080,READ,out/restart0000060,164706582,166397410
1709514909085,READ,out/restart0000060,186926064,188643407
1709514909132,READ,out/restart0000060,183491360,185208711
1709514909181,READ,out/restart0000060,176621952,178339303
1709514909187,READ,out/restart0000060,181774008,183491359
1709514909220,READ,out/restart0000060,185208712,186926063
1709514909258,READ,out/restart0000060,180056656,181774007
1709514909261,READ,out/restart0000060,173187248,174904599
1709514909287,READ,out/restart0000060,178339304,180056655
1709514909325,READ,out/restart0000060,171469896,173187247
1709514909406,READ,out/restart0000060,174904600,176621951
1709514909411,READ,out/restart0000060,204099576,205816919
1709514909416,READ,out/restart0000060,198947520,200664871
1709514909507,READ,out/restart0000060,193795464,195512815
1709514909507,READ,out/restart0000060,202382224,204099575
1709514909557,READ,out/restart0000060,192078112,193795463
1709514909653,READ,out/restart0000060,188643408,190360759
1709514909708,READ,out/restart0000060,195512816,197230167
1709514909737,READ,out/restart0000060,200664872,202382223
1709514909766,READ,out/restart0000060,197230168,198947519
1709514909860,READ,out/restart0000060,190360760,192078111
1709514909865,READ,out/restart0000060,221273088,222990431
1709514909917,READ,out/restart0000060,207534272,209251623
1709514909956,READ,out/restart0000060,216121032,217838383
1709514909957,READ,out/restart0000060,209251624,210968975
1709514909980,READ,out/restart0000060,219555736,221273087
1709514910020,READ,out/restart0000060,217838384,219555735
1709514910035,READ,out/restart0000060,205816920,207534271
1709514910070,READ,out/restart0000060,214403680,216121031
1709514910079,READ,out/restart0000060,210968976,212686327
1709514910130,READ,out/restart0000060,212686328,214403679
1709514910179,READ,out/restart0000060.info,0,538
1709514910353,READ,./data/ux00015,3434704,5152055
1709514910356,READ,./data/ux00015,12021464,13738815
1709514910402,READ,./data/ux00015,0,1717351
1709514910509,READ,./data/ux00015,15456168,17173511
1709514910626,READ,./data/ux00015,10304112,12021463
1709514910697,READ,./data/ux00015,8586760,10304111
1709514910721,READ,./data/ux00015,5152056,6869407
1709514910793,READ,./data/ux00015,13738816,15456167
1709514910818,READ,./data/ux00015,1717352,3434703
1709514910924,READ,./data/ux00015,6869408,8586759
1709514911287,READ,./data/uy00015,0,1717351
1709514911329,READ,./data/uy00015,1717352,3434703
1709514911337,READ,./data/uy00015,13738816,15456167
1709514911348,READ,./data/uy00015,5152056,6869407
1709514911429,READ,./data/uy00015,12021464,13738815
1709514911508,READ,./data/uy00015,8586760,10304111
1709514911542,READ,./data/uy00015,15456168,17173511
1709514911616,READ,./data/uy00015,3434704,5152055
1709514911646,READ,./data/uy00015,6869408,8586759
1709514911700,READ,./data/uy00015,10304112,12021463
1709514912031,READ,./data/uz00015,5152056,6869407
1709514912038,READ,./data/uz00015,0,1717351
1709514912052,READ,./data/uz00015,8586760,10304111
1709514912148,READ,./data/uz00015,3434704,5152055
1709514912231,READ,./data/uz00015,10304112,12021463
1709514912287,READ,./data/uz00015,12021464,13738815
1709514912298,READ,./data/uz00015,1717352,3434703
1709514912367,READ,./data/uz00015,6869408,8586759
1709514912449,READ,./data/uz00015,15456168,17173511
1709514912516,READ,./data/uz00015,13738816,15456167
1709514912892,READ,./data/pp00015,0,1717351
1709514912895,READ,./data/pp00015,5152056,6869407
1709514912988,READ,./data/pp00015,6869408,8586759
1709514913096,READ,./data/pp00015,13738816,15456167
1709514913104,READ,./data/pp00015,8586760,10304111
1709514913153,READ,./data/pp00015,1717352,3434703
1709514913205,READ,./data/pp00015,15456168,17173511
1709514913279,READ,./data/pp00015,10304112,12021463
1709514913339,READ,./data/pp00015,12021464,13738815
1709514913358,READ,./data/pp00015,3434704,5152055
1709514913626,READ,./data/phi100015,0,1717351
1709514913635,READ,./data/phi100015,10304112,12021463
1709514913638,READ,./data/phi100015,5152056,6869407
1709514913715,READ,./data/phi100015,3434704,5152055
1709514913719,READ,./data/phi100015,15456168,17173511
1709514913746,READ,./data/phi100015,1717352,3434703
1709514913813,READ,./data/phi100015,13738816,15456167
1709514913877,READ,./data/phi100015,6869408,8586759
1709514913908,READ,./data/phi100015,12021464,13738815
1709514913991,READ,./data/phi100015,8586760,10304111
1709514913998,READ,./data/snap0000015.ini,0,301
1709514914326,READ,./data/vort015,0,1717351
1709514914364,READ,./data/vort015,13738816,15456167
1709514914373,READ,./data/vort015,5152056,6869407
1709514914449,READ,./data/vort015,15456168,17173511
1709514914451,READ,./data/vort015,10304112,12021463
1709514914550,READ,./data/vort015,12021464,13738815
1709514914588,READ,./data/vort015,8586760,10304111
1709514914628,READ,./data/vort015,1717352,3434703
1709514914753,READ,./data/vort015,6869408,8586759
1709514914846,READ,./data/vort015,3434704,5152055
1709514915336,READ,./data/vort015,0,1717351
1709514915391,READ,./data/vort015,13738816,15456167
1709514915405,READ,./data/vort015,5152056,6869407
1709514915474,READ,./data/vort015,12021464,13738815
1709514915568,READ,./data/vort015,1717352,3434703
1709514915586,READ,./data/vort015,15456168,17173511
1709514915668,READ,./data/vort015,3434704,5152055
1709514915739,READ,./data/vort015,8586760,10304111
1709514915840,READ,./data/vort015,10304112,12021463
1709514915957,READ,./data/vort015,6869408,8586759
1709514916477,READ,./data/vort015,0,1717351
1709514916589,READ,./data/vort015,5152056,6869407
1709514916594,READ,./data/vort015,1717352,3434703
1709514916601,READ,./data/vort015,12021464,13738815
1709514916711,READ,./data/vort015,10304112,12021463
1709514916830,READ,./data/vort015,8586760,10304111
1709514916893,READ,./data/vort015,15456168,17173511
1709514916970,READ,./data/vort015,6869408,8586759
1709514917000,READ,./data/vort015,13738816,15456167
1709514917076,READ,./data/vort015,3434704,5152055
1709514917508,READ,./data/vort015,0,1717351
1709514917627,READ,./data/vort015,3434704,5152055
1709514917726,READ,./data/vort015,5152056,6869407
1709514917727,READ,./data/vort015,10304112,12021463
1709514917749,READ,./data/vort015,1717352,3434703
1709514917749,READ,./data/vort015,15456168,17173511
1709514917818,READ,./data/vort015,6869408,8586759
1709514917892,READ,./data/vort015,13738816,15456167
1709514917955,READ,./data/vort015,12021464,13738815
1709514918028,READ,./data/vort015,8586760,10304111
1709514918395,READ,./data/ux00016,0,1717351
1709514918421,READ,./data/ux00016,8586760,10304111
1709514918432,READ,./data/ux00016,5152056,6869407
1709514918491,READ,./data/ux00016,1717352,3434703
1709514918548,READ,./data/ux00016,10304112,12021463
1709514918611,READ,./data/ux00016,3434704,5152055
1709514918634,READ,./data/ux00016,12021464,13738815
1709514918756,READ,./data/ux00016,6869408,8586759
1709514918836,READ,./data/ux00016,15456168,17173511
1709514918916,READ,./data/ux00016,13738816,15456167
1709514919272,READ,./data/uy00016,0,1717351
1709514919406,READ,./data/uy00016,3434704,5152055
1709514919409,READ,./data/uy00016,15456168,17173511
1709514919534,READ,./data/uy00016,12021464,13738815
1709514919638,READ,./data/uy00016,13738816,15456167
1709514919696,READ,./data/uy00016,1717352,3434703
1709514919773,READ,./data/uy00016,8586760,10304111
1709514919867,READ,./data/uy00016,6869408,8586759
1709514919901,READ,./data/uy00016,10304112,12021463
1709514920034,READ,./data/uy00016,5152056,6869407
1709514920362,READ,./data/uz00016,0,1717351
1709514920410,READ,./data/uz00016,3434704,5152055
1709514920412,READ,./data/uz00016,8586760,10304111
1709514920449,READ,./data/uz00016,13738816,15456167
1709514920465,READ,./data/uz00016,1717352,3434703
1709514920530,READ,./data/uz00016,5152056,6869407
1709514920629,READ,./data/uz00016,10304112,12021463
1709514920687,READ,./data/uz00016,15456168,17173511
1709514920743,READ,./data/uz00016,6869408,8586759
1709514920798,READ,./data/uz00016,12021464,13738815
1709514921164,READ,./data/pp00016,0,1717351
1709514921180,READ,./data/pp00016,10304112,12021463
1709514921223,READ,./data/pp00016,1717352,3434703
1709514921232,READ,./data/pp00016,5152056,6869407
1709514921303,READ,./data/pp00016,3434704,5152055
1709514921372,READ,./data/pp00016,6869408,8586759
1709514921495,READ,./data/pp00016,8586760,10304111
1709514921511,READ,./data/pp00016,13738816,15456167
1709514921577,READ,./data/pp00016,15456168,17173511
1709514921654,READ,./data/pp00016,12021464,13738815
1709514921941,READ,./data/phi100016,13738816,15456167
1709514921977,READ,./data/phi100016,0,1717351
1709514922036,READ,./data/phi100016,12021464,13738815
1709514922077,READ,./data/phi100016,15456168,17173511
1709514922111,READ,./data/phi100016,3434704,5152055
1709514922189,READ,./data/phi100016,10304112,12021463
1709514922210,READ,./data/phi100016,1717352,3434703
1709514922274,READ,./data/phi100016,5152056,6869407
1709514922303,READ,./data/phi100016,8586760,10304111
1709514922411,READ,./data/phi100016,6869408,8586759
1709514922414,READ,./data/snap0000016.ini,0,301
1709514922761,READ,./data/vort016,3434704,5152055
1709514922825,READ,./data/vort016,0,1717351
1709514922864,READ,./data/vort016,6869408,8586759
1709514922937,READ,./data/vort016,8586760,10304111
1709514922954,READ,./data/vort016,5152056,6869407
1709514922977,READ,./data/vort016,12021464,13738815
1709514923001,READ,./data/vort016,1717352,3434703
1709514923067,READ,./data/vort016,15456168,17173511
1709514923125,READ,./data/vort016,13738816,15456167
1709514923161,READ,./data/vort016,10304112,12021463
1709514923633,READ,./data/vort016,0,1717351
1709514923677,READ,./data/vort016,13738816,15456167
1709514923686,READ,./data/vort016,10304112,12021463
1709514923704,READ,./data/vort016,5152056,6869407
1709514923786,READ,./data/vort016,3434704,5152055
1709514923820,READ,./data/vort016,1717352,3434703
1709514923905,READ,./data/vort016,15456168,17173511
1709514923974,READ,./data/vort016,8586760,10304111
1709514924042,READ,./data/vort016,12021464,13738815
1709514924181,READ,./data/vort016,6869408,8586759
1709514924619,READ,./data/vort016,0,1717351
1709514924666,READ,./data/vort016,10304112,12021463
1709514924732,READ,./data/vort016,12021464,13738815
1709514924775,READ,./data/vort016,3434704,5152055
1709514924836,READ,./data/vort016,6869408,8586759
1709514924907,READ,./data/vort016,15456168,17173511
1709514924949,READ,./data/vort016,1717352,3434703
1709514924988,READ,./data/vort016,13738816,15456167
1709514924996,READ,./data/vort016,8586760,10304111
1709514925073,READ,./data/vort016,5152056,6869407
1709514925566,READ,./data/vort016,0,1717351
1709514925639,READ,./data/vort016,3434704,5152055
1709514925647,READ,./data/vort016,12021464,13738815
1709514925769,READ,./data/vort016,6869408,8586759
1709514925830,READ,./data/vort016,5152056,6869407
1709514925830,READ,./data/vort016,8586760,10304111
1709514925858,READ,./data/vort016,1717352,3434703
1709514925901,READ,./data/vort016,13738816,15456167
1709514925917,READ,./data/vort016,10304112,12021463
1709514925936,READ,./data/vort016,15456168,17173511
1709514926317,READ,./data/ux00017,0,1717351
1709514926363,READ,./data/ux00017,1717352,3434703
1709514926373,READ,./data/ux00017,12021464,13738815
1709514926409,READ,./data/ux00017,3434704,5152055
1709514926479,READ,./data/ux00017,5152056,6869407
1709514926560,READ,./data/ux00017,8586760,10304111
1709514926650,READ,./data/ux00017,10304112,12021463
1709514926702,READ,./data/ux00017,13738816,15456167
1709514926750,READ,./data/ux00017,15456168,17173511
1709514926865,READ,./data/ux00017,6869408,8586759
1709514927144,READ,./data/uy00017,0,1717351
1709514927184,READ,./data/uy00017,3434704,5152055
1709514927226,READ,./data/uy00017,1717352,3434703
1709514927226,READ,./data/uy00017,13738816,15456167
1709514927295,READ,./data/uy00017,5152056,6869407
1709514927297,READ,./data/uy00017,8586760,10304111
1709514927378,READ,./data/uy00017,10304112,12021463
1709514927441,READ,./data/uy00017,12021464,13738815
1709514927485,READ,./data/uy00017,15456168,17173511
1709514927585,READ,./data/uy00017,6869408,8586759
1709514927966,READ,./data/uz00017,0,1717351
1709514927987,READ,./data/uz00017,10304112,12021463
1709514928003,READ,./data/uz00017,13738816,15456167
1709514928013,READ,./data/uz00017,5152056,6869407
1709514928124,READ,./data/uz00017,12021464,13738815
1709514928172,READ,./data/uz00017,8586760,10304111
1709514928185,READ,./data/uz00017,15456168,17173511
1709514928248,READ,./data/uz00017,3434704,5152055
1709514928363,READ,./data/uz00017,6869408,8586759
1709514928401,READ,./data/uz00017,1717352,3434703
1709514928779,READ,./data/pp00017,0,1717351
1709514928881,READ,./data/pp00017,1717352,3434703
1709514928957,READ,./data/pp00017,3434704,5152055
1709514929041,READ,./data/pp00017,15456168,17173511
1709514929055,READ,./data/pp00017,6869408,8586759
1709514929141,READ,./data/pp00017,8586760,10304111
1709514929207,READ,./data/pp00017,12021464,13738815
1709514929241,READ,./data/pp00017,5152056,6869407
1709514929288,READ,./data/pp00017,13738816,15456167
1709514929353,READ,./data/pp00017,10304112,12021463
1709514929751,READ,./data/phi100017,0,1717351
1709514929773,READ,./data/phi100017,10304112,12021463
1709514929825,READ,./data/phi100017,1717352,3434703
1709514929873,READ,./data/phi100017,3434704,5152055
1709514929930,READ,./data/phi100017,8586760,10304111
1709514929933,READ,./data/phi100017,15456168,17173511
1709514930010,READ,./data/phi100017,6869408,8586759
1709514930100,READ,./data/phi100017,12021464,13738815
1709514930149,READ,./data/phi100017,13738816,15456167
1709514930178,READ,./data/phi100017,5152056,6869407
1709514930192,READ,./data/snap0000017.ini,0,301
1709514930518,READ,./data/vort017,0,1717351
1709514930529,READ,./data/vort017,12021464,13738815
1709514930578,READ,./data/vort017,3434704,5152055
1709514930605,READ,./data/vort017,1717352,3434703
1709514930689,READ,./data/vort017,6869408,8586759
1709514930746,READ,./data/vort017,15456168,17173511
1709514930835,READ,./data/vort017,5152056,6869407
1709514930863,READ,./data/vort017,8586760,10304111
1709514930939,READ,./data/vort017,10304112,12021463
1709514930960,READ,./data/vort017,13738816,15456167
1709514931384,READ,./data/vort017,0,1717351
1709514931405,READ,./data/vort017,12021464,13738815
1709514931454,READ,./data/vort017,3434704,5152055
1709514931553,READ,./data/vort017,8586760,10304111
1709514931603,READ,./data/vort017,15456168,17173511
1709514931685,READ,./data/vort017,6869408,8586759
1709514931710,READ,./data/vort017,1717352,3434703
1709514931735,READ,./data/vort017,10304112,12021463
1709514931809,READ,./data/vort017,5152056,6869407
1709514931880,READ,./data/vort017,13738816,15456167
1709514932264,READ,./data/vort017,0,1717351
1709514932323,READ,./data/vort017,12021464,13738815
1709514932375,READ,./data/vort017,1717352,3434703
1709514932429,READ,./data/vort017,10304112,12021463
1709514932497,READ,./data/vort017,3434704,5152055
1709514932564,READ,./data/vort017,15456168,17173511
1709514932650,READ,./data/vort017,6869408,8586759
1709514932657,READ,./data/vort017,13738816,15456167
1709514932712,READ,./data/vort017,8586760,10304111
1709514932736,READ,./data/vort017,5152056,6869407
1709514933271,READ,./data/vort017,0,1717351
1709514933324,READ,./data/vort017,8586760,10304111
1709514933411,READ,./data/vort017,12021464,13738815
1709514933557,READ,./data/vort017,15456168,17173511
1709514933609,READ,./data/vort017,13738816,15456167
1709514933636,READ,./data/vort017,1717352,3434703
1709514933665,READ,./data/vort017,3434704,5152055
1709514933744,READ,./data/vort017,10304112,12021463
1709514933755,READ,./data/vort017,5152056,6869407
1709514933813,READ,./data/vort017,6869408,8586759
1709514934179,READ,./data/ux00018,3434704,5152055
1709514934252,READ,./data/ux00018,0,1717351
1709514934297,READ,./data/ux00018,1717352,3434703
1709514934306,READ,./data/ux00018,13738816,15456167
1709514934309,READ,./data/ux00018,8586760,10304111
1709514934403,READ,./data/ux00018,6869408,8586759
1709514934466,READ,./data/ux00018,12021464,13738815
1709514934546,READ,./data/ux00018,15456168,17173511
1709514934655,READ,./data/ux00018,10304112,12021463
1709514934702,READ,./data/ux00018,5152056,6869407
1709514935082,READ,./data/uy00018,0,1717351
1709514935234,READ,./data/uy00018,3434704,5152055
1709514935235,READ,./data/uy00018,10304112,12021463
1709514935311,READ,./data/uy00018,12021464,13738815
1709514935345,READ,./data/uy00018,8586760,10304111
1709514935393,READ,./data/uy00018,1717352,3434703
1709514935431,READ,./data/uy00018,5152056,6869407
1709514935524,READ,./data/uy00018,13738816,15456167
1709514935578,READ,./data/uy00018,15456168,17173511
1709514935681,READ,./data/uy00018,6869408,8586759
1709514936069,READ,./data/uz00018,0,1717351
1709514936118,READ,./data/uz00018,8586760,10304111
1709514936220,READ,./data/uz00018,10304112,12021463
1709514936224,READ,./data/uz00018,15456168,17173511
1709514936235,READ,./data/uz00018,5152056,6869407
1709514936284,READ,./data/uz00018,1717352,3434703
1709514936370,READ,./data/uz00018,12021464,13738815
1709514936432,READ,./data/uz00018,13738816,15456167
1709514936500,READ,./data/uz00018,3434704,5152055
1709514936636,READ,./data/uz00018,6869408,8586759
1709514937039,READ,./data/pp00018,0,1717351
1709514937056,READ,./data/pp00018,12021464,13738815
1709514937180,READ,./data/pp00018,6869408,8586759
1709514937228,READ,./data/pp00018,8586760,10304111
1709514937295,READ,./data/pp00018,13738816,15456167
1709514937300,READ,./data/pp00018,10304112,12021463
1709514937323,READ,./data/pp00018,15456168,17173511
1709514937384,READ,./data/pp00018,5152056,6869407
1709514937443,READ,./data/pp00018,1717352,3434703
1709514937489,READ,./data/pp00018,3434704,5152055
1709514937751,READ,./data/phi100018,0,1717351
1709514937778,READ,./data/phi100018,10304112,12021463
1709514937852,READ,./data/phi100018,12021464,13738815
1709514937856,READ,./data/phi100018,5152056,6869407
1709514937936,READ,./data/phi100018,3434704,5152055
1709514938001,READ,./data/phi100018,15456168,17173511
1709514938085,READ,./data/phi100018,6869408,8586759
1709514938087,READ,./data/phi100018,1717352,3434703
1709514938105,READ,./data/phi100018,8586760,10304111
1709514938154,READ,./data/phi100018,13738816,15456167
1709514938157,READ,./data/snap0000018.ini,0,301
1709514938513,READ,./data/vort018,0,1717351
1709514938519,READ,./data/vort018,5152056,6869407
1709514938600,READ,./data/vort018,3434704,5152055
1709514938611,READ,./data/vort018,13738816,15456167
1709514938678,READ,./data/vort018,12021464,13738815
1709514938769,READ,./data/vort018,8586760,10304111
1709514938813,READ,./data/vort018,10304112,12021463
1709514938836,READ,./data/vort018,15456168,17173511
1709514938907,READ,./data/vort018,6869408,8586759
1709514938934,READ,./data/vort018,1717352,3434703
1709514939390,READ,./data/vort018,0,1717351
1709514939417,READ,./data/vort018,5152056,6869407
1709514939471,READ,./data/vort018,1717352,3434703
1709514939473,READ,./data/vort018,12021464,13738815
1709514939587,READ,./data/vort018,3434704,5152055
1709514939654,READ,./data/vort018,13738816,15456167
1709514939706,READ,./data/vort018,6869408,8586759
1709514939741,READ,./data/vort018,10304112,12021463
1709514939805,READ,./data/vort018,8586760,10304111
1709514939893,READ,./data/vort018,15456168,17173511
1709514940345,READ,./data/vort018,0,1717351
1709514940399,READ,./data/vort018,6869408,8586759
1709514940551,READ,./data/vort018,12021464,13738815
1709514940633,READ,./data/vort018,13738816,15456167
1709514940664,READ,./data/vort018,1717352,3434703
1709514940674,READ,./data/vort018,5152056,6869407
1709514940682,READ,./data/vort018,10304112,12021463
1709514940741,READ,./data/vort018,3434704,5152055
1709514940774,READ,./data/vort018,15456168,17173511
1709514940814,READ,./data/vort018,8586760,10304111
1709514941279,READ,./data/vort018,0,1717351
1709514941304,READ,./data/vort018,8586760,10304111
1709514941352,READ,./data/vort018,3434704,5152055
1709514941441,READ,./data/vort018,5152056,6869407
1709514941486,READ,./data/vort018,15456168,17173511
1709514941489,READ,./data/vort018,1717352,3434703
1709514941623,READ,./data/vort018,13738816,15456167
1709514941664,READ,./data/vort018,10304112,12021463
1709514941779,READ,./data/vort018,12021464,13738815
1709514941880,READ,./data/vort018,6869408,8586759
1709514942369,READ,./data/ux00019,0,1717351
1709514942371,READ,./data/ux00019,13738816,15456167
1709514942446,READ,./data/ux00019,3434704,5152055
1709514942448,READ,./data/ux00019,8586760,10304111
1709514942519,READ,./data/ux00019,10304112,12021463
1709514942586,READ,./data/ux00019,12021464,13738815
1709514942708,READ,./data/ux00019,15456168,17173511
1709514942730,READ,./data/ux00019,1717352,3434703
1709514942815,READ,./data/ux00019,5152056,6869407
1709514942899,READ,./data/ux00019,6869408,8586759
1709514943192,READ,./data/uy00019,3434704,5152055
1709514943262,READ,./data/uy00019,1717352,3434703
1709514943270,READ,./data/uy00019,8586760,10304111
1709514943273,READ,./data/uy00019,13738816,15456167
1709514943379,READ,./data/uy00019,12021464,13738815
1709514943475,READ,./data/uy00019,15456168,17173511
1709514943571,READ,./data/uy00019,10304112,12021463
1709514943675,READ,./data/uy00019,6869408,8586759
1709514943688,READ,./data/uy00019,0,1717351
1709514943723,READ,./data/uy00019,5152056,6869407
1709514944000,READ,./data/uz00019,0,1717351
1709514944003,READ,./data/uz00019,6869408,8586759
1709514944088,READ,./data/uz00019,5152056,6869407
1709514944158,READ,./data/uz00019,8586760,10304111
1709514944188,READ,./data/uz00019,12021464,13738815
1709514944219,READ,./data/uz00019,3434704,5152055
1709514944283,READ,./data/uz00019,15456168,17173511
1709514944317,READ,./data/uz00019,13738816,15456167
1709514944335,READ,./data/uz00019,1717352,3434703
1709514944375,READ,./data/uz00019,10304112,12021463
1709514944776,READ,./data/pp00019,0,1717351
1709514944825,READ,./data/pp00019,5152056,6869407
1709514944841,READ,./data/pp00019,15456168,17173511
1709514944934,READ,./data/pp00019,10304112,12021463
1709514944939,READ,./data/pp00019,13738816,15456167
1709514945029,READ,./data/pp00019,6869408,8586759
1709514945090,READ,./data/pp00019,3434704,5152055
1709514945133,READ,./data/pp00019,1717352,3434703
1709514945184,READ,./data/pp00019,12021464,13738815
1709514945378,READ,./data/pp00019,8586760,10304111
1709514945617,READ,./data/phi100019,0,1717351
1709514945648,READ,./data/phi100019,5152056,6869407
1709514945648,READ,./data/phi100019,13738816,15456167
1709514945723,READ,./data/phi100019,6869408,8586759
1709514945833,READ,./data/phi100019,12021464,13738815
1709514945909,READ,./data/phi100019,8586760,10304111
1709514945955,READ,./data/phi100019,3434704,5152055
1709514945995,READ,./data/phi100019,15456168,17173511
1709514945998,READ,./data/phi100019,1717352,3434703
1709514946165,READ,./data/phi100019,10304112,12021463
1709514946168,READ,./data/snap0000019.ini,0,301
1709514946521,READ,./data/vort019,3434704,5152055
1709514946582,READ,./data/vort019,0,1717351
1709514946608,READ,./data/vort019,13738816,15456167
1709514946666,READ,./data/vort019,6869408,8586759
1709514946738,READ,./data/vort019,10304112,12021463
1709514946762,READ,./data/vort019,1717352,3434703
1709514946807,READ,./data/vort019,5152056,6869407
1709514946830,READ,./data/vort019,8586760,10304111
1709514946903,READ,./data/vort019,15456168,17173511
1709514946959,READ,./data/vort019,12021464,13738815
1709514947426,READ,./data/vort019,0,1717351
1709514947449,READ,./data/vort019,10304112,12021463
1709514947516,READ,./data/vort019,15456168,17173511
1709514947547,READ,./data/vort019,3434704,5152055
1709514947582,READ,./data/vort019,1717352,3434703
1709514947731,READ,./data/vort019,13738816,15456167
1709514947954,READ,./data/vort019,6869408,8586759
1709514948037,READ,./data/vort019,5152056,6869407
1709514948067,READ,./data/vort019,12021464,13738815
1709514948176,READ,./data/vort019,8586760,10304111
1709514948740,READ,./data/vort019,0,1717351
1709514948775,READ,./data/vort019,6869408,8586759
1709514948919,READ,./data/vort019,10304112,12021463
1709514948923,READ,./data/vort019,15456168,17173511
1709514948930,READ,./data/vort019,3434704,5152055
1709514949023,READ,./data/vort019,1717352,3434703
1709514949112,READ,./data/vort019,12021464,13738815
1709514949200,READ,./data/vort019,8586760,10304111
1709514949240,READ,./data/vort019,5152056,6869407
1709514949332,READ,./data/vort019,13738816,15456167
1709514949869,READ,./data/vort019,0,1717351
1709514949888,READ,./data/vort019,12021464,13738815
1709514949967,READ,./data/vort019,13738816,15456167
1709514949969,READ,./data/vort019,5152056,6869407
1709514950034,READ,./data/vort019,10304112,12021463
1709514950078,READ,./data/vort019,1717352,3434703
1709514950155,READ,./data/vort019,3434704,5152055
1709514950186,READ,./data/vort019,8586760,10304111
1709514950204,READ,./data/vort019,15456168,17173511
1709514950299,READ,./data/vort019,6869408,8586759
1709514950675,READ,./data/ux00020,0,1717351
1709514950742,READ,./data/ux00020,3434704,5152055
1709514950825,READ,./data/ux00020,1717352,3434703
1709514950878,READ,./data/ux00020,5152056,6869407
1709514950880,READ,./data/ux00020,12021464,13738815
1709514950985,READ,./data/ux00020,6869408,8586759
1709514951014,READ,./data/ux00020,10304112,12021463
1709514951017,READ,./data/ux00020,15456168,17173511
1709514951066,READ,./data/ux00020,8586760,10304111
1709514951093,READ,./data/ux00020,13738816,15456167
1709514951488,READ,./data/uy00020,0,1717351
1709514951514,READ,./data/uy00020,5152056,6869407
1709514951519,READ,./data/uy00020,10304112,12021463
1709514951591,READ,./data/uy00020,12021464,13738815
1709514951677,READ,./data/uy00020,6869408,8586759
1709514951743,READ,./data/uy00020,15456168,17173511
1709514951790,READ,./data/uy00020,1717352,3434703
1709514951795,READ,./data/uy00020,8586760,10304111
1709514951834,READ,./data/uy00020,13738816,15456167
1709514951907,READ,./data/uy00020,3434704,5152055
1709514952273,READ,./data/uz00020,0,1717351
1709514952322,READ,./data/uz00020,3434704,5152055
1709514952323,READ,./data/uz00020,13738816,15456167
1709514952363,READ,./data/uz00020,1717352,3434703
1709514952453,READ,./data/uz00020,15456168,17173511
1709514952454,READ,./data/uz00020,10304112,12021463
1709514952537,READ,./data/uz00020,6869408,8586759
1709514952608,READ,./data/uz00020,5152056,6869407
1709514952638,READ,./data/uz00020,12021464,13738815
1709514952704,READ,./data/uz00020,8586760,10304111
1709514953015,READ,./data/pp00020,10304112,12021463
1709514953018,READ,./data/pp00020,0,1717351
1709514953027,READ,./data/pp00020,5152056,6869407
1709514953094,READ,./data/pp00020,8586760,10304111
1709514953108,READ,./data/pp00020,13738816,15456167
1709514953237,READ,./data/pp00020,3434704,5152055
1709514953283,READ,./data/pp00020,6869408,8586759
1709514953340,READ,./data/pp00020,15456168,17173511
1709514953415,READ,./data/pp00020,1717352,3434703
1709514953451,READ,./data/pp00020,12021464,13738815
1709514953715,READ,./data/phi100020,3434704,5152055
1709514953773,READ,./data/phi100020,0,1717351
1709514953779,READ,./data/phi100020,15456168,17173511
1709514953792,READ,./data/phi100020,10304112,12021463
1709514953870,READ,./data/phi100020,8586760,10304111
1709514953936,READ,./data/phi100020,6869408,8586759
1709514954022,READ,./data/phi100020,13738816,15456167
1709514954044,READ,./data/phi100020,5152056,6869407
1709514954080,READ,./data/phi100020,1717352,3434703
1709514954116,READ,./data/phi100020,12021464,13738815
1709514954119,READ,./data/snap0000020.ini,0,301
1709514954534,READ,./data/vort020,3434704,5152055
1709514954597,READ,./data/vort020,1717352,3434703
1709514954597,READ,./data/vort020,12021464,13738815
1709514954662,READ,./data/vort020,8586760,10304111
1709514954699,READ,./data/vort020,0,1717351
1709514954755,READ,./data/vort020,5152056,6869407
1709514954853,READ,./data/vort020,6869408,8586759
1709514954944,READ,./data/vort020,10304112,12021463
1709514954987,READ,./data/vort020,15456168,17173511
1709514955036,READ,./data/vort020,13738816,15456167
1709514955447,READ,./data/vort020,0,1717351
1709514955487,READ,./data/vort020,8586760,10304111
1709514955556,READ,./data/vort020,6869408,8586759
1709514955648,READ,./data/vort020,5152056,6869407
1709514955679,READ,./data/vort020,1717352,3434703
1709514955746,READ,./data/vort020,3434704,5152055
1709514955766,READ,./data/vort020,13738816,15456167
1709514955775,READ,./data/vort020,10304112,12021463
1709514955860,READ,./data/vort020,15456168,17173511
1709514955917,READ,./data/vort020,12021464,13738815
1709514956427,READ,./data/vort020,0,1717351
1709514956467,READ,./data/vort020,10304112,12021463
1709514956547,READ,./data/vort020,8586760,10304111
1709514956601,READ,./data/vort020,12021464,13738815
1709514956634,READ,./data/vort020,1717352,3434703
1709514956709,READ,./data/vort020,13738816,15456167
1709514956719,READ,./data/vort020,3434704,5152055
1709514956792,READ,./data/vort020,6869408,8586759
1709514956837,READ,./data/vort020,5152056,6869407
1709514956855,READ,./data/vort020,15456168,17173511
1709514957362,READ,./data/vort020,0,1717351
1709514957426,READ,./data/vort020,5152056,6869407
1709514957428,READ,./data/vort020,12021464,13738815
1709514957523,READ,./data/vort020,10304112,12021463
1709514957658,READ,./data/vort020,8586760,10304111
1709514957724,READ,./data/vort020,15456168,17173511
1709514957818,READ,./data/vort020,6869408,8586759
1709514957872,READ,./data/vort020,13738816,15456167
1709514957930,READ,./data/vort020,1717352,3434703
1709514958012,READ,./data/vort020,3434704,5152055
1709514958375,READ,./data/ux00021,12021464,13738815
1709514958388,READ,./data/ux00021,5152056,6869407
1709514958393,READ,./data/ux00021,0,1717351
1709514958483,READ,./data/ux00021,10304112,12021463
1709514958621,READ,./data/ux00021,8586760,10304111
1709514958742,READ,./data/ux00021,6869408,8586759
1709514958796,READ,./data/ux00021,13738816,15456167
1709514958880,READ,./data/ux00021,3434704,5152055
1709514958948,READ,./data/ux00021,15456168,17173511
1709514959030,READ,./data/ux00021,1717352,3434703
1709514959324,READ,./data/uy00021,0,1717351
1709514959375,READ,./data/uy00021,3434704,5152055
1709514959464,READ,./data/uy00021,6869408,8586759
1709514959475,READ,./data/uy00021,13738816,15456167
1709514959598,READ,./data/uy00021,12021464,13738815
1709514959657,READ,./data/uy00021,8586760,10304111
1709514959734,READ,./data/uy00021,1717352,3434703
1709514959859,READ,./data/uy00021,15456168,17173511
1709514959960,READ,./data/uy00021,10304112,12021463
1709514960002,READ,./data/uy00021,5152056,6869407
1709514960383,READ,./data/uz00021,12021464,13738815
1709514960410,READ,./data/uz00021,3434704,5152055
1709514960466,READ,./data/uz00021,10304112,12021463
1709514960522,READ,./data/uz00021,13738816,15456167
1709514960579,READ,./data/uz00021,8586760,10304111
1709514960652,READ,./data/uz00021,6869408,8586759
1709514960686,READ,./data/uz00021,1717352,3434703
1709514960707,READ,./data/uz00021,15456168,17173511
1709514960812,READ,./data/uz00021,5152056,6869407
1709514960862,READ,./data/uz00021,0,1717351
1709514961278,READ,./data/pp00021,3434704,5152055
1709514961288,READ,./data/pp00021,10304112,12021463
1709514961338,READ,./data/pp00021,0,1717351
1709514961350,READ,./data/pp00021,13738816,15456167
1709514961392,READ,./data/pp00021,5152056,6869407
1709514961477,READ,./data/pp00021,8586760,10304111
1709514961543,READ,./data/pp00021,1717352,3434703
1709514961581,READ,./data/pp00021,6869408,8586759
1709514961643,READ,./data/pp00021,15456168,17173511
1709514961676,READ,./data/pp00021,12021464,13738815
1709514961981,READ,./data/phi100021,1717352,3434703
1709514961984,READ,./data/phi100021,5152056,6869407
1709514961989,READ,./data/phi100021,10304112,12021463
1709514962077,READ,./data/phi100021,15456168,17173511
1709514962081,READ,./data/phi100021,6869408,8586759
1709514962133,READ,./data/phi100021,0,1717351
1709514962215,READ,./data/phi100021,3434704,5152055
1709514962239,READ,./data/phi100021,8586760,10304111
1709514962324,READ,./data/phi100021,13738816,15456167
1709514962403,READ,./data/phi100021,12021464,13738815
1709514962409,READ,./data/snap0000021.ini,0,301
1709514962734,READ,./data/vort021,3434704,5152055
1709514962807,READ,./data/vort021,0,1717351
1709514962819,READ,./data/vort021,12021464,13738815
1709514962879,READ,./data/vort021,5152056,6869407
1709514962951,READ,./data/vort021,10304112,12021463
1709514963054,READ,./data/vort021,15456168,17173511
1709514963115,READ,./data/vort021,6869408,8586759
1709514963142,READ,./data/vort021,1717352,3434703
1709514963172,READ,./data/vort021,8586760,10304111
1709514963272,READ,./data/vort021,13738816,15456167
1709514963692,READ,./data/vort021,0,1717351
1709514963773,READ,./data/vort021,13738816,15456167
1709514963774,READ,./data/vort021,8586760,10304111
1709514963777,READ,./data/vort021,3434704,5152055
1709514963889,READ,./data/vort021,6869408,8586759
1709514963976,READ,./data/vort021,12021464,13738815
1709514964049,READ,./data/vort021,15456168,17173511
1709514964105,READ,./data/vort021,10304112,12021463
1709514964190,READ,./data/vort021,1717352,3434703
1709514964258,READ,./data/vort021,5152056,6869407
1709514964687,READ,./data/vort021,0,1717351
1709514964733,READ,./data/vort021,10304112,12021463
1709514964825,READ,./data/vort021,5152056,6869407
1709514964826,READ,./data/vort021,8586760,10304111
1709514964936,READ,./data/vort021,12021464,13738815
1709514965008,READ,./data/vort021,1717352,3434703
1709514965129,READ,./data/vort021,6869408,8586759
1709514965184,READ,./data/vort021,15456168,17173511
1709514965262,READ,./data/vort021,3434704,5152055
1709514965353,READ,./data/vort021,13738816,15456167
1709514965755,READ,./data/vort021,0,1717351
1709514965836,READ,./data/vort021,3434704,5152055
1709514965926,READ,./data/vort021,5152056,6869407
1709514965960,READ,./data/vort021,6869408,8586759
1709514966156,READ,./data/vort021,12021464,13738815
1709514966190,READ,./data/vort021,1717352,3434703
1709514966223,READ,./data/vort021,8586760,10304111
1709514966301,READ,./data/vort021,10304112,12021463
1709514966361,READ,./data/vort021,15456168,17173511
1709514966407,READ,./data/vort021,13738816,15456167
1709514966763,READ,./data/ux00022,3434704,5152055
1709514966784,READ,./data/ux00022,10304112,12021463
1709514966844,READ,./data/ux00022,8586760,10304111
1709514966863,READ,./data/ux00022,13738816,15456167
1709514966913,READ,./data/ux00022,5152056,6869407
1709514966947,READ,./data/ux00022,0,1717351
1709514967047,READ,./data/ux00022,12021464,13738815
1709514967141,READ,./data/ux00022,1717352,3434703
1709514967220,READ,./data/ux00022,15456168,17173511
1709514967284,READ,./data/ux00022,6869408,8586759
1709514967527,READ,./data/uy00022,0,1717351
1709514967623,READ,./data/uy00022,10304112,12021463
1709514967624,READ,./data/uy00022,1717352,3434703
1709514967705,READ,./data/uy00022,12021464,13738815
1709514967774,READ,./data/uy00022,6869408,8586759
1709514967878,READ,./data/uy00022,5152056,6869407
1709514967938,READ,./data/uy00022,8586760,10304111
1709514967999,READ,./data/uy00022,13738816,15456167
1709514968073,READ,./data/uy00022,15456168,17173511
1709514968162,READ,./data/uy00022,3434704,5152055
1709514968509,READ,./data/uz00022,5152056,6869407
1709514968512,READ,./data/uz00022,0,1717351
1709514968518,READ,./data/uz00022,8586760,10304111
1709514968585,READ,./data/uz00022,12021464,13738815
1709514968627,READ,./data/uz00022,10304112,12021463
1709514968665,READ,./data/uz00022,1717352,3434703
1709514968748,READ,./data/uz00022,6869408,8586759
1709514968808,READ,./data/uz00022,15456168,17173511
1709514968907,READ,./data/uz00022,13738816,15456167
1709514968933,READ,./data/uz00022,3434704,5152055
1709514969334,READ,./data/pp00022,0,1717351
1709514969343,READ,./data/pp00022,13738816,15456167
1709514969377,READ,./data/pp00022,10304112,12021463
1709514969378,READ,./data/pp00022,5152056,6869407
1709514969443,READ,./data/pp00022,15456168,17173511
1709514969509,READ,./data/pp00022,12021464,13738815
1709514969553,READ,./data/pp00022,1717352,3434703
1709514969570,READ,./data/pp00022,8586760,10304111
1709514969674,READ,./data/pp00022,6869408,8586759
1709514969719,READ,./data/pp00022,3434704,5152055
1709514970084,READ,./data/phi100022,0,1717351
1709514970153,READ,./data/phi100022,8586760,10304111
1709514970156,READ,./data/phi100022,15456168,17173511
1709514970212,READ,./data/phi100022,1717352,3434703
1709514970262,READ,./data/phi100022,6869408,8586759
1709514970342,READ,./data/phi100022,13738816,15456167
1709514970406,READ,./data/phi100022,5152056,6869407
1709514970458,READ,./data/phi100022,3434704,5152055
1709514970513,READ,./data/phi100022,12021464,13738815
1709514970565,READ,./data/phi100022,10304112,12021463
1709514970569,READ,./data/snap0000022.ini,0,301
1709514970991,READ,./data/vort022,0,1717351
1709514970994,READ,./data/vort022,12021464,13738815
1709514971054,READ,./data/vort022,3434704,5152055
1709514971153,READ,./data/vort022,5152056,6869407
1709514971220,READ,./data/vort022,8586760,10304111
1709514971301,READ,./data/vort022,10304112,12021463
1709514971409,READ,./data/vort022,15456168,17173511
1709514971466,READ,./data/vort022,1717352,3434703
1709514971502,READ,./data/vort022,6869408,8586759
1709514971618,READ,./data/vort022,13738816,15456167
1709514972108,READ,./data/vort022,0,1717351
1709514972137,READ,./data/vort022,13738816,15456167
1709514972144,READ,./data/vort022,6869408,8586759
1709514972268,READ,./data/vort022,8586760,10304111
1709514972337,READ,./data/vort022,15456168,17173511
1709514972399,READ,./data/vort022,5152056,6869407
1709514972465,READ,./data/vort022,10304112,12021463
1709514972579,READ,./data/vort022,1717352,3434703
1709514972678,READ,./data/vort022,3434704,5152055
1709514972813,READ,./data/vort022,12021464,13738815
1709514973204,READ,out/restart0000090,0,1717351
1709514973249,READ,out/restart0000090,3434704,5152055
1709514973254,READ,out/restart0000090,10304112,12021463
1709514973265,READ,out/restart0000090,13738816,15456167
1709514973338,READ,out/restart0000090,8586760,10304111
1709514973423,READ,out/restart0000090,6869408,8586759
1709514973494,READ,out/restart0000090,5152056,6869407
1709514973560,READ,out/restart0000090,12021464,13738815
1709514973598,READ,out/restart0000090,1717352,3434703
1709514973620,READ,out/restart0000090,15456168,17173511
1709514973686,READ,out/restart0000090,20608216,22325567
1709514973726,READ,out/restart0000090,30912328,32629679
1709514973731,READ,out/restart0000090,17173512,18890863
1709514973737,READ,out/restart0000090,27477624,29194975
1709514973823,READ,out/restart0000090,24042920,25760271
1709514973880,READ,out/restart0000090,18890864,20608215
1709514973899,READ,out/restart0000090,22325568,24042919
1709514973927,READ,out/restart0000090,25760272,27477623
1709514973989,READ,out/restart0000090,29194976,30912327
1709514974019,READ,out/restart0000090,32629680,34347023
1709514974036,READ,out/restart0000090,39499080,41216431
1709514974102,READ,out/restart0000090,41216432,42933783
1709514974172,READ,out/restart0000090,44651136,46368487
1709514974278,READ,out/restart0000090,48085840,49803191
1709514974358,READ,out/restart0000090,46368488,48085839
1709514974416,READ,out/restart0000090,37781728,39499079
1709514974420,READ,out/restart0000090,34347024,36064375
1709514974515,READ,out/restart0000090,36064376,37781727
1709514974522,READ,out/restart0000090,49803192,51520535
1709514974525,READ,out/restart0000090,42933784,44651135
1709514974531,READ,out/restart0000090,66976704,68694047
1709514974589,READ,out/restart0000090,63542000,65259351
1709514974613,READ,out/restart0000090,65259352,66976703
1709514974623,READ,out/restart0000090,56672592,58389943
1709514974692,READ,out/restart0000090,54955240,56672591
1709514974701,READ,out/restart0000090,51520536,53237887
1709514974701,READ,out/restart0000090,60107296,61824647
1709514974805,READ,out/restart0000090,58389944,60107295
1709514974851,READ,out/restart0000090,53237888,54955239
1709514974866,READ,out/restart0000090,61824648,63541999
1709514974871,READ,out/restart0000090,84150216,85867559
1709514974874,READ,out/restart0000090,72128752,73846103
1709514974905,READ,out/restart0000090,78998160,80715511
1709514974941,READ,out/restart0000090,73846104,75563455
1709514974988,READ,out/restart0000090,82432864,84150215
1709514974997,READ,out/restart0000090,75563456,77280807
1709514975064,READ,out/restart0000090,80715512,82432863
1709514975070,READ,out/restart0000090,68694048,70411399
1709514975087,READ,out/restart0000090,77280808,78998159
1709514975095,READ,out/restart0000090,70411400,72128751
1709514975100,READ,out/restart0000090,101323728,103041071
1709514975215,READ,out/restart0000090,94454320,96171671
1709514975216,READ,out/restart0000090,99606376,101323727
1709514975226,READ,out/restart0000090,85867560,87584911
1709514975277,READ,out/restart0000090,89302264,91019615
1709514975281,READ,out/restart0000090,97889024,99606375
1709514975317,READ,out/restart0000090,96171672,97889023
1709514975374,READ,out/restart0000090,87584912,89302263
1709514975382,READ,out/restart0000090,92736968,94454319
1709514975451,READ,out/restart0000090,91019616,92736967
1709514975457,READ,out/restart0000090,118497240,120214583
1709514975462,READ,out/restart0000090,106475776,108193127
1709514975528,READ,out/restart0000090,116779888,118497239
1709514975529,READ,out/restart0000090,109910480,111627831
1709514975538,READ,out/restart0000090,103041072,104758423
1709514975603,READ,out/restart0000090,113345184,115062535
1709514975658,READ,out/restart0000090,111627832,113345183
1709514975699,READ,out/restart0000090,104758424,106475775
1709514975734,READ,out/restart0000090,108193128,109910479
1709514975740,READ,out/restart0000090,115062536,116779887
1709514975744,READ,out/restart0000090,135670752,137388095
1709514975748,READ,out/restart0000090,127083992,128801343
1709514975773,READ,out/restart0000090,121931936,123649287
1709514975839,READ,out/restart0000090,133953400,135670751
1709514975871,READ,out/restart0000090,125366640,127083991
1709514975951,READ,out/restart0000090,120214584,121931935
1709514975991,READ,out/restart0000090,123649288,125366639
1709514976026,READ,out/restart0000090,130518696,132236047
1709514976078,READ,out/restart0000090,132236048,133953399
1709514976124,READ,out/restart0000090,128801344,130518695
1709514976133,READ,out/restart0000090,147692208,149409559
1709514976140,READ,out/restart0000090,152844264,154561607
1709514976158,READ,out/restart0000090,137388096,139105447
1709514976216,READ,out/restart0000090,144257504,145974855
1709514976223,READ,out/restart0000090,151126912,152844263
1709514976242,READ,out/restart0000090,139105448,140822799
1709514976310,READ,out/restart0000090,142540152,144257503
1709514976373,READ,out/restart0000090,145974856,147692207
1709514976438,READ,out/restart0000090,140822800,142540151
1709514976452,READ,out/restart0000090,149409560,151126911
1709514976466,READ,out/restart0000090,169779069,171469895
1709514976481,READ,out/restart0000090,157943266,159634094
1709514976545,READ,out/restart0000090,161324924,163015752
1709514976575,READ,out/restart0000090,163015753,164706581
1709514976626,READ,out/restart0000090,168088240,169779068
1709514976634,READ,out/restart0000090,154561608,156252436
1709514976663,READ,out/restart0000090,156252437,157943265
1709514976731,READ,out/restart0000090,159634095,161324923
1709514976797,READ,out/restart0000090,166397411,168088239
1709514976820,READ,out/restart0000090,164706582,166397410
1709514976825,READ,out/restart0000090,186926064,188643407
1709514976898,READ,out/restart0000090,183491360,185208711
1709514976906,READ,out/restart0000090,176621952,178339303
1709514976919,READ,out/restart0000090,173187248,174904599
1709514976972,READ,out/restart0000090,185208712,186926063
1709514977060,READ,out/restart0000090,174904600,176621951
1709514977217,READ,out/restart0000090,180056656,181774007
1709514977310,READ,out/restart0000090,181774008,183491359
1709514977354,READ,out/restart0000090,178339304,180056655
1709514977385,READ,out/restart0000090,171469896,173187247
1709514977390,READ,out/restart0000090,204099576,205816919
1709514977471,READ,out/restart0000090,188643408,190360759
1709514977555,READ,out/restart0000090,192078112,193795463
1709514977621,READ,out/restart0000090,193795464,195512815
1709514977653,READ,out/restart0000090,195512816,197230167
1709514977758,READ,out/restart0000090,200664872,202382223
1709514977814,READ,out/restart0000090,202382224,204099575
1709514977868,READ,out/restart0000090,198947520,200664871
1709514977907,READ,out/restart0000090,190360760,192078111
1709514977963,READ,out/restart0000090,197230168,198947519
1709514977968,READ,out/restart0000090,221273088,222990431
1709514978053,READ,out/restart0000090,217838384,219555735
1709514978128,READ,out/restart0000090,216121032,217838383
1709514978131,READ,out/restart0000090,210968976,212686327
1709514978157,READ,out/restart0000090,214403680,216121031
1709514978220,READ,out/restart0000090,207534272,209251623
1709514978265,READ,out/restart0000090,212686328,214403679
1709514978304,READ,out/restart0000090,209251624,210968975
1709514978305,READ,out/restart0000090,219555736,221273087
1709514978350,READ,out/restart0000090,205816920,207534271
1709514978514,READ,out/restart0000090.info,0,538
1709514978639,READ,./data/vort022,0,1717351
1709514978684,READ,./data/vort022,15456168,17173511
1709514978690,READ,./data/vort022,6869408,8586759
1709514978763,READ,./data/vort022,5152056,6869407
1709514978836,READ,./data/vort022,3434704,5152055
1709514978917,READ,./data/vort022,12021464,13738815
1709514978998,READ,./data/vort022,10304112,12021463
1709514979041,READ,./data/vort022,13738816,15456167
1709514979115,READ,./data/vort022,8586760,10304111
1709514979166,READ,./data/vort022,1717352,3434703
1709514979706,READ,./data/vort022,0,1717351
1709514979783,READ,./data/vort022,8586760,10304111
1709514979865,READ,./data/vort022,12021464,13738815
1709514979962,READ,./data/vort022,13738816,15456167
1709514980004,READ,./data/vort022,10304112,12021463
1709514980091,READ,./data/vort022,6869408,8586759
1709514980164,READ,./data/vort022,5152056,6869407
1709514980209,READ,./data/vort022,3434704,5152055
1709514980315,READ,./data/vort022,15456168,17173511
1709514980384,READ,./data/vort022,1717352,3434703
1709514980737,READ,./data/ux00023,0,1717351
1709514980745,READ,./data/ux00023,6869408,8586759
1709514980794,READ,./data/ux00023,1717352,3434703
1709514980886,READ,./data/ux00023,12021464,13738815
1709514980994,READ,./data/ux00023,8586760,10304111
1709514981068,READ,./data/ux00023,3434704,5152055
1709514981085,READ,./data/ux00023,15456168,17173511
1709514981136,READ,./data/ux00023,5152056,6869407
1709514981191,READ,./data/ux00023,10304112,12021463
1709514981227,READ,./data/ux00023,13738816,15456167
1709514981595,READ,./data/uy00023,8586760,10304111
1709514981596,READ,./data/uy00023,0,1717351
1709514981646,READ,./data/uy00023,1717352,3434703
1709514981717,READ,./data/uy00023,6869408,8586759
1709514981827,READ,./data/uy00023,10304112,12021463
1709514981831,READ,./data/uy00023,15456168,17173511
1709514981923,READ,./data/uy00023,13738816,15456167
1709514981970,READ,./data/uy00023,12021464,13738815
1709514982008,READ,./data/uy00023,3434704,5152055
1709514982042,READ,./data/uy00023,5152056,6869407
1709514982365,READ,./data/uz00023,0,1717351
1709514982366,READ,./data/uz00023,13738816,15456167
1709514982377,READ,./data/uz00023,10304112,12021463
1709514982427,READ,./data/uz00023,3434704,5152055
1709514982532,READ,./data/uz00023,12021464,13738815
1709514982561,READ,./data/uz00023,15456168,17173511
1709514982586,READ,./data/uz00023,1717352,3434703
1709514982647,READ,./data/uz00023,5152056,6869407
1709514982671,READ,./data/uz00023,8586760,10304111
1709514982749,READ,./data/uz00023,6869408,8586759
1709514983075,READ,./data/pp00023,0,1717351
1709514983121,READ,./data/pp00023,10304112,12021463
1709514983191,READ,./data/pp00023,15456168,17173511
1709514983192,READ,./data/pp00023,8586760,10304111
1709514983228,READ,./data/pp00023,6869408,8586759
1709514983305,READ,./data/pp00023,13738816,15456167
1709514983363,READ,./data/pp00023,12021464,13738815
1709514983429,READ,./data/pp00023,3434704,5152055
1709514983462,READ,./data/pp00023,5152056,6869407
1709514983538,READ,./data/pp00023,1717352,3434703
1709514983798,READ,./data/phi100023,0,1717351
1709514983808,READ,./data/phi100023,13738816,15456167
1709514983860,READ,./data/phi100023,1717352,3434703
1709514983932,READ,./data/phi100023,8586760,10304111
1709514983935,READ,./data/phi100023,3434704,5152055
1709514984015,READ,./data/phi100023,5152056,6869407
1709514984082,READ,./data/phi100023,10304112,12021463
1709514984159,READ,./data/phi100023,15456168,17173511
1709514984189,READ,./data/phi100023,6869408,8586759
1709514984245,READ,./data/phi100023,12021464,13738815
1709514984248,READ,./data/snap0000023.ini,0,301
1709514984642,READ,./data/vort023,0,1717351
1709514984700,READ,./data/vort023,3434704,5152055
1709514984718,READ,./data/vort023,8586760,10304111
1709514984802,READ,./data/vort023,1717352,3434703
1709514984888,READ,./data/vort023,5152056,6869407
1709514984975,READ,./data/vort023,12021464,13738815
1709514985055,READ,./data/vort023,10304112,12021463
1709514985137,READ,./data/vort023,13738816,15456167
1709514985199,READ,./data/vort023,6869408,8586759
1709514985320,READ,./data/vort023,15456168,17173511
1709514985771,READ,./data/vort023,0,1717351
1709514985834,READ,./data/vort023,5152056,6869407
1709514985839,READ,./data/vort023,13738816,15456167
1709514985954,READ,./data/vort023,3434704,5152055
1709514986015,READ,./data/vort023,12021464,13738815
1709514986094,READ,./data/vort023,8586760,10304111
1709514986168,READ,./data/vort023,10304112,12021463
1709514986283,READ,./data/vort023,6869408,8586759
1709514986374,READ,./data/vort023,15456168,17173511
1709514986451,READ,./data/vort023,1717352,3434703
1709514987116,READ,./data/vort023,0,1717351
1709514987142,READ,./data/vort023,8586760,10304111
1709514987149,READ,./data/vort023,13738816,15456167
1709514987164,READ,./data/vort023,5152056,6869407
1709514987221,READ,./data/vort023,1717352,3434703
1709514987309,READ,./data/vort023,6869408,8586759
1709514987411,READ,./data/vort023,3434704,5152055
1709514987445,READ,./data/vort023,10304112,12021463
1709514987522,READ,./data/vort023,15456168,17173511
1709514987607,READ,./data/vort023,12021464,13738815
1709514988185,READ,./data/vort023,0,1717351
1709514988209,READ,./data/vort023,10304112,12021463
1709514988225,READ,./data/vort023,15456168,17173511
1709514988324,READ,./data/vort023,13738816,15456167
1709514988358,READ,./data/vort023,3434704,5152055
1709514988453,READ,./data/vort023,6869408,8586759
1709514988523,READ,./data/vort023,12021464,13738815
1709514988695,READ,./data/vort023,5152056,6869407
1709514988729,READ,./data/vort023,1717352,3434703
1709514988821,READ,./data/vort023,8586760,10304111
1709514989321,READ,./data/ux00024,0,1717351
1709514989324,READ,./data/ux00024,13738816,15456167
1709514989346,READ,./data/ux00024,6869408,8586759
1709514989474,READ,./data/ux00024,12021464,13738815
1709514989525,READ,./data/ux00024,3434704,5152055
1709514989586,READ,./data/ux00024,10304112,12021463
1709514989658,READ,./data/ux00024,1717352,3434703
1709514989711,READ,./data/ux00024,5152056,6869407
1709514989772,READ,./data/ux00024,15456168,17173511
1709514989883,READ,./data/ux00024,8586760,10304111
1709514990206,READ,./data/uy00024,8586760,10304111
1709514990223,READ,./data/uy00024,0,1717351
1709514990296,READ,./data/uy00024,3434704,5152055
1709514990357,READ,./data/uy00024,10304112,12021463
1709514990366,READ,./data/uy00024,15456168,17173511
1709514990435,READ,./data/uy00024,6869408,8586759
1709514990521,READ,./data/uy00024,13738816,15456167
1709514990616,READ,./data/uy00024,1717352,3434703
1709514990671,READ,./data/uy00024,12021464,13738815
1709514990761,READ,./data/uy00024,5152056,6869407
1709514991078,READ,./data/uz00024,0,1717351
1709514991131,READ,./data/uz00024,12021464,13738815
1709514991229,READ,./data/uz00024,6869408,8586759
1709514991238,READ,./data/uz00024,13738816,15456167
1709514991246,READ,./data/uz00024,8586760,10304111
1709514991296,READ,./data/uz00024,15456168,17173511
1709514991360,READ,./data/uz00024,1717352,3434703
1709514991432,READ,./data/uz00024,5152056,6869407
1709514991505,READ,./data/uz00024,3434704,5152055
1709514991585,READ,./data/uz00024,10304112,12021463
1709514991955,READ,./data/pp00024,0,1717351
1709514991969,READ,./data/pp00024,10304112,12021463
1709514992042,READ,./data/pp00024,12021464,13738815
1709514992044,READ,./data/pp00024,5152056,6869407
1709514992106,READ,./data/pp00024,1717352,3434703
1709514992132,READ,./data/pp00024,8586760,10304111
1709514992251,READ,./data/pp00024,13738816,15456167
1709514992277,READ,./data/pp00024,15456168,17173511
1709514992374,READ,./data/pp00024,3434704,5152055
1709514992481,READ,./data/pp00024,6869408,8586759
1709514992865,READ,./data/phi100024,0,1717351
1709514992888,READ,./data/phi100024,13738816,15456167
1709514992965,READ,./data/phi100024,12021464,13738815
1709514993057,READ,./data/phi100024,8586760,10304111
1709514993151,READ,./data/phi100024,6869408,8586759
1709514993225,READ,./data/phi100024,5152056,6869407
1709514993272,READ,./data/phi100024,3434704,5152055
1709514993292,READ,./data/phi100024,15456168,17173511
1709514993391,READ,./data/phi100024,1717352,3434703
1709514993489,READ,./data/phi100024,10304112,12021463
1709514993502,READ,./data/snap0000024.ini,0,301
1709514993785,READ,./data/vort024,0,1717351
1709514993803,READ,./data/vort024,13738816,15456167
1709514993913,READ,./data/vort024,15456168,17173511
1709514993963,READ,./data/vort024,3434704,5152055
1709514993967,READ,./data/vort024,8586760,10304111
1709514994066,READ,./data/vort024,6869408,8586759
1709514994158,READ,./data/vort024,5152056,6869407
1709514994195,READ,./data/vort024,12021464,13738815
1709514994224,READ,./data/vort024,1717352,3434703
1709514994299,READ,./data/vort024,10304112,12021463
1709514994802,READ,./data/vort024,0,1717351
1709514994823,READ,./data/vort024,12021464,13738815
1709514994900,READ,./data/vort024,8586760,10304111
1709514994944,READ,./data/vort024,1717352,3434703
1709514994973,READ,./data/vort024,10304112,12021463
1709514995019,READ,./data/vort024,13738816,15456167
1709514995024,READ,./data/vort024,5152056,6869407
1709514995096,READ,./data/vort024,6869408,8586759
1709514995138,READ,./data/vort024,15456168,17173511
1709514995206,READ,./data/vort024,3434704,5152055
1709514995838,READ,./data/vort024,0,1717351
1709514995922,READ,./data/vort024,6869408,8586759
1709514995932,READ,./data/vort024,15456168,17173511
1709514996054,READ,./data/vort024,12021464,13738815
1709514996098,READ,./data/vort024,3434704,5152055
1709514996128,READ,./data/vort024,10304112,12021463
1709514996147,READ,./data/vort024,5152056,6869407
1709514996176,READ,./data/vort024,1717352,3434703
1709514996206,READ,./data/vort024,13738816,15456167
1709514996333,READ,./data/vort024,8586760,10304111
1709514996754,READ,./data/vort024,0,1717351
1709514996816,READ,./data/vort024,12021464,13738815
1709514996908,READ,./data/vort024,5152056,6869407
1709514996914,READ,./data/vort024,8586760,10304111
1709514996923,READ,./data/vort024,15456168,17173511
1709514997001,READ,./data/vort024,3434704,5152055
1709514997026,READ,./data/vort024,13738816,15456167
1709514997069,READ,./data/vort024,1717352,3434703
1709514997110,READ,./data/vort024,6869408,8586759
1709514997158,READ,./data/vort024,10304112,12021463
1709514997513,READ,./data/ux00025,0,1717351
1709514997522,READ,./data/ux00025,5152056,6869407
1709514997633,READ,./data/ux00025,3434704,5152055
1709514997662,READ,./data/ux00025,13738816,15456167
1709514997671,READ,./data/ux00025,1717352,3434703
1709514997727,READ,./data/ux00025,12021464,13738815
1709514997803,READ,./data/ux00025,8586760,10304111
1709514997854,READ,./data/ux00025,10304112,12021463
1709514997941,READ,./data/ux00025,6869408,8586759
1709514997961,READ,./data/ux00025,15456168,17173511
1709514998366,READ,./data/uy00025,0,1717351
1709514998366,READ,./data/uy00025,12021464,13738815
1709514998463,READ,./data/uy00025,15456168,17173511
1709514998495,READ,./data/uy00025,1717352,3434703
1709514998515,READ,./data/uy00025,6869408,8586759
1709514998618,READ,./data/uy00025,3434704,5152055
1709514998627,READ,./data/uy00025,10304112,12021463
1709514998663,READ,./data/uy00025,13738816,15456167
1709514998675,READ,./data/uy00025,5152056,6869407
1709514998750,READ,./data/uy00025,8586760,10304111
1709514999024,READ,./data/uz00025,0,1717351
1709514999059,READ,./data/uz00025,10304112,12021463
1709514999140,READ,./data/uz00025,6869408,8586759
1709514999246,READ,./data/uz00025,3434704,5152055
1709514999255,READ,./data/uz00025,8586760,10304111
1709514999255,READ,./data/uz00025,13738816,15456167
1709514999350,READ,./data/uz00025,15456168,17173511
1709514999396,READ,./data/uz00025,1717352,3434703
1709514999425,READ,./data/uz00025,5152056,6869407
1709514999470,READ,./data/uz00025,12021464,13738815
1709514999947,READ,./data/pp00025,0,1717351
1709514999954,READ,./data/pp00025,13738816,15456167
1709515000020,READ,./data/pp00025,12021464,13738815
1709515000066,READ,./data/pp00025,1717352,3434703
1709515000138,READ,./data/pp00025,6869408,8586759
1709515000227,READ,./data/pp00025,3434704,5152055
1709515000229,READ,./data/pp00025,8586760,10304111
1709515000252,READ,./data/pp00025,15456168,17173511
1709515000279,READ,./data/pp00025,10304112,12021463
1709515000308,READ,./data/pp00025,5152056,6869407
1709515000692,READ,./data/phi100025,0,1717351
1709515000709,READ,./data/phi100025,10304112,12021463
1709515000765,READ,./data/phi100025,1717352,3434703
1709515000810,READ,./data/phi100025,3434704,5152055
1709515000899,READ,./data/phi100025,6869408,8586759
1709515000930,READ,./data/phi100025,5152056,6869407
1709515000965,READ,./data/phi100025,8586760,10304111
1709515000972,READ,./data/phi100025,13738816,15456167
1709515001052,READ,./data/phi100025,12021464,13738815
1709515001110,READ,./data/phi100025,15456168,17173511
1709515001113,READ,./data/snap0000025.ini,0,301
1709515001429,READ,./data/vort025,13738816,15456167
1709515001430,READ,./data/vort025,0,1717351
1709515001441,READ,./data/vort025,5152056,6869407
1709515001451,READ,./data/vort025,10304112,12021463
1709515001582,READ,./data/vort025,8586760,10304111
1709515001597,READ,./data/vort025,1717352,3434703
1709515001706,READ,./data/vort025,3434704,5152055
1709515001789,READ,./data/vort025,6869408,8586759
1709515001874,READ,./data/vort025,15456168,17173511
1709515002001,READ,./data/vort025,12021464,13738815
1709515002412,READ,./data/vort025,0,1717351
1709515002448,READ,./data/vort025,5152056,6869407
1709515002452,READ,./data/vort025,12021464,13738815
1709515002520,READ,./data/vort025,1717352,3434703
1709515002642,READ,./data/vort025,8586760,10304111
1709515002727,READ,./data/vort025,15456168,17173511
1709515002856,READ,./data/vort025,13738816,15456167
1709515002897,READ,./data/vort025,10304112,12021463
1709515003018,READ,./data/vort025,6869408,8586759
1709515003116,READ,./data/vort025,3434704,5152055
1709515003623,READ,./data/vort025,0,1717351
1709515003669,READ,./data/vort025,5152056,6869407
1709515003677,READ,./data/vort025,12021464,13738815
1709515003769,READ,./data/vort025,8586760,10304111
1709515003915,READ,./data/vort025,10304112,12021463
1709515003967,READ,./data/vort025,13738816,15456167
1709515004014,READ,./data/vort025,1717352,3434703
1709515004137,READ,./data/vort025,3434704,5152055
1709515004162,READ,./data/vort025,15456168,17173511
1709515004301,READ,./data/vort025,6869408,8586759
1709515004735,READ,./data/vort025,0,1717351
1709515004787,READ,./data/vort025,12021464,13738815
1709515004796,READ,./data/vort025,5152056,6869407
1709515004884,READ,./data/vort025,8586760,10304111
1709515004914,READ,./data/vort025,10304112,12021463
1709515004953,READ,./data/vort025,1717352,3434703
1709515005014,READ,./data/vort025,15456168,17173511
1709515005081,READ,./data/vort025,13738816,15456167
1709515005155,READ,./data/vort025,6869408,8586759
1709515005194,READ,./data/vort025,3434704,5152055
1709515005617,READ,./data/ux00026,0,1717351
1709515005683,READ,./data/ux00026,3434704,5152055
1709515005683,READ,./data/ux00026,12021464,13738815
1709515005780,READ,./data/ux00026,5152056,6869407
1709515005815,READ,./data/ux00026,1717352,3434703
1709515005885,READ,./data/ux00026,10304112,12021463
1709515005954,READ,./data/ux00026,13738816,15456167
1709515005990,READ,./data/ux00026,15456168,17173511
1709515006062,READ,./data/ux00026,6869408,8586759
1709515006111,READ,./data/ux00026,8586760,10304111
1709515006524,READ,./data/uy00026,3434704,5152055
1709515006617,READ,./data/uy00026,0,1717351
1709515006629,READ,./data/uy00026,12021464,13738815
1709515006709,READ,./data/uy00026,8586760,10304111
1709515006779,READ,./data/uy00026,10304112,12021463
1709515006823,READ,./data/uy00026,5152056,6869407
1709515006868,READ,./data/uy00026,1717352,3434703
1709515006921,READ,./data/uy00026,6869408,8586759
1709515006975,READ,./data/uy00026,13738816,15456167
1709515007017,READ,./data/uy00026,15456168,17173511
1709515007409,READ,./data/uz00026,6869408,8586759
1709515007411,READ,./data/uz00026,0,1717351
1709515007502,READ,./data/uz00026,13738816,15456167
1709515007506,READ,./data/uz00026,5152056,6869407
1709515007587,READ,./data/uz00026,12021464,13738815
1709515007637,READ,./data/uz00026,3434704,5152055
1709515007664,READ,./data/uz00026,8586760,10304111
1709515007709,READ,./data/uz00026,1717352,3434703
1709515007715,READ,./data/uz00026,15456168,17173511
1709515007759,READ,./data/uz00026,10304112,12021463
1709515008116,READ,./data/pp00026,0,1717351
1709515008126,READ,./data/pp00026,5152056,6869407
1709515008201,READ,./data/pp00026,3434704,5152055
1709515008211,READ,./data/pp00026,12021464,13738815
1709515008325,READ,./data/pp00026,8586760,10304111
1709515008356,READ,./data/pp00026,10304112,12021463
1709515008398,READ,./data/pp00026,15456168,17173511
1709515008402,READ,./data/pp00026,1717352,3434703
1709515008424,READ,./data/pp00026,13738816,15456167
1709515008540,READ,./data/pp00026,6869408,8586759
1709515008917,READ,./data/phi100026,0,1717351
1709515008967,READ,./data/phi100026,3434704,5152055
1709515008967,READ,./data/phi100026,10304112,12021463
1709515009069,READ,./data/phi100026,6869408,8586759
1709515009101,READ,./data/phi100026,5152056,6869407
1709515009120,READ,./data/phi100026,12021464,13738815
1709515009149,READ,./data/phi100026,1717352,3434703
1709515009202,READ,./data/phi100026,8586760,10304111
1709515009273,READ,./data/phi100026,15456168,17173511
1709515009311,READ,./data/phi100026,13738816,15456167
1709515009314,READ,./data/snap0000026.ini,0,301
1709515009753,READ,./data/vort026,5152056,6869407
1709515009765,READ,./data/vort026,0,1717351
1709515009776,READ,./data/vort026,13738816,15456167
1709515009850,READ,./data/vort026,3434704,5152055
1709515009923,READ,./data/vort026,12021464,13738815
1709515009972,READ,./data/vort026,15456168,17173511
1709515010046,READ,./data/vort026,6869408,8586759
1709515010075,READ,./data/vort026,1717352,3434703
1709515010103,READ,./data/vort026,8586760,10304111
1709515010159,READ,./data/vort026,10304112,12021463
1709515010548,READ,./data/vort026,0,1717351
1709515010598,READ,./data/vort026,10304112,12021463
1709515010610,READ,./data/vort026,15456168,17173511
1709515010698,READ,./data/vort026,8586760,10304111
1709515010757,READ,./data/vort026,13738816,15456167
1709515010882,READ,./data/vort026,12021464,13738815
1709515010891,READ,./data/vort026,5152056,6869407
1709515010976,READ,./data/vort026,3434704,5152055
1709515011062,READ,./data/vort026,1717352,3434703
1709515011068,READ,./data/vort026,6869408,8586759
1709515011529,READ,./data/vort026,0,1717351
1709515011580,READ,./data/vort026,6869408,8586759
1709515011665,READ,./data/vort026,8586760,10304111
1709515011724,READ,./data/vort026,5152056,6869407
1709515011730,READ,./data/vort026,15456168,17173511
1709515011858,READ,./data/vort026,13738816,15456167
1709515011881,READ,./data/vort026,3434704,5152055
1709515011911,READ,./data/vort026,1717352,3434703
1709515011930,READ,./data/vort026,12021464,13738815
1709515011993,READ,./data/vort026,10304112,12021463
1709515012419,READ,./data/vort026,0,1717351
1709515012498,READ,./data/vort026,12021464,13738815
1709515012586,READ,./data/vort026,8586760,10304111
1709515012684,READ,./data/vort026,15456168,17173511
1709515012727,READ,./data/vort026,13738816,15456167
1709515012758,READ,./data/vort026,10304112,12021463
1709515012811,READ,./data/vort026,3434704,5152055
1709515012881,READ,./data/vort026,6869408,8586759
1709515012932,READ,./data/vort026,5152056,6869407
1709515012944,READ,./data/vort026,1717352,3434703
1709515013442,READ,./data/ux00027,0,1717351
1709515013454,READ,./data/ux00027,12021464,13738815
1709515013455,READ,./data/ux00027,5152056,6869407
1709515013571,READ,./data/ux00027,8586760,10304111
1709515013603,READ,./data/ux00027,1717352,3434703
1709515013697,READ,./data/ux00027,3434704,5152055
1709515013757,READ,./data/ux00027,15456168,17173511
1709515013786,READ,./data/ux00027,6869408,8586759
1709515013817,READ,./data/ux00027,13738816,15456167
1709515013863,READ,./data/ux00027,10304112,12021463
1709515014247,READ,./data/uy00027,0,1717351
1709515014258,READ,./data/uy00027,5152056,6869407
1709515014269,READ,./data/uy00027,12021464,13738815
1709515014377,READ,./data/uy00027,6869408,8586759
1709515014437,READ,./data/uy00027,13738816,15456167
1709515014455,READ,./data/uy00027,8586760,10304111
1709515014511,READ,./data/uy00027,1717352,3434703
1709515014555,READ,./data/uy00027,10304112,12021463
1709515014570,READ,./data/uy00027,3434704,5152055
1709515014596,READ,./data/uy00027,15456168,17173511
1709515014906,READ,./data/uz00027,0,1717351
1709515014915,READ,./data/uz00027,10304112,12021463
1709515014955,READ,./data/uz00027,1717352,3434703
1709515014965,READ,./data/uz00027,15456168,17173511
1709515015056,READ,./data/uz00027,8586760,10304111
1709515015129,READ,./data/uz00027,12021464,13738815
1709515015184,READ,./data/uz00027,6869408,8586759
1709515015217,READ,./data/uz00027,13738816,15456167
1709515015274,READ,./data/uz00027,3434704,5152055
1709515015314,READ,./data/uz00027,5152056,6869407
1709515015760,READ,./data/pp00027,0,1717351
1709515015761,READ,./data/pp00027,8586760,10304111
1709515015847,READ,./data/pp00027,12021464,13738815
1709515015880,READ,./data/pp00027,6869408,8586759
1709515015961,READ,./data/pp00027,5152056,6869407
1709515016040,READ,./data/pp00027,15456168,17173511
1709515016079,READ,./data/pp00027,1717352,3434703
1709515016113,READ,./data/pp00027,10304112,12021463
1709515016176,READ,./data/pp00027,3434704,5152055
1709515016207,READ,./data/pp00027,13738816,15456167
1709515016542,READ,./data/phi100027,0,1717351
1709515016544,READ,./data/phi100027,10304112,12021463
1709515016555,READ,./data/phi100027,5152056,6869407
1709515016659,READ,./data/phi100027,6869408,8586759
1709515016676,READ,./data/phi100027,8586760,10304111
1709515016770,READ,./data/phi100027,12021464,13738815
1709515016865,READ,./data/phi100027,13738816,15456167
1709515016903,READ,./data/phi100027,3434704,5152055
1709515016948,READ,./data/phi100027,1717352,3434703
1709515016975,READ,./data/phi100027,15456168,17173511
1709515016987,READ,./data/snap0000027.ini,0,301
1709515017323,READ,./data/vort027,0,1717351
1709515017370,READ,./data/vort027,3434704,5152055
1709515017379,READ,./data/vort027,12021464,13738815
1709515017476,READ,./data/vort027,5152056,6869407
1709515017540,READ,./data/vort027,10304112,12021463
1709515017564,READ,./data/vort027,1717352,3434703
1709515017622,READ,./data/vort027,13738816,15456167
1709515017656,READ,./data/vort027,15456168,17173511
1709515017681,READ,./data/vort027,8586760,10304111
1709515017769,READ,./data/vort027,6869408,8586759
1709515018191,READ,./data/vort027,0,1717351
1709515018254,READ,./data/vort027,5152056,6869407
1709515018273,READ,./data/vort027,8586760,10304111
1709515018319,READ,./data/vort027,1717352,3434703
1709515018436,READ,./data/vort027,6869408,8586759
1709515018486,READ,./data/vort027,12021464,13738815
1709515018612,READ,./data/vort027,13738816,15456167
1709515018625,READ,./data/vort027,10304112,12021463
1709515018638,READ,./data/vort027,15456168,17173511
1709515018675,READ,./data/vort027,3434704,5152055
1709515019238,READ,./data/vort027,0,1717351
1709515019264,READ,./data/vort027,10304112,12021463
1709515019314,READ,./data/vort027,3434704,5152055
1709515019402,READ,./data/vort027,6869408,8586759
1709515019412,READ,./data/vort027,13738816,15456167
1709515019429,READ,./data/vort027,8586760,10304111
1709515019509,READ,./data/vort027,12021464,13738815
1709515019566,READ,./data/vort027,5152056,6869407
1709515019629,READ,./data/vort027,15456168,17173511
1709515019663,READ,./data/vort027,1717352,3434703
1709515020110,READ,./data/vort027,0,1717351
1709515020155,READ,./data/vort027,8586760,10304111
1709515020162,READ,./data/vort027,5152056,6869407
1709515020168,READ,./data/vort027,13738816,15456167
1709515020251,READ,./data/vort027,1717352,3434703
1709515020421,READ,./data/vort027,6869408,8586759
1709515020514,READ,./data/vort027,12021464,13738815
1709515020582,READ,./data/vort027,3434704,5152055
1709515020663,READ,./data/vort027,15456168,17173511
1709515020702,READ,./data/vort027,10304112,12021463
1709515021186,READ,./data/ux00028,0,1717351
1709515021197,READ,./data/ux00028,13738816,15456167
1709515021200,READ,./data/ux00028,8586760,10304111
1709515021255,READ,./data/ux00028,5152056,6869407
1709515021258,READ,./data/ux00028,1717352,3434703
1709515021352,READ,./data/ux00028,15456168,17173511
1709515021400,READ,./data/ux00028,10304112,12021463
1709515021484,READ,./data/ux00028,6869408,8586759
1709515021523,READ,./data/ux00028,12021464,13738815
1709515021603,READ,./data/ux00028,3434704,5152055
1709515021875,READ,./data/uy00028,3434704,5152055
1709515021877,READ,./data/uy00028,10304112,12021463
1709515021878,READ,./data/uy00028,15456168,17173511
1709515021968,READ,./data/uy00028,8586760,10304111
1709515022019,READ,./data/uy00028,12021464,13738815
1709515022087,READ,./data/uy00028,1717352,3434703
1709515022149,READ,./data/uy00028,6869408,8586759
1709515022246,READ,./data/uy00028,5152056,6869407
1709515022309,READ,./data/uy00028,0,1717351
1709515022342,READ,./data/uy00028,13738816,15456167
1709515022645,READ,./data/uz00028,3434704,5152055
1709515022727,READ,./data/uz00028,0,1717351
1709515022732,READ,./data/uz00028,15456168,17173511
1709515022830,READ,./data/uz00028,12021464,13738815
1709515022917,READ,./data/uz00028,10304112,12021463
1709515023017,READ,./data/uz00028,6869408,8586759
1709515023059,READ,./data/uz00028,5152056,6869407
1709515023138,READ,./data/uz00028,1717352,3434703
1709515023161,READ,./data/uz00028,8586760,10304111
1709515023270,READ,./data/uz00028,13738816,15456167
1709515023623,READ,./data/pp00028,0,1717351
1709515023632,READ,./data/pp00028,8586760,10304111
1709515023636,READ,./data/pp00028,5152056,6869407
1709515023644,READ,./data/pp00028,13738816,15456167
1709515023719,READ,./data/pp00028,10304112,12021463
1709515023759,READ,./data/pp00028,1717352,3434703
1709515023858,READ,./data/pp00028,15456168,17173511
1709515023918,READ,./data/pp00028,12021464,13738815
1709515023972,READ,./data/pp00028,3434704,5152055
1709515024053,READ,./data/pp00028,6869408,8586759
1709515024411,READ,./data/phi100028,0,1717351
1709515024464,READ,./data/phi100028,1717352,3434703
1709515024480,READ,./data/phi100028,6869408,8586759
1709515024486,READ,./data/phi100028,15456168,17173511
1709515024549,READ,./data/phi100028,3434704,5152055
1709515024659,READ,./data/phi100028,12021464,13738815
1709515024729,READ,./data/phi100028,10304112,12021463
1709515024824,READ,./data/phi100028,13738816,15456167
1709515024900,READ,./data/phi100028,5152056,6869407
1709515024933,READ,./data/phi100028,8586760,10304111
1709515024939,READ,./data/snap0000028.ini,0,301
1709515025166,READ,./data/vort028,0,1717351
1709515025223,READ,./data/vort028,5152056,6869407
1709515025226,READ,./data/vort028,1717352,3434703
1709515025230,READ,./data/vort028,8586760,10304111
1709515025301,READ,./data/vort028,15456168,17173511
1709515025315,READ,./data/vort028,10304112,12021463
1709515025373,READ,./data/vort028,13738816,15456167
1709515025456,READ,./data/vort028,6869408,8586759
1709515025560,READ,./data/vort028,3434704,5152055
1709515025653,READ,./data/vort028,12021464,13738815
1709515026137,READ,./data/vort028,0,1717351
1709515026181,READ,./data/vort028,8586760,10304111
1709515026246,READ,./data/vort028,3434704,5152055
1709515026257,READ,./data/vort028,13738816,15456167
1709515026339,READ,./data/vort028,15456168,17173511
1709515026446,READ,./data/vort028,12021464,13738815
1709515026522,READ,./data/vort028,5152056,6869407
1709515026653,READ,./data/vort028,6869408,8586759
1709515026713,READ,./data/vort028,1717352,3434703
1709515026737,READ,./data/vort028,10304112,12021463
1709515027145,READ,./data/vort028,0,1717351
1709515027231,READ,./data/vort028,1717352,3434703
1709515027232,READ,./data/vort028,10304112,12021463
1709515027244,READ,./data/vort028,5152056,6869407
1709515027355,READ,./data/vort028,3434704,5152055
1709515027429,READ,./data/vort028,8586760,10304111
1709515027532,READ,./data/vort028,12021464,13738815
1709515027616,READ,./data/vort028,15456168,17173511
1709515027674,READ,./data/vort028,6869408,8586759
1709515027742,READ,./data/vort028,13738816,15456167
1709515028245,READ,./data/vort028,0,1717351
1709515028311,READ,./data/vort028,1717352,3434703
1709515028366,READ,./data/vort028,3434704,5152055
1709515028381,READ,./data/vort028,15456168,17173511
1709515028410,READ,./data/vort028,10304112,12021463
1709515028487,READ,./data/vort028,13738816,15456167
1709515028561,READ,./data/vort028,12021464,13738815
1709515028632,READ,./data/vort028,5152056,6869407
1709515028706,READ,./data/vort028,6869408,8586759
1709515028752,READ,./data/vort028,8586760,10304111
1709515029224,READ,./data/ux00029,0,1717351
1709515029230,READ,./data/ux00029,6869408,8586759
1709515029365,READ,./data/ux00029,8586760,10304111
1709515029374,READ,./data/ux00029,15456168,17173511
1709515029427,READ,./data/ux00029,10304112,12021463
1709515029547,READ,./data/ux00029,12021464,13738815
1709515029609,READ,./data/ux00029,5152056,6869407
1709515029615,READ,./data/ux00029,1717352,3434703
1709515029680,READ,./data/ux00029,13738816,15456167
1709515029746,READ,./data/ux00029,3434704,5152055
1709515030037,READ,./data/uy00029,0,1717351
1709515030079,READ,./data/uy00029,5152056,6869407
1709515030093,READ,./data/uy00029,15456168,17173511
1709515030201,READ,./data/uy00029,3434704,5152055
1709515030261,READ,./data/uy00029,12021464,13738815
1709515030368,READ,./data/uy00029,6869408,8586759
1709515030412,READ,./data/uy00029,13738816,15456167
1709515030417,READ,./data/uy00029,8586760,10304111
1709515030494,READ,./data/uy00029,1717352,3434703
1709515030676,READ,./data/uy00029,10304112,12021463
1709515031214,READ,./data/uz00029,3434704,5152055
1709515031300,READ,./data/uz00029,5152056,6869407
1709515031332,READ,./data/uz00029,1717352,3434703
1709515031334,READ,./data/uz00029,13738816,15456167
1709515031385,READ,./data/uz00029,12021464,13738815
1709515031431,READ,./data/uz00029,15456168,17173511
1709515031496,READ,./data/uz00029,6869408,8586759
1709515031529,READ,./data/uz00029,8586760,10304111
1709515031571,READ,./data/uz00029,10304112,12021463
1709515031600,READ,./data/uz00029,0,1717351
1709515031935,READ,./data/pp00029,1717352,3434703
1709515031938,READ,./data/pp00029,6869408,8586759
1709515032006,READ,./data/pp00029,12021464,13738815
1709515032094,READ,./data/pp00029,3434704,5152055
1709515032141,READ,./data/pp00029,13738816,15456167
1709515032165,READ,./data/pp00029,0,1717351
1709515032253,READ,./data/pp00029,15456168,17173511
1709515032264,READ,./data/pp00029,8586760,10304111
1709515032381,READ,./data/pp00029,10304112,12021463
1709515032545,READ,./data/pp00029,5152056,6869407
1709515032935,READ,./data/phi100029,3434704,5152055
1709515032941,READ,./data/phi100029,10304112,12021463
1709515033002,READ,./data/phi100029,5152056,6869407
1709515033053,READ,./data/phi100029,12021464,13738815
1709515033115,READ,./data/phi100029,1717352,3434703
1709515033168,READ,./data/phi100029,13738816,15456167
1709515033200,READ,./data/phi100029,8586760,10304111
1709515033219,READ,./data/phi100029,15456168,17173511
1709515033319,READ,./data/phi100029,0,1717351
1709515033401,READ,./data/phi100029,6869408,8586759
1709515033405,READ,./data/snap0000029.ini,0,301
1709515033733,READ,./data/vort029,0,1717351
1709515033772,READ,./data/vort029,13738816,15456167
1709515033872,READ,./data/vort029,12021464,13738815
1709515034064,READ,./data/vort029,8586760,10304111
1709515034134,READ,./data/vort029,15456168,17173511
1709515034185,READ,./data/vort029,1717352,3434703
1709515034267,READ,./data/vort029,3434704,5152055
1709515034357,READ,./data/vort029,5152056,6869407
1709515034482,READ,./data/vort029,10304112,12021463
1709515034586,READ,./data/vort029,6869408,8586759
1709515035044,READ,./data/vort029,0,1717351
1709515035074,READ,./data/vort029,10304112,12021463
1709515035103,READ,./data/vort029,15456168,17173511
1709515035151,READ,./data/vort029,5152056,6869407
1709515035151,READ,./data/vort029,8586760,10304111
1709515035261,READ,./data/vort029,3434704,5152055
1709515035371,READ,./data/vort029,1717352,3434703
1709515035498,READ,./data/vort029,6869408,8586759
1709515035559,READ,./data/vort029,13738816,15456167
1709515035658,READ,./data/vort029,12021464,13738815
1709515036285,READ,./data/vort029,0,1717351
1709515036342,READ,./data/vort029,6869408,8586759
1709515036466,READ,./data/vort029,5152056,6869407
1709515036473,READ,./data/vort029,10304112,12021463
1709515036623,READ,./data/vort029,3434704,5152055
1709515036627,READ,./data/vort029,15456168,17173511
1709515036712,READ,./data/vort029,13738816,15456167
1709515036795,READ,./data/vort029,8586760,10304111
1709515036881,READ,./data/vort029,12021464,13738815
1709515036985,READ,./data/vort029,1717352,3434703
1709515037627,READ,./data/vort029,0,1717351
1709515037650,READ,./data/vort029,10304112,12021463
1709515037724,READ,./data/vort029,8586760,10304111
1709515037770,READ,./data/vort029,6869408,8586759
1709515037900,READ,./data/vort029,12021464,13738815
1709515037986,READ,./data/vort029,3434704,5152055
1709515038063,READ,./data/vort029,13738816,15456167
1709515038171,READ,./data/vort029,15456168,17173511
1709515038196,READ,./data/vort029,1717352,3434703
1709515038233,READ,./data/vort029,5152056,6869407
1709515038688,READ,out/restart0000120,0,1717351
1709515038688,READ,out/restart0000120,5152056,6869407
1709515038699,READ,out/restart0000120,10304112,12021463
1709515038713,READ,out/restart0000120,13738816,15456167
1709515038820,READ,out/restart0000120,8586760,10304111
1709515038879,READ,out/restart0000120,1717352,3434703
1709515039005,READ,out/restart0000120,6869408,8586759
1709515039097,READ,out/restart0000120,12021464,13738815
1709515039193,READ,out/restart0000120,3434704,5152055
1709515039234,READ,out/restart0000120,15456168,17173511
1709515039262,READ,out/restart0000120,30912328,32629679
1709515039326,READ,out/restart0000120,22325568,24042919
1709515039329,READ,out/restart0000120,29194976,30912327
1709515039364,READ,out/restart0000120,17173512,18890863
1709515039481,READ,out/restart0000120,24042920,25760271
1709515039515,READ,out/restart0000120,20608216,22325567
1709515039547,READ,out/restart0000120,27477624,29194975
1709515039634,READ,out/restart0000120,18890864,20608215
1709515039684,READ,out/restart0000120,25760272,27477623
1709515039705,READ,out/restart0000120,32629680,34347023
1709515039722,READ,out/restart0000120,37781728,39499079
1709515039808,READ,out/restart0000120,41216432,42933783
1709515039872,READ,out/restart0000120,39499080,41216431
1709515039910,READ,out/restart0000120,42933784,44651135
1709515039961,READ,out/restart0000120,44651136,46368487
1709515039996,READ,out/restart0000120,34347024,36064375
1709515040057,READ,out/restart0000120,46368488,48085839
1709515040098,READ,out/restart0000120,36064376,37781727
1709515040117,READ,out/restart0000120,48085840,49803191
1709515040201,READ,out/restart0000120,49803192,51520535
1709515040204,READ,out/restart0000120,63542000,65259351
1709515040209,READ,out/restart0000120,56672592,58389943
1709515040219,READ,out/restart0000120,60107296,61824647
1709515040285,READ,out/restart0000120,65259352,66976703
1709515040393,READ,out/restart0000120,61824648,63541999
1709515040420,READ,out/restart0000120,54955240,56672591
1709515040425,READ,out/restart0000120,51520536,53237887
1709515040468,READ,out/restart0000120,58389944,60107295
1709515040520,READ,out/restart0000120,66976704,68694047
1709515040529,READ,out/restart0000120,53237888,54955239
1709515040533,READ,out/restart0000120,80715512,82432863
1709515040602,READ,out/restart0000120,78998160,80715511
1709515040675,READ,out/restart0000120,75563456,77280807
1709515040687,READ,out/restart0000120,82432864,84150215
1709515040765,READ,out/restart0000120,73846104,75563455
1709515040868,READ,out/restart0000120,70411400,72128751
1709515040933,READ,out/restart0000120,68694048,70411399
1709515040945,READ,out/restart0000120,77280808,78998159
1709515040964,READ,out/restart0000120,72128752,73846103
1709515041005,READ,out/restart0000120,84150216,85867559
1709515041009,READ,out/restart0000120,97889024,99606375
1709515041012,READ,out/restart0000120,91019616,92736967
1709515041102,READ,out/restart0000120,99606376,101323727
1709515041144,READ,out/restart0000120,87584912,89302263
1709515041163,READ,out/restart0000120,92736968,94454319
1709515041285,READ,out/restart0000120,94454320,96171671
1709515041286,READ,out/restart0000120,85867560,87584911
1709515041369,READ,out/restart0000120,96171672,97889023
1709515041381,READ,out/restart0000120,89302264,91019615
1709515041415,READ,out/restart0000120,101323728,103041071
1709515041419,READ,out/restart0000120,115062536,116779887
1709515041424,READ,out/restart0000120,106475776,108193127
1709515041427,READ,out/restart0000120,109910480,111627831
1709515041523,READ,out/restart0000120,116779888,118497239
1709515041596,READ,out/restart0000120,113345184,115062535
1709515041615,READ,out/restart0000120,103041072,104758423
1709515041692,READ,out/restart0000120,104758424,106475775
1709515041741,READ,out/restart0000120,108193128,109910479
1709515041774,READ,out/restart0000120,111627832,113345183
1709515041816,READ,out/restart0000120,118497240,120214583
1709515041820,READ,out/restart0000120,132236048,133953399
1709515041828,READ,out/restart0000120,127083992,128801343
1709515041830,READ,out/restart0000120,121931936,123649287
1709515041881,READ,out/restart0000120,133953400,135670751
1709515041938,READ,out/restart0000120,120214584,121931935
1709515041973,READ,out/restart0000120,125366640,127083991
1709515041979,READ,out/restart0000120,130518696,132236047
1709515042024,READ,out/restart0000120,123649288,125366639
1709515042055,READ,out/restart0000120,128801344,130518695
1709515042095,READ,out/restart0000120,135670752,137388095
1709515042099,READ,out/restart0000120,149409560,151126911
1709515042163,READ,out/restart0000120,151126912,152844263
1709515042166,READ,out/restart0000120,145974856,147692207
1709515042235,READ,out/restart0000120,142540152,144257503
1709515042336,READ,out/restart0000120,139105448,140822799
1709515042405,READ,out/restart0000120,140822800,142540151
1709515042409,READ,out/restart0000120,147692208,149409559
1709515042415,READ,out/restart0000120,152844264,154561607
1709515042417,READ,out/restart0000120,144257504,145974855
1709515042554,READ,out/restart0000120,137388096,139105447
1709515042568,READ,out/restart0000120,168088240,169779068
1709515042582,READ,out/restart0000120,163015753,164706581
1709515042649,READ,out/restart0000120,157943266,159634094
1709515042698,READ,out/restart0000120,169779069,171469895
1709515042728,READ,out/restart0000120,161324924,163015752
1709515042772,READ,out/restart0000120,156252437,157943265
1709515042806,READ,out/restart0000120,166397411,168088239
1709515042841,READ,out/restart0000120,164706582,166397410
1709515042872,READ,out/restart0000120,154561608,156252436
1709515042929,READ,out/restart0000120,159634095,161324923
1709515042933,READ,out/restart0000120,185208712,186926063
1709515042959,READ,out/restart0000120,171469896,173187247
1709515043017,READ,out/restart0000120,180056656,181774007
1709515043018,READ,out/restart0000120,173187248,174904599
1709515043119,READ,out/restart0000120,181774008,183491359
1709515043175,READ,out/restart0000120,183491360,185208711
1709515043243,READ,out/restart0000120,178339304,180056655
1709515043346,READ,out/restart0000120,174904600,176621951
1709515043393,READ,out/restart0000120,176621952,178339303
1709515043429,READ,out/restart0000120,186926064,188643407
1709515043433,READ,out/restart0000120,202382224,204099575
1709515043508,READ,out/restart0000120,188643408,190360759
1709515043570,READ,out/restart0000120,190360760,192078111
1709515043571,READ,out/restart0000120,198947520,200664871
1709515043578,READ,out/restart0000120,193795464,195512815
1709515043670,READ,out/restart0000120,195512816,197230167
1709515043775,READ,out/restart0000120,192078112,193795463
1709515043844,READ,out/restart0000120,200664872,202382223
1709515043897,READ,out/restart0000120,197230168,198947519
1709515043928,READ,out/restart0000120,204099576,205816919
1709515043932,READ,out/restart0000120,219555736,221273087
1709515043981,READ,out/restart0000120,209251624,210968975
1709515044038,READ,out/restart0000120,212686328,214403679
1709515044054,READ,out/restart0000120,207534272,209251623
1709515044093,READ,out/restart0000120,214403680,216121031
1709515044143,READ,out/restart0000120,216121032,217838383
1709515044194,READ,out/restart0000120,217838384,219555735
1709515044207,READ,out/restart0000120,205816920,207534271
1709515044211,READ,out/restart0000120,210968976,212686327
1709515044234,READ,out/restart0000120,221273088,222990431
1709515044282,READ,out/restart0000120.info,0,538
1709515044484,READ,./data/ux00030,0,1717351
1709515044499,READ,./data/ux00030,13738816,15456167
1709515044560,READ,./data/ux00030,1717352,3434703
1709515044641,READ,./data/ux00030,5152056,6869407
1709515044642,READ,./data/ux00030,15456168,17173511
1709515044734,READ,./data/ux00030,3434704,5152055
1709515044755,READ,./data/ux00030,6869408,8586759
1709515044893,READ,./data/ux00030,12021464,13738815
1709515045011,READ,./data/ux00030,10304112,12021463
1709515045066,READ,./data/ux00030,8586760,10304111
1709515045325,READ,./data/uy00030,12021464,13738815
1709515045333,READ,./data/uy00030,0,1717351
1709515045397,READ,./data/uy00030,10304112,12021463
1709515045458,READ,./data/uy00030,13738816,15456167
1709515045460,READ,./data/uy00030,5152056,6869407
1709515045511,READ,./data/uy00030,8586760,10304111
1709515045561,READ,./data/uy00030,15456168,17173511
1709515045714,READ,./data/uy00030,1717352,3434703
1709515045789,READ,./data/uy00030,6869408,8586759
1709515045818,READ,./data/uy00030,3434704,5152055
1709515046177,READ,./data/uz00030,0,1717351
1709515046202,READ,./data/uz00030,12021464,13738815
1709515046283,READ,./data/uz00030,3434704,5152055
1709515046346,READ,./data/uz00030,15456168,17173511
1709515046446,READ,./data/uz00030,10304112,12021463
1709515046554,READ,./data/uz00030,6869408,8586759
1709515046600,READ,./data/uz00030,1717352,3434703
1709515046651,READ,./data/uz00030,8586760,10304111
1709515046654,READ,./data/uz00030,13738816,15456167
1709515046712,READ,./data/uz00030,5152056,6869407
1709515047095,READ,./data/pp00030,6869408,8586759
1709515047136,READ,./data/pp00030,15456168,17173511
1709515047138,READ,./data/pp00030,0,1717351
1709515047210,READ,./data/pp00030,8586760,10304111
1709515047283,READ,./data/pp00030,10304112,12021463
1709515047351,READ,./data/pp00030,3434704,5152055
1709515047422,READ,./data/pp00030,13738816,15456167
1709515047448,READ,./data/pp00030,5152056,6869407
1709515047493,READ,./data/pp00030,1717352,3434703
1709515047578,READ,./data/pp00030,12021464,13738815
1709515048062,READ,./data/phi100030,0,1717351
1709515048104,READ,./data/phi100030,13738816,15456167
1709515048118,READ,./data/phi100030,5152056,6869407
1709515048185,READ,./data/phi100030,12021464,13738815
1709515048214,READ,./data/phi100030,15456168,17173511
1709515048255,READ,./data/phi100030,1717352,3434703
1709515048323,READ,./data/phi100030,10304112,12021463
1709515048356,READ,./data/phi100030,8586760,10304111
1709515048421,READ,./data/phi100030,3434704,5152055
1709515048463,READ,./data/phi100030,6869408,8586759
1709515048477,READ,./data/snap0000030.ini,0,301
1709515048847,READ,./data/vort030,0,1717351
1709515048853,READ,./data/vort030,8586760,10304111
1709515048934,READ,./data/vort030,1717352,3434703
1709515048984,READ,./data/vort030,6869408,8586759
1709515048990,READ,./data/vort030,13738816,15456167
1709515049094,READ,./data/vort030,5152056,6869407
1709515049121,READ,./data/vort030,10304112,12021463
1709515049202,READ,./data/vort030,3434704,5152055
1709515049311,READ,./data/vort030,12021464,13738815
1709515049393,READ,./data/vort030,15456168,17173511
1709515049813,READ,./data/vort030,0,1717351
1709515049838,READ,./data/vort030,5152056,6869407
1709515049841,READ,./data/vort030,13738816,15456167
1709515049945,READ,./data/vort030,12021464,13738815
1709515050047,READ,./data/vort030,8586760,10304111
1709515050149,READ,./data/vort030,10304112,12021463
1709515050203,READ,./data/vort030,15456168,17173511
1709515050267,READ,./data/vort030,1717352,3434703
1709515050357,READ,./data/vort030,6869408,8586759
1709515050458,READ,./data/vort030,3434704,5152055
1709515050908,READ,./data/vort030,0,1717351
1709515050932,READ,./data/vort030,10304112,12021463
1709515051029,READ,./data/vort030,3434704,5152055
1709515051098,READ,./data/vort030,1717352,3434703
1709515051102,READ,./data/vort030,13738816,15456167
1709515051170,READ,./data/vort030,8586760,10304111
1709515051240,READ,./data/vort030,5152056,6869407
1709515051304,READ,./data/vort030,15456168,17173511
1709515051338,READ,./data/vort030,6869408,8586759
1709515051405,READ,./data/vort030,12021464,13738815
1709515052043,READ,./data/vort030,0,1717351
1709515052065,READ,./data/vort030,6869408,8586759
1709515052250,READ,./data/vort030,8586760,10304111
1709515052292,READ,./data/vort030,12021464,13738815
1709515052295,READ,./data/vort030,5152056,6869407
1709515052425,READ,./data/vort030,10304112,12021463
1709515052431,READ,./data/vort030,13738816,15456167
1709515052527,READ,./data/vort030,15456168,17173511
1709515052617,READ,./data/vort030,3434704,5152055
1709515052699,READ,./data/vort030,1717352,3434703
1709515053109,READ,./data/ux00031,0,1717351
1709515053150,READ,./data/ux00031,13738816,15456167
1709515053157,READ,./data/ux00031,8586760,10304111
1709515053242,READ,./data/ux00031,5152056,6869407
1709515053242,READ,./data/ux00031,10304112,12021463
1709515053332,READ,./data/ux00031,15456168,17173511
1709515053430,READ,./data/ux00031,12021464,13738815
1709515053493,READ,./data/ux00031,1717352,3434703
1709515053565,READ,./data/ux00031,6869408,8586759
1709515053624,READ,./data/ux00031,3434704,5152055
1709515054000,READ,./data/uy00031,0,1717351
1709515054026,READ,./data/uy00031,13738816,15456167
1709515054041,READ,./data/uy00031,8586760,10304111
1709515054121,READ,./data/uy00031,6869408,8586759
1709515054189,READ,./data/uy00031,5152056,6869407
1709515054232,READ,./data/uy00031,3434704,5152055
1709515054305,READ,./data/uy00031,1717352,3434703
1709515054361,READ,./data/uy00031,15456168,17173511
1709515054477,READ,./data/uy00031,12021464,13738815
1709515054596,READ,./data/uy00031,10304112,12021463
1709515054820,READ,./data/uz00031,0,1717351
1709515054873,READ,./data/uz00031,3434704,5152055
1709515054949,READ,./data/uz00031,10304112,12021463
1709515054956,READ,./data/uz00031,5152056,6869407
1709515054983,READ,./data/uz00031,1717352,3434703
1709515055046,READ,./data/uz00031,6869408,8586759
1709515055051,READ,./data/uz00031,13738816,15456167
1709515055138,READ,./data/uz00031,12021464,13738815
1709515055230,READ,./data/uz00031,15456168,17173511
1709515055231,READ,./data/uz00031,8586760,10304111
1709515055571,READ,./data/pp00031,0,1717351
1709515055580,READ,./data/pp00031,8586760,10304111
1709515055659,READ,./data/pp00031,15456168,17173511
1709515055664,READ,./data/pp00031,10304112,12021463
1709515055703,READ,./data/pp00031,1717352,3434703
1709515055728,READ,./data/pp00031,6869408,8586759
1709515055823,READ,./data/pp00031,3434704,5152055
1709515055881,READ,./data/pp00031,13738816,15456167
1709515055930,READ,./data/pp00031,12021464,13738815
1709515055953,READ,./data/pp00031,5152056,6869407
1709515056295,READ,./data/phi100031,0,1717351
1709515056332,READ,./data/phi100031,12021464,13738815
1709515056436,READ,./data/phi100031,10304112,12021463
1709515056486,READ,./data/phi100031,1717352,3434703
1709515056516,READ,./data/phi100031,15456168,17173511
1709515056615,READ,./data/phi100031,13738816,15456167
1709515056617,READ,./data/phi100031,5152056,6869407
1709515056726,READ,./data/phi100031,6869408,8586759
1709515056751,READ,./data/phi100031,3434704,5152055
1709515056787,READ,./data/phi100031,8586760,10304111
1709515056790,READ,./data/snap0000031.ini,0,301
1709515057240,READ,./data/vort031,10304112,12021463
1709515057244,READ,./data/vort031,0,1717351
1709515057252,READ,./data/vort031,13738816,15456167
1709515057306,READ,./data/vort031,3434704,5152055
1709515057446,READ,./data/vort031,12021464,13738815
1709515057518,READ,./data/vort031,6869408,8586759
1709515057575,READ,./data/vort031,5152056,6869407
1709515057577,READ,./data/vort031,8586760,10304111
1709515057597,READ,./data/vort031,15456168,17173511
1709515057636,READ,./data/vort031,1717352,3434703
1709515058141,READ,./data/vort031,0,1717351
1709515058182,READ,./data/vort031,13738816,15456167
1709515058193,READ,./data/vort031,5152056,6869407
1709515058198,READ,./data/vort031,10304112,12021463
1709515058292,READ,./data/vort031,12021464,13738815
1709515058381,READ,./data/vort031,6869408,8586759
1709515058407,READ,./data/vort031,15456168,17173511
1709515058421,READ,./data/vort031,8586760,10304111
1709515058451,READ,./data/vort031,1717352,3434703
1709515058508,READ,./data/vort031,3434704,5152055
1709515058892,READ,./data/vort031,0,1717351
1709515058938,READ,./data/vort031,5152056,6869407
1709515058943,READ,./data/vort031,10304112,12021463
1709515059038,READ,./data/vort031,6869408,8586759
1709515059044,READ,./data/vort031,13738816,15456167
1709515059081,READ,./data/vort031,1717352,3434703
1709515059091,READ,./data/vort031,8586760,10304111
1709515059212,READ,./data/vort031,12021464,13738815
1709515059239,READ,./data/vort031,3434704,5152055
1709515059277,READ,./data/vort031,15456168,17173511
1709515059858,READ,./data/vort031,0,1717351
1709515059904,READ,./data/vort031,13738816,15456167
1709515059917,READ,./data/vort031,10304112,12021463
1709515060011,READ,./data/vort031,8586760,10304111
1709515060037,READ,./data/vort031,3434704,5152055
1709515060129,READ,./data/vort031,5152056,6869407
1709515060193,READ,./data/vort031,15456168,17173511
1709515060240,READ,./data/vort031,1717352,3434703
1709515060281,READ,./data/vort031,12021464,13738815
1709515060375,READ,./data/vort031,6869408,8586759
1709515060732,READ,./data/ux00032,0,1717351
1709515060815,READ,./data/ux00032,3434704,5152055
1709515060817,READ,./data/ux00032,12021464,13738815
1709515060934,READ,./data/ux00032,6869408,8586759
1709515060976,READ,./data/ux00032,10304112,12021463
1709515061094,READ,./data/ux00032,1717352,3434703
1709515061106,READ,./data/ux00032,5152056,6869407
1709515061107,READ,./data/ux00032,13738816,15456167
1709515061195,READ,./data/ux00032,8586760,10304111
1709515061236,READ,./data/ux00032,15456168,17173511
1709515061610,READ,./data/uy00032,6869408,8586759
1709515061630,READ,./data/uy00032,0,1717351
1709515061680,READ,./data/uy00032,5152056,6869407
1709515061764,READ,./data/uy00032,12021464,13738815
1709515061864,READ,./data/uy00032,13738816,15456167
1709515061897,READ,./data/uy00032,1717352,3434703
1709515061970,READ,./data/uy00032,8586760,10304111
1709515062054,READ,./data/uy00032,3434704,5152055
1709515062143,READ,./data/uy00032,10304112,12021463
1709515062173,READ,./data/uy00032,15456168,17173511
1709515062544,READ,./data/uz00032,1717352,3434703
1709515062591,READ,./data/uz00032,0,1717351
1709515062595,READ,./data/uz00032,8586760,10304111
1709515062651,READ,./data/uz00032,6869408,8586759
1709515062656,READ,./data/uz00032,15456168,17173511
1709515062749,READ,./data/uz00032,12021464,13738815
1709515062843,READ,./data/uz00032,10304112,12021463
1709515062851,READ,./data/uz00032,13738816,15456167
1709515062912,READ,./data/uz00032,3434704,5152055
1709515062964,READ,./data/uz00032,5152056,6869407
1709515063248,READ,./data/pp00032,3434704,5152055
1709515063252,READ,./data/pp00032,15456168,17173511
1709515063317,READ,./data/pp00032,12021464,13738815
1709515063356,READ,./data/pp00032,5152056,6869407
1709515063423,READ,./data/pp00032,6869408,8586759
1709515063448,READ,./data/pp00032,13738816,15456167
1709515063488,READ,./data/pp00032,1717352,3434703
1709515063532,READ,./data/pp00032,0,1717351
1709515063541,READ,./data/pp00032,10304112,12021463
1709515063585,READ,./data/pp00032,8586760,10304111
1709515063964,READ,./data/phi100032,5152056,6869407
1709515063977,READ,./data/phi100032,0,1717351
1709515063979,READ,./data/phi100032,12021464,13738815
1709515064057,READ,./data/phi100032,13738816,15456167
1709515064103,READ,./data/phi100032,15456168,17173511
1709515064193,READ,./data/phi100032,6869408,8586759
1709515064241,READ,./data/phi100032,1717352,3434703
1709515064246,READ,./data/phi100032,8586760,10304111
1709515064294,READ,./data/phi100032,10304112,12021463
1709515064321,READ,./data/phi100032,3434704,5152055
1709515064334,READ,./data/snap0000032.ini,0,301
1709515064714,READ,./data/vort032,0,1717351
1709515064737,READ,./data/vort032,13738816,15456167
1709515064742,READ,./data/vort032,6869408,8586759
1709515064858,READ,./data/vort032,3434704,5152055
1709515064915,READ,./data/vort032,10304112,12021463
1709515064955,READ,./data/vort032,5152056,6869407
1709515065059,READ,./data/vort032,1717352,3434703
1709515065107,READ,./data/vort032,12021464,13738815
1709515065203,READ,./data/vort032,8586760,10304111
1709515065248,READ,./data/vort032,15456168,17173511
1709515065658,READ,./data/vort032,0,1717351
1709515065702,READ,./data/vort032,10304112,12021463
1709515065780,READ,./data/vort032,8586760,10304111
1709515065812,READ,./data/vort032,1717352,3434703
1709515065863,READ,./data/vort032,3434704,5152055
1709515065865,READ,./data/vort032,15456168,17173511
1709515065936,READ,./data/vort032,13738816,15456167
1709515065989,READ,./data/vort032,12021464,13738815
1709515066088,READ,./data/vort032,6869408,8586759
1709515066203,READ,./data/vort032,5152056,6869407
1709515066667,READ,./data/vort032,0,1717351
1709515066708,READ,./data/vort032,6869408,8586759
1709515066718,READ,./data/vort032,13738816,15456167
1709515066797,READ,./data/vort032,10304112,12021463
1709515066835,READ,./data/vort032,8586760,10304111
1709515066897,READ,./data/vort032,5152056,6869407
1709515066993,READ,./data/vort032,12021464,13738815
1709515067039,READ,./data/vort032,3434704,5152055
1709515067073,READ,./data/vort032,1717352,3434703
1709515067103,READ,./data/vort032,15456168,17173511
1709515067584,READ,./data/vort032,0,1717351
1709515067630,READ,./data/vort032,15456168,17173511
1709515067641,READ,./data/vort032,5152056,6869407
1709515067730,READ,./data/vort032,3434704,5152055
1709515067787,READ,./data/vort032,12021464,13738815
1709515067862,READ,./data/vort032,8586760,10304111
1709515067930,READ,./data/vort032,10304112,12021463
1709515067932,READ,./data/vort032,13738816,15456167
1709515068014,READ,./data/vort032,6869408,8586759
1709515068078,READ,./data/vort032,1717352,3434703
1709515068575,READ,./data/ux00033,0,1717351
1709515068593,READ,./data/ux00033,6869408,8586759
1709515068630,READ,./data/ux00033,1717352,3434703
1709515068702,READ,./data/ux00033,5152056,6869407
1709515068757,READ,./data/ux00033,8586760,10304111
1709515068787,READ,./data/ux00033,3434704,5152055
1709515068796,READ,./data/ux00033,13738816,15456167
1709515068863,READ,./data/ux00033,15456168,17173511
1709515068917,READ,./data/ux00033,12021464,13738815
1709515068986,READ,./data/ux00033,10304112,12021463
1709515069378,READ,./data/uy00033,0,1717351
1709515069426,READ,./data/uy00033,1717352,3434703
1709515069426,READ,./data/uy00033,10304112,12021463
1709515069502,READ,./data/uy00033,6869408,8586759
1709515069593,READ,./data/uy00033,5152056,6869407
1709515069619,READ,./data/uy00033,3434704,5152055
1709515069650,READ,./data/uy00033,12021464,13738815
1709515069739,READ,./data/uy00033,13738816,15456167
1709515069803,READ,./data/uy00033,15456168,17173511
1709515069875,READ,./data/uy00033,8586760,10304111
1709515070278,READ,./data/uz00033,0,1717351
1709515070326,READ,./data/uz00033,3434704,5152055
1709515070327,READ,./data/uz00033,10304112,12021463
1709515070369,READ,./data/uz00033,1717352,3434703
1709515070377,READ,./data/uz00033,15456168,17173511
1709515070490,READ,./data/uz00033,6869408,8586759
1709515070568,READ,./data/uz00033,5152056,6869407
1709515070616,READ,./data/uz00033,12021464,13738815
1709515070655,READ,./data/uz00033,13738816,15456167
1709515070698,READ,./data/uz00033,8586760,10304111
1709515071102,READ,./data/pp00033,0,1717351
1709515071147,READ,./data/pp00033,8586760,10304111
1709515071158,READ,./data/pp00033,15456168,17173511
1709515071265,READ,./data/pp00033,5152056,6869407
1709515071270,READ,./data/pp00033,13738816,15456167
1709515071339,READ,./data/pp00033,10304112,12021463
1709515071415,READ,./data/pp00033,6869408,8586759
1709515071445,READ,./data/pp00033,1717352,3434703
1709515071505,READ,./data/pp00033,12021464,13738815
1709515071569,READ,./data/pp00033,3434704,5152055
1709515071784,READ,./data/phi100033,3434704,5152055
1709515071848,READ,./data/phi100033,0,1717351
1709515071924,READ,./data/phi100033,12021464,13738815
1709515071929,READ,./data/phi100033,5152056,6869407
1709515072024,READ,./data/phi100033,10304112,12021463
1709515072049,READ,./data/phi100033,1717352,3434703
1709515072086,READ,./data/phi100033,8586760,10304111
1709515072137,READ,./data/phi100033,15456168,17173511
1709515072217,READ,./data/phi100033,6869408,8586759
1709515072258,READ,./data/phi100033,13738816,15456167
1709515072270,READ,./data/snap0000033.ini,0,301
1709515072672,READ,./data/vort033,13738816,15456167
1709515072679,READ,./data/vort033,0,1717351
1709515072685,READ,./data/vort033,5152056,6869407
1709515072688,READ,./data/vort033,10304112,12021463
1709515072753,READ,./data/vort033,1717352,3434703
1709515072827,READ,./data/vort033,3434704,5152055
1709515072884,READ,./data/vort033,8586760,10304111
1709515072955,READ,./data/vort033,12021464,13738815
1709515072994,READ,./data/vort033,15456168,17173511
1709515073070,READ,./data/vort033,6869408,8586759
1709515073547,READ,./data/vort033,0,1717351
1709515073633,READ,./data/vort033,8586760,10304111
1709515073641,READ,./data/vort033,13738816,15456167
1709515073650,READ,./data/vort033,5152056,6869407
1709515073828,READ,./data/vort033,3434704,5152055
1709515073872,READ,./data/vort033,1717352,3434703
1709515073945,READ,./data/vort033,10304112,12021463
1709515074011,READ,./data/vort033,12021464,13738815
1709515074052,READ,./data/vort033,15456168,17173511
1709515074097,READ,./data/vort033,6869408,8586759
1709515074676,READ,./data/vort033,0,1717351
1709515074718,READ,./data/vort033,8586760,10304111
1709515074785,READ,./data/vort033,13738816,15456167
1709515074791,READ,./data/vort033,10304112,12021463
1709515074877,READ,./data/vort033,12021464,13738815
1709515074926,READ,./data/vort033,3434704,5152055
1709515074952,READ,./data/vort033,15456168,17173511
1709515075023,READ,./data/vort033,1717352,3434703
1709515075107,READ,./data/vort033,5152056,6869407
1709515075206,READ,./data/vort033,6869408,8586759
1709515075912,READ,./data/vort033,0,1717351
1709515075952,READ,./data/vort033,6869408,8586759
1709515076035,READ,./data/vort033,8586760,10304111
1709515076078,READ,./data/vort033,12021464,13738815
1709515076195,READ,./data/vort033,15456168,17173511
1709515076326,READ,./data/vort033,10304112,12021463
1709515076358,READ,./data/vort033,13738816,15456167
1709515076390,READ,./data/vort033,1717352,3434703
1709515076469,READ,./data/vort033,5152056,6869407
1709515076542,READ,./data/vort033,3434704,5152055
1709515076973,READ,./data/ux00034,13738816,15456167
1709515076995,READ,./data/ux00034,0,1717351
1709515077100,READ,./data/ux00034,12021464,13738815
1709515077218,READ,./data/ux00034,10304112,12021463
1709515077242,READ,./data/ux00034,15456168,17173511
1709515077291,READ,./data/ux00034,1717352,3434703
1709515077393,READ,./data/ux00034,3434704,5152055
1709515077487,READ,./data/ux00034,6869408,8586759
1709515077554,READ,./data/ux00034,5152056,6869407
1709515077585,READ,./data/ux00034,8586760,10304111
1709515077812,READ,./data/uy00034,0,1717351
1709515077816,READ,./data/uy00034,13738816,15456167
1709515077907,READ,./data/uy00034,5152056,6869407
1709515077907,READ,./data/uy00034,12021464,13738815
1709515077960,READ,./data/uy00034,1717352,3434703
1709515078034,READ,./data/uy00034,8586760,10304111
1709515078092,READ,./data/uy00034,10304112,12021463
1709515078176,READ,./data/uy00034,6869408,8586759
1709515078204,READ,./data/uy00034,15456168,17173511
1709515078277,READ,./data/uy00034,3434704,5152055
1709515078643,READ,./data/uz00034,0,1717351
1709515078672,READ,./data/uz00034,12021464,13738815
1709515078800,READ,./data/uz00034,8586760,10304111
1709515078804,READ,./data/uz00034,5152056,6869407
1709515078846,READ,./data/uz00034,10304112,12021463
1709515078988,READ,./data/uz00034,6869408,8586759
1709515079050,READ,./data/uz00034,13738816,15456167
1709515079091,READ,./data/uz00034,1717352,3434703
1709515079159,READ,./data/uz00034,15456168,17173511
1709515079216,READ,./data/uz00034,3434704,5152055
1709515079573,READ,./data/pp00034,0,1717351
1709515079603,READ,./data/pp00034,13738816,15456167
1709515079611,READ,./data/pp00034,6869408,8586759
1709515079719,READ,./data/pp00034,10304112,12021463
1709515079741,READ,./data/pp00034,5152056,6869407
1709515079757,READ,./data/pp00034,1717352,3434703
1709515079997,READ,./data/pp00034,8586760,10304111
1709515080188,READ,./data/pp00034,12021464,13738815
1709515080264,READ,./data/pp00034,3434704,5152055
1709515080287,READ,./data/pp00034,15456168,17173511
1709515080628,READ,./data/phi100034,0,1717351
1709515080647,READ,./data/phi100034,13738816,15456167
1709515080696,READ,./data/phi100034,3434704,5152055
1709515080756,READ,./data/phi100034,15456168,17173511
1709515080766,READ,./data/phi100034,8586760,10304111
1709515080859,READ,./data/phi100034,12021464,13738815
1709515080920,READ,./data/phi100034,1717352,3434703
1709515080989,READ,./data/phi100034,5152056,6869407
1709515081045,READ,./data/phi100034,10304112,12021463
1709515081111,READ,./data/phi100034,6869408,8586759
1709515081123,READ,./data/snap0000034.ini,0,301
1709515081578,READ,./data/vort034,0,1717351
1709515081646,READ,./data/vort034,3434704,5152055
1709515081655,READ,./data/vort034,8586760,10304111
1709515081738,READ,./data/vort034,1717352,3434703
1709515081840,READ,./data/vort034,12021464,13738815
1709515081916,READ,./data/vort034,13738816,15456167
1709515081963,READ,./data/vort034,15456168,17173511
1709515082061,READ,./data/vort034,6869408,8586759
1709515082098,READ,./data/vort034,10304112,12021463
1709515082168,READ,./data/vort034,5152056,6869407
1709515082693,READ,./data/vort034,0,1717351
1709515082746,READ,./data/vort034,12021464,13738815
1709515082849,READ,./data/vort034,6869408,8586759
1709515082976,READ,./data/vort034,3434704,5152055
1709515083021,READ,./data/vort034,15456168,17173511
1709515083068,READ,./data/vort034,1717352,3434703
1709515083132,READ,./data/vort034,13738816,15456167
1709515083204,READ,./data/vort034,8586760,10304111
1709515083286,READ,./data/vort034,10304112,12021463
1709515083361,READ,./data/vort034,5152056,6869407
1709515083904,READ,./data/vort034,0,1717351
1709515083945,READ,./data/vort034,5152056,6869407
1709515083956,READ,./data/vort034,10304112,12021463
1709515084065,READ,./data/vort034,3434704,5152055
1709515084148,READ,./data/vort034,1717352,3434703
1709515084213,READ,./data/vort034,12021464,13738815
1709515084301,READ,./data/vort034,13738816,15456167
1709515084348,READ,./data/vort034,15456168,17173511
1709515084405,READ,./data/vort034,8586760,10304111
1709515084489,READ,./data/vort034,6869408,8586759
1709515085002,READ,./data/vort034,0,1717351
1709515085060,READ,./data/vort034,13738816,15456167
1709515085112,READ,./data/vort034,1717352,3434703
1709515085236,READ,./data/vort034,12021464,13738815
1709515085238,READ,./data/vort034,5152056,6869407
1709515085342,READ,./data/vort034,15456168,17173511
1709515085438,READ,./data/vort034,3434704,5152055
1709515085511,READ,./data/vort034,10304112,12021463
1709515085549,READ,./data/vort034,6869408,8586759
1709515085594,READ,./data/vort034,8586760,10304111
1709515085982,READ,./data/ux00035,3434704,5152055
1709515086065,READ,./data/ux00035,0,1717351
1709515086084,READ,./data/ux00035,13738816,15456167
1709515086154,READ,./data/ux00035,12021464,13738815
1709515086232,READ,./data/ux00035,8586760,10304111
1709515086341,READ,./data/ux00035,15456168,17173511
1709515086427,READ,./data/ux00035,6869408,8586759
1709515086470,READ,./data/ux00035,1717352,3434703
1709515086499,READ,./data/ux00035,10304112,12021463
1709515086591,READ,./data/ux00035,5152056,6869407
1709515086895,READ,./data/uy00035,0,1717351
1709515086899,READ,./data/uy00035,6869408,8586759
1709515086975,READ,./data/uy00035,1717352,3434703
1709515087076,READ,./data/uy00035,3434704,5152055
1709515087078,READ,./data/uy00035,13738816,15456167
1709515087138,READ,./data/uy00035,10304112,12021463
1709515087226,READ,./data/uy00035,15456168,17173511
1709515087259,READ,./data/uy00035,8586760,10304111
1709515087337,READ,./data/uy00035,12021464,13738815
1709515087430,READ,./data/uy00035,5152056,6869407
1709515087794,READ,./data/uz00035,3434704,5152055
1709515087847,READ,./data/uz00035,0,1717351
1709515087868,READ,./data/uz00035,12021464,13738815
1709515087886,READ,./data/uz00035,1717352,3434703
1709515087973,READ,./data/uz00035,15456168,17173511
1709515088026,READ,./data/uz00035,8586760,10304111
1709515088092,READ,./data/uz00035,6869408,8586759
1709515088162,READ,./data/uz00035,13738816,15456167
1709515088222,READ,./data/uz00035,10304112,12021463
1709515088343,READ,./data/uz00035,5152056,6869407
1709515088640,READ,./data/pp00035,0,1717351
1709515088653,READ,./data/pp00035,13738816,15456167
1709515088727,READ,./data/pp00035,3434704,5152055
1709515088802,READ,./data/pp00035,5152056,6869407
1709515088805,READ,./data/pp00035,8586760,10304111
1709515088875,READ,./data/pp00035,10304112,12021463
1709515088909,READ,./data/pp00035,1717352,3434703
1709515088940,READ,./data/pp00035,6869408,8586759
1709515089005,READ,./data/pp00035,12021464,13738815
1709515089085,READ,./data/pp00035,15456168,17173511
1709515089434,READ,./data/phi100035,0,1717351
1709515089472,READ,./data/phi100035,13738816,15456167
1709515089515,READ,./data/phi100035,3434704,5152055
1709515089599,READ,./data/phi100035,12021464,13738815
1709515089687,READ,./data/phi100035,10304112,12021463
1709515089747,READ,./data/phi100035,8586760,10304111
1709515089755,READ,./data/phi100035,15456168,17173511
1709515089861,READ,./data/phi100035,6869408,8586759
1709515089897,READ,./data/phi100035,5152056,6869407
1709515089931,READ,./data/phi100035,1717352,3434703
1709515089943,READ,./data/snap0000035.ini,0,301
1709515090254,READ,./data/vort035,0,1717351
1709515090255,READ,./data/vort035,6869408,8586759
1709515090321,READ,./data/vort035,1717352,3434703
1709515090376,READ,./data/vort035,10304112,12021463
1709515090459,READ,./data/vort035,5152056,6869407
1709515090492,READ,./data/vort035,8586760,10304111
1709515090563,READ,./data/vort035,3434704,5152055
1709515090577,READ,./data/vort035,15456168,17173511
1709515090657,READ,./data/vort035,13738816,15456167
1709515090736,READ,./data/vort035,12021464,13738815
1709515091226,READ,./data/vort035,0,1717351
1709515091253,READ,./data/vort035,15456168,17173511
1709515091263,READ,./data/vort035,5152056,6869407
1709515091341,READ,./data/vort035,12021464,13738815
1709515091445,READ,./data/vort035,10304112,12021463
1709515091505,READ,./data/vort035,13738816,15456167
1709515091603,READ,./data/vort035,3434704,5152055
1709515091713,READ,./data/vort035,8586760,10304111
1709515091805,READ,./data/vort035,6869408,8586759
1709515091898,READ,./data/vort035,1717352,3434703
1709515092619,READ,./data/vort035,0,1717351
1709515092667,READ,./data/vort035,6869408,8586759
1709515092673,READ,./data/vort035,15456168,17173511
1709515092752,READ,./data/vort035,8586760,10304111
1709515092796,READ,./data/vort035,10304112,12021463
1709515092880,READ,./data/vort035,3434704,5152055
1709515092943,READ,./data/vort035,12021464,13738815
1709515092988,READ,./data/vort035,1717352,3434703
1709515093089,READ,./data/vort035,13738816,15456167
1709515093149,READ,./data/vort035,5152056,6869407
1709515093645,READ,./data/vort035,0,1717351
1709515093697,READ,./data/vort035,10304112,12021463
1709515093702,READ,./data/vort035,13738816,15456167
1709515093799,READ,./data/vort035,8586760,10304111
1709515093802,READ,./data/vort035,5152056,6869407
1709515093893,READ,./data/vort035,3434704,5152055
1709515094008,READ,./data/vort035,12021464,13738815
1709515094087,READ,./data/vort035,6869408,8586759
1709515094134,READ,./data/vort035,1717352,3434703
1709515094236,READ,./data/vort035,15456168,17173511
1709515094579,READ,./data/ux00036,13738816,15456167
1709515094591,READ,./data/ux00036,0,1717351
1709515094685,READ,./data/ux00036,15456168,17173511
1709515094706,READ,./data/ux00036,10304112,12021463
1709515094782,READ,./data/ux00036,6869408,8586759
1709515094850,READ,./data/ux00036,12021464,13738815
1709515094928,READ,./data/ux00036,5152056,6869407
1709515094988,READ,./data/ux00036,1717352,3434703
1709515095109,READ,./data/ux00036,3434704,5152055
1709515095180,READ,./data/ux00036,8586760,10304111
1709515095505,READ,./data/uy00036,3434704,5152055
1709515095508,READ,./data/uy00036,10304112,12021463
1709515095568,READ,./data/uy00036,0,1717351
1709515095623,READ,./data/uy00036,5152056,6869407
1709515095714,READ,./data/uy00036,8586760,10304111
1709515095758,READ,./data/uy00036,12021464,13738815
1709515095900,READ,./data/uy00036,15456168,17173511
1709515095932,READ,./data/uy00036,13738816,15456167
1709515095987,READ,./data/uy00036,1717352,3434703
1709515096000,READ,./data/uy00036,6869408,8586759
1709515096311,READ,./data/uz00036,0,1717351
1709515096333,READ,./data/uz00036,13738816,15456167
1709515096337,READ,./data/uz00036,6869408,8586759
1709515096416,READ,./data/uz00036,8586760,10304111
1709515096447,READ,./data/uz00036,10304112,12021463
1709515096526,READ,./data/uz00036,5152056,6869407
1709515096575,READ,./data/uz00036,3434704,5152055
1709515096662,READ,./data/uz00036,1717352,3434703
1709515096742,READ,./data/uz00036,12021464,13738815
1709515096766,READ,./data/uz00036,15456168,17173511
1709515097056,READ,./data/pp00036,0,1717351
1709515097100,READ,./data/pp00036,15456168,17173511
1709515097122,READ,./data/pp00036,10304112,12021463
1709515097164,READ,./data/pp00036,1717352,3434703
1709515097266,READ,./data/pp00036,12021464,13738815
1709515097297,READ,./data/pp00036,6869408,8586759
1709515097404,READ,./data/pp00036,8586760,10304111
1709515097408,READ,./data/pp00036,3434704,5152055
1709515097442,READ,./data/pp00036,5152056,6869407
1709515097490,READ,./data/pp00036,13738816,15456167
1709515097817,READ,./data/phi100036,0,1717351
1709515097837,READ,./data/phi100036,5152056,6869407
1709515097905,READ,./data/phi100036,6869408,8586759
1709515098003,READ,./data/phi100036,15456168,17173511
1709515098007,READ,./data/phi100036,10304112,12021463
1709515098086,READ,./data/phi100036,8586760,10304111
1709515098122,READ,./data/phi100036,3434704,5152055
1709515098245,READ,./data/phi100036,12021464,13738815
1709515098292,READ,./data/phi100036,1717352,3434703
1709515098317,READ,./data/phi100036,13738816,15456167
1709515098329,READ,./data/snap0000036.ini,0,301
1709515098732,READ,./data/vort036,0,1717351
1709515098743,READ,./data/vort036,13738816,15456167
1709515098753,READ,./data/vort036,10304112,12021463
1709515098875,READ,./data/vort036,12021464,13738815
1709515098945,READ,./data/vort036,8586760,10304111
1709515099026,READ,./data/vort036,15456168,17173511
1709515099088,READ,./data/vort036,1717352,3434703
1709515099220,READ,./data/vort036,3434704,5152055
1709515099298,READ,./data/vort036,6869408,8586759
1709515099424,READ,./data/vort036,5152056,6869407
1709515099857,READ,./data/vort036,0,1717351
1709515099923,READ,./data/vort036,12021464,13738815
1709515099986,READ,./data/vort036,1717352,3434703
1709515100070,READ,./data/vort036,15456168,17173511
1709515100196,READ,./data/vort036,13738816,15456167
1709515100237,READ,./data/vort036,6869408,8586759
1709515100273,READ,./data/vort036,8586760,10304111
1709515100347,READ,./data/vort036,3434704,5152055
1709515100399,READ,./data/vort036,10304112,12021463
1709515100433,READ,./data/vort036,5152056,6869407
1709515100847,READ,./data/vort036,0,1717351
1709515100890,READ,./data/vort036,12021464,13738815
1709515100994,READ,./data/vort036,6869408,8586759
1709515101054,READ,./data/vort036,13738816,15456167
1709515101148,READ,./data/vort036,3434704,5152055
1709515101157,READ,./data/vort036,8586760,10304111
1709515101275,READ,./data/vort036,1717352,3434703
1709515101348,READ,./data/vort036,10304112,12021463
1709515101373,READ,./data/vort036,5152056,6869407
1709515101405,READ,./data/vort036,15456168,17173511
1709515101910,READ,./data/vort036,0,1717351
1709515101945,READ,./data/vort036,12021464,13738815
1709515102061,READ,./data/vort036,10304112,12021463
1709515102134,READ,./data/vort036,3434704,5152055
1709515102189,READ,./data/vort036,5152056,6869407
1709515102218,READ,./data/vort036,8586760,10304111
1709515102299,READ,./data/vort036,15456168,17173511
1709515102301,READ,./data/vort036,6869408,8586759
1709515102347,READ,./data/vort036,1717352,3434703
1709515102385,READ,./data/vort036,13738816,15456167
1709515102783,READ,./data/ux00037,0,1717351
1709515102794,READ,./data/ux00037,13738816,15456167
1709515102847,READ,./data/ux00037,3434704,5152055
1709515102895,READ,./data/ux00037,8586760,10304111
1709515102901,READ,./data/ux00037,1717352,3434703
1709515102953,READ,./data/ux00037,15456168,17173511
1709515103054,READ,./data/ux00037,12021464,13738815
1709515103104,READ,./data/ux00037,5152056,6869407
1709515103136,READ,./data/ux00037,10304112,12021463
1709515103245,READ,./data/ux00037,6869408,8586759
1709515103554,READ,./data/uy00037,5152056,6869407
1709515103555,READ,./data/uy00037,0,1717351
1709515103652,READ,./data/uy00037,3434704,5152055
1709515103653,READ,./data/uy00037,8586760,10304111
1709515103729,READ,./data/uy00037,1717352,3434703
1709515103786,READ,./data/uy00037,12021464,13738815
1709515103884,READ,./data/uy00037,15456168,17173511
1709515103921,READ,./data/uy00037,10304112,12021463
1709515103994,READ,./data/uy00037,13738816,15456167
1709515104124,READ,./data/uy00037,6869408,8586759
1709515104370,READ,./data/uz00037,0,1717351
1709515104428,READ,./data/uz00037,12021464,13738815
1709515104432,READ,./data/uz00037,1717352,3434703
1709515104523,READ,./data/uz00037,6869408,8586759
1709515104591,READ,./data/uz00037,5152056,6869407
1709515104602,READ,./data/uz00037,10304112,12021463
1709515104625,READ,./data/uz00037,3434704,5152055
1709515104683,READ,./data/uz00037,8586760,10304111
1709515104732,READ,./data/uz00037,15456168,17173511
1709515104788,READ,./data/uz00037,13738816,15456167
1709515105107,READ,./data/pp00037,0,1717351
1709515105123,READ,./data/pp00037,13738816,15456167
1709515105176,READ,./data/pp00037,1717352,3434703
1709515105224,READ,./data/pp00037,3434704,5152055
1709515105300,READ,./data/pp00037,6869408,8586759
1709515105410,READ,./data/pp00037,8586760,10304111
1709515105471,READ,./data/pp00037,15456168,17173511
1709515105602,READ,./data/pp00037,12021464,13738815
1709515105729,READ,./data/pp00037,10304112,12021463
1709515105737,READ,./data/pp00037,5152056,6869407
1709515105940,READ,./data/phi100037,8586760,10304111
1709515105941,READ,./data/phi100037,0,1717351
1709515106024,READ,./data/phi100037,12021464,13738815
1709515106026,READ,./data/phi100037,5152056,6869407
1709515106052,READ,./data/phi100037,10304112,12021463
1709515106132,READ,./data/phi100037,6869408,8586759
1709515106158,READ,./data/phi100037,1717352,3434703
1709515106233,READ,./data/phi100037,13738816,15456167
1709515106283,READ,./data/phi100037,3434704,5152055
1709515106341,READ,./data/phi100037,15456168,17173511
1709515106370,READ,./data/snap0000037.ini,0,301
1709515106657,READ,./data/vort037,0,1717351
1709515106679,READ,./data/vort037,10304112,12021463
1709515106701,READ,./data/vort037,5152056,6869407
1709515106757,READ,./data/vort037,12021464,13738815
1709515106805,READ,./data/vort037,1717352,3434703
1709515106869,READ,./data/vort037,6869408,8586759
1709515106902,READ,./data/vort037,8586760,10304111
1709515106939,READ,./data/vort037,3434704,5152055
1709515107015,READ,./data/vort037,13738816,15456167
1709515107094,READ,./data/vort037,15456168,17173511
1709515107560,READ,./data/vort037,0,1717351
1709515107616,READ,./data/vort037,13738816,15456167
1709515107665,READ,./data/vort037,1717352,3434703
1709515107668,READ,./data/vort037,5152056,6869407
1709515107732,READ,./data/vort037,3434704,5152055
1709515107736,READ,./data/vort037,8586760,10304111
1709515107829,READ,./data/vort037,12021464,13738815
1709515107867,READ,./data/vort037,6869408,8586759
1709515107891,READ,./data/vort037,15456168,17173511
1709515107940,READ,./data/vort037,10304112,12021463
1709515108330,READ,out/restart0000150,0,1717351
1709515108389,READ,out/restart0000150,3434704,5152055
1709515108391,READ,out/restart0000150,12021464,13738815
1709515108470,READ,out/restart0000150,8586760,10304111
1709515108516,READ,out/restart0000150,10304112,12021463
1709515108580,READ,out/restart0000150,1717352,3434703
1709515108638,READ,out/restart0000150,15456168,17173511
1709515108678,READ,out/restart0000150,13738816,15456167
1709515108757,READ,out/restart0000150,5152056,6869407
1709515108839,READ,out/restart0000150,6869408,8586759
1709515108856,READ,out/restart0000150,24042920,25760271
1709515108948,READ,out/restart0000150,22325568,24042919
1709515108972,READ,out/restart0000150,25760272,27477623
1709515108995,READ,out/restart0000150,29194976,30912327
1709515109044,READ,out/restart0000150,20608216,22325567
1709515109080,READ,out/restart0000150,17173512,18890863
1709515109126,READ,out/restart0000150,18890864,20608215
1709515109207,READ,out/restart0000150,30912328,32629679
1709515109246,READ,out/restart0000150,27477624,29194975
1709515109263,READ,out/restart0000150,32629680,34347023
1709515109280,READ,out/restart0000150,48085840,49803191
1709515109336,READ,out/restart0000150,44651136,46368487
1709515109361,READ,out/restart0000150,37781728,39499079
1709515109362,READ,out/restart0000150,46368488,48085839
1709515109459,READ,out/restart0000150,41216432,42933783
1709515109492,READ,out/restart0000150,36064376,37781727
1709515109512,READ,out/restart0000150,42933784,44651135
1709515109572,READ,out/restart0000150,34347024,36064375
1709515109591,READ,out/restart0000150,49803192,51520535
1709515109594,READ,out/restart0000150,39499080,41216431
1709515109599,READ,out/restart0000150,65259352,66976703
1709515109610,READ,out/restart0000150,54955240,56672591
1709515109612,READ,out/restart0000150,60107296,61824647
1709515109654,READ,out/restart0000150,51520536,53237887
1709515109695,READ,out/restart0000150,56672592,58389943
1709515109757,READ,out/restart0000150,53237888,54955239
1709515109759,READ,out/restart0000150,61824648,63541999
1709515109906,READ,out/restart0000150,58389944,60107295
1709515109919,READ,out/restart0000150,63542000,65259351
1709515110005,READ,out/restart0000150,66976704,68694047
1709515110009,READ,out/restart0000150,82432864,84150215
1709515110017,READ,out/restart0000150,75563456,77280807
1709515110074,READ,out/restart0000150,72128752,73846103
1709515110090,READ,out/restart0000150,77280808,78998159
1709515110148,READ,out/restart0000150,70411400,72128751
1709515110173,READ,out/restart0000150,80715512,82432863
1709515110213,READ,out/restart0000150,78998160,80715511
1709515110225,READ,out/restart0000150,68694048,70411399
1709515110334,READ,out/restart0000150,73846104,75563455
1709515110334,READ,out/restart0000150,84150216,85867559
1709515110338,READ,out/restart0000150,101323728,103041071
1709515110373,READ,out/restart0000150,85867560,87584911
1709515110374,READ,out/restart0000150,91019616,92736967
1709515110445,READ,out/restart0000150,96171672,97889023
1709515110483,READ,out/restart0000150,89302264,91019615
1709515110509,READ,out/restart0000150,92736968,94454319
1709515110577,READ,out/restart0000150,87584912,89302263
1709515110643,READ,out/restart0000150,99606376,101323727
1709515110667,READ,out/restart0000150,97889024,99606375
1709515110679,READ,out/restart0000150,94454320,96171671
1709515110683,READ,out/restart0000150,118497240,120214583
1709515110751,READ,out/restart0000150,106475776,108193127
1709515110752,READ,out/restart0000150,116779888,118497239
1709515110826,READ,out/restart0000150,108193128,109910479
1709515110828,READ,out/restart0000150,103041072,104758423
1709515110874,READ,out/restart0000150,115062536,116779887
1709515110910,READ,out/restart0000150,104758424,106475775
1709515110969,READ,out/restart0000150,109910480,111627831
1709515110973,READ,out/restart0000150,113345184,115062535
1709515111013,READ,out/restart0000150,111627832,113345183
1709515111018,READ,out/restart0000150,135670752,137388095
1709515111037,READ,out/restart0000150,127083992,128801343
1709515111089,READ,out/restart0000150,133953400,135670751
1709515111204,READ,out/restart0000150,120214584,121931935
1709515111249,READ,out/restart0000150,125366640,127083991
1709515111268,READ,out/restart0000150,121931936,123649287
1709515111341,READ,out/restart0000150,123649288,125366639
1709515111374,READ,out/restart0000150,130518696,132236047
1709515111497,READ,out/restart0000150,132236048,133953399
1709515111594,READ,out/restart0000150,128801344,130518695
1709515111609,READ,out/restart0000150,144257504,145974855
1709515111610,READ,out/restart0000150,152844264,154561607
1709515111671,READ,out/restart0000150,142540152,144257503
1709515111700,READ,out/restart0000150,149409560,151126911
1709515111726,READ,out/restart0000150,140822800,142540151
1709515111752,READ,out/restart0000150,145974856,147692207
1709515111765,READ,out/restart0000150,139105448,140822799
1709515111774,READ,out/restart0000150,151126912,152844263
1709515111821,READ,out/restart0000150,147692208,149409559
1709515111835,READ,out/restart0000150,137388096,139105447
1709515111849,READ,out/restart0000150,169779069,171469895
1709515111863,READ,out/restart0000150,157943266,159634094
1709515111920,READ,out/restart0000150,163015753,164706581
1709515111989,READ,out/restart0000150,161324924,163015752
1709515112037,READ,out/restart0000150,168088240,169779068
1709515112071,READ,out/restart0000150,154561608,156252436
1709515112123,READ,out/restart0000150,156252437,157943265
1709515112167,READ,out/restart0000150,166397411,168088239
1709515112261,READ,out/restart0000150,159634095,161324923
1709515112290,READ,out/restart0000150,164706582,166397410
1709515112294,READ,out/restart0000150,186926064,188643407
1709515112301,READ,out/restart0000150,178339304,180056655
1709515112362,READ,out/restart0000150,185208712,186926063
1709515112412,READ,out/restart0000150,174904600,176621951
1709515112438,READ,out/restart0000150,176621952,178339303
1709515112512,READ,out/restart0000150,171469896,173187247
1709515112557,READ,out/restart0000150,180056656,181774007
1709515112618,READ,out/restart0000150,181774008,183491359
1709515112673,READ,out/restart0000150,183491360,185208711
1709515112697,READ,out/restart0000150,173187248,174904599
1709515112702,READ,out/restart0000150,204099576,205816919
1709515112723,READ,out/restart0000150,192078112,193795463
1709515112784,READ,out/restart0000150,193795464,195512815
1709515112856,READ,out/restart0000150,188643408,190360759
1709515112914,READ,out/restart0000150,202382224,204099575
1709515112952,READ,out/restart0000150,198947520,200664871
1709515113034,READ,out/restart0000150,195512816,197230167
1709515113062,READ,out/restart0000150,200664872,202382223
1709515113084,READ,out/restart0000150,190360760,192078111
1709515113127,READ,out/restart0000150,197230168,198947519
1709515113152,READ,out/restart0000150,221273088,222990431
1709515113206,READ,out/restart0000150,219555736,221273087
1709515113248,READ,out/restart0000150,210968976,212686327
1709515113257,READ,out/restart0000150,217838384,219555735
1709515113267,READ,out/restart0000150,207534272,209251623
1709515113299,READ,out/restart0000150,212686328,214403679
1709515113341,READ,out/restart0000150,214403680,216121031
1709515113345,READ,out/restart0000150,209251624,210968975
1709515113422,READ,out/restart0000150,205816920,207534271
1709515113476,READ,out/restart0000150,216121032,217838383
1709515113529,READ,out/restart0000150.info,0,538
1709515113866,READ,./data/vort037,0,1717351
1709515113909,READ,./data/vort037,12021464,13738815
1709515113991,READ,./data/vort037,15456168,17173511
1709515114057,READ,./data/vort037,3434704,5152055
1709515114123,READ,./data/vort037,10304112,12021463
1709515114173,READ,./data/vort037,8586760,10304111
1709515114256,READ,./data/vort037,6869408,8586759
1709515114335,READ,./data/vort037,5152056,6869407
1709515114357,READ,./data/vort037,13738816,15456167
1709515114442,READ,./data/vort037,1717352,3434703
1709515115035,READ,./data/vort037,0,1717351
1709515115088,READ,./data/vort037,12021464,13738815
1709515115128,READ,./data/vort037,3434704,5152055
1709515115219,READ,./data/vort037,8586760,10304111
1709515115281,READ,./data/vort037,6869408,8586759
1709515115340,READ,./data/vort037,10304112,12021463
1709515115364,READ,./data/vort037,5152056,6869407
1709515115409,READ,./data/vort037,15456168,17173511
1709515115453,READ,./data/vort037,13738816,15456167
1709515115506,READ,./data/vort037,1717352,3434703
1709515115922,READ,./data/ux00038,12021464,13738815
1709515115923,READ,./data/ux00038,0,1717351
1709515115989,READ,./data/ux00038,13738816,15456167
1709515116080,READ,./data/ux00038,10304112,12021463
1709515116095,READ,./data/ux00038,15456168,17173511
1709515116180,READ,./data/ux00038,1717352,3434703
1709515116188,READ,./data/ux00038,5152056,6869407
1709515116271,READ,./data/ux00038,6869408,8586759
1709515116297,READ,./data/ux00038,8586760,10304111
1709515116372,READ,./data/ux00038,3434704,5152055
1709515116743,READ,./data/uy00038,0,1717351
1709515116755,READ,./data/uy00038,8586760,10304111
1709515116758,READ,./data/uy00038,13738816,15456167
1709515116812,READ,./data/uy00038,1717352,3434703
1709515116907,READ,./data/uy00038,12021464,13738815
1709515116942,READ,./data/uy00038,10304112,12021463
1709515116945,READ,./data/uy00038,5152056,6869407
1709515116984,READ,./data/uy00038,15456168,17173511
1709515117059,READ,./data/uy00038,6869408,8586759
1709515117089,READ,./data/uy00038,3434704,5152055
1709515117333,READ,./data/uz00038,10304112,12021463
1709515117335,READ,./data/uz00038,0,1717351
1709515117347,READ,./data/uz00038,5152056,6869407
1709515117415,READ,./data/uz00038,12021464,13738815
1709515117485,READ,./data/uz00038,3434704,5152055
1709515117556,READ,./data/uz00038,13738816,15456167
1709515117592,READ,./data/uz00038,8586760,10304111
1709515117614,READ,./data/uz00038,1717352,3434703
1709515117644,READ,./data/uz00038,15456168,17173511
1709515117786,READ,./data/uz00038,6869408,8586759
1709515118206,READ,./data/pp00038,0,1717351
1709515118243,READ,./data/pp00038,13738816,15456167
1709515118295,READ,./data/pp00038,1717352,3434703
1709515118343,READ,./data/pp00038,3434704,5152055
1709515118344,READ,./data/pp00038,10304112,12021463
1709515118446,READ,./data/pp00038,12021464,13738815
1709515118486,READ,./data/pp00038,8586760,10304111
1709515118597,READ,./data/pp00038,5152056,6869407
1709515118632,READ,./data/pp00038,15456168,17173511
1709515118753,READ,./data/pp00038,6869408,8586759
1709515119009,READ,./data/phi100038,0,1717351
1709515119011,READ,./data/phi100038,6869408,8586759
1709515119095,READ,./data/phi100038,3434704,5152055
1709515119123,READ,./data/phi100038,13738816,15456167
1709515119125,READ,./data/phi100038,1717352,3434703
1709515119190,READ,./data/phi100038,8586760,10304111
1709515119245,READ,./data/phi100038,15456168,17173511
1709515119317,READ,./data/phi100038,12021464,13738815
1709515119339,READ,./data/phi100038,5152056,6869407
1709515119409,READ,./data/phi100038,10304112,12021463
1709515119422,READ,./data/snap0000038.ini,0,301
1709515119763,READ,./data/vort038,0,1717351
1709515119792,READ,./data/vort038,10304112,12021463
1709515119798,READ,./data/vort038,13738816,15456167
1709515119870,READ,./data/vort038,5152056,6869407
1709515119902,READ,./data/vort038,8586760,10304111
1709515120011,READ,./data/vort038,6869408,8586759
1709515120094,READ,./data/vort038,12021464,13738815
1709515120210,READ,./data/vort038,15456168,17173511
1709515120247,READ,./data/vort038,1717352,3434703
1709515120376,READ,./data/vort038,3434704,5152055
1709515120983,READ,./data/vort038,0,1717351
1709515121109,READ,./data/vort038,3434704,5152055
1709515121220,READ,./data/vort038,5152056,6869407
1709515121273,READ,./data/vort038,6869408,8586759
1709515121276,READ,./data/vort038,13738816,15456167
1709515121470,READ,./data/vort038,12021464,13738815
1709515121803,READ,./data/vort038,1717352,3434703
1709515121805,READ,./data/vort038,15456168,17173511
1709515121871,READ,./data/vort038,10304112,12021463
1709515121946,READ,./data/vort038,8586760,10304111
1709515122434,READ,./data/vort038,0,1717351
1709515122474,READ,./data/vort038,8586760,10304111
1709515122484,READ,./data/vort038,15456168,17173511
1709515122488,READ,./data/vort038,5152056,6869407
1709515122611,READ,./data/vort038,3434704,5152055
1709515122772,READ,./data/vort038,6869408,8586759
1709515122951,READ,./data/vort038,12021464,13738815
1709515123056,READ,./data/vort038,1717352,3434703
1709515123168,READ,./data/vort038,10304112,12021463
1709515123274,READ,./data/vort038,13738816,15456167
1709515124000,READ,./data/vort038,0,1717351
1709515124053,READ,./data/vort038,10304112,12021463
1709515124064,READ,./data/vort038,5152056,6869407
1709515124164,READ,./data/vort038,1717352,3434703
1709515124325,READ,./data/vort038,15456168,17173511
1709515124329,READ,./data/vort038,8586760,10304111
1709515124608,READ,./data/vort038,6869408,8586759
1709515124703,READ,./data/vort038,12021464,13738815
1709515124734,READ,./data/vort038,13738816,15456167
1709515124827,READ,./data/vort038,3434704,5152055
1709515125204,READ,./data/ux00039,13738816,15456167
1709515125210,READ,./data/ux00039,10304112,12021463
1709515125228,READ,./data/ux00039,0,1717351
1709515125271,READ,./data/ux00039,8586760,10304111
1709515125342,READ,./data/ux00039,15456168,17173511
1709515125350,READ,./data/ux00039,5152056,6869407
1709515125436,READ,./data/ux00039,3434704,5152055
1709515125529,READ,./data/ux00039,1717352,3434703
1709515125558,READ,./data/ux00039,12021464,13738815
1709515125606,READ,./data/ux00039,6869408,8586759
1709515125969,READ,./data/uy00039,0,1717351
1709515125980,READ,./data/uy00039,6869408,8586759
1709515126042,READ,./data/uy00039,5152056,6869407
1709515126107,READ,./data/uy00039,3434704,5152055
1709515126172,READ,./data/uy00039,12021464,13738815
1709515126253,READ,./data/uy00039,1717352,3434703
1709515126276,READ,./data/uy00039,10304112,12021463
1709515126337,READ,./data/uy00039,8586760,10304111
1709515126404,READ,./data/uy00039,15456168,17173511
1709515126427,READ,./data/uy00039,13738816,15456167
1709515126786,READ,./data/uz00039,0,1717351
1709515126829,READ,./data/uz00039,12021464,13738815
1709515126892,READ,./data/uz00039,6869408,8586759
1709515126941,READ,./data/uz00039,1717352,3434703
1709515126955,READ,./data/uz00039,8586760,10304111
1709515127002,READ,./data/uz00039,10304112,12021463
1709515127065,READ,./data/uz00039,13738816,15456167
1709515127190,READ,./data/uz00039,5152056,6869407
1709515127269,READ,./data/uz00039,3434704,5152055
1709515127313,READ,./data/uz00039,15456168,17173511
1709515127643,READ,./data/pp00039,13738816,15456167
1709515127645,READ,./data/pp00039,0,1717351
1709515127645,READ,./data/pp00039,5152056,6869407
1709515127659,READ,./data/pp00039,8586760,10304111
1709515127707,READ,./data/pp00039,1717352,3434703
1709515127773,READ,./data/pp00039,15456168,17173511
1709515127897,READ,./data/pp00039,12021464,13738815
1709515127925,READ,./data/pp00039,10304112,12021463
1709515128049,READ,./data/pp00039,3434704,5152055
1709515128138,READ,./data/pp00039,6869408,8586759
1709515128356,READ,./data/phi100039,0,1717351
1709515128356,READ,./data/phi100039,12021464,13738815
1709515128407,READ,./data/phi100039,1717352,3434703
1709515128499,READ,./data/phi100039,10304112,12021463
1709515128566,READ,./data/phi100039,13738816,15456167
1709515128607,READ,./data/phi100039,15456168,17173511
1709515128632,READ,./data/phi100039,6869408,8586759
1709515128742,READ,./data/phi100039,5152056,6869407
1709515128786,READ,./data/phi100039,8586760,10304111
1709515128788,READ,./data/phi100039,3434704,5152055
1709515128800,READ,./data/snap0000039.ini,0,301
1709515129171,READ,./data/vort039,0,1717351
1709515129183,READ,./data/vort039,6869408,8586759
1709515129259,READ,./data/vort039,12021464,13738815
1709515129331,READ,./data/vort039,13738816,15456167
1709515129384,READ,./data/vort039,5152056,6869407
1709515129415,READ,./data/vort039,8586760,10304111
1709515129456,READ,./data/vort039,10304112,12021463
1709515129489,READ,./data/vort039,15456168,17173511
1709515129527,READ,./data/vort039,1717352,3434703
1709515129583,READ,./data/vort039,3434704,5152055
1709515130049,READ,./data/vort039,0,1717351
1709515130128,READ,./data/vort039,13738816,15456167
1709515130169,READ,./data/vort039,3434704,5152055
1709515130248,READ,./data/vort039,6869408,8586759
1709515130284,READ,./data/vort039,1717352,3434703
1709515130341,READ,./data/vort039,10304112,12021463
1709515130387,READ,./data/vort039,5152056,6869407
1709515130418,READ,./data/vort039,8586760,10304111
1709515130486,READ,./data/vort039,15456168,17173511
1709515130620,READ,./data/vort039,12021464,13738815
1709515131015,READ,./data/vort039,0,1717351
1709515131068,READ,./data/vort039,10304112,12021463
1709515131077,READ,./data/vort039,5152056,6869407
1709515131107,READ,./data/vort039,1717352,3434703
1709515131228,READ,./data/vort039,6869408,8586759
1709515131276,READ,./data/vort039,3434704,5152055
1709515131309,READ,./data/vort039,8586760,10304111
1709515131371,READ,./data/vort039,12021464,13738815
1709515131495,READ,./data/vort039,15456168,17173511
1709515131593,READ,./data/vort039,13738816,15456167
1709515132032,READ,./data/vort039,0,1717351
1709515132102,READ,./data/vort039,15456168,17173511
1709515132112,READ,./data/vort039,6869408,8586759
1709515132205,READ,./data/vort039,12021464,13738815
1709515132241,READ,./data/vort039,8586760,10304111
1709515132322,READ,./data/vort039,3434704,5152055
1709515132398,READ,./data/vort039,1717352,3434703
1709515132425,READ,./data/vort039,5152056,6869407
1709515132432,READ,./data/vort039,13738816,15456167
1709515132522,READ,./data/vort039,10304112,12021463
1709515133020,READ,./data/ux00040,0,1717351
1709515133020,READ,./data/ux00040,8586760,10304111
1709515133073,READ,./data/ux00040,1717352,3434703
1709515133148,READ,./data/ux00040,10304112,12021463
1709515133150,READ,./data/ux00040,13738816,15456167
1709515133269,READ,./data/ux00040,12021464,13738815
1709515133351,READ,./data/ux00040,15456168,17173511
1709515133421,READ,./data/ux00040,3434704,5152055
1709515133488,READ,./data/ux00040,5152056,6869407
1709515133573,READ,./data/ux00040,6869408,8586759
1709515133784,READ,./data/uy00040,0,1717351
1709515133795,READ,./data/uy00040,12021464,13738815
1709515133863,READ,./data/uy00040,6869408,8586759
1709515133897,READ,./data/uy00040,10304112,12021463
1709515133996,READ,./data/uy00040,5152056,6869407
1709515134042,READ,./data/uy00040,3434704,5152055
1709515134067,READ,./data/uy00040,8586760,10304111
1709515134086,READ,./data/uy00040,1717352,3434703
1709515134151,READ,./data/uy00040,13738816,15456167
1709515134193,READ,./data/uy00040,15456168,17173511
1709515134645,READ,./data/uz00040,13738816,15456167
1709515134660,READ,./data/uz00040,0,1717351
1709515134671,READ,./data/uz00040,10304112,12021463
1709515134694,READ,./data/uz00040,5152056,6869407
1709515134764,READ,./data/uz00040,8586760,10304111
1709515134849,READ,./data/uz00040,15456168,17173511
1709515134921,READ,./data/uz00040,12021464,13738815
1709515134959,READ,./data/uz00040,1717352,3434703
1709515135044,READ,./data/uz00040,3434704,5152055
1709515135064,READ,./data/uz00040,6869408,8586759
1709515135360,READ,./data/pp00040,0,1717351
1709515135410,READ,./data/pp00040,3434704,5152055
1709515135431,READ,./data/pp00040,13738816,15456167
1709515135440,READ,./data/pp00040,10304112,12021463
1709515135506,READ,./data/pp00040,5152056,6869407
1709515135559,READ,./data/pp00040,8586760,10304111
1709515135586,READ,./data/pp00040,6869408,8586759
1709515135672,READ,./data/pp00040,12021464,13738815
1709515135708,READ,./data/pp00040,1717352,3434703
1709515135732,READ,./data/pp00040,15456168,17173511
1709515136013,READ,./data/phi100040,12021464,13738815
1709515136014,READ,./data/phi100040,0,1717351
1709515136098,READ,./data/phi100040,8586760,10304111
1709515136124,READ,./data/phi100040,10304112,12021463
1709515136189,READ,./data/phi100040,5152056,6869407
1709515136196,READ,./data/phi100040,1717352,3434703
1709515136270,READ,./data/phi100040,6869408,8586759
1709515136300,READ,./data/phi100040,3434704,5152055
1709515136351,READ,./data/phi100040,13738816,15456167
1709515136393,READ,./data/phi100040,15456168,17173511
1709515136406,READ,./data/snap0000040.ini,0,301
1709515136783,READ,./data/vort040,0,1717351
1709515136792,READ,./data/vort040,13738816,15456167
1709515136873,READ,./data/vort040,12021464,13738815
1709515136879,READ,./data/vort040,5152056,6869407
1709515136963,READ,./data/vort040,8586760,10304111
1709515137001,READ,./data/vort040,10304112,12021463
1709515137033,READ,./data/vort040,1717352,3434703
1709515137062,READ,./data/vort040,15456168,17173511
1709515137117,READ,./data/vort040,3434704,5152055
1709515137177,READ,./data/vort040,6869408,8586759
1709515137553,READ,./data/vort040,0,1717351
1709515137617,READ,./data/vort040,3434704,5152055
1709515137624,READ,./data/vort040,8586760,10304111
1709515137734,READ,./data/vort040,5152056,6869407
1709515137742,READ,./data/vort040,15456168,17173511
1709515137847,READ,./data/vort040,13738816,15456167
1709515137900,READ,./data/vort040,6869408,8586759
1709515137961,READ,./data/vort040,1717352,3434703
1709515137994,READ,./data/vort040,12021464,13738815
1709515138051,READ,./data/vort040,10304112,12021463
1709515138399,READ,./data/vort040,0,1717351
1709515138498,READ,./data/vort040,5152056,6869407
1709515138509,READ,./data/vort040,1717352,3434703
1709515138578,READ,./data/vort040,3434704,5152055
1709515138578,READ,./data/vort040,8586760,10304111
1709515138674,READ,./data/vort040,12021464,13738815
1709515138753,READ,./data/vort040,15456168,17173511
1709515138788,READ,./data/vort040,13738816,15456167
1709515138853,READ,./data/vort040,10304112,12021463
1709515138913,READ,./data/vort040,6869408,8586759
1709515139355,READ,./data/vort040,0,1717351
1709515139422,READ,./data/vort040,15456168,17173511
1709515139489,READ,./data/vort040,12021464,13738815
1709515139584,READ,./data/vort040,8586760,10304111
1709515139627,READ,./data/vort040,1717352,3434703
1709515139630,READ,./data/vort040,5152056,6869407
1709515139672,READ,./data/vort040,10304112,12021463
1709515139734,READ,./data/vort040,13738816,15456167
1709515139809,READ,./data/vort040,3434704,5152055
1709515139871,READ,./data/vort040,6869408,8586759
1709515140248,READ,./data/ux00041,0,1717351
1709515140318,READ,./data/ux00041,3434704,5152055
1709515140319,READ,./data/ux00041,12021464,13738815
1709515140432,READ,./data/ux00041,8586760,10304111
1709515140525,READ,./data/ux00041,6869408,8586759
1709515140610,READ,./data/ux00041,5152056,6869407
1709515140672,READ,./data/ux00041,15456168,17173511
1709515140713,READ,./data/ux00041,10304112,12021463
1709515140734,READ,./data/ux00041,1717352,3434703
1709515140758,READ,./data/ux00041,13738816,15456167
1709515140992,READ,./data/uy00041,0,1717351
1709515141011,READ,./data/uy00041,13738816,15456167
1709515141021,READ,./data/uy00041,10304112,12021463
1709515141094,READ,./data/uy00041,6869408,8586759
1709515141215,READ,./data/uy00041,5152056,6869407
1709515141300,READ,./data/uy00041,12021464,13738815
1709515141347,READ,./data/uy00041,8586760,10304111
1709515141383,READ,./data/uy00041,15456168,17173511
1709515141426,READ,./data/uy00041,1717352,3434703
1709515141475,READ,./data/uy00041,3434704,5152055
1709515141767,READ,./data/uz00041,0,1717351
1709515141804,READ,./data/uz00041,15456168,17173511
1709515141808,READ,./data/uz00041,5152056,6869407
1709515141889,READ,./data/uz00041,1717352,3434703
1709515141948,READ,./data/uz00041,3434704,5152055
1709515142007,READ,./data/uz00041,12021464,13738815
1709515142098,READ,./data/uz00041,8586760,10304111
1709515142118,READ,./data/uz00041,13738816,15456167
1709515142156,READ,./data/uz00041,6869408,8586759
1709515142230,READ,./data/uz00041,10304112,12021463
1709515142511,READ,./data/pp00041,0,1717351
1709515142525,READ,./data/pp00041,5152056,6869407
1709515142610,READ,./data/pp00041,3434704,5152055
1709515142611,READ,./data/pp00041,12021464,13738815
1709515142692,READ,./data/pp00041,1717352,3434703
1709515142781,READ,./data/pp00041,8586760,10304111
1709515142849,READ,./data/pp00041,15456168,17173511
1709515142893,READ,./data/pp00041,6869408,8586759
1709515142953,READ,./data/pp00041,10304112,12021463
1709515142993,READ,./data/pp00041,13738816,15456167
1709515143285,READ,./data/phi100041,0,1717351
1709515143289,READ,./data/phi100041,6869408,8586759
1709515143302,READ,./data/phi100041,15456168,17173511
1709515143372,READ,./data/phi100041,10304112,12021463
1709515143450,READ,./data/phi100041,3434704,5152055
1709515143489,READ,./data/phi100041,8586760,10304111
1709515143551,READ,./data/phi100041,12021464,13738815
1709515143581,READ,./data/phi100041,13738816,15456167
1709515143616,READ,./data/phi100041,5152056,6869407
1709515143669,READ,./data/phi100041,1717352,3434703
1709515143677,READ,./data/snap0000041.ini,0,301
1709515144052,READ,./data/vort041,0,1717351
1709515144140,READ,./data/vort041,12021464,13738815
1709515144255,READ,./data/vort041,8586760,10304111
1709515144287,READ,./data/vort041,10304112,12021463
1709515144290,READ,./data/vort041,5152056,6869407
1709515144345,READ,./data/vort041,1717352,3434703
1709515144436,READ,./data/vort041,6869408,8586759
1709515144446,READ,./data/vort041,15456168,17173511
1709515144522,READ,./data/vort041,3434704,5152055
1709515144558,READ,./data/vort041,13738816,15456167
1709515145085,READ,./data/vort041,0,1717351
1709515145126,READ,./data/vort041,8586760,10304111
1709515145214,READ,./data/vort041,6869408,8586759
1709515145216,READ,./data/vort041,13738816,15456167
1709515145301,READ,./data/vort041,15456168,17173511
1709515145381,READ,./data/vort041,12021464,13738815
1709515145489,READ,./data/vort041,3434704,5152055
1709515145573,READ,./data/vort041,1717352,3434703
1709515145618,READ,./data/vort041,10304112,12021463
1709515145688,READ,./data/vort041,5152056,6869407
1709515146181,READ,./data/vort041,0,1717351
1709515146241,READ,./data/vort041,12021464,13738815
1709515146328,READ,./data/vort041,3434704,5152055
1709515146426,READ,./data/vort041,5152056,6869407
1709515146526,READ,./data/vort041,13738816,15456167
1709515146616,READ,./data/vort041,15456168,17173511
1709515146738,READ,./data/vort041,6869408,8586759
1709515146868,READ,./data/vort041,10304112,12021463
1709515146938,READ,./data/vort041,1717352,3434703
1709515147017,READ,./data/vort041,8586760,10304111
1709515147465,READ,./data/vort041,0,1717351
1709515147545,READ,./data/vort041,1717352,3434703
1709515147554,READ,./data/vort041,12021464,13738815
1709515147561,READ,./data/vort041,5152056,6869407
1709515147632,READ,./data/vort041,15456168,17173511
1709515147739,READ,./data/vort041,3434704,5152055
1709515147833,READ,./data/vort041,6869408,8586759
1709515147909,READ,./data/vort041,8586760,10304111
1709515148026,READ,./data/vort041,10304112,12021463
1709515148113,READ,./data/vort041,13738816,15456167
1709515148562,READ,./data/ux00042,0,1717351
1709515148635,READ,./data/ux00042,3434704,5152055
1709515148644,READ,./data/ux00042,10304112,12021463
1709515148719,READ,./data/ux00042,8586760,10304111
1709515148765,READ,./data/ux00042,12021464,13738815
1709515148846,READ,./data/ux00042,13738816,15456167
1709515148929,READ,./data/ux00042,6869408,8586759
1709515149027,READ,./data/ux00042,5152056,6869407
1709515149088,READ,./data/ux00042,1717352,3434703
1709515149197,READ,./data/ux00042,15456168,17173511
1709515149443,READ,./data/uy00042,0,1717351
1709515149454,READ,./data/uy00042,5152056,6869407
1709515149538,READ,./data/uy00042,3434704,5152055
1709515149540,READ,./data/uy00042,8586760,10304111
1709515149558,READ,./data/uy00042,15456168,17173511
1709515149583,READ,./data/uy00042,1717352,3434703
1709515149679,READ,./data/uy00042,12021464,13738815
1709515149729,READ,./data/uy00042,13738816,15456167
1709515149759,READ,./data/uy00042,10304112,12021463
1709515149841,READ,./data/uy00042,6869408,8586759
1709515150167,READ,./data/uz00042,5152056,6869407
1709515150175,READ,./data/uz00042,0,1717351
1709515150233,READ,./data/uz00042,6869408,8586759
1709515150234,READ,./data/uz00042,13738816,15456167
1709515150279,READ,./data/uz00042,1717352,3434703
1709515150519,READ,./data/uz00042,15456168,17173511
1709515150646,READ,./data/uz00042,12021464,13738815
1709515150862,READ,./data/uz00042,8586760,10304111
1709515150898,READ,./data/uz00042,3434704,5152055
1709515150962,READ,./data/uz00042,10304112,12021463
1709515151195,READ,./data/pp00042,0,1717351
1709515151204,READ,./data/pp00042,10304112,12021463
1709515151274,READ,./data/pp00042,6869408,8586759
1709515151295,READ,./data/pp00042,8586760,10304111
1709515151335,READ,./data/pp00042,1717352,3434703
1709515151403,READ,./data/pp00042,13738816,15456167
1709515151407,READ,./data/pp00042,5152056,6869407
1709515151530,READ,./data/pp00042,15456168,17173511
1709515151570,READ,./data/pp00042,12021464,13738815
1709515151597,READ,./data/pp00042,3434704,5152055
1709515152020,READ,./data/phi100042,0,1717351
1709515152028,READ,./data/phi100042,10304112,12021463
1709515152070,READ,./data/phi100042,3434704,5152055
1709515152139,READ,./data/phi100042,8586760,10304111
1709515152146,READ,./data/phi100042,13738816,15456167
1709515152226,READ,./data/phi100042,6869408,8586759
1709515152244,READ,./data/phi100042,1717352,3434703
1709515152308,READ,./data/phi100042,12021464,13738815
1709515152348,READ,./data/phi100042,5152056,6869407
1709515152371,READ,./data/phi100042,15456168,17173511
1709515152383,READ,./data/snap0000042.ini,0,301
1709515152632,READ,./data/vort042,0,1717351
1709515152651,READ,./data/vort042,13738816,15456167
1709515152747,READ,./data/vort042,10304112,12021463
1709515152752,READ,./data/vort042,15456168,17173511
1709515152800,READ,./data/vort042,1717352,3434703
1709515152872,READ,./data/vort042,5152056,6869407
1709515152877,READ,./data/vort042,12021464,13738815
1709515152960,READ,./data/vort042,8586760,10304111
1709515153019,READ,./data/vort042,6869408,8586759
1709515153098,READ,./data/vort042,3434704,5152055
1709515153556,READ,./data/vort042,0,1717351
1709515153658,READ,./data/vort042,1717352,3434703
1709515153668,READ,./data/vort042,15456168,17173511
1709515153678,READ,./data/vort042,5152056,6869407
1709515153764,READ,./data/vort042,3434704,5152055
1709515153782,READ,./data/vort042,10304112,12021463
1709515153886,READ,./data/vort042,6869408,8586759
1709515153919,READ,./data/vort042,8586760,10304111
1709515153987,READ,./data/vort042,13738816,15456167
1709515154052,READ,./data/vort042,12021464,13738815
1709515154509,READ,./data/vort042,0,1717351
1709515154595,READ,./data/vort042,3434704,5152055
1709515154602,READ,./data/vort042,12021464,13738815
1709515154733,READ,./data/vort042,1717352,3434703
1709515154827,READ,./data/vort042,6869408,8586759
1709515154938,READ,./data/vort042,5152056,6869407
1709515155025,READ,./data/vort042,15456168,17173511
1709515155050,READ,./data/vort042,10304112,12021463
1709515155137,READ,./data/vort042,13738816,15456167
1709515155202,READ,./data/vort042,8586760,10304111
1709515155643,READ,./data/vort042,0,1717351
1709515155717,READ,./data/vort042,6869408,8586759
1709515155821,READ,./data/vort042,3434704,5152055
1709515155896,READ,./data/vort042,10304112,12021463
1709515155900,READ,./data/vort042,13738816,15456167
1709515156048,READ,./data/vort042,12021464,13738815
1709515156127,READ,./data/vort042,8586760,10304111
1709515156128,READ,./data/vort042,15456168,17173511
1709515156132,READ,./data/vort042,1717352,3434703
1709515156147,READ,./data/vort042,5152056,6869407
1709515156552,READ,./data/ux00043,0,1717351
1709515156554,READ,./data/ux00043,5152056,6869407
1709515156577,READ,./data/ux00043,10304112,12021463
1709515156665,READ,./data/ux00043,8586760,10304111
1709515156722,READ,./data/ux00043,1717352,3434703
1709515156818,READ,./data/ux00043,12021464,13738815
1709515156901,READ,./data/ux00043,15456168,17173511
1709515157003,READ,./data/ux00043,13738816,15456167
1709515157071,READ,./data/ux00043,3434704,5152055
1709515157174,READ,./data/ux00043,6869408,8586759
1709515157552,READ,./data/uy00043,13738816,15456167
1709515157584,READ,./data/uy00043,6869408,8586759
1709515157595,READ,./data/uy00043,0,1717351
1709515157664,READ,./data/uy00043,10304112,12021463
1709515157736,READ,./data/uy00043,12021464,13738815
1709515157817,READ,./data/uy00043,5152056,6869407
1709515157845,READ,./data/uy00043,15456168,17173511
1709515157902,READ,./data/uy00043,8586760,10304111
1709515157969,READ,./data/uy00043,1717352,3434703
1709515158058,READ,./data/uy00043,3434704,5152055
1709515158525,READ,./data/uz00043,10304112,12021463
1709515158529,READ,./data/uz00043,0,1717351
1709515158572,READ,./data/uz00043,3434704,5152055
1709515158605,READ,./data/uz00043,1717352,3434703
1709515158675,READ,./data/uz00043,8586760,10304111
1709515158746,READ,./data/uz00043,6869408,8586759
1709515158784,READ,./data/uz00043,12021464,13738815
1709515158833,READ,./data/uz00043,5152056,6869407
1709515158895,READ,./data/uz00043,13738816,15456167
1709515158917,READ,./data/uz00043,15456168,17173511
1709515159296,READ,./data/pp00043,0,1717351
1709515159318,READ,./data/pp00043,10304112,12021463
1709515159341,READ,./data/pp00043,5152056,6869407
1709515159380,READ,./data/pp00043,1717352,3434703
1709515159481,READ,./data/pp00043,6869408,8586759
1709515159520,READ,./data/pp00043,12021464,13738815
1709515159607,READ,./data/pp00043,15456168,17173511
1709515159646,READ,./data/pp00043,13738816,15456167
1709515159702,READ,./data/pp00043,8586760,10304111
1709515159730,READ,./data/pp00043,3434704,5152055
1709515160051,READ,./data/phi100043,0,1717351
1709515160115,READ,./data/phi100043,3434704,5152055
1709515160137,READ,./data/phi100043,1717352,3434703
1709515160147,READ,./data/phi100043,10304112,12021463
1709515160151,READ,./data/phi100043,15456168,17173511
1709515160244,READ,./data/phi100043,6869408,8586759
1709515160320,READ,./data/phi100043,12021464,13738815
1709515160369,READ,./data/phi100043,13738816,15456167
1709515160410,READ,./data/phi100043,8586760,10304111
1709515160466,READ,./data/phi100043,5152056,6869407
1709515160478,READ,./data/snap0000043.ini,0,301
1709515160865,READ,./data/vort043,0,1717351
1709515160905,READ,./data/vort043,5152056,6869407
1709515160938,READ,./data/vort043,13738816,15456167
1709515160950,READ,./data/vort043,8586760,10304111
1709515161026,READ,./data/vort043,1717352,3434703
1709515161127,READ,./data/vort043,3434704,5152055
1709515161208,READ,./data/vort043,10304112,12021463
1709515161340,READ,./data/vort043,6869408,8586759
1709515161437,READ,./data/vort043,15456168,17173511
1709515161569,READ,./data/vort043,12021464,13738815
1709515162058,READ,./data/vort043,0,1717351
1709515162108,READ,./data/vort043,6869408,8586759
1709515162210,READ,./data/vort043,15456168,17173511
1709515162214,READ,./data/vort043,8586760,10304111
1709515162280,READ,./data/vort043,3434704,5152055
1709515162401,READ,./data/vort043,1717352,3434703
1709515162495,READ,./data/vort043,12021464,13738815
1709515162575,READ,./data/vort043,13738816,15456167
1709515162655,READ,./data/vort043,5152056,6869407
1709515162655,READ,./data/vort043,10304112,12021463
1709515163227,READ,./data/vort043,0,1717351
1709515163286,READ,./data/vort043,15456168,17173511
1709515163287,READ,./data/vort043,5152056,6869407
1709515163299,READ,./data/vort043,8586760,10304111
1709515163374,READ,./data/vort043,13738816,15456167
1709515163454,READ,./data/vort043,3434704,5152055
1709515163528,READ,./data/vort043,12021464,13738815
1709515163584,READ,./data/vort043,10304112,12021463
1709515163615,READ,./data/vort043,1717352,3434703
1709515163664,READ,./data/vort043,6869408,8586759
1709515164132,READ,./data/vort043,0,1717351
1709515164156,READ,./data/vort043,6869408,8586759
1709515164236,READ,./data/vort043,3434704,5152055
1709515164296,READ,./data/vort043,8586760,10304111
1709515164297,READ,./data/vort043,13738816,15456167
1709515164345,READ,./data/vort043,5152056,6869407
1709515164376,READ,./data/vort043,10304112,12021463
1709515164438,READ,./data/vort043,15456168,17173511
1709515164477,READ,./data/vort043,1717352,3434703
1709515164547,READ,./data/vort043,12021464,13738815
1709515165010,READ,./data/ux00044,5152056,6869407
1709515165017,READ,./data/ux00044,0,1717351
1709515165102,READ,./data/ux00044,6869408,8586759
1709515165205,READ,./data/ux00044,3434704,5152055
1709515165253,READ,./data/ux00044,12021464,13738815
1709515165336,READ,./data/ux00044,10304112,12021463
1709515165424,READ,./data/ux00044,15456168,17173511
1709515165452,READ,./data/ux00044,13738816,15456167
1709515165534,READ,./data/ux00044,8586760,10304111
1709515165609,READ,./data/ux00044,1717352,3434703
1709515165913,READ,./data/uy00044,0,1717351
1709515165965,READ,./data/uy00044,8586760,10304111
1709515165973,READ,./data/uy00044,5152056,6869407
1709515166035,READ,./data/uy00044,1717352,3434703
1709515166126,READ,./data/uy00044,10304112,12021463
1709515166131,READ,./data/uy00044,15456168,17173511
1709515166209,READ,./data/uy00044,3434704,5152055
1709515166259,READ,./data/uy00044,6869408,8586759
1709515166332,READ,./data/uy00044,13738816,15456167
1709515166368,READ,./data/uy00044,12021464,13738815
1709515166583,READ,./data/uz00044,0,1717351
1709515166593,READ,./data/uz00044,13738816,15456167
1709515166660,READ,./data/uz00044,1717352,3434703
1709515166713,READ,./data/uz00044,12021464,13738815
1709515166714,READ,./data/uz00044,5152056,6869407
1709515166790,READ,./data/uz00044,10304112,12021463
1709515166976,READ,./data/uz00044,3434704,5152055
1709515167023,READ,./data/uz00044,15456168,17173511
1709515167055,READ,./data/uz00044,6869408,8586759
1709515167119,READ,./data/uz00044,8586760,10304111
1709515167459,READ,./data/pp00044,0,1717351
1709515167503,READ,./data/pp00044,8586760,10304111
1709515167583,READ,./data/pp00044,6869408,8586759
1709515167607,READ,./data/pp00044,10304112,12021463
1709515167638,READ,./data/pp00044,12021464,13738815
1709515167808,READ,./data/pp00044,13738816,15456167
1709515167840,READ,./data/pp00044,15456168,17173511
1709515167929,READ,./data/pp00044,3434704,5152055
1709515168010,READ,./data/pp00044,5152056,6869407
1709515168030,READ,./data/pp00044,1717352,3434703
1709515168292,READ,./data/phi100044,3434704,5152055
1709515168365,READ,./data/phi100044,5152056,6869407
1709515168366,READ,./data/phi100044,10304112,12021463
1709515168367,READ,./data/phi100044,13738816,15456167
1709515168428,READ,./data/phi100044,12021464,13738815
1709515168468,READ,./data/phi100044,15456168,17173511
1709515168501,READ,./data/phi100044,0,1717351
1709515168548,READ,./data/phi100044,6869408,8586759
1709515168588,READ,./data/phi100044,1717352,3434703
1709515168635,READ,./data/phi100044,8586760,10304111
1709515168647,READ,./data/snap0000044.ini,0,301
1709515168985,READ,./data/vort044,0,1717351
1709515168999,READ,./data/vort044,13738816,15456167
1709515169005,READ,./data/vort044,5152056,6869407
1709515169027,READ,./data/vort044,8586760,10304111
1709515169120,READ,./data/vort044,10304112,12021463
1709515169221,READ,./data/vort044,12021464,13738815
1709515169309,READ,./data/vort044,3434704,5152055
1709515169383,READ,./data/vort044,1717352,3434703
1709515169471,READ,./data/vort044,6869408,8586759
1709515169524,READ,./data/vort044,15456168,17173511
1709515169977,READ,./data/vort044,0,1717351
1709515170042,READ,./data/vort044,5152056,6869407
1709515170044,READ,./data/vort044,12021464,13738815
1709515170146,READ,./data/vort044,10304112,12021463
1709515170235,READ,./data/vort044,8586760,10304111
1709515170311,READ,./data/vort044,3434704,5152055
1709515170374,READ,./data/vort044,13738816,15456167
1709515170463,READ,./data/vort044,15456168,17173511
1709515170543,READ,./data/vort044,6869408,8586759
1709515170642,READ,./data/vort044,1717352,3434703
1709515171088,READ,./data/vort044,0,1717351
1709515171129,READ,./data/vort044,6869408,8586759
1709515171266,READ,./data/vort044,12021464,13738815
1709515171309,READ,./data/vort044,3434704,5152055
1709515171387,READ,./data/vort044,10304112,12021463
1709515171476,READ,./data/vort044,5152056,6869407
1709515171531,READ,./data/vort044,13738816,15456167
1709515171606,READ,./data/vort044,1717352,3434703
1709515171700,READ,./data/vort044,8586760,10304111
1709515171779,READ,./data/vort044,15456168,17173511
1709515172189,READ,./data/vort044,0,1717351
1709515172229,READ,./data/vort044,13738816,15456167
1709515172311,READ,./data/vort044,15456168,17173511
1709515172346,READ,./data/vort044,1717352,3434703
1709515172355,READ,./data/vort044,6869408,8586759
1709515172513,READ,./data/vort044,12021464,13738815
1709515172544,READ,./data/vort044,8586760,10304111
1709515172618,READ,./data/vort044,10304112,12021463
1709515172662,READ,./data/vort044,3434704,5152055
1709515172744,READ,./data/vort044,5152056,6869407
1709515173250,READ,out/restart0000180,1717352,3434703
1709515173316,READ,out/restart0000180,0,1717351
1709515173330,READ,out/restart0000180,6869408,8586759
1709515173425,READ,out/restart0000180,5152056,6869407
1709515173462,READ,out/restart0000180,3434704,5152055
1709515173521,READ,out/restart0000180,8586760,10304111
1709515173553,READ,out/restart0000180,10304112,12021463
1709515173565,READ,out/restart0000180,15456168,17173511
1709515173645,READ,out/restart0000180,13738816,15456167
1709515173686,READ,out/restart0000180,12021464,13738815
1709515173720,READ,out/restart0000180,18890864,20608215
1709515173725,READ,out/restart0000180,30912328,32629679
1709515173732,READ,out/restart0000180,24042920,25760271
1709515173856,READ,out/restart0000180,20608216,22325567
1709515173896,READ,out/restart0000180,22325568,24042919
1709515173946,READ,out/restart0000180,29194976,30912327
1709515173968,READ,out/restart0000180,27477624,29194975
1709515174037,READ,out/restart0000180,25760272,27477623
1709515174093,READ,out/restart0000180,17173512,18890863
1709515174128,READ,out/restart0000180,32629680,34347023
1709515174194,READ,out/restart0000180,34347024,36064375
1709515174200,READ,out/restart0000180,42933784,44651135
1709515174208,READ,out/restart0000180,46368488,48085839
1709515174228,READ,out/restart0000180,37781728,39499079
1709515174276,READ,out/restart0000180,48085840,49803191
1709515174403,READ,out/restart0000180,44651136,46368487
1709515174440,READ,out/restart0000180,39499080,41216431
1709515174452,READ,out/restart0000180,49803192,51520535
1709515174531,READ,out/restart0000180,36064376,37781727
1709515174559,READ,out/restart0000180,41216432,42933783
1709515174577,READ,out/restart0000180,63542000,65259351
1709515174647,READ,out/restart0000180,61824648,63541999
1709515174765,READ,out/restart0000180,65259352,66976703
1709515174795,READ,out/restart0000180,56672592,58389943
1709515174852,READ,out/restart0000180,54955240,56672591
1709515174884,READ,out/restart0000180,53237888,54955239
1709515175017,READ,out/restart0000180,58389944,60107295
1709515175028,READ,out/restart0000180,51520536,53237887
1709515175063,READ,out/restart0000180,60107296,61824647
1709515175078,READ,out/restart0000180,66976704,68694047
1709515175082,READ,out/restart0000180,80715512,82432863
1709515175147,READ,out/restart0000180,70411400,72128751
1709515175200,READ,out/restart0000180,82432864,84150215
1709515175232,READ,out/restart0000180,72128752,73846103
1709515175264,READ,out/restart0000180,78998160,80715511
1709515175313,READ,out/restart0000180,73846104,75563455
1709515175337,READ,out/restart0000180,75563456,77280807
1709515175415,READ,out/restart0000180,77280808,78998159
1709515175427,READ,out/restart0000180,68694048,70411399
1709515175475,READ,out/restart0000180,84150216,85867559
1709515175479,READ,out/restart0000180,97889024,99606375
1709515175485,READ,out/restart0000180,94454320,96171671
1709515175539,READ,out/restart0000180,85867560,87584911
1709515175545,READ,out/restart0000180,92736968,94454319
1709515175580,READ,out/restart0000180,99606376,101323727
1709515175610,READ,out/restart0000180,87584912,89302263
1709515175725,READ,out/restart0000180,89302264,91019615
1709515175780,READ,out/restart0000180,91019616,92736967
1709515175809,READ,out/restart0000180,96171672,97889023
1709515175869,READ,out/restart0000180,101323728,103041071
1709515175873,READ,out/restart0000180,115062536,116779887
1709515175887,READ,out/restart0000180,109910480,111627831
1709515175935,READ,out/restart0000180,116779888,118497239
1709515175958,READ,out/restart0000180,104758424,106475775
1709515176002,READ,out/restart0000180,113345184,115062535
1709515176004,READ,out/restart0000180,103041072,104758423
1709515176070,READ,out/restart0000180,108193128,109910479
1709515176106,READ,out/restart0000180,111627832,113345183
1709515176113,READ,out/restart0000180,106475776,108193127
1709515176155,READ,out/restart0000180,118497240,120214583
1709515176159,READ,out/restart0000180,132236048,133953399
1709515176234,READ,out/restart0000180,130518696,132236047
1709515176260,READ,out/restart0000180,133953400,135670751
1709515176262,READ,out/restart0000180,127083992,128801343
1709515176334,READ,out/restart0000180,120214584,121931935
1709515176384,READ,out/restart0000180,125366640,127083991
1709515176412,READ,out/restart0000180,128801344,130518695
1709515176445,READ,out/restart0000180,121931936,123649287
1709515176538,READ,out/restart0000180,123649288,125366639
1709515176593,READ,out/restart0000180,135670752,137388095
1709515176598,READ,out/restart0000180,149409560,151126911
1709515176617,READ,out/restart0000180,139105448,140822799
1709515176709,READ,out/restart0000180,147692208,149409559
1709515176716,READ,out/restart0000180,142540152,144257503
1709515176743,READ,out/restart0000180,140822800,142540151
1709515176769,READ,out/restart0000180,151126912,152844263
1709515176773,READ,out/restart0000180,144257504,145974855
1709515176819,READ,out/restart0000180,145974856,147692207
1709515176824,READ,out/restart0000180,152844264,154561607
1709515176913,READ,out/restart0000180,137388096,139105447
1709515176927,READ,out/restart0000180,168088240,169779068
1709515176941,READ,out/restart0000180,163015753,164706581
1709515176997,READ,out/restart0000180,157943266,159634094
1709515177032,READ,out/restart0000180,161324924,163015752
1709515177147,READ,out/restart0000180,156252437,157943265
1709515177176,READ,out/restart0000180,164706582,166397410
1709515177223,READ,out/restart0000180,169779069,171469895
1709515177335,READ,out/restart0000180,154561608,156252436
1709515177389,READ,out/restart0000180,159634095,161324923
1709515177482,READ,out/restart0000180,166397411,168088239
1709515177486,READ,out/restart0000180,185208712,186926063
1709515177491,READ,out/restart0000180,176621952,178339303
1709515177557,READ,out/restart0000180,183491360,185208711
1709515177574,READ,out/restart0000180,171469896,173187247
1709515177652,READ,out/restart0000180,178339304,180056655
1709515177726,READ,out/restart0000180,180056656,181774007
1709515177781,READ,out/restart0000180,174904600,176621951
1709515177826,READ,out/restart0000180,173187248,174904599
1709515177849,READ,out/restart0000180,181774008,183491359
1709515177874,READ,out/restart0000180,186926064,188643407
1709515177878,READ,out/restart0000180,202382224,204099575
1709515177912,READ,out/restart0000180,190360760,192078111
1709515177973,READ,out/restart0000180,192078112,193795463
1709515177976,READ,out/restart0000180,198947520,200664871
1709515178061,READ,out/restart0000180,193795464,195512815
1709515178099,READ,out/restart0000180,200664872,202382223
1709515178140,READ,out/restart0000180,195512816,197230167
1709515178215,READ,out/restart0000180,188643408,190360759
1709515178220,READ,out/restart0000180,197230168,198947519
1709515178246,READ,out/restart0000180,204099576,205816919
1709515178250,READ,out/restart0000180,219555736,221273087
1709515178256,READ,out/restart0000180,216121032,217838383
1709515178333,READ,out/restart0000180,217838384,219555735
1709515178354,READ,out/restart0000180,212686328,214403679
1709515178357,READ,out/restart0000180,207534272,209251623
1709515178404,READ,out/restart0000180,210968976,212686327
1709515178437,READ,out/restart0000180,214403680,216121031
1709515178456,READ,out/restart0000180,209251624,210968975
1709515178536,READ,out/restart0000180,205816920,207534271
1709515178553,READ,out/restart0000180,221273088,222990431
1709515178602,READ,out/restart0000180.info,0,538
1709515178857,READ,./data/ux00045,0,1717351
1709515178859,READ,./data/ux00045,13738816,15456167
1709515178942,READ,./data/ux00045,3434704,5152055
1709515178953,READ,./data/ux00045,8586760,10304111
1709515179027,READ,./data/ux00045,10304112,12021463
1709515179132,READ,./data/ux00045,5152056,6869407
1709515179211,READ,./data/ux00045,6869408,8586759
1709515179245,READ,./data/ux00045,1717352,3434703
1709515179317,READ,./data/ux00045,12021464,13738815
1709515179347,READ,./data/ux00045,15456168,17173511
1709515179652,READ,./data/uy00045,1717352,3434703
1709515179731,READ,./data/uy00045,5152056,6869407
1709515179733,READ,./data/uy00045,0,1717351
1709515179824,READ,./data/uy00045,3434704,5152055
1709515179827,READ,./data/uy00045,8586760,10304111
1709515179902,READ,./data/uy00045,10304112,12021463
1709515179908,READ,./data/uy00045,13738816,15456167
1709515180001,READ,./data/uy00045,6869408,8586759
1709515180073,READ,./data/uy00045,12021464,13738815
1709515180106,READ,./data/uy00045,15456168,17173511
1709515180343,READ,./data/uz00045,0,1717351
1709515180357,READ,./data/uz00045,10304112,12021463
1709515180421,READ,./data/uz00045,12021464,13738815
1709515180423,READ,./data/uz00045,5152056,6869407
1709515180520,READ,./data/uz00045,15456168,17173511
1709515180566,READ,./data/uz00045,1717352,3434703
1709515180640,READ,./data/uz00045,3434704,5152055
1709515180661,READ,./data/uz00045,8586760,10304111
1709515180751,READ,./data/uz00045,6869408,8586759
1709515180791,READ,./data/uz00045,13738816,15456167
1709515181141,READ,./data/pp00045,0,1717351
1709515181143,READ,./data/pp00045,6869408,8586759
1709515181202,READ,./data/pp00045,12021464,13738815
1709515181246,READ,./data/pp00045,8586760,10304111
1709515181318,READ,./data/pp00045,15456168,17173511
1709515181365,READ,./data/pp00045,1717352,3434703
1709515181424,READ,./data/pp00045,13738816,15456167
1709515181475,READ,./data/pp00045,10304112,12021463
1709515181537,READ,./data/pp00045,3434704,5152055
1709515181577,READ,./data/pp00045,5152056,6869407
1709515181959,READ,./data/phi100045,0,1717351
1709515182026,READ,./data/phi100045,3434704,5152055
1709515182028,READ,./data/phi100045,12021464,13738815
1709515182140,READ,./data/phi100045,6869408,8586759
1709515182190,READ,./data/phi100045,13738816,15456167
1709515182216,READ,./data/phi100045,8586760,10304111
1709515182270,READ,./data/phi100045,10304112,12021463
1709515182307,READ,./data/phi100045,15456168,17173511
1709515182330,READ,./data/phi100045,1717352,3434703
1709515182345,READ,./data/phi100045,5152056,6869407
1709515182357,READ,./data/snap0000045.ini,0,301
1709515182728,READ,./data/vort045,1717352,3434703
1709515182736,READ,./data/vort045,10304112,12021463
1709515182814,READ,./data/vort045,12021464,13738815
1709515182898,READ,./data/vort045,15456168,17173511
1709515182937,READ,./data/vort045,13738816,15456167
1709515182983,READ,./data/vort045,3434704,5152055
1709515183057,READ,./data/vort045,0,1717351
1709515183064,READ,./data/vort045,5152056,6869407
1709515183068,READ,./data/vort045,8586760,10304111
1709515183147,READ,./data/vort045,6869408,8586759
1709515183577,READ,./data/vort045,0,1717351
1709515183621,READ,./data/vort045,5152056,6869407
1709515183731,READ,./data/vort045,13738816,15456167
1709515183734,READ,./data/vort045,6869408,8586759
1709515183789,READ,./data/vort045,15456168,17173511
1709515183829,READ,./data/vort045,1717352,3434703
1709515183968,READ,./data/vort045,3434704,5152055
1709515184036,READ,./data/vort045,10304112,12021463
1709515184157,READ,./data/vort045,12021464,13738815
1709515184236,READ,./data/vort045,8586760,10304111
1709515184769,READ,./data/vort045,0,1717351
1709515184819,READ,./data/vort045,8586760,10304111
1709515184914,READ,./data/vort045,1717352,3434703
1709515184917,READ,./data/vort045,5152056,6869407
1709515184992,READ,./data/vort045,3434704,5152055
1709515184995,READ,./data/vort045,15456168,17173511
1709515185089,READ,./data/vort045,13738816,15456167
1709515185161,READ,./data/vort045,12021464,13738815
1709515185197,READ,./data/vort045,6869408,8586759
1709515185274,READ,./data/vort045,10304112,12021463
1709515185713,READ,./data/vort045,0,1717351
1709515185737,READ,./data/vort045,5152056,6869407
1709515185798,READ,./data/vort045,1717352,3434703
1709515185892,READ,./data/vort045,6869408,8586759
1709515186019,READ,./data/vort045,12021464,13738815
1709515186023,READ,./data/vort045,3434704,5152055
1709515186084,READ,./data/vort045,13738816,15456167
1709515186138,READ,./data/vort045,15456168,17173511
1709515186212,READ,./data/vort045,8586760,10304111
1709515186286,READ,./data/vort045,10304112,12021463
1709515186643,READ,./data/ux00046,1717352,3434703
1709515186729,READ,./data/ux00046,3434704,5152055
1709515186729,READ,./data/ux00046,12021464,13738815
1709515186786,READ,./data/ux00046,0,1717351
1709515186914,READ,./data/ux00046,10304112,12021463
1709515186964,READ,./data/ux00046,15456168,17173511
1709515187089,READ,./data/ux00046,6869408,8586759
1709515187159,READ,./data/ux00046,13738816,15456167
1709515187257,READ,./data/ux00046,5152056,6869407
1709515187298,READ,./data/ux00046,8586760,10304111
1709515187836,READ,./data/uy00046,0,1717351
1709515187848,READ,./data/uy00046,13738816,15456167
1709515187980,READ,./data/uy00046,3434704,5152055
1709515187988,READ,./data/uy00046,10304112,12021463
1709515188114,READ,./data/uy00046,5152056,6869407
1709515188226,READ,./data/uy00046,15456168,17173511
1709515188289,READ,./data/uy00046,1717352,3434703
1709515188404,READ,./data/uy00046,12021464,13738815
1709515188498,READ,./data/uy00046,6869408,8586759
1709515188610,READ,./data/uy00046,8586760,10304111
1709515188976,READ,./data/uz00046,0,1717351
1709515189023,READ,./data/uz00046,8586760,10304111
1709515189033,READ,./data/uz00046,5152056,6869407
1709515189116,READ,./data/uz00046,15456168,17173511
1709515189126,READ,./data/uz00046,10304112,12021463
1709515189193,READ,./data/uz00046,3434704,5152055
1709515189263,READ,./data/uz00046,13738816,15456167
1709515189283,READ,./data/uz00046,6869408,8586759
1709515189313,READ,./data/uz00046,1717352,3434703
1709515189376,READ,./data/uz00046,12021464,13738815
1709515189786,READ,./data/pp00046,13738816,15456167
1709515189802,READ,./data/pp00046,0,1717351
1709515189849,READ,./data/pp00046,3434704,5152055
1709515189873,READ,./data/pp00046,1717352,3434703
1709515189884,READ,./data/pp00046,10304112,12021463
1709515189951,READ,./data/pp00046,5152056,6869407
1709515190020,READ,./data/pp00046,15456168,17173511
1709515190105,READ,./data/pp00046,8586760,10304111
1709515190147,READ,./data/pp00046,12021464,13738815
1709515190304,READ,./data/pp00046,6869408,8586759
1709515190685,READ,./data/phi100046,5152056,6869407
1709515190693,READ,./data/phi100046,0,1717351
1709515190765,READ,./data/phi100046,1717352,3434703
1709515190830,READ,./data/phi100046,6869408,8586759
1709515190833,READ,./data/phi100046,13738816,15456167
1709515190905,READ,./data/phi100046,3434704,5152055
1709515190990,READ,./data/phi100046,15456168,17173511
1709515191065,READ,./data/phi100046,8586760,10304111
1709515191168,READ,./data/phi100046,12021464,13738815
1709515191284,READ,./data/phi100046,10304112,12021463
1709515191297,READ,./data/snap0000046.ini,0,301
1709515191682,READ,./data/vort046,0,1717351
1709515191750,READ,./data/vort046,1717352,3434703
1709515191809,READ,./data/vort046,3434704,5152055
1709515191811,READ,./data/vort046,8586760,10304111
1709515191917,READ,./data/vort046,12021464,13738815
1709515192001,READ,./data/vort046,6869408,8586759
1709515192102,READ,./data/vort046,15456168,17173511
1709515192172,READ,./data/vort046,10304112,12021463
1709515192282,READ,./data/vort046,13738816,15456167
1709515192353,READ,./data/vort046,5152056,6869407
1709515192846,READ,./data/vort046,0,1717351
1709515192885,READ,./data/vort046,8586760,10304111
1709515192894,READ,./data/vort046,13738816,15456167
1709515192901,READ,./data/vort046,5152056,6869407
1709515193000,READ,./data/vort046,15456168,17173511
1709515193044,READ,./data/vort046,1717352,3434703
1709515193116,READ,./data/vort046,10304112,12021463
1709515193171,READ,./data/vort046,3434704,5152055
1709515193260,READ,./data/vort046,12021464,13738815
1709515193371,READ,./data/vort046,6869408,8586759
1709515193942,READ,./data/vort046,0,1717351
1709515194011,READ,./data/vort046,3434704,5152055
1709515194021,READ,./data/vort046,15456168,17173511
1709515194092,READ,./data/vort046,13738816,15456167
1709515194167,READ,./data/vort046,8586760,10304111
1709515194174,READ,./data/vort046,5152056,6869407
1709515194248,READ,./data/vort046,1717352,3434703
1709515194320,READ,./data/vort046,12021464,13738815
1709515194394,READ,./data/vort046,10304112,12021463
1709515194475,READ,./data/vort046,6869408,8586759
1709515194962,READ,./data/vort046,0,1717351
1709515195001,READ,./data/vort046,10304112,12021463
1709515195071,READ,./data/vort046,6869408,8586759
1709515195178,READ,./data/vort046,3434704,5152055
1709515195180,READ,./data/vort046,13738816,15456167
1709515195244,READ,./data/vort046,15456168,17173511
1709515195286,READ,./data/vort046,1717352,3434703
1709515195297,READ,./data/vort046,8586760,10304111
1709515195365,READ,./data/vort046,5152056,6869407
1709515195412,READ,./data/vort046,12021464,13738815
1709515195854,READ,./data/ux00047,0,1717351
1709515195855,READ,./data/ux00047,6869408,8586759
1709515195966,READ,./data/ux00047,8586760,10304111
1709515195988,READ,./data/ux00047,1717352,3434703
1709515195995,READ,./data/ux00047,15456168,17173511
1709515196094,READ,./data/ux00047,12021464,13738815
1709515196216,READ,./data/ux00047,13738816,15456167
1709515196310,READ,./data/ux00047,5152056,6869407
1709515196358,READ,./data/ux00047,10304112,12021463
1709515196456,READ,./data/ux00047,3434704,5152055
1709515196695,READ,./data/uy00047,0,1717351
1709515196750,READ,./data/uy00047,3434704,5152055
1709515196758,READ,./data/uy00047,10304112,12021463
1709515196858,READ,./data/uy00047,8586760,10304111
1709515196862,READ,./data/uy00047,15456168,17173511
1709515196960,READ,./data/uy00047,12021464,13738815
1709515197002,READ,./data/uy00047,13738816,15456167
1709515197082,READ,./data/uy00047,6869408,8586759
1709515197174,READ,./data/uy00047,5152056,6869407
1709515197213,READ,./data/uy00047,1717352,3434703
1709515197578,READ,./data/uz00047,0,1717351
1709515197578,READ,./data/uz00047,13738816,15456167
1709515197653,READ,./data/uz00047,15456168,17173511
1709515197657,READ,./data/uz00047,10304112,12021463
1709515197739,READ,./data/uz00047,6869408,8586759
1709515197880,READ,./data/uz00047,8586760,10304111
1709515197935,READ,./data/uz00047,12021464,13738815
1709515197971,READ,./data/uz00047,3434704,5152055
1709515198000,READ,./data/uz00047,5152056,6869407
1709515198027,READ,./data/uz00047,1717352,3434703
1709515198369,READ,./data/pp00047,0,1717351
1709515198381,READ,./data/pp00047,13738816,15456167
1709515198392,READ,./data/pp00047,6869408,8586759
1709515198480,READ,./data/pp00047,3434704,5152055
1709515198573,READ,./data/pp00047,12021464,13738815
1709515198620,READ,./data/pp00047,8586760,10304111
1709515198637,READ,./data/pp00047,15456168,17173511
1709515198659,READ,./data/pp00047,5152056,6869407
1709515198713,READ,./data/pp00047,10304112,12021463
1709515198732,READ,./data/pp00047,1717352,3434703
1709515199039,READ,./data/phi100047,0,1717351
1709515199250,READ,./data/phi100047,12021464,13738815
1709515199422,READ,./data/phi100047,15456168,17173511
1709515199442,READ,./data/phi100047,10304112,12021463
1709515199449,READ,./data/phi100047,5152056,6869407
1709515199450,READ,./data/phi100047,1717352,3434703
1709515199546,READ,./data/phi100047,13738816,15456167
1709515199607,READ,./data/phi100047,3434704,5152055
1709515199711,READ,./data/phi100047,6869408,8586759
1709515199740,READ,./data/phi100047,8586760,10304111
1709515199743,READ,./data/snap0000047.ini,0,301
1709515200053,READ,./data/vort047,0,1717351
1709515200107,READ,./data/vort047,5152056,6869407
1709515200107,READ,./data/vort047,10304112,12021463
1709515200119,READ,./data/vort047,13738816,15456167
1709515200217,READ,./data/vort047,8586760,10304111
1709515200254,READ,./data/vort047,1717352,3434703
1709515200341,READ,./data/vort047,6869408,8586759
1709515200467,READ,./data/vort047,3434704,5152055
1709515200542,READ,./data/vort047,12021464,13738815
1709515200581,READ,./data/vort047,15456168,17173511
1709515201019,READ,./data/vort047,0,1717351
1709515201048,READ,./data/vort047,13738816,15456167
1709515201059,READ,./data/vort047,5152056,6869407
1709515201138,READ,./data/vort047,15456168,17173511
1709515201179,READ,./data/vort047,1717352,3434703
1709515201200,READ,./data/vort047,12021464,13738815
1709515201269,READ,./data/vort047,3434704,5152055
1709515201379,READ,./data/vort047,10304112,12021463
1709515201469,READ,./data/vort047,6869408,8586759
1709515201508,READ,./data/vort047,8586760,10304111
1709515201972,READ,./data/vort047,0,1717351
1709515202014,READ,./data/vort047,8586760,10304111
1709515202069,READ,./data/vort047,1717352,3434703
1709515202071,READ,./data/vort047,15456168,17173511
1709515202139,READ,./data/vort047,3434704,5152055
1709515202229,READ,./data/vort047,13738816,15456167
1709515202309,READ,./data/vort047,5152056,6869407
1709515202370,READ,./data/vort047,10304112,12021463
1709515202440,READ,./data/vort047,6869408,8586759
1709515202585,READ,./data/vort047,12021464,13738815
1709515203144,READ,./data/vort047,0,1717351
1709515203275,READ,./data/vort047,13738816,15456167
1709515203297,READ,./data/vort047,5152056,6869407
1709515203361,READ,./data/vort047,12021464,13738815
1709515203382,READ,./data/vort047,15456168,17173511
1709515203431,READ,./data/vort047,1717352,3434703
1709515203520,READ,./data/vort047,6869408,8586759
1709515203590,READ,./data/vort047,10304112,12021463
1709515203708,READ,./data/vort047,8586760,10304111
1709515203736,READ,./data/vort047,3434704,5152055
1709515204147,READ,./data/ux00048,0,1717351
1709515204158,READ,./data/ux00048,13738816,15456167
1709515204240,READ,./data/ux00048,15456168,17173511
1709515204245,READ,./data/ux00048,6869408,8586759
1709515204366,READ,./data/ux00048,3434704,5152055
1709515204436,READ,./data/ux00048,8586760,10304111
1709515204467,READ,./data/ux00048,1717352,3434703
1709515204590,READ,./data/ux00048,10304112,12021463
1709515204674,READ,./data/ux00048,12021464,13738815
1709515204708,READ,./data/ux00048,5152056,6869407
1709515205045,READ,./data/uy00048,3434704,5152055
1709515205124,READ,./data/uy00048,0,1717351
1709515205197,READ,./data/uy00048,5152056,6869407
1709515205203,READ,./data/uy00048,13738816,15456167
1709515205310,READ,./data/uy00048,12021464,13738815
1709515205417,READ,./data/uy00048,8586760,10304111
1709515205510,READ,./data/uy00048,10304112,12021463
1709515205586,READ,./data/uy00048,15456168,17173511
1709515205699,READ,./data/uy00048,6869408,8586759
1709515205723,READ,./data/uy00048,1717352,3434703
1709515206063,READ,./data/uz00048,0,1717351
1709515206115,READ,./data/uz00048,13738816,15456167
1709515206120,READ,./data/uz00048,8586760,10304111
1709515206215,READ,./data/uz00048,6869408,8586759
1709515206269,READ,./data/uz00048,1717352,3434703
1709515206288,READ,./data/uz00048,10304112,12021463
1709515206384,READ,./data/uz00048,15456168,17173511
1709515206479,READ,./data/uz00048,12021464,13738815
1709515206572,READ,./data/uz00048,3434704,5152055
1709515206613,READ,./data/uz00048,5152056,6869407
1709515206969,READ,./data/pp00048,0,1717351
1709515206975,READ,./data/pp00048,12021464,13738815
1709515206985,READ,./data/pp00048,5152056,6869407
1709515207080,READ,./data/pp00048,3434704,5152055
1709515207144,READ,./data/pp00048,10304112,12021463
1709515207214,READ,./data/pp00048,13738816,15456167
1709515207271,READ,./data/pp00048,15456168,17173511
1709515207304,READ,./data/pp00048,8586760,10304111
1709515207330,READ,./data/pp00048,1717352,3434703
1709515207425,READ,./data/pp00048,6869408,8586759
1709515207910,READ,./data/phi100048,0,1717351
1709515207986,READ,./data/phi100048,1717352,3434703
1709515208096,READ,./data/phi100048,3434704,5152055
1709515208109,READ,./data/phi100048,12021464,13738815
1709515208188,READ,./data/phi100048,13738816,15456167
1709515208294,READ,./data/phi100048,8586760,10304111
1709515208415,READ,./data/phi100048,6869408,8586759
1709515208481,READ,./data/phi100048,5152056,6869407
1709515208499,READ,./data/phi100048,10304112,12021463
1709515208520,READ,./data/phi100048,15456168,17173511
1709515208523,READ,./data/snap0000048.ini,0,301
1709515208878,READ,./data/vort048,0,1717351
1709515208899,READ,./data/vort048,6869408,8586759
1709515209028,READ,./data/vort048,3434704,5152055
1709515209033,READ,./data/vort048,15456168,17173511
1709515209131,READ,./data/vort048,12021464,13738815
1709515209163,READ,./data/vort048,8586760,10304111
1709515209231,READ,./data/vort048,13738816,15456167
1709515209339,READ,./data/vort048,5152056,6869407
1709515209382,READ,./data/vort048,10304112,12021463
1709515209409,READ,./data/vort048,1717352,3434703
1709515209789,READ,./data/vort048,0,1717351
1709515209899,READ,./data/vort048,15456168,17173511
1709515210001,READ,./data/vort048,1717352,3434703
1709515210005,READ,./data/vort048,5152056,6869407
1709515210105,READ,./data/vort048,6869408,8586759
1709515210276,READ,./data/vort048,10304112,12021463
1709515210338,READ,./data/vort048,3434704,5152055
1709515210403,READ,./data/vort048,12021464,13738815
1709515210519,READ,./data/vort048,8586760,10304111
1709515210521,READ,./data/vort048,13738816,15456167
1709515211031,READ,./data/vort048,0,1717351
1709515211069,READ,./data/vort048,13738816,15456167
1709515211080,READ,./data/vort048,5152056,6869407
1709515211103,READ,./data/vort048,8586760,10304111
1709515211200,READ,./data/vort048,3434704,5152055
1709515211319,READ,./data/vort048,12021464,13738815
1709515211384,READ,./data/vort048,1717352,3434703
1709515211475,READ,./data/vort048,10304112,12021463
1709515211583,READ,./data/vort048,6869408,8586759
1709515211661,READ,./data/vort048,15456168,17173511
1709515212175,READ,./data/vort048,0,1717351
1709515212230,READ,./data/vort048,5152056,6869407
1709515212231,READ,./data/vort048,12021464,13738815
1709515212306,READ,./data/vort048,1717352,3434703
1709515212389,READ,./data/vort048,15456168,17173511
1709515212521,READ,./data/vort048,3434704,5152055
1709515212559,READ,./data/vort048,10304112,12021463
1709515212673,READ,./data/vort048,13738816,15456167
1709515212693,READ,./data/vort048,8586760,10304111
1709515212769,READ,./data/vort048,6869408,8586759
1709515213326,READ,./data/ux00049,5152056,6869407
1709515213349,READ,./data/ux00049,15456168,17173511
1709515213351,READ,./data/ux00049,0,1717351
1709515213427,READ,./data/ux00049,6869408,8586759
1709515213526,READ,./data/ux00049,10304112,12021463
1709515213637,READ,./data/ux00049,12021464,13738815
1709515213701,READ,./data/ux00049,13738816,15456167
1709515213757,READ,./data/ux00049,8586760,10304111
1709515213835,READ,./data/ux00049,1717352,3434703
1709515213934,READ,./data/ux00049,3434704,5152055
1709515214290,READ,./data/uy00049,0,1717351
1709515214391,READ,./data/uy00049,3434704,5152055
1709515214393,READ,./data/uy00049,12021464,13738815
1709515214480,READ,./data/uy00049,15456168,17173511
1709515214539,READ,./data/uy00049,8586760,10304111
1709515214573,READ,./data/uy00049,13738816,15456167
1709515214643,READ,./data/uy00049,5152056,6869407
1709515214671,READ,./data/uy00049,1717352,3434703
1709515214706,READ,./data/uy00049,6869408,8586759
1709515214737,READ,./data/uy00049,10304112,12021463
1709515215156,READ,./data/uz00049,0,1717351
1709515215209,READ,./data/uz00049,8586760,10304111
1709515215218,READ,./data/uz00049,3434704,5152055
1709515215264,READ,./data/uz00049,15456168,17173511
1709515215277,READ,./data/uz00049,1717352,3434703
1709515215330,READ,./data/uz00049,5152056,6869407
1709515215395,READ,./data/uz00049,6869408,8586759
1709515215481,READ,./data/uz00049,13738816,15456167
1709515215485,READ,./data/uz00049,10304112,12021463
1709515215549,READ,./data/uz00049,12021464,13738815
1709515215800,READ,./data/pp00049,0,1717351
1709515215826,READ,./data/pp00049,12021464,13738815
1709515216000,READ,./data/pp00049,13738816,15456167
1709515216030,READ,./data/pp00049,1717352,3434703
1709515216030,READ,./data/pp00049,6869408,8586759
1709515216112,READ,./data/pp00049,5152056,6869407
1709515216139,READ,./data/pp00049,8586760,10304111
1709515216183,READ,./data/pp00049,3434704,5152055
1709515216202,READ,./data/pp00049,15456168,17173511
1709515216319,READ,./data/pp00049,10304112,12021463
1709515216592,READ,./data/phi100049,0,1717351
1709515216617,READ,./data/phi100049,10304112,12021463
1709515216640,READ,./data/phi100049,13738816,15456167
1709515216727,READ,./data/phi100049,12021464,13738815
1709515216774,READ,./data/phi100049,8586760,10304111
1709515216789,READ,./data/phi100049,5152056,6869407
1709515216812,READ,./data/phi100049,15456168,17173511
1709515216887,READ,./data/phi100049,6869408,8586759
1709515216943,READ,./data/phi100049,1717352,3434703
1709515216991,READ,./data/phi100049,3434704,5152055
1709515217004,READ,./data/snap0000049.ini,0,301
1709515217348,READ,./data/vort049,0,1717351
1709515217363,READ,./data/vort049,10304112,12021463
1709515217425,READ,./data/vort049,5152056,6869407
1709515217427,READ,./data/vort049,1717352,3434703
1709515217537,READ,./data/vort049,13738816,15456167
1709515217538,READ,./data/vort049,3434704,5152055
1709515217662,READ,./data/vort049,6869408,8586759
1709515217748,READ,./data/vort049,12021464,13738815
1709515217786,READ,./data/vort049,8586760,10304111
1709515217874,READ,./data/vort049,15456168,17173511
1709515218371,READ,./data/vort049,0,1717351
1709515218489,READ,./data/vort049,12021464,13738815
1709515218491,READ,./data/vort049,1717352,3434703
1709515218585,READ,./data/vort049,13738816,15456167
1709515218599,READ,./data/vort049,5152056,6869407
1709515218621,READ,./data/vort049,15456168,17173511
1709515218726,READ,./data/vort049,3434704,5152055
1709515218825,READ,./data/vort049,10304112,12021463
1709515218970,READ,./data/vort049,6869408,8586759
1709515219033,READ,./data/vort049,8586760,10304111
1709515219454,READ,./data/vort049,0,1717351
1709515219481,READ,./data/vort049,6869408,8586759
1709515219560,READ,./data/vort049,13738816,15456167
1709515219575,READ,./data/vort049,1717352,3434703
1709515219667,READ,./data/vort049,3434704,5152055
1709515219724,READ,./data/vort049,8586760,10304111
1709515219785,READ,./data/vort049,15456168,17173511
1709515219852,READ,./data/vort049,10304112,12021463
1709515219878,READ,./data/vort049,5152056,6869407
1709515219957,READ,./data/vort049,12021464,13738815
1709515220476,READ,./data/vort049,0,1717351
1709515220496,READ,./data/vort049,5152056,6869407
1709515220512,READ,./data/vort049,8586760,10304111
1709515220683,READ,./data/vort049,6869408,8586759
1709515220741,READ,./data/vort049,3434704,5152055
1709515220759,READ,./data/vort049,12021464,13738815
1709515220847,READ,./data/vort049,13738816,15456167
1709515220910,READ,./data/vort049,15456168,17173511
1709515221023,READ,./data/vort049,10304112,12021463
1709515221104,READ,./data/vort049,1717352,3434703
1709515221479,READ,./data/ux00050,0,1717351
1709515221489,READ,./data/ux00050,5152056,6869407
1709515221606,READ,./data/ux00050,3434704,5152055
1709515221636,READ,./data/ux00050,13738816,15456167
1709515221639,READ,./data/ux00050,6869408,8586759
1709515221731,READ,./data/ux00050,8586760,10304111
1709515221764,READ,./data/ux00050,10304112,12021463
1709515221831,READ,./data/ux00050,1717352,3434703
1709515221902,READ,./data/ux00050,12021464,13738815
1709515221945,READ,./data/ux00050,15456168,17173511
1709515222341,READ,./data/uy00050,0,1717351
1709515222346,READ,./data/uy00050,8586760,10304111
1709515222352,READ,./data/uy00050,13738816,15456167
1709515222448,READ,./data/uy00050,12021464,13738815
1709515222505,READ,./data/uy00050,1717352,3434703
1709515222506,READ,./data/uy00050,6869408,8586759
1709515222616,READ,./data/uy00050,3434704,5152055
1709515222661,READ,./data/uy00050,10304112,12021463
1709515222692,READ,./data/uy00050,15456168,17173511
1709515222713,READ,./data/uy00050,5152056,6869407
1709515223118,READ,./data/uz00050,0,1717351
1709515223169,READ,./data/uz00050,13738816,15456167
1709515223197,READ,./data/uz00050,3434704,5152055
1709515223283,READ,./data/uz00050,12021464,13738815
1709515223369,READ,./data/uz00050,6869408,8586759
1709515223394,READ,./data/uz00050,5152056,6869407
1709515223413,READ,./data/uz00050,8586760,10304111
1709515223495,READ,./data/uz00050,10304112,12021463
1709515223517,READ,./data/uz00050,15456168,17173511
1709515223543,READ,./data/uz00050,1717352,3434703
1709515223902,READ,./data/pp00050,3434704,5152055
1709515223956,READ,./data/pp00050,0,1717351
1709515223958,READ,./data/pp00050,13738816,15456167
1709515224037,READ,./data/pp00050,12021464,13738815
1709515224114,READ,./data/pp00050,8586760,10304111
1709515224141,READ,./data/pp00050,10304112,12021463
1709515224192,READ,./data/pp00050,1717352,3434703
1709515224209,READ,./data/pp00050,15456168,17173511
1709515224265,READ,./data/pp00050,6869408,8586759
1709515224299,READ,./data/pp00050,5152056,6869407
1709515224575,READ,./data/phi100050,0,1717351
1709515224604,READ,./data/phi100050,5152056,6869407
1709515224614,READ,./data/phi100050,15456168,17173511
1709515224694,READ,./data/phi100050,12021464,13738815
1709515224787,READ,./data/phi100050,6869408,8586759
1709515224830,READ,./data/phi100050,3434704,5152055
1709515224844,READ,./data/phi100050,10304112,12021463
1709515224898,READ,./data/phi100050,8586760,10304111
1709515224921,READ,./data/phi100050,1717352,3434703
1709515224949,READ,./data/phi100050,13738816,15456167
1709515224961,READ,./data/snap0000050.ini,0,301
1709515225375,READ,./data/vort050,1717352,3434703
1709515225431,READ,./data/vort050,0,1717351
1709515225446,READ,./data/vort050,8586760,10304111
1709515225521,READ,./data/vort050,10304112,12021463
1709515225608,READ,./data/vort050,13738816,15456167
1709515225617,READ,./data/vort050,6869408,8586759
1709515225700,READ,./data/vort050,5152056,6869407
1709515225757,READ,./data/vort050,3434704,5152055
1709515225866,READ,./data/vort050,12021464,13738815
1709515225935,READ,./data/vort050,15456168,17173511
1709515226381,READ,./data/vort050,0,1717351
1709515226403,READ,./data/vort050,5152056,6869407
1709515226412,READ,./data/vort050,12021464,13738815
1709515226514,READ,./data/vort050,10304112,12021463
1709515226578,READ,./data/vort050,1717352,3434703
1709515226638,READ,./data/vort050,13738816,15456167
1709515226678,READ,./data/vort050,15456168,17173511
1709515226771,READ,./data/vort050,3434704,5152055
1709515226840,READ,./data/vort050,6869408,8586759
1709515226950,READ,./data/vort050,8586760,10304111
1709515227351,READ,./data/vort050,0,1717351
1709515227378,READ,./data/vort050,5152056,6869407
1709515227388,READ,./data/vort050,8586760,10304111
1709515227388,READ,./data/vort050,15456168,17173511
1709515227469,READ,./data/vort050,1717352,3434703
1709515227568,READ,./data/vort050,3434704,5152055
1709515227639,READ,./data/vort050,10304112,12021463
1709515227717,READ,./data/vort050,12021464,13738815
1709515227834,READ,./data/vort050,13738816,15456167
1709515227975,READ,./data/vort050,6869408,8586759
1709515228461,READ,./data/vort050,0,1717351
1709515228507,READ,./data/vort050,5152056,6869407
1709515228595,READ,./data/vort050,10304112,12021463
1709515228600,READ,./data/vort050,3434704,5152055
1709515228726,READ,./data/vort050,12021464,13738815
1709515228824,READ,./data/vort050,1717352,3434703
1709515228873,READ,./data/vort050,13738816,15456167
1709515228945,READ,./data/vort050,6869408,8586759
1709515228986,READ,./data/vort050,8586760,10304111
1709515229016,READ,./data/vort050,15456168,17173511
1709515229399,READ,./data/ux00051,0,1717351
1709515229411,READ,./data/ux00051,5152056,6869407
1709515229511,READ,./data/ux00051,3434704,5152055
1709515229522,READ,./data/ux00051,12021464,13738815
1709515229634,READ,./data/ux00051,8586760,10304111
1709515229703,READ,./data/ux00051,1717352,3434703
1709515229760,READ,./data/ux00051,13738816,15456167
1709515229784,READ,./data/ux00051,10304112,12021463
1709515229805,READ,./data/ux00051,15456168,17173511
1709515229898,READ,./data/ux00051,6869408,8586759
1709515230191,READ,./data/uy00051,13738816,15456167
1709515230192,READ,./data/uy00051,0,1717351
1709515230206,READ,./data/uy00051,6869408,8586759
1709515230289,READ,./data/uy00051,5152056,6869407
1709515230325,READ,./data/uy00051,3434704,5152055
1709515230389,READ,./data/uy00051,10304112,12021463
1709515230435,READ,./data/uy00051,12021464,13738815
1709515230547,READ,./data/uy00051,8586760,10304111
1709515230612,READ,./data/uy00051,15456168,17173511
1709515230648,READ,./data/uy00051,1717352,3434703
1709515230936,READ,./data/uz00051,0,1717351
1709515230988,READ,./data/uz00051,3434704,5152055
1709515230999,READ,./data/uz00051,12021464,13738815
1709515231066,READ,./data/uz00051,5152056,6869407
1709515231129,READ,./data/uz00051,15456168,17173511
1709515231159,READ,./data/uz00051,1717352,3434703
1709515231173,READ,./data/uz00051,13738816,15456167
1709515231238,READ,./data/uz00051,8586760,10304111
1709515231267,READ,./data/uz00051,10304112,12021463
1709515231313,READ,./data/uz00051,6869408,8586759
1709515231589,READ,./data/pp00051,0,1717351
1709515231638,READ,./data/pp00051,10304112,12021463
1709515231715,READ,./data/pp00051,8586760,10304111
1709515231757,READ,./data/pp00051,3434704,5152055
1709515231784,READ,./data/pp00051,12021464,13738815
1709515231872,READ,./data/pp00051,13738816,15456167
1709515231918,READ,./data/pp00051,1717352,3434703
1709515231927,READ,./data/pp00051,15456168,17173511
1709515231990,READ,./data/pp00051,6869408,8586759
1709515232019,READ,./data/pp00051,5152056,6869407
1709515232420,READ,./data/phi100051,0,1717351
1709515232433,READ,./data/phi100051,13738816,15456167
1709515232479,READ,./data/phi100051,5152056,6869407
1709515232536,READ,./data/phi100051,15456168,17173511
1709515232646,READ,./data/phi100051,8586760,10304111
1709515232655,READ,./data/phi100051,3434704,5152055
1709515232751,READ,./data/phi100051,12021464,13738815
1709515232774,READ,./data/phi100051,6869408,8586759
1709515232850,READ,./data/phi100051,10304112,12021463
1709515232870,READ,./data/phi100051,1717352,3434703
1709515232885,READ,./data/snap0000051.ini,0,301
1709515233230,READ,./data/vort051,0,1717351
1709515233242,READ,./data/vort051,6869408,8586759
1709515233348,READ,./data/vort051,5152056,6869407
1709515233350,READ,./data/vort051,12021464,13738815
1709515233437,READ,./data/vort051,10304112,12021463
1709515233448,READ,./data/vort051,13738816,15456167
1709515233516,READ,./data/vort051,8586760,10304111
1709515233557,READ,./data/vort051,1717352,3434703
1709515233583,READ,./data/vort051,15456168,17173511
1709515233664,READ,./data/vort051,3434704,5152055
1709515234155,READ,./data/vort051,0,1717351
1709515234193,READ,./data/vort051,13738816,15456167
1709515234241,READ,./data/vort051,1717352,3434703
1709515234294,READ,./data/vort051,3434704,5152055
1709515234383,READ,./data/vort051,6869408,8586759
1709515234546,READ,./data/vort051,12021464,13738815
1709515234597,READ,./data/vort051,8586760,10304111
1709515234650,READ,./data/vort051,10304112,12021463
1709515234681,READ,./data/vort051,15456168,17173511
1709515234713,READ,./data/vort051,5152056,6869407
1709515235133,READ,./data/vort051,0,1717351
1709515235184,READ,./data/vort051,15456168,17173511
1709515235271,READ,./data/vort051,13738816,15456167
1709515235274,READ,./data/vort051,3434704,5152055
1709515235276,READ,./data/vort051,10304112,12021463
1709515235297,READ,./data/vort051,1717352,3434703
1709515235389,READ,./data/vort051,5152056,6869407
1709515235465,READ,./data/vort051,12021464,13738815
1709515235523,READ,./data/vort051,6869408,8586759
1709515235565,READ,./data/vort051,8586760,10304111
1709515236106,READ,./data/vort051,0,1717351
1709515236187,READ,./data/vort051,3434704,5152055
1709515236257,READ,./data/vort051,5152056,6869407
1709515236307,READ,./data/vort051,6869408,8586759
1709515236310,READ,./data/vort051,15456168,17173511
1709515236334,READ,./data/vort051,1717352,3434703
1709515236398,READ,./data/vort051,8586760,10304111
1709515236500,READ,./data/vort051,12021464,13738815
1709515236635,READ,./data/vort051,10304112,12021463
1709515236642,READ,./data/vort051,13738816,15456167
1709515237179,READ,./data/ux00052,0,1717351
1709515237233,READ,./data/ux00052,10304112,12021463
1709515237302,READ,./data/ux00052,3434704,5152055
1709515237380,READ,./data/ux00052,12021464,13738815
1709515237452,READ,./data/ux00052,6869408,8586759
1709515237540,READ,./data/ux00052,1717352,3434703
1709515237614,READ,./data/ux00052,15456168,17173511
1709515237645,READ,./data/ux00052,8586760,10304111
1709515237663,READ,./data/ux00052,5152056,6869407
1709515237689,READ,./data/ux00052,13738816,15456167
1709515237989,READ,./data/uy00052,0,1717351
1709515237999,READ,./data/uy00052,13738816,15456167
1709515238012,READ,./data/uy00052,5152056,6869407
1709515238091,READ,./data/uy00052,12021464,13738815
1709515238190,READ,./data/uy00052,10304112,12021463
1709515238292,READ,./data/uy00052,3434704,5152055
1709515238314,READ,./data/uy00052,8586760,10304111
1709515238328,READ,./data/uy00052,15456168,17173511
1709515238352,READ,./data/uy00052,1717352,3434703
1709515238422,READ,./data/uy00052,6869408,8586759
1709515238794,READ,./data/uz00052,0,1717351
1709515238811,READ,./data/uz00052,8586760,10304111
1709515238822,READ,./data/uz00052,5152056,6869407
1709515238830,READ,./data/uz00052,13738816,15456167
1709515238931,READ,./data/uz00052,15456168,17173511
1709515239015,READ,./data/uz00052,12021464,13738815
1709515239032,READ,./data/uz00052,1717352,3434703
1709515239092,READ,./data/uz00052,6869408,8586759
1709515239127,READ,./data/uz00052,10304112,12021463
1709515239160,READ,./data/uz00052,3434704,5152055
1709515239525,READ,./data/pp00052,0,1717351
1709515239527,READ,./data/pp00052,5152056,6869407
1709515239608,READ,./data/pp00052,3434704,5152055
1709515239644,READ,./data/pp00052,12021464,13738815
1709515239648,READ,./data/pp00052,1717352,3434703
1709515239721,READ,./data/pp00052,8586760,10304111
1709515239775,READ,./data/pp00052,13738816,15456167
1709515239807,READ,./data/pp00052,10304112,12021463
1709515239857,READ,./data/pp00052,6869408,8586759
1709515239895,READ,./data/pp00052,15456168,17173511
1709515240254,READ,./data/phi100052,0,1717351
1709515240263,READ,./data/phi100052,6869408,8586759
1709515240345,READ,./data/phi100052,12021464,13738815
1709515240373,READ,./data/phi100052,3434704,5152055
1709515240409,READ,./data/phi100052,1717352,3434703
1709515240449,READ,./data/phi100052,8586760,10304111
1709515240526,READ,./data/phi100052,13738816,15456167
1709515240603,READ,./data/phi100052,5152056,6869407
1709515240702,READ,./data/phi100052,10304112,12021463
1709515240780,READ,./data/phi100052,15456168,17173511
1709515240783,READ,./data/snap0000052.ini,0,301
1709515241215,READ,./data/vort052,8586760,10304111
1709515241241,READ,./data/vort052,0,1717351
1709515241295,READ,./data/vort052,10304112,12021463
1709515241304,READ,./data/vort052,15456168,17173511
1709515241392,READ,./data/vort052,12021464,13738815
1709515241440,READ,./data/vort052,1717352,3434703
1709515241497,READ,./data/vort052,6869408,8586759
1709515241530,READ,./data/vort052,13738816,15456167
1709515241593,READ,./data/vort052,5152056,6869407
1709515241655,READ,./data/vort052,3434704,5152055
1709515242126,READ,./data/vort052,0,1717351
1709515242176,READ,./data/vort052,6869408,8586759
1709515242196,READ,./data/vort052,15456168,17173511
1709515242232,READ,./data/vort052,1717352,3434703
1709515242367,READ,./data/vort052,3434704,5152055
1709515242451,READ,./data/vort052,12021464,13738815
1709515242500,READ,./data/vort052,8586760,10304111
1709515242589,READ,./data/vort052,10304112,12021463
1709515242643,READ,./data/vort052,13738816,15456167
1709515242649,READ,./data/vort052,5152056,6869407
1709515243019,READ,out/restart0000210,0,1717351
1709515243073,READ,out/restart0000210,6869408,8586759
1709515243151,READ,out/restart0000210,10304112,12021463
1709515243153,READ,out/restart0000210,13738816,15456167
1709515243206,READ,out/restart0000210,1717352,3434703
1709515243270,READ,out/restart0000210,12021464,13738815
1709515243340,READ,out/restart0000210,3434704,5152055
1709515243413,READ,out/restart0000210,8586760,10304111
1709515243438,READ,out/restart0000210,15456168,17173511
1709515243464,READ,out/restart0000210,5152056,6869407
1709515243476,READ,out/restart0000210,24042920,25760271
1709515243545,READ,out/restart0000210,22325568,24042919
1709515243598,READ,out/restart0000210,20608216,22325567
1709515243646,READ,out/restart0000210,29194976,30912327
1709515243738,READ,out/restart0000210,30912328,32629679
1709515243780,READ,out/restart0000210,18890864,20608215
1709515243835,READ,out/restart0000210,17173512,18890863
1709515243863,READ,out/restart0000210,25760272,27477623
1709515243905,READ,out/restart0000210,27477624,29194975
1709515243942,READ,out/restart0000210,32629680,34347023
1709515243953,READ,out/restart0000210,46368488,48085839
1709515244031,READ,out/restart0000210,36064376,37781727
1709515244096,READ,out/restart0000210,39499080,41216431
1709515244130,READ,out/restart0000210,44651136,46368487
1709515244137,READ,out/restart0000210,34347024,36064375
1709515244189,READ,out/restart0000210,41216432,42933783
1709515244196,READ,out/restart0000210,48085840,49803191
1709515244241,READ,out/restart0000210,42933784,44651135
1709515244257,READ,out/restart0000210,37781728,39499079
1709515244265,READ,out/restart0000210,49803192,51520535
1709515244269,READ,out/restart0000210,63542000,65259351
1709515244282,READ,out/restart0000210,58389944,60107295
1709515244380,READ,out/restart0000210,54955240,56672591
1709515244380,READ,out/restart0000210,65259352,66976703
1709515244414,READ,out/restart0000210,56672592,58389943
1709515244417,READ,out/restart0000210,60107296,61824647
1709515244421,READ,out/restart0000210,51520536,53237887
1709515244464,READ,out/restart0000210,61824648,63541999
1709515244485,READ,out/restart0000210,53237888,54955239
1709515244576,READ,out/restart0000210,66976704,68694047
1709515244580,READ,out/restart0000210,80715512,82432863
1709515244596,READ,out/restart0000210,73846104,75563455
1709515244659,READ,out/restart0000210,82432864,84150215
1709515244678,READ,out/restart0000210,68694048,70411399
1709515244700,READ,out/restart0000210,72128752,73846103
1709515244711,READ,out/restart0000210,78998160,80715511
1709515244739,READ,out/restart0000210,77280808,78998159
1709515244774,READ,out/restart0000210,70411400,72128751
1709515244824,READ,out/restart0000210,75563456,77280807
1709515244876,READ,out/restart0000210,84150216,85867559
1709515244880,READ,out/restart0000210,97889024,99606375
1709515244895,READ,out/restart0000210,89302264,91019615
1709515244944,READ,out/restart0000210,92736968,94454319
1709515244948,READ,out/restart0000210,99606376,101323727
1709515244984,READ,out/restart0000210,87584912,89302263
1709515245026,READ,out/restart0000210,94454320,96171671
1709515245084,READ,out/restart0000210,91019616,92736967
1709515245102,READ,out/restart0000210,85867560,87584911
1709515245136,READ,out/restart0000210,96171672,97889023
1709515245195,READ,out/restart0000210,101323728,103041071
1709515245199,READ,out/restart0000210,115062536,116779887
1709515245225,READ,out/restart0000210,103041072,104758423
1709515245272,READ,out/restart0000210,104758424,106475775
1709515245365,READ,out/restart0000210,106475776,108193127
1709515245401,READ,out/restart0000210,109910480,111627831
1709515245404,READ,out/restart0000210,113345184,115062535
1709515245470,READ,out/restart0000210,111627832,113345183
1709515245484,READ,out/restart0000210,116779888,118497239
1709515245507,READ,out/restart0000210,108193128,109910479
1709515245567,READ,out/restart0000210,118497240,120214583
1709515245571,READ,out/restart0000210,132236048,133953399
1709515245582,READ,out/restart0000210,127083992,128801343
1709515245664,READ,out/restart0000210,125366640,127083991
1709515245691,READ,out/restart0000210,133953400,135670751
1709515245721,READ,out/restart0000210,130518696,132236047
1709515245764,READ,out/restart0000210,128801344,130518695
1709515245792,READ,out/restart0000210,123649288,125366639
1709515245874,READ,out/restart0000210,120214584,121931935
1709515245900,READ,out/restart0000210,121931936,123649287
1709515245944,READ,out/restart0000210,135670752,137388095
1709515245949,READ,out/restart0000210,149409560,151126911
1709515245954,READ,out/restart0000210,139105448,140822799
1709515246054,READ,out/restart0000210,140822800,142540151
1709515246085,READ,out/restart0000210,151126912,152844263
1709515246095,READ,out/restart0000210,142540152,144257503
1709515246165,READ,out/restart0000210,144257504,145974855
1709515246169,READ,out/restart0000210,147692208,149409559
1709515246212,READ,out/restart0000210,152844264,154561607
1709515246214,READ,out/restart0000210,145974856,147692207
1709515246244,READ,out/restart0000210,137388096,139105447
1709515246258,READ,out/restart0000210,168088240,169779068
1709515246271,READ,out/restart0000210,157943266,159634094
1709515246320,READ,out/restart0000210,169779069,171469895
1709515246390,READ,out/restart0000210,166397411,168088239
1709515246426,READ,out/restart0000210,159634095,161324923
1709515246461,READ,out/restart0000210,161324924,163015752
1709515246520,READ,out/restart0000210,163015753,164706581
1709515246554,READ,out/restart0000210,154561608,156252436
1709515246578,READ,out/restart0000210,156252437,157943265
1709515246596,READ,out/restart0000210,164706582,166397410
1709515246601,READ,out/restart0000210,185208712,186926063
1709515246609,READ,out/restart0000210,181774008,183491359
1709515246620,READ,out/restart0000210,178339304,180056655
1709515246630,READ,out/restart0000210,173187248,174904599
1709515246725,READ,out/restart0000210,174904600,176621951
1709515246759,READ,out/restart0000210,171469896,173187247
1709515246839,READ,out/restart0000210,186926064,188643407
1709515246902,READ,out/restart0000210,180056656,181774007
1709515246940,READ,out/restart0000210,176621952,178339303
1709515246973,READ,out/restart0000210,183491360,185208711
1709515246977,READ,out/restart0000210,202382224,204099575
1709515247025,READ,out/restart0000210,188643408,190360759
1709515247100,READ,out/restart0000210,200664872,202382223
1709515247136,READ,out/restart0000210,192078112,193795463
1709515247216,READ,out/restart0000210,193795464,195512815
1709515247314,READ,out/restart0000210,198947520,200664871
1709515247350,READ,out/restart0000210,197230168,198947519
1709515247374,READ,out/restart0000210,190360760,192078111
1709515247443,READ,out/restart0000210,195512816,197230167
1709515247516,READ,out/restart0000210,204099576,205816919
1709515247521,READ,out/restart0000210,219555736,221273087
1709515247525,READ,out/restart0000210,212686328,214403679
1709515247610,READ,out/restart0000210,217838384,219555735
1709515247670,READ,out/restart0000210,209251624,210968975
1709515247673,READ,out/restart0000210,216121032,217838383
1709515247700,READ,out/restart0000210,210968976,212686327
1709515247753,READ,out/restart0000210,214403680,216121031
1709515247754,READ,out/restart0000210,205816920,207534271
1709515247882,READ,out/restart0000210,207534272,209251623
1709515247887,READ,out/restart0000210,221273088,222990431
1709515247925,READ,out/restart0000210.info,0,538
1709515248114,READ,./data/vort052,0,1717351
1709515248149,READ,./data/vort052,12021464,13738815
1709515248237,READ,./data/vort052,13738816,15456167
1709515248290,READ,./data/vort052,15456168,17173511
1709515248336,READ,./data/vort052,1717352,3434703
1709515248389,READ,./data/vort052,8586760,10304111
1709515248429,READ,./data/vort052,3434704,5152055
1709515248503,READ,./data/vort052,6869408,8586759
1709515248554,READ,./data/vort052,5152056,6869407
1709515248594,READ,./data/vort052,10304112,12021463
1709515249038,READ,./data/vort052,0,1717351
1709515249079,READ,./data/vort052,6869408,8586759
1709515249135,READ,./data/vort052,13738816,15456167
1709515249136,READ,./data/vort052,1717352,3434703
1709515249209,READ,./data/vort052,10304112,12021463
1709515249309,READ,./data/vort052,8586760,10304111
1709515249355,READ,./data/vort052,3434704,5152055
1709515249458,READ,./data/vort052,15456168,17173511
1709515249472,READ,./data/vort052,5152056,6869407
1709515249551,READ,./data/vort052,12021464,13738815
1709515250022,READ,./data/ux00053,3434704,5152055
1709515250029,READ,./data/ux00053,12021464,13738815
1709515250090,READ,./data/ux00053,8586760,10304111
1709515250134,READ,./data/ux00053,10304112,12021463
1709515250225,READ,./data/ux00053,13738816,15456167
1709515250286,READ,./data/ux00053,15456168,17173511
1709515250332,READ,./data/ux00053,5152056,6869407
1709515250374,READ,./data/ux00053,0,1717351
1709515250454,READ,./data/ux00053,6869408,8586759
1709515250507,READ,./data/ux00053,1717352,3434703
1709515250880,READ,./data/uy00053,0,1717351
1709515250923,READ,./data/uy00053,6869408,8586759
1709515251007,READ,./data/uy00053,3434704,5152055
1709515251088,READ,./data/uy00053,12021464,13738815
1709515251121,READ,./data/uy00053,1717352,3434703
1709515251182,READ,./data/uy00053,15456168,17173511
1709515251231,READ,./data/uy00053,10304112,12021463
1709515251245,READ,./data/uy00053,5152056,6869407
1709515251311,READ,./data/uy00053,8586760,10304111
1709515251325,READ,./data/uy00053,13738816,15456167
1709515251693,READ,./data/uz00053,0,1717351
1709515251720,READ,./data/uz00053,12021464,13738815
1709515251837,READ,./data/uz00053,8586760,10304111
1709515251899,READ,./data/uz00053,13738816,15456167
1709515251922,READ,./data/uz00053,15456168,17173511
1709515251978,READ,./data/uz00053,1717352,3434703
1709515252033,READ,./data/uz00053,3434704,5152055
1709515252123,READ,./data/uz00053,5152056,6869407
1709515252172,READ,./data/uz00053,10304112,12021463
1709515252305,READ,./data/uz00053,6869408,8586759
1709515252604,READ,./data/pp00053,0,1717351
1709515252630,READ,./data/pp00053,8586760,10304111
1709515252725,READ,./data/pp00053,6869408,8586759
1709515252797,READ,./data/pp00053,5152056,6869407
1709515252799,READ,./data/pp00053,13738816,15456167
1709515252823,READ,./data/pp00053,10304112,12021463
1709515252895,READ,./data/pp00053,15456168,17173511
1709515252929,READ,./data/pp00053,3434704,5152055
1709515252967,READ,./data/pp00053,1717352,3434703
1709515253037,READ,./data/pp00053,12021464,13738815
1709515253496,READ,./data/phi100053,0,1717351
1709515253554,READ,./data/phi100053,10304112,12021463
1709515253567,READ,./data/phi100053,13738816,15456167
1709515253575,READ,./data/phi100053,1717352,3434703
1709515253608,READ,./data/phi100053,3434704,5152055
1709515253670,READ,./data/phi100053,8586760,10304111
1709515253734,READ,./data/phi100053,12021464,13738815
1709515253803,READ,./data/phi100053,5152056,6869407
1709515253872,READ,./data/phi100053,6869408,8586759
1709515253910,READ,./data/phi100053,15456168,17173511
1709515253917,READ,./data/snap0000053.ini,0,301
1709515254217,READ,./data/vort053,0,1717351
1709515254228,READ,./data/vort053,6869408,8586759
1709515254243,READ,./data/vort053,13738816,15456167
1709515254323,READ,./data/vort053,3434704,5152055
1709515254399,READ,./data/vort053,12021464,13738815
1709515254433,READ,./data/vort053,8586760,10304111
1709515254532,READ,./data/vort053,10304112,12021463
1709515254548,READ,./data/vort053,5152056,6869407
1709515254625,READ,./data/vort053,15456168,17173511
1709515254649,READ,./data/vort053,1717352,3434703
1709515255028,READ,./data/vort053,0,1717351
1709515255107,READ,./data/vort053,15456168,17173511
1709515255111,READ,./data/vort053,10304112,12021463
1709515255140,READ,./data/vort053,1717352,3434703
1709515255148,READ,./data/vort053,5152056,6869407
1709515255221,READ,./data/vort053,13738816,15456167
1709515255302,READ,./data/vort053,3434704,5152055
1709515255393,READ,./data/vort053,8586760,10304111
1709515255425,READ,./data/vort053,6869408,8586759
1709515255507,READ,./data/vort053,12021464,13738815
1709515256017,READ,./data/vort053,0,1717351
1709515256060,READ,./data/vort053,12021464,13738815
1709515256142,READ,./data/vort053,8586760,10304111
1709515256202,READ,./data/vort053,15456168,17173511
1709515256247,READ,./data/vort053,3434704,5152055
1709515256327,READ,./data/vort053,5152056,6869407
1709515256377,READ,./data/vort053,13738816,15456167
1709515256405,READ,./data/vort053,1717352,3434703
1709515256449,READ,./data/vort053,6869408,8586759
1709515256541,READ,./data/vort053,10304112,12021463
1709515257045,READ,./data/vort053,0,1717351
1709515257089,READ,./data/vort053,8586760,10304111
1709515257120,READ,./data/vort053,3434704,5152055
1709515257132,READ,./data/vort053,13738816,15456167
1709515257224,READ,./data/vort053,5152056,6869407
1709515257334,READ,./data/vort053,12021464,13738815
1709515257419,READ,./data/vort053,6869408,8586759
1709515257443,READ,./data/vort053,1717352,3434703
1709515257507,READ,./data/vort053,15456168,17173511
1709515257546,READ,./data/vort053,10304112,12021463
1709515257990,READ,./data/ux00054,0,1717351
1709515257997,READ,./data/ux00054,10304112,12021463
1709515258002,READ,./data/ux00054,5152056,6869407
1709515258085,READ,./data/ux00054,12021464,13738815
1709515258120,READ,./data/ux00054,8586760,10304111
1709515258201,READ,./data/ux00054,3434704,5152055
1709515258291,READ,./data/ux00054,13738816,15456167
1709515258305,READ,./data/ux00054,1717352,3434703
1709515258373,READ,./data/ux00054,15456168,17173511
1709515258411,READ,./data/ux00054,6869408,8586759
1709515258813,READ,./data/uy00054,3434704,5152055
1709515258889,READ,./data/uy00054,0,1717351
1709515258946,READ,./data/uy00054,5152056,6869407
1709515258947,READ,./data/uy00054,10304112,12021463
1709515259019,READ,./data/uy00054,12021464,13738815
1709515259059,READ,./data/uy00054,6869408,8586759
1709515259084,READ,./data/uy00054,1717352,3434703
1709515259108,READ,./data/uy00054,8586760,10304111
1709515259172,READ,./data/uy00054,13738816,15456167
1709515259196,READ,./data/uy00054,15456168,17173511
1709515259512,READ,./data/uz00054,0,1717351
1709515259522,READ,./data/uz00054,13738816,15456167
1709515259525,READ,./data/uz00054,5152056,6869407
1709515259610,READ,./data/uz00054,3434704,5152055
1709515259631,READ,./data/uz00054,8586760,10304111
1709515259740,READ,./data/uz00054,12021464,13738815
1709515259779,READ,./data/uz00054,6869408,8586759
1709515259806,READ,./data/uz00054,1717352,3434703
1709515259857,READ,./data/uz00054,15456168,17173511
1709515259861,READ,./data/uz00054,10304112,12021463
1709515260179,READ,./data/pp00054,0,1717351
1709515260205,READ,./data/pp00054,10304112,12021463
1709515260273,READ,./data/pp00054,1717352,3434703
1709515260285,READ,./data/pp00054,15456168,17173511
1709515260312,READ,./data/pp00054,3434704,5152055
1709515260381,READ,./data/pp00054,5152056,6869407
1709515260468,READ,./data/pp00054,6869408,8586759
1709515260490,READ,./data/pp00054,8586760,10304111
1709515260556,READ,./data/pp00054,13738816,15456167
1709515260627,READ,./data/pp00054,12021464,13738815
1709515260943,READ,./data/phi100054,13738816,15456167
1709515260944,READ,./data/phi100054,0,1717351
1709515260971,READ,./data/phi100054,10304112,12021463
1709515261005,READ,./data/phi100054,3434704,5152055
1709515261082,READ,./data/phi100054,8586760,10304111
1709515261148,READ,./data/phi100054,15456168,17173511
1709515261170,READ,./data/phi100054,1717352,3434703
1709515261254,READ,./data/phi100054,5152056,6869407
1709515261307,READ,./data/phi100054,6869408,8586759
1709515261417,READ,./data/phi100054,12021464,13738815
1709515261420,READ,./data/snap0000054.ini,0,301
1709515261830,READ,./data/vort054,0,1717351
1709515261867,READ,./data/vort054,3434704,5152055
1709515261878,READ,./data/vort054,10304112,12021463
1709515261970,READ,./data/vort054,12021464,13738815
1709515262001,READ,./data/vort054,8586760,10304111
1709515262032,READ,./data/vort054,1717352,3434703
1709515262118,READ,./data/vort054,6869408,8586759
1709515262183,READ,./data/vort054,15456168,17173511
1709515262208,READ,./data/vort054,5152056,6869407
1709515262238,READ,./data/vort054,13738816,15456167
1709515262690,READ,./data/vort054,0,1717351
1709515262774,READ,./data/vort054,3434704,5152055
1709515262782,READ,./data/vort054,13738816,15456167
1709515262787,READ,./data/vort054,10304112,12021463
1709515262856,READ,./data/vort054,8586760,10304111
1709515262948,READ,./data/vort054,15456168,17173511
1709515262969,READ,./data/vort054,1717352,3434703
1709515263002,READ,./data/vort054,12021464,13738815
1709515263065,READ,./data/vort054,6869408,8586759
1709515263107,READ,./data/vort054,5152056,6869407
1709515263611,READ,./data/vort054,0,1717351
1709515263699,READ,./data/vort054,3434704,5152055
1709515263715,READ,./data/vort054,15456168,17173511
1709515263804,READ,./data/vort054,13738816,15456167
1709515263835,READ,./data/vort054,1717352,3434703
1709515263902,READ,./data/vort054,6869408,8586759
1709515263979,READ,./data/vort054,8586760,10304111
1709515264018,READ,./data/vort054,12021464,13738815
1709515264042,READ,./data/vort054,5152056,6869407
1709515264123,READ,./data/vort054,10304112,12021463
1709515264590,READ,./data/vort054,0,1717351
1709515264626,READ,./data/vort054,10304112,12021463
1709515264706,READ,./data/vort054,6869408,8586759
1709515264819,READ,./data/vort054,12021464,13738815
1709515264822,READ,./data/vort054,3434704,5152055
1709515264926,READ,./data/vort054,13738816,15456167
1709515264951,READ,./data/vort054,5152056,6869407
1709515265003,READ,./data/vort054,1717352,3434703
1709515265044,READ,./data/vort054,15456168,17173511
1709515265086,READ,./data/vort054,8586760,10304111
1709515265604,READ,./data/ux00055,0,1717351
1709515265624,READ,./data/ux00055,13738816,15456167
1709515265682,READ,./data/ux00055,3434704,5152055
1709515265747,READ,./data/ux00055,15456168,17173511
1709515265758,READ,./data/ux00055,8586760,10304111
1709515265778,READ,./data/ux00055,1717352,3434703
1709515265881,READ,./data/ux00055,6869408,8586759
1709515265959,READ,./data/ux00055,10304112,12021463
1709515266036,READ,./data/ux00055,5152056,6869407
1709515266048,READ,./data/ux00055,12021464,13738815
1709515266405,READ,./data/uy00055,0,1717351
1709515266432,READ,./data/uy00055,10304112,12021463
1709515266449,READ,./data/uy00055,5152056,6869407
1709515266520,READ,./data/uy00055,12021464,13738815
1709515266603,READ,./data/uy00055,6869408,8586759
1709515266616,READ,./data/uy00055,1717352,3434703
1709515266672,READ,./data/uy00055,15456168,17173511
1709515266754,READ,./data/uy00055,13738816,15456167
1709515266795,READ,./data/uy00055,3434704,5152055
1709515266811,READ,./data/uy00055,8586760,10304111
1709515267124,READ,./data/uz00055,0,1717351
1709515267147,READ,./data/uz00055,8586760,10304111
1709515267192,READ,./data/uz00055,1717352,3434703
1709515267206,READ,./data/uz00055,5152056,6869407
1709515267289,READ,./data/uz00055,6869408,8586759
1709515267290,READ,./data/uz00055,15456168,17173511
1709515267315,READ,./data/uz00055,3434704,5152055
1709515267387,READ,./data/uz00055,12021464,13738815
1709515267421,READ,./data/uz00055,13738816,15456167
1709515267474,READ,./data/uz00055,10304112,12021463
1709515267912,READ,./data/pp00055,6869408,8586759
1709515267926,READ,./data/pp00055,0,1717351
1709515267994,READ,./data/pp00055,8586760,10304111
1709515268070,READ,./data/pp00055,10304112,12021463
1709515268074,READ,./data/pp00055,15456168,17173511
1709515268149,READ,./data/pp00055,5152056,6869407
1709515268190,READ,./data/pp00055,1717352,3434703
1709515268276,READ,./data/pp00055,13738816,15456167
1709515268284,READ,./data/pp00055,3434704,5152055
1709515268355,READ,./data/pp00055,12021464,13738815
1709515268747,READ,./data/phi100055,0,1717351
1709515268781,READ,./data/phi100055,12021464,13738815
1709515268872,READ,./data/phi100055,15456168,17173511
1709515268930,READ,./data/phi100055,10304112,12021463
1709515269040,READ,./data/phi100055,6869408,8586759
1709515269137,READ,./data/phi100055,13738816,15456167
1709515269181,READ,./data/phi100055,1717352,3434703
1709515269202,READ,./data/phi100055,8586760,10304111
1709515269280,READ,./data/phi100055,5152056,6869407
1709515269377,READ,./data/phi100055,3434704,5152055
1709515269390,READ,./data/snap0000055.ini,0,301
1709515269784,READ,./data/vort055,0,1717351
1709515269801,READ,./data/vort055,6869408,8586759
1709515269900,READ,./data/vort055,3434704,5152055
1709515269966,READ,./data/vort055,10304112,12021463
1709515270059,READ,./data/vort055,1717352,3434703
1709515270150,READ,./data/vort055,12021464,13738815
1709515270229,READ,./data/vort055,15456168,17173511
1709515270294,READ,./data/vort055,5152056,6869407
1709515270360,READ,./data/vort055,13738816,15456167
1709515270462,READ,./data/vort055,8586760,10304111
1709515270896,READ,./data/vort055,0,1717351
1709515270928,READ,./data/vort055,15456168,17173511
1709515270937,READ,./data/vort055,8586760,10304111
1709515271033,READ,./data/vort055,12021464,13738815
1709515271082,READ,./data/vort055,3434704,5152055
1709515271180,READ,./data/vort055,1717352,3434703
1709515271280,READ,./data/vort055,6869408,8586759
1709515271356,READ,./data/vort055,5152056,6869407
1709515271430,READ,./data/vort055,13738816,15456167
1709515271449,READ,./data/vort055,10304112,12021463
1709515272039,READ,./data/vort055,0,1717351
1709515272142,READ,./data/vort055,1717352,3434703
1709515272156,READ,./data/vort055,12021464,13738815
1709515272267,READ,./data/vort055,8586760,10304111
1709515272274,READ,./data/vort055,5152056,6869407
1709515272274,READ,./data/vort055,15456168,17173511
1709515272370,READ,./data/vort055,3434704,5152055
1709515272497,READ,./data/vort055,13738816,15456167
1709515272586,READ,./data/vort055,10304112,12021463
1709515272669,READ,./data/vort055,6869408,8586759
1709515273108,READ,./data/vort055,0,1717351
1709515273242,READ,./data/vort055,1717352,3434703
1709515273250,READ,./data/vort055,5152056,6869407
1709515273362,READ,./data/vort055,3434704,5152055
1709515273371,READ,./data/vort055,10304112,12021463
1709515273468,READ,./data/vort055,12021464,13738815
1709515273504,READ,./data/vort055,8586760,10304111
1709515273619,READ,./data/vort055,6869408,8586759
1709515273749,READ,./data/vort055,13738816,15456167
1709515273780,READ,./data/vort055,15456168,17173511
1709515274163,READ,./data/ux00056,0,1717351
1709515274183,READ,./data/ux00056,6869408,8586759
1709515274193,READ,./data/ux00056,13738816,15456167
1709515274274,READ,./data/ux00056,10304112,12021463
1709515274393,READ,./data/ux00056,5152056,6869407
1709515274498,READ,./data/ux00056,3434704,5152055
1709515274599,READ,./data/ux00056,15456168,17173511
1709515274687,READ,./data/ux00056,1717352,3434703
1709515274781,READ,./data/ux00056,12021464,13738815
1709515274849,READ,./data/ux00056,8586760,10304111
1709515275269,READ,./data/uy00056,6869408,8586759
1709515275272,READ,./data/uy00056,0,1717351
1709515275411,READ,./data/uy00056,3434704,5152055
1709515275474,READ,./data/uy00056,12021464,13738815
1709515275562,READ,./data/uy00056,1717352,3434703
1709515275664,READ,./data/uy00056,8586760,10304111
1709515275668,READ,./data/uy00056,13738816,15456167
1709515275780,READ,./data/uy00056,10304112,12021463
1709515275812,READ,./data/uy00056,15456168,17173511
1709515275869,READ,./data/uy00056,5152056,6869407
1709515276240,READ,./data/uz00056,13738816,15456167
1709515276241,READ,./data/uz00056,0,1717351
1709515276263,READ,./data/uz00056,10304112,12021463
1709515276299,READ,./data/uz00056,1717352,3434703
1709515276302,READ,./data/uz00056,5152056,6869407
1709515276397,READ,./data/uz00056,3434704,5152055
1709515276529,READ,./data/uz00056,6869408,8586759
1709515276608,READ,./data/uz00056,12021464,13738815
1709515276690,READ,./data/uz00056,8586760,10304111
1709515276721,READ,./data/uz00056,15456168,17173511
1709515277044,READ,./data/pp00056,0,1717351
1709515277137,READ,./data/pp00056,3434704,5152055
1709515277142,READ,./data/pp00056,8586760,10304111
1709515277233,READ,./data/pp00056,5152056,6869407
1709515277292,READ,./data/pp00056,12021464,13738815
1709515277329,READ,./data/pp00056,10304112,12021463
1709515277395,READ,./data/pp00056,15456168,17173511
1709515277434,READ,./data/pp00056,13738816,15456167
1709515277448,READ,./data/pp00056,1717352,3434703
1709515277513,READ,./data/pp00056,6869408,8586759
1709515277873,READ,./data/phi100056,0,1717351
1709515277885,READ,./data/phi100056,12021464,13738815
1709515277962,READ,./data/phi100056,6869408,8586759
1709515277995,READ,./data/phi100056,10304112,12021463
1709515278040,READ,./data/phi100056,8586760,10304111
1709515278076,READ,./data/phi100056,1717352,3434703
1709515278128,READ,./data/phi100056,15456168,17173511
1709515278169,READ,./data/phi100056,13738816,15456167
1709515278231,READ,./data/phi100056,3434704,5152055
1709515278269,READ,./data/phi100056,5152056,6869407
1709515278272,READ,./data/snap0000056.ini,0,301
1709515278672,READ,./data/vort056,6869408,8586759
1709515278674,READ,./data/vort056,0,1717351
1709515278698,READ,./data/vort056,15456168,17173511
1709515278757,READ,./data/vort056,5152056,6869407
1709515278857,READ,./data/vort056,3434704,5152055
1709515278897,READ,./data/vort056,8586760,10304111
1709515278993,READ,./data/vort056,12021464,13738815
1709515279084,READ,./data/vort056,1717352,3434703
1709515279129,READ,./data/vort056,13738816,15456167
1709515279172,READ,./data/vort056,10304112,12021463
1709515279620,READ,./data/vort056,0,1717351
1709515279675,READ,./data/vort056,8586760,10304111
1709515279744,READ,./data/vort056,1717352,3434703
1709515279747,READ,./data/vort056,15456168,17173511
1709515279758,READ,./data/vort056,5152056,6869407
1709515279902,READ,./data/vort056,3434704,5152055
1709515279994,READ,./data/vort056,6869408,8586759
1709515280031,READ,./data/vort056,10304112,12021463
1709515280127,READ,./data/vort056,12021464,13738815
1709515280188,READ,./data/vort056,13738816,15456167
1709515280625,READ,./data/vort056,0,1717351
1709515280689,READ,./data/vort056,10304112,12021463
1709515280766,READ,./data/vort056,12021464,13738815
1709515280845,READ,./data/vort056,1717352,3434703
1709515280937,READ,./data/vort056,3434704,5152055
1709515280980,READ,./data/vort056,13738816,15456167
1709515281087,READ,./data/vort056,6869408,8586759
1709515281208,READ,./data/vort056,15456168,17173511
1709515281244,READ,./data/vort056,8586760,10304111
1709515281329,READ,./data/vort056,5152056,6869407
1709515281832,READ,./data/vort056,0,1717351
1709515281897,READ,./data/vort056,3434704,5152055
1709515281989,READ,./data/vort056,6869408,8586759
1709515281994,READ,./data/vort056,13738816,15456167
1709515282095,READ,./data/vort056,12021464,13738815
1709515282195,READ,./data/vort056,5152056,6869407
1709515282245,READ,./data/vort056,15456168,17173511
1709515282311,READ,./data/vort056,10304112,12021463
1709515282400,READ,./data/vort056,8586760,10304111
1709515282462,READ,./data/vort056,1717352,3434703
1709515282914,READ,./data/ux00057,0,1717351
1709515282987,READ,./data/ux00057,1717352,3434703
1709515282995,READ,./data/ux00057,5152056,6869407
1709515283007,READ,./data/ux00057,10304112,12021463
1709515283027,READ,./data/ux00057,13738816,15456167
1709515283095,READ,./data/ux00057,8586760,10304111
1709515283190,READ,./data/ux00057,3434704,5152055
1709515283270,READ,./data/ux00057,6869408,8586759
1709515283359,READ,./data/ux00057,15456168,17173511
1709515283475,READ,./data/ux00057,12021464,13738815
1709515283789,READ,./data/uy00057,0,1717351
1709515283803,READ,./data/uy00057,10304112,12021463
1709515283876,READ,./data/uy00057,6869408,8586759
1709515283908,READ,./data/uy00057,8586760,10304111
1709515283981,READ,./data/uy00057,5152056,6869407
1709515284025,READ,./data/uy00057,3434704,5152055
1709515284027,READ,./data/uy00057,15456168,17173511
1709515284150,READ,./data/uy00057,1717352,3434703
1709515284154,READ,./data/uy00057,12021464,13738815
1709515284204,READ,./data/uy00057,13738816,15456167
1709515284543,READ,./data/uz00057,0,1717351
1709515284558,READ,./data/uz00057,13738816,15456167
1709515284571,READ,./data/uz00057,5152056,6869407
1709515284695,READ,./data/uz00057,3434704,5152055
1709515284718,READ,./data/uz00057,6869408,8586759
1709515284839,READ,./data/uz00057,8586760,10304111
1709515284905,READ,./data/uz00057,15456168,17173511
1709515284954,READ,./data/uz00057,1717352,3434703
1709515284981,READ,./data/uz00057,12021464,13738815
1709515285120,READ,./data/uz00057,10304112,12021463
1709515285458,READ,./data/pp00057,0,1717351
1709515285476,READ,./data/pp00057,8586760,10304111
1709515285571,READ,./data/pp00057,6869408,8586759
1709515285574,READ,./data/pp00057,13738816,15456167
1709515285609,READ,./data/pp00057,10304112,12021463
1709515285693,READ,./data/pp00057,5152056,6869407
1709515285735,READ,./data/pp00057,1717352,3434703
1709515285770,READ,./data/pp00057,3434704,5152055
1709515285825,READ,./data/pp00057,12021464,13738815
1709515285869,READ,./data/pp00057,15456168,17173511
1709515286205,READ,./data/phi100057,0,1717351
1709515286214,READ,./data/phi100057,12021464,13738815
1709515286257,READ,./data/phi100057,3434704,5152055
1709515286312,READ,./data/phi100057,10304112,12021463
1709515286350,READ,./data/phi100057,1717352,3434703
1709515286397,READ,./data/phi100057,15456168,17173511
1709515286506,READ,./data/phi100057,5152056,6869407
1709515286529,READ,./data/phi100057,13738816,15456167
1709515286549,READ,./data/phi100057,6869408,8586759
1709515286583,READ,./data/phi100057,8586760,10304111
1709515286596,READ,./data/snap0000057.ini,0,301
1709515286932,READ,./data/vort057,1717352,3434703
1709515287018,READ,./data/vort057,0,1717351
1709515287020,READ,./data/vort057,10304112,12021463
1709515287088,READ,./data/vort057,6869408,8586759
1709515287168,READ,./data/vort057,5152056,6869407
1709515287168,READ,./data/vort057,13738816,15456167
1709515287252,READ,./data/vort057,12021464,13738815
1709515287332,READ,./data/vort057,3434704,5152055
1709515287453,READ,./data/vort057,8586760,10304111
1709515287473,READ,./data/vort057,15456168,17173511
1709515287892,READ,./data/vort057,0,1717351
1709515287922,READ,./data/vort057,6869408,8586759
1709515288006,READ,./data/vort057,8586760,10304111
1709515288042,READ,./data/vort057,15456168,17173511
1709515288049,READ,./data/vort057,10304112,12021463
1709515288090,READ,./data/vort057,1717352,3434703
1709515288126,READ,./data/vort057,3434704,5152055
1709515288223,READ,./data/vort057,12021464,13738815
1709515288270,READ,./data/vort057,5152056,6869407
1709515288336,READ,./data/vort057,13738816,15456167
1709515288855,READ,./data/vort057,0,1717351
1709515288896,READ,./data/vort057,12021464,13738815
1709515288947,READ,./data/vort057,3434704,5152055
1709515289013,READ,./data/vort057,10304112,12021463
1709515289090,READ,./data/vort057,5152056,6869407
1709515289105,READ,./data/vort057,1717352,3434703
1709515289158,READ,./data/vort057,15456168,17173511
1709515289289,READ,./data/vort057,6869408,8586759
1709515289341,READ,./data/vort057,13738816,15456167
1709515289374,READ,./data/vort057,8586760,10304111
1709515289769,READ,./data/vort057,0,1717351
1709515289815,READ,./data/vort057,15456168,17173511
1709515289913,READ,./data/vort057,13738816,15456167
1709515289994,READ,./data/vort057,12021464,13738815
1709515290067,READ,./data/vort057,6869408,8586759
1709515290228,READ,./data/vort057,10304112,12021463
1709515290275,READ,./data/vort057,3434704,5152055
1709515290360,READ,./data/vort057,8586760,10304111
1709515290384,READ,./data/vort057,1717352,3434703
1709515290441,READ,./data/vort057,5152056,6869407
1709515290856,READ,./data/ux00058,0,1717351
1709515290857,READ,./data/ux00058,5152056,6869407
1709515290872,READ,./data/ux00058,12021464,13738815
1709515290993,READ,./data/ux00058,10304112,12021463
1709515291072,READ,./data/ux00058,1717352,3434703
1709515291180,READ,./data/ux00058,6869408,8586759
1709515291245,READ,./data/ux00058,3434704,5152055
1709515291276,READ,./data/ux00058,8586760,10304111
1709515291340,READ,./data/ux00058,15456168,17173511
1709515291372,READ,./data/ux00058,13738816,15456167
1709515291666,READ,./data/uy00058,3434704,5152055
1709515291743,READ,./data/uy00058,15456168,17173511
1709515291748,READ,./data/uy00058,0,1717351
1709515291808,READ,./data/uy00058,5152056,6869407
1709515291912,READ,./data/uy00058,12021464,13738815
1709515292007,READ,./data/uy00058,6869408,8586759
1709515292092,READ,./data/uy00058,13738816,15456167
1709515292148,READ,./data/uy00058,1717352,3434703
1709515292163,READ,./data/uy00058,8586760,10304111
1709515292206,READ,./data/uy00058,10304112,12021463
1709515292624,READ,./data/uz00058,6869408,8586759
1709515292626,READ,./data/uz00058,1717352,3434703
1709515292704,READ,./data/uz00058,0,1717351
1709515292788,READ,./data/uz00058,5152056,6869407
1709515292837,READ,./data/uz00058,10304112,12021463
1709515292881,READ,./data/uz00058,12021464,13738815
1709515292965,READ,./data/uz00058,8586760,10304111
1709515293057,READ,./data/uz00058,13738816,15456167
1709515293096,READ,./data/uz00058,15456168,17173511
1709515293134,READ,./data/uz00058,3434704,5152055
1709515293437,READ,./data/pp00058,0,1717351
1709515293489,READ,./data/pp00058,13738816,15456167
1709515293543,READ,./data/pp00058,3434704,5152055
1709515293652,READ,./data/pp00058,5152056,6869407
1709515293719,READ,./data/pp00058,15456168,17173511
1709515293760,READ,./data/pp00058,1717352,3434703
1709515293770,READ,./data/pp00058,12021464,13738815
1709515293864,READ,./data/pp00058,8586760,10304111
1709515293901,READ,./data/pp00058,6869408,8586759
1709515294027,READ,./data/pp00058,10304112,12021463
1709515294418,READ,./data/phi100058,0,1717351
1709515294426,READ,./data/phi100058,13738816,15456167
1709515294491,READ,./data/phi100058,3434704,5152055
1709515294493,READ,./data/phi100058,8586760,10304111
1709515294608,READ,./data/phi100058,6869408,8586759
1709515294667,READ,./data/phi100058,5152056,6869407
1709515294764,READ,./data/phi100058,15456168,17173511
1709515294848,READ,./data/phi100058,1717352,3434703
1709515294873,READ,./data/phi100058,12021464,13738815
1709515295035,READ,./data/phi100058,10304112,12021463
1709515295038,READ,./data/snap0000058.ini,0,301
1709515295461,READ,./data/vort058,0,1717351
1709515295474,READ,./data/vort058,12021464,13738815
1709515295601,READ,./data/vort058,3434704,5152055
1709515295677,READ,./data/vort058,13738816,15456167
1709515295767,READ,./data/vort058,6869408,8586759
1709515295800,READ,./data/vort058,10304112,12021463
1709515295901,READ,./data/vort058,5152056,6869407
1709515295981,READ,./data/vort058,1717352,3434703
1709515296025,READ,./data/vort058,8586760,10304111
1709515296072,READ,./data/vort058,15456168,17173511
1709515296541,READ,./data/vort058,0,1717351
1709515296602,READ,./data/vort058,5152056,6869407
1709515296709,READ,./data/vort058,1717352,3434703
1709515296781,READ,./data/vort058,6869408,8586759
1709515297003,READ,./data/vort058,8586760,10304111
1709515297032,READ,./data/vort058,15456168,17173511
1709515297127,READ,./data/vort058,13738816,15456167
1709515297225,READ,./data/vort058,10304112,12021463
1709515297341,READ,./data/vort058,12021464,13738815
1709515297427,READ,./data/vort058,3434704,5152055
1709515297809,READ,./data/vort058,0,1717351
1709515297870,READ,./data/vort058,5152056,6869407
1709515297872,READ,./data/vort058,10304112,12021463
1709515297970,READ,./data/vort058,6869408,8586759
1709515298054,READ,./data/vort058,3434704,5152055
1709515298088,READ,./data/vort058,12021464,13738815
1709515298163,READ,./data/vort058,15456168,17173511
1709515298341,READ,./data/vort058,13738816,15456167
1709515298366,READ,./data/vort058,8586760,10304111
1709515298442,READ,./data/vort058,1717352,3434703
1709515298757,READ,./data/vort058,0,1717351
1709515298818,READ,./data/vort058,12021464,13738815
1709515298891,READ,./data/vort058,8586760,10304111
1709515298960,READ,./data/vort058,15456168,17173511
1709515298961,READ,./data/vort058,5152056,6869407
1709515299052,READ,./data/vort058,6869408,8586759
1709515299121,READ,./data/vort058,3434704,5152055
1709515299142,READ,./data/vort058,10304112,12021463
1709515299204,READ,./data/vort058,13738816,15456167
1709515299273,READ,./data/vort058,1717352,3434703
1709515299965,READ,./data/ux00059,0,1717351
1709515300009,READ,./data/ux00059,3434704,5152055
1709515300021,READ,./data/ux00059,12021464,13738815
1709515300134,READ,./data/ux00059,8586760,10304111
1709515300201,READ,./data/ux00059,10304112,12021463
1709515300269,READ,./data/ux00059,1717352,3434703
1709515300536,READ,./data/ux00059,6869408,8586759
1709515300574,READ,./data/ux00059,5152056,6869407
1709515300656,READ,./data/ux00059,13738816,15456167
1709515300787,READ,./data/ux00059,15456168,17173511
1709515301231,READ,./data/uy00059,1717352,3434703
1709515301356,READ,./data/uy00059,3434704,5152055
1709515301447,READ,./data/uy00059,5152056,6869407
1709515301518,READ,./data/uy00059,0,1717351
1709515301521,READ,./data/uy00059,8586760,10304111
1709515301620,READ,./data/uy00059,12021464,13738815
1709515301701,READ,./data/uy00059,6869408,8586759
1709515301803,READ,./data/uy00059,13738816,15456167
1709515301865,READ,./data/uy00059,10304112,12021463
1709515301933,READ,./data/uy00059,15456168,17173511
1709515302373,READ,./data/uz00059,3434704,5152055
1709515302445,READ,./data/uz00059,6869408,8586759
1709515302519,READ,./data/uz00059,12021464,13738815
1709515302570,READ,./data/uz00059,13738816,15456167
1709515302617,READ,./data/uz00059,10304112,12021463
1709515302648,READ,./data/uz00059,15456168,17173511
1709515302695,READ,./data/uz00059,1717352,3434703
1709515302726,READ,./data/uz00059,0,1717351
1709515302792,READ,./data/uz00059,8586760,10304111
1709515302805,READ,./data/uz00059,5152056,6869407
1709515303126,READ,./data/pp00059,13738816,15456167
1709515303127,READ,./data/pp00059,10304112,12021463
1709515303128,READ,./data/pp00059,0,1717351
1709515303199,READ,./data/pp00059,8586760,10304111
1709515303236,READ,./data/pp00059,1717352,3434703
1709515303245,READ,./data/pp00059,5152056,6869407
1709515303313,READ,./data/pp00059,12021464,13738815
1709515303370,READ,./data/pp00059,3434704,5152055
1709515303403,READ,./data/pp00059,15456168,17173511
1709515303502,READ,./data/pp00059,6869408,8586759
1709515303892,READ,./data/phi100059,3434704,5152055
1709515303957,READ,./data/phi100059,5152056,6869407
1709515303958,READ,./data/phi100059,8586760,10304111
1709515303978,READ,./data/phi100059,13738816,15456167
1709515304050,READ,./data/phi100059,0,1717351
1709515304098,READ,./data/phi100059,15456168,17173511
1709515304178,READ,./data/phi100059,6869408,8586759
1709515304208,READ,./data/phi100059,1717352,3434703
1709515304256,READ,./data/phi100059,12021464,13738815
1709515304385,READ,./data/phi100059,10304112,12021463
1709515304441,READ,./data/snap0000059.ini,0,301
1709515304847,READ,./data/vort059,12021464,13738815
1709515304857,READ,./data/vort059,0,1717351
1709515304918,READ,./data/vort059,5152056,6869407
1709515304925,READ,./data/vort059,8586760,10304111
1709515304994,READ,./data/vort059,1717352,3434703
1709515305089,READ,./data/vort059,15456168,17173511
1709515305162,READ,./data/vort059,6869408,8586759
1709515305254,READ,./data/vort059,3434704,5152055
1709515305279,READ,./data/vort059,13738816,15456167
1709515305339,READ,./data/vort059,10304112,12021463
1709515305821,READ,./data/vort059,0,1717351
1709515305847,READ,./data/vort059,15456168,17173511
1709515305855,READ,./data/vort059,8586760,10304111
1709515305959,READ,./data/vort059,12021464,13738815
1709515305961,READ,./data/vort059,5152056,6869407
1709515306052,READ,./data/vort059,1717352,3434703
1709515306156,READ,./data/vort059,3434704,5152055
1709515306229,READ,./data/vort059,6869408,8586759
1709515306269,READ,./data/vort059,10304112,12021463
1709515306287,READ,./data/vort059,13738816,15456167
1709515306835,READ,./data/vort059,0,1717351
1709515306873,READ,./data/vort059,6869408,8586759
1709515306956,READ,./data/vort059,12021464,13738815
1709515307042,READ,./data/vort059,15456168,17173511
1709515307076,READ,./data/vort059,1717352,3434703
1709515307133,READ,./data/vort059,5152056,6869407
1709515307158,READ,./data/vort059,8586760,10304111
1709515307234,READ,./data/vort059,10304112,12021463
1709515307304,READ,./data/vort059,3434704,5152055
1709515307353,READ,./data/vort059,13738816,15456167
1709515307911,READ,./data/vort059,0,1717351
1709515307964,READ,./data/vort059,12021464,13738815
1709515308012,READ,./data/vort059,3434704,5152055
1709515308077,READ,./data/vort059,8586760,10304111
1709515308180,READ,./data/vort059,6869408,8586759
1709515308248,READ,./data/vort059,10304112,12021463
1709515308315,READ,./data/vort059,13738816,15456167
1709515308352,READ,./data/vort059,1717352,3434703
1709515308444,READ,./data/vort059,5152056,6869407
1709515308469,READ,./data/vort059,15456168,17173511
1709515308923,READ,out/restart0000240,13738816,15456167
1709515308930,READ,out/restart0000240,0,1717351
1709515308930,READ,out/restart0000240,5152056,6869407
1709515309005,READ,out/restart0000240,6869408,8586759
1709515309086,READ,out/restart0000240,3434704,5152055
1709515309094,READ,out/restart0000240,8586760,10304111
1709515309177,READ,out/restart0000240,15456168,17173511
1709515309219,READ,out/restart0000240,12021464,13738815
1709515309232,READ,out/restart0000240,1717352,3434703
1709515309336,READ,out/restart0000240,10304112,12021463
1709515309356,READ,out/restart0000240,25760272,27477623
1709515309421,READ,out/restart0000240,27477624,29194975
1709515309523,READ,out/restart0000240,24042920,25760271
1709515309525,READ,out/restart0000240,30912328,32629679
1709515309562,READ,out/restart0000240,18890864,20608215
1709515309600,READ,out/restart0000240,22325568,24042919
1709515309641,READ,out/restart0000240,20608216,22325567
1709515309752,READ,out/restart0000240,29194976,30912327
1709515309788,READ,out/restart0000240,32629680,34347023
1709515309854,READ,out/restart0000240,17173512,18890863
1709515309866,READ,out/restart0000240,41216432,42933783
1709515309923,READ,out/restart0000240,44651136,46368487
1709515309950,READ,out/restart0000240,36064376,37781727
1709515310041,READ,out/restart0000240,46368488,48085839
1709515310044,READ,out/restart0000240,39499080,41216431
1709515310047,READ,out/restart0000240,34347024,36064375
1709515310091,READ,out/restart0000240,37781728,39499079
1709515310151,READ,out/restart0000240,42933784,44651135
1709515310158,READ,out/restart0000240,48085840,49803191
1709515310243,READ,out/restart0000240,49803192,51520535
1709515310247,READ,out/restart0000240,63542000,65259351
1709515310262,READ,out/restart0000240,60107296,61824647
1709515310272,READ,out/restart0000240,56672592,58389943
1709515310346,READ,out/restart0000240,54955240,56672591
1709515310417,READ,out/restart0000240,58389944,60107295
1709515310470,READ,out/restart0000240,53237888,54955239
1709515310513,READ,out/restart0000240,61824648,63541999
1709515310557,READ,out/restart0000240,65259352,66976703
1709515310579,READ,out/restart0000240,51520536,53237887
1709515310622,READ,out/restart0000240,66976704,68694047
1709515310627,READ,out/restart0000240,80715512,82432863
1709515310670,READ,out/restart0000240,78998160,80715511
1709515310692,READ,out/restart0000240,82432864,84150215
1709515310724,READ,out/restart0000240,75563456,77280807
1709515310749,READ,out/restart0000240,68694048,70411399
1709515310764,READ,out/restart0000240,73846104,75563455
1709515310834,READ,out/restart0000240,72128752,73846103
1709515310872,READ,out/restart0000240,70411400,72128751
1709515310878,READ,out/restart0000240,77280808,78998159
1709515310933,READ,out/restart0000240,84150216,85867559
1709515310937,READ,out/restart0000240,97889024,99606375
1709515310945,READ,out/restart0000240,94454320,96171671
1709515311023,READ,out/restart0000240,87584912,89302263
1709515311088,READ,out/restart0000240,91019616,92736967
1709515311120,READ,out/restart0000240,89302264,91019615
1709515311133,READ,out/restart0000240,92736968,94454319
1709515311224,READ,out/restart0000240,96171672,97889023
1709515311258,READ,out/restart0000240,99606376,101323727
1709515311262,READ,out/restart0000240,85867560,87584911
1709515311340,READ,out/restart0000240,101323728,103041071
1709515311344,READ,out/restart0000240,115062536,116779887
1709515311354,READ,out/restart0000240,106475776,108193127
1709515311413,READ,out/restart0000240,108193128,109910479
1709515311477,READ,out/restart0000240,111627832,113345183
1709515311479,READ,out/restart0000240,103041072,104758423
1709515311499,READ,out/restart0000240,109910480,111627831
1709515311518,READ,out/restart0000240,116779888,118497239
1709515311528,READ,out/restart0000240,104758424,106475775
1709515311566,READ,out/restart0000240,113345184,115062535
1709515311635,READ,out/restart0000240,118497240,120214583
1709515311639,READ,out/restart0000240,132236048,133953399
1709515311697,READ,out/restart0000240,133953400,135670751
1709515311816,READ,out/restart0000240,120214584,121931935
1709515311860,READ,out/restart0000240,123649288,125366639
1709515311860,READ,out/restart0000240,127083992,128801343
1709515311904,READ,out/restart0000240,128801344,130518695
1709515311908,READ,out/restart0000240,121931936,123649287
1709515312003,READ,out/restart0000240,130518696,132236047
1709515312004,READ,out/restart0000240,125366640,127083991
1709515312051,READ,out/restart0000240,135670752,137388095
1709515312056,READ,out/restart0000240,149409560,151126911
1709515312130,READ,out/restart0000240,137388096,139105447
1709515312192,READ,out/restart0000240,140822800,142540151
1709515312231,READ,out/restart0000240,142540152,144257503
1709515312331,READ,out/restart0000240,144257504,145974855
1709515312356,READ,out/restart0000240,147692208,149409559
1709515312365,READ,out/restart0000240,139105448,140822799
1709515312369,READ,out/restart0000240,151126912,152844263
1709515312397,READ,out/restart0000240,145974856,147692207
1709515312402,READ,out/restart0000240,152844264,154561607
1709515312416,READ,out/restart0000240,168088240,169779068
1709515312426,READ,out/restart0000240,161324924,163015752
1709515312489,READ,out/restart0000240,163015753,164706581
1709515312492,READ,out/restart0000240,156252437,157943265
1709515312565,READ,out/restart0000240,164706582,166397410
1709515312607,READ,out/restart0000240,169779069,171469895
1709515312663,READ,out/restart0000240,157943266,159634094
1709515312683,READ,out/restart0000240,159634095,161324923
1709515312750,READ,out/restart0000240,154561608,156252436
1709515312764,READ,out/restart0000240,166397411,168088239
1709515312768,READ,out/restart0000240,185208712,186926063
1709515312774,READ,out/restart0000240,181774008,183491359
1709515312872,READ,out/restart0000240,183491360,185208711
1709515312878,READ,out/restart0000240,174904600,176621951
1709515312958,READ,out/restart0000240,176621952,178339303
1709515312996,READ,out/restart0000240,173187248,174904599
1709515313042,READ,out/restart0000240,171469896,173187247
1709515313133,READ,out/restart0000240,180056656,181774007
1709515313191,READ,out/restart0000240,178339304,180056655
1709515313271,READ,out/restart0000240,186926064,188643407
1709515313275,READ,out/restart0000240,202382224,204099575
1709515313338,READ,out/restart0000240,200664872,202382223
1709515313429,READ,out/restart0000240,195512816,197230167
1709515313458,READ,out/restart0000240,198947520,200664871
1709515313481,READ,out/restart0000240,192078112,193795463
1709515313532,READ,out/restart0000240,193795464,195512815
1709515313613,READ,out/restart0000240,188643408,190360759
1709515313671,READ,out/restart0000240,197230168,198947519
1709515313702,READ,out/restart0000240,190360760,192078111
1709515313736,READ,out/restart0000240,204099576,205816919
1709515313740,READ,out/restart0000240,219555736,221273087
1709515313746,READ,out/restart0000240,216121032,217838383
1709515313846,READ,out/restart0000240,212686328,214403679
1709515313900,READ,out/restart0000240,205816920,207534271
1709515313993,READ,out/restart0000240,217838384,219555735
1709515314006,READ,out/restart0000240,209251624,210968975
1709515314072,READ,out/restart0000240,214403680,216121031
1709515314164,READ,out/restart0000240,207534272,209251623
1709515314174,READ,out/restart0000240,210968976,212686327
1709515314190,READ,out/restart0000240,221273088,222990431
1709515314313,READ,out/restart0000240.info,0,538
1709515314522,READ,./data/ux00060,0,1717351
1709515314557,READ,./data/ux00060,8586760,10304111
1709515314585,READ,./data/ux00060,5152056,6869407
1709515314642,READ,./data/ux00060,1717352,3434703
1709515314727,READ,./data/ux00060,12021464,13738815
1709515314808,READ,./data/ux00060,6869408,8586759
1709515314874,READ,./data/ux00060,10304112,12021463
1709515314948,READ,./data/ux00060,3434704,5152055
1709515315016,READ,./data/ux00060,13738816,15456167
1709515315054,READ,./data/ux00060,15456168,17173511
1709515315422,READ,./data/uy00060,1717352,3434703
1709515315424,READ,./data/uy00060,10304112,12021463
1709515315492,READ,./data/uy00060,0,1717351
1709515315555,READ,./data/uy00060,6869408,8586759
1709515315639,READ,./data/uy00060,12021464,13738815
1709515315728,READ,./data/uy00060,15456168,17173511
1709515315795,READ,./data/uy00060,13738816,15456167
1709515315825,READ,./data/uy00060,3434704,5152055
1709515315863,READ,./data/uy00060,5152056,6869407
1709515315921,READ,./data/uy00060,8586760,10304111
1709515316304,READ,./data/uz00060,0,1717351
1709515316327,READ,./data/uz00060,5152056,6869407
1709515316341,READ,./data/uz00060,12021464,13738815
1709515316437,READ,./data/uz00060,13738816,15456167
1709515316516,READ,./data/uz00060,8586760,10304111
1709515316572,READ,./data/uz00060,10304112,12021463
1709515316637,READ,./data/uz00060,1717352,3434703
1709515316698,READ,./data/uz00060,3434704,5152055
1709515316741,READ,./data/uz00060,15456168,17173511
1709515316864,READ,./data/uz00060,6869408,8586759
1709515317350,READ,./data/pp00060,0,1717351
1709515317370,READ,./data/pp00060,10304112,12021463
1709515317443,READ,./data/pp00060,8586760,10304111
1709515317454,READ,./data/pp00060,13738816,15456167
1709515317500,READ,./data/pp00060,3434704,5152055
1709515317658,READ,./data/pp00060,5152056,6869407
1709515317731,READ,./data/pp00060,12021464,13738815
1709515317763,READ,./data/pp00060,15456168,17173511
1709515317780,READ,./data/pp00060,1717352,3434703
1709515317821,READ,./data/pp00060,6869408,8586759
1709515318160,READ,./data/phi100060,3434704,5152055
1709515318224,READ,./data/phi100060,0,1717351
1709515318234,READ,./data/phi100060,13738816,15456167
1709515318288,READ,./data/phi100060,5152056,6869407
1709515318362,READ,./data/phi100060,15456168,17173511
1709515318365,READ,./data/phi100060,8586760,10304111
1709515318454,READ,./data/phi100060,10304112,12021463
1709515318482,READ,./data/phi100060,1717352,3434703
1709515318527,READ,./data/phi100060,12021464,13738815
1709515318627,READ,./data/phi100060,6869408,8586759
1709515318636,READ,./data/snap0000060.ini,0,301
1709515318997,READ,./data/vort060,0,1717351
1709515319009,READ,./data/vort060,6869408,8586759
1709515319092,READ,./data/vort060,5152056,6869407
1709515319160,READ,./data/vort060,3434704,5152055
1709515319200,READ,./data/vort060,12021464,13738815
1709515319284,READ,./data/vort060,8586760,10304111
1709515319310,READ,./data/vort060,1717352,3434703
1709515319314,READ,./data/vort060,15456168,17173511
1709515319409,READ,./data/vort060,10304112,12021463
1709515319445,READ,./data/vort060,13738816,15456167
1709515319949,READ,./data/vort060,0,1717351
1709515320042,READ,./data/vort060,3434704,5152055
1709515320049,READ,./data/vort060,10304112,12021463
1709515320091,READ,./data/vort060,15456168,17173511
1709515320092,READ,./data/vort060,1717352,3434703
1709515320196,READ,./data/vort060,13738816,15456167
1709515320238,READ,./data/vort060,8586760,10304111
1709515320328,READ,./data/vort060,6869408,8586759
1709515320422,READ,./data/vort060,12021464,13738815
1709515320424,READ,./data/vort060,5152056,6869407
1709515320884,READ,./data/vort060,0,1717351
1709515320987,READ,./data/vort060,12021464,13738815
1709515321043,READ,./data/vort060,1717352,3434703
1709515321049,READ,./data/vort060,5152056,6869407
1709515321157,READ,./data/vort060,6869408,8586759
1709515321267,READ,./data/vort060,10304112,12021463
1709515321271,READ,./data/vort060,3434704,5152055
1709515321328,READ,./data/vort060,13738816,15456167
1709515321362,READ,./data/vort060,15456168,17173511
1709515321387,READ,./data/vort060,8586760,10304111
1709515321893,READ,./data/vort060,0,1717351
1709515321927,READ,./data/vort060,8586760,10304111
1709515321981,READ,./data/vort060,1717352,3434703
1709515321989,READ,./data/vort060,13738816,15456167
1709515322005,READ,./data/vort060,5152056,6869407
1709515322077,READ,./data/vort060,15456168,17173511
1709515322164,READ,./data/vort060,6869408,8586759
1709515322202,READ,./data/vort060,10304112,12021463
1709515322217,READ,./data/vort060,3434704,5152055
1709515322249,READ,./data/vort060,12021464,13738815
1709515322690,READ,./data/ux00061,1717352,3434703
1709515322757,READ,./data/ux00061,0,1717351
1709515322868,READ,./data/ux00061,3434704,5152055
1709515322972,READ,./data/ux00061,5152056,6869407
1709515322973,READ,./data/ux00061,12021464,13738815
1709515323066,READ,./data/ux00061,6869408,8586759
1709515323103,READ,./data/ux00061,10304112,12021463
1709515323214,READ,./data/ux00061,8586760,10304111
1709515323267,READ,./data/ux00061,13738816,15456167
1709515323374,READ,./data/ux00061,15456168,17173511
1709515323706,READ,./data/uy00061,0,1717351
1709515323748,READ,./data/uy00061,3434704,5152055
1709515323839,READ,./data/uy00061,6869408,8586759
1709515323842,READ,./data/uy00061,13738816,15456167
1709515323935,READ,./data/uy00061,5152056,6869407
1709515323956,READ,./data/uy00061,1717352,3434703
1709515324041,READ,./data/uy00061,15456168,17173511
1709515324126,READ,./data/uy00061,12021464,13738815
1709515324204,READ,./data/uy00061,10304112,12021463
1709515324298,READ,./data/uy00061,8586760,10304111
1709515324733,READ,./data/uz00061,10304112,12021463
1709515324745,READ,./data/uz00061,3434704,5152055
1709515324850,READ,./data/uz00061,1717352,3434703
1709515324851,READ,./data/uz00061,13738816,15456167
1709515324946,READ,./data/uz00061,12021464,13738815
1709515325024,READ,./data/uz00061,8586760,10304111
1709515325060,READ,./data/uz00061,0,1717351
1709515325147,READ,./data/uz00061,6869408,8586759
1709515325205,READ,./data/uz00061,5152056,6869407
1709515325309,READ,./data/uz00061,15456168,17173511
1709515325718,READ,./data/pp00061,0,1717351
1709515325718,READ,./data/pp00061,13738816,15456167
1709515325797,READ,./data/pp00061,12021464,13738815
1709515325855,READ,./data/pp00061,3434704,5152055
1709515325926,READ,./data/pp00061,8586760,10304111
1709515326020,READ,./data/pp00061,5152056,6869407
1709515326060,READ,./data/pp00061,10304112,12021463
1709515326142,READ,./data/pp00061,6869408,8586759
1709515326174,READ,./data/pp00061,1717352,3434703
1709515326227,READ,./data/pp00061,15456168,17173511
1709515326558,READ,./data/phi100061,10304112,12021463
1709515326559,READ,./data/phi100061,0,1717351
1709515326571,READ,./data/phi100061,15456168,17173511
1709515326658,READ,./data/phi100061,6869408,8586759
1709515326719,READ,./data/phi100061,5152056,6869407
1709515326792,READ,./data/phi100061,3434704,5152055
1709515326807,READ,./data/phi100061,1717352,3434703
1709515326890,READ,./data/phi100061,13738816,15456167
1709515326930,READ,./data/phi100061,12021464,13738815
1709515327030,READ,./data/phi100061,8586760,10304111
1709515327033,READ,./data/snap0000061.ini,0,301
1709515327314,READ,./data/vort061,0,1717351
1709515327337,READ,./data/vort061,13738816,15456167
1709515327380,READ,./data/vort061,3434704,5152055
1709515327441,READ,./data/vort061,1717352,3434703
1709515327513,READ,./data/vort061,5152056,6869407
1709515327519,READ,./data/vort061,8586760,10304111
1709515327618,READ,./data/vort061,10304112,12021463
1709515327736,READ,./data/vort061,6869408,8586759
1709515327792,READ,./data/vort061,15456168,17173511
1709515327826,READ,./data/vort061,12021464,13738815
1709515328208,READ,./data/vort061,0,1717351
1709515328265,READ,./data/vort061,1717352,3434703
1709515328267,READ,./data/vort061,8586760,10304111
1709515328278,READ,./data/vort061,5152056,6869407
1709515328298,READ,./data/vort061,13738816,15456167
1709515328395,READ,./data/vort061,6869408,8586759
1709515328498,READ,./data/vort061,3434704,5152055
1709515328564,READ,./data/vort061,15456168,17173511
1709515328606,READ,./data/vort061,10304112,12021463
1709515328676,READ,./data/vort061,12021464,13738815
1709515329194,READ,./data/vort061,0,1717351
1709515329239,READ,./data/vort061,10304112,12021463
1709515329244,READ,./data/vort061,5152056,6869407
1709515329300,READ,./data/vort061,1717352,3434703
1709515329377,READ,./data/vort061,15456168,17173511
1709515329382,READ,./data/vort061,8586760,10304111
1709515329445,READ,./data/vort061,3434704,5152055
1709515329582,READ,./data/vort061,6869408,8586759
1709515329669,READ,./data/vort061,13738816,15456167
1709515329761,READ,./data/vort061,12021464,13738815
1709515330291,READ,./data/vort061,0,1717351
1709515330340,READ,./data/vort061,5152056,6869407
1709515330364,READ,./data/vort061,8586760,10304111
1709515330444,READ,./data/vort061,3434704,5152055
1709515330532,READ,./data/vort061,10304112,12021463
1709515330568,READ,./data/vort061,1717352,3434703
1709515330657,READ,./data/vort061,6869408,8586759
1709515330803,READ,./data/vort061,12021464,13738815
1709515330975,READ,./data/vort061,13738816,15456167
1709515331127,READ,./data/vort061,15456168,17173511
1709515331410,READ,./data/ux00062,0,1717351
1709515331484,READ,./data/ux00062,6869408,8586759
1709515331632,READ,./data/ux00062,15456168,17173511
1709515331636,READ,./data/ux00062,3434704,5152055
1709515331638,READ,./data/ux00062,10304112,12021463
1709515331713,READ,./data/ux00062,5152056,6869407
1709515331815,READ,./data/ux00062,12021464,13738815
1709515331906,READ,./data/ux00062,1717352,3434703
1709515331966,READ,./data/ux00062,8586760,10304111
1709515332061,READ,./data/ux00062,13738816,15456167
1709515332466,READ,./data/uy00062,0,1717351
1709515332481,READ,./data/uy00062,5152056,6869407
1709515332588,READ,./data/uy00062,12021464,13738815
1709515332589,READ,./data/uy00062,3434704,5152055
1709515332662,READ,./data/uy00062,10304112,12021463
1709515332781,READ,./data/uy00062,13738816,15456167
1709515332801,READ,./data/uy00062,8586760,10304111
1709515332831,READ,./data/uy00062,1717352,3434703
1709515332898,READ,./data/uy00062,15456168,17173511
1709515332936,READ,./data/uy00062,6869408,8586759
1709515333235,READ,./data/uz00062,0,1717351
1709515333249,READ,./data/uz00062,5152056,6869407
1709515333271,READ,./data/uz00062,10304112,12021463
1709515333382,READ,./data/uz00062,6869408,8586759
1709515333415,READ,./data/uz00062,3434704,5152055
1709515333452,READ,./data/uz00062,1717352,3434703
1709515333470,READ,./data/uz00062,8586760,10304111
1709515333480,READ,./data/uz00062,13738816,15456167
1709515333548,READ,./data/uz00062,15456168,17173511
1709515333612,READ,./data/uz00062,12021464,13738815
1709515333892,READ,./data/pp00062,0,1717351
1709515333901,READ,./data/pp00062,12021464,13738815
1709515333995,READ,./data/pp00062,8586760,10304111
1709515334043,READ,./data/pp00062,1717352,3434703
1709515334053,READ,./data/pp00062,5152056,6869407
1709515334145,READ,./data/pp00062,3434704,5152055
1709515334150,READ,./data/pp00062,13738816,15456167
1709515334232,READ,./data/pp00062,6869408,8586759
1709515334286,READ,./data/pp00062,15456168,17173511
1709515334405,READ,./data/pp00062,10304112,12021463
1709515334827,READ,./data/phi100062,3434704,5152055
1709515334913,READ,./data/phi100062,0,1717351
1709515334925,READ,./data/phi100062,10304112,12021463
1709515334926,READ,./data/phi100062,13738816,15456167
1709515335042,READ,./data/phi100062,12021464,13738815
1709515335121,READ,./data/phi100062,6869408,8586759
1709515335164,READ,./data/phi100062,8586760,10304111
1709515335215,READ,./data/phi100062,5152056,6869407
1709515335227,READ,./data/phi100062,1717352,3434703
1709515335237,READ,./data/phi100062,15456168,17173511
1709515335271,READ,./data/snap0000062.ini,0,301
1709515335536,READ,./data/vort062,0,1717351
1709515335613,READ,./data/vort062,3434704,5152055
1709515335620,READ,./data/vort062,8586760,10304111
1709515335705,READ,./data/vort062,10304112,12021463
1709515335796,READ,./data/vort062,5152056,6869407
1709515335874,READ,./data/vort062,1717352,3434703
1709515335879,READ,./data/vort062,13738816,15456167
1709515336042,READ,./data/vort062,6869408,8586759
1709515336159,READ,./data/vort062,12021464,13738815
1709515336331,READ,./data/vort062,15456168,17173511
1709515336719,READ,./data/vort062,0,1717351
1709515336744,READ,./data/vort062,12021464,13738815
1709515336837,READ,./data/vort062,8586760,10304111
1709515336850,READ,./data/vort062,1717352,3434703
1709515336937,READ,./data/vort062,15456168,17173511
1709515337057,READ,./data/vort062,13738816,15456167
1709515337151,READ,./data/vort062,10304112,12021463
1709515337208,READ,./data/vort062,6869408,8586759
1709515337330,READ,./data/vort062,5152056,6869407
1709515337422,READ,./data/vort062,3434704,5152055
1709515337913,READ,./data/vort062,0,1717351
1709515337972,READ,./data/vort062,13738816,15456167
1709515337973,READ,./data/vort062,10304112,12021463
1709515338049,READ,./data/vort062,15456168,17173511
1709515338175,READ,./data/vort062,6869408,8586759
1709515338299,READ,./data/vort062,8586760,10304111
1709515338353,READ,./data/vort062,1717352,3434703
1709515338422,READ,./data/vort062,12021464,13738815
1709515338424,READ,./data/vort062,5152056,6869407
1709515338523,READ,./data/vort062,3434704,5152055
1709515339028,READ,./data/vort062,0,1717351
1709515339071,READ,./data/vort062,15456168,17173511
1709515339101,READ,./data/vort062,5152056,6869407
1709515339112,READ,./data/vort062,10304112,12021463
1709515339223,READ,./data/vort062,3434704,5152055
1709515339318,READ,./data/vort062,13738816,15456167
1709515339392,READ,./data/vort062,6869408,8586759
1709515339419,READ,./data/vort062,8586760,10304111
1709515339527,READ,./data/vort062,12021464,13738815
1709515339633,READ,./data/vort062,1717352,3434703
1709515339959,READ,./data/ux00063,0,1717351
1709515339985,READ,./data/ux00063,10304112,12021463
1709515339997,READ,./data/ux00063,13738816,15456167
1709515339999,READ,./data/ux00063,5152056,6869407
1709515340103,READ,./data/ux00063,3434704,5152055
1709515340190,READ,./data/ux00063,12021464,13738815
1709515340257,READ,./data/ux00063,1717352,3434703
1709515340340,READ,./data/ux00063,15456168,17173511
1709515340438,READ,./data/ux00063,6869408,8586759
1709515340492,READ,./data/ux00063,8586760,10304111
1709515340923,READ,./data/uy00063,0,1717351
1709515340993,READ,./data/uy00063,3434704,5152055
1709515341075,READ,./data/uy00063,1717352,3434703
1709515341085,READ,./data/uy00063,15456168,17173511
1709515341174,READ,./data/uy00063,12021464,13738815
1709515341275,READ,./data/uy00063,8586760,10304111
1709515341429,READ,./data/uy00063,6869408,8586759
1709515341488,READ,./data/uy00063,13738816,15456167
1709515341516,READ,./data/uy00063,10304112,12021463
1709515341557,READ,./data/uy00063,5152056,6869407
1709515341872,READ,./data/uz00063,0,1717351
1709515341936,READ,./data/uz00063,1717352,3434703
1709515341944,READ,./data/uz00063,12021464,13738815
1709515341971,READ,./data/uz00063,3434704,5152055
1709515342034,READ,./data/uz00063,13738816,15456167
1709515342075,READ,./data/uz00063,15456168,17173511
1709515342145,READ,./data/uz00063,5152056,6869407
1709515342206,READ,./data/uz00063,8586760,10304111
1709515342238,READ,./data/uz00063,6869408,8586759
1709515342337,READ,./data/uz00063,10304112,12021463
1709515342683,READ,./data/pp00063,0,1717351
1709515342712,READ,./data/pp00063,6869408,8586759
1709515342788,READ,./data/pp00063,12021464,13738815
1709515342827,READ,./data/pp00063,8586760,10304111
1709515342889,READ,./data/pp00063,13738816,15456167
1709515342950,READ,./data/pp00063,10304112,12021463
1709515342999,READ,./data/pp00063,1717352,3434703
1709515343023,READ,./data/pp00063,15456168,17173511
1709515343091,READ,./data/pp00063,3434704,5152055
1709515343169,READ,./data/pp00063,5152056,6869407
1709515343477,READ,./data/phi100063,0,1717351
1709515343481,READ,./data/phi100063,13738816,15456167
1709515343554,READ,./data/phi100063,3434704,5152055
1709515343641,READ,./data/phi100063,12021464,13738815
1709515343718,READ,./data/phi100063,8586760,10304111
1709515343823,READ,./data/phi100063,5152056,6869407
1709515343895,READ,./data/phi100063,10304112,12021463
1709515343936,READ,./data/phi100063,15456168,17173511
1709515344040,READ,./data/phi100063,6869408,8586759
1709515344051,READ,./data/phi100063,1717352,3434703
1709515344064,READ,./data/snap0000063.ini,0,301
1709515344410,READ,./data/vort063,0,1717351
1709515344416,READ,./data/vort063,10304112,12021463
1709515344451,READ,./data/vort063,3434704,5152055
1709515344467,READ,./data/vort063,13738816,15456167
1709515344521,READ,./data/vort063,1717352,3434703
1709515344635,READ,./data/vort063,6869408,8586759
1709515344741,READ,./data/vort063,5152056,6869407
1709515344798,READ,./data/vort063,15456168,17173511
1709515344807,READ,./data/vort063,8586760,10304111
1709515344886,READ,./data/vort063,12021464,13738815
1709515345385,READ,./data/vort063,0,1717351
1709515345452,READ,./data/vort063,8586760,10304111
1709515345501,READ,./data/vort063,1717352,3434703
1709515345552,READ,./data/vort063,3434704,5152055
1709515345553,READ,./data/vort063,13738816,15456167
1709515345626,READ,./data/vort063,10304112,12021463
1709515345694,READ,./data/vort063,15456168,17173511
1709515345743,READ,./data/vort063,5152056,6869407
1709515345780,READ,./data/vort063,6869408,8586759
1709515345920,READ,./data/vort063,12021464,13738815
1709515346372,READ,./data/vort063,0,1717351
1709515346410,READ,./data/vort063,10304112,12021463
1709515346421,READ,./data/vort063,5152056,6869407
1709515346503,READ,./data/vort063,6869408,8586759
1709515346539,READ,./data/vort063,8586760,10304111
1709515346612,READ,./data/vort063,1717352,3434703
1709515346679,READ,./data/vort063,3434704,5152055
1709515346743,READ,./data/vort063,12021464,13738815
1709515346818,READ,./data/vort063,13738816,15456167
1709515346836,READ,./data/vort063,15456168,17173511
1709515347313,READ,./data/vort063,0,1717351
1709515347347,READ,./data/vort063,12021464,13738815
1709515347470,READ,./data/vort063,10304112,12021463
1709515347500,READ,./data/vort063,3434704,5152055
1709515347630,READ,./data/vort063,5152056,6869407
1709515347663,READ,./data/vort063,8586760,10304111
1709515347663,READ,./data/vort063,13738816,15456167
1709515347674,READ,./data/vort063,1717352,3434703
1709515347718,READ,./data/vort063,15456168,17173511
1709515347830,READ,./data/vort063,6869408,8586759
1709515348129,READ,./data/ux00064,13738816,15456167
1709515348130,READ,./data/ux00064,0,1717351
1709515348142,READ,./data/ux00064,6869408,8586759
1709515348230,READ,./data/ux00064,3434704,5152055
1709515348322,READ,./data/ux00064,8586760,10304111
1709515348437,READ,./data/ux00064,1717352,3434703
1709515348506,READ,./data/ux00064,15456168,17173511
1709515348601,READ,./data/ux00064,10304112,12021463
1709515348653,READ,./data/ux00064,5152056,6869407
1709515348762,READ,./data/ux00064,12021464,13738815
1709515349071,READ,./data/uy00064,0,1717351
1709515349111,READ,./data/uy00064,5152056,6869407
1709515349154,READ,./data/uy00064,1717352,3434703
1709515349161,READ,./data/uy00064,10304112,12021463
1709515349237,READ,./data/uy00064,3434704,5152055
1709515349303,READ,./data/uy00064,8586760,10304111
1709515349337,READ,./data/uy00064,12021464,13738815
1709515349429,READ,./data/uy00064,6869408,8586759
1709515349506,READ,./data/uy00064,13738816,15456167
1709515349553,READ,./data/uy00064,15456168,17173511
1709515349894,READ,./data/uz00064,0,1717351
1709515349902,READ,./data/uz00064,13738816,15456167
1709515349949,READ,./data/uz00064,3434704,5152055
1709515350012,READ,./data/uz00064,12021464,13738815
1709515350102,READ,./data/uz00064,8586760,10304111
1709515350194,READ,./data/uz00064,5152056,6869407
1709515350218,READ,./data/uz00064,1717352,3434703
1709515350240,READ,./data/uz00064,10304112,12021463
1709515350275,READ,./data/uz00064,15456168,17173511
1709515350345,READ,./data/uz00064,6869408,8586759
1709515350618,READ,./data/pp00064,0,1717351
1709515350628,READ,./data/pp00064,5152056,6869407
1709515350655,READ,./data/pp00064,12021464,13738815
1709515350742,READ,./data/pp00064,6869408,8586759
1709515350811,READ,./data/pp00064,13738816,15456167
1709515350850,READ,./data/pp00064,8586760,10304111
1709515350897,READ,./data/pp00064,3434704,5152055
1709515350965,READ,./data/pp00064,10304112,12021463
1709515350995,READ,./data/pp00064,1717352,3434703
1709515351009,READ,./data/pp00064,15456168,17173511
1709515351367,READ,./data/phi100064,0,1717351
1709515351417,READ,./data/phi100064,10304112,12021463
1709515351493,READ,./data/phi100064,12021464,13738815
1709515351545,READ,./data/phi100064,1717352,3434703
1709515351549,READ,./data/phi100064,5152056,6869407
1709515351638,READ,./data/phi100064,3434704,5152055
1709515351706,READ,./data/phi100064,15456168,17173511
1709515351724,READ,./data/phi100064,6869408,8586759
1709515351756,READ,./data/phi100064,13738816,15456167
1709515351763,READ,./data/phi100064,8586760,10304111
1709515351779,READ,./data/snap0000064.ini,0,301
1709515352046,READ,./data/vort064,0,1717351
1709515352091,READ,./data/vort064,5152056,6869407
1709515352164,READ,./data/vort064,1717352,3434703
1709515352165,READ,./data/vort064,15456168,17173511
1709515352256,READ,./data/vort064,3434704,5152055
1709515352256,READ,./data/vort064,8586760,10304111
1709515352348,READ,./data/vort064,10304112,12021463
1709515352455,READ,./data/vort064,12021464,13738815
1709515352489,READ,./data/vort064,13738816,15456167
1709515352569,READ,./data/vort064,6869408,8586759
1709515353042,READ,./data/vort064,0,1717351
1709515353080,READ,./data/vort064,10304112,12021463
1709515353084,READ,./data/vort064,15456168,17173511
1709515353176,READ,./data/vort064,12021464,13738815
1709515353250,READ,./data/vort064,13738816,15456167
1709515353274,READ,./data/vort064,5152056,6869407
1709515353274,READ,./data/vort064,8586760,10304111
1709515353384,READ,./data/vort064,1717352,3434703
1709515353437,READ,./data/vort064,6869408,8586759
1709515353490,READ,./data/vort064,3434704,5152055
1709515353951,READ,./data/vort064,0,1717351
1709515353999,READ,./data/vort064,12021464,13738815
1709515354008,READ,./data/vort064,5152056,6869407
1709515354076,READ,./data/vort064,8586760,10304111
1709515354154,READ,./data/vort064,13738816,15456167
1709515354172,READ,./data/vort064,10304112,12021463
1709515354283,READ,./data/vort064,3434704,5152055
1709515354377,READ,./data/vort064,15456168,17173511
1709515354475,READ,./data/vort064,1717352,3434703
1709515354603,READ,./data/vort064,6869408,8586759
1709515355204,READ,./data/vort064,0,1717351
1709515355239,READ,./data/vort064,13738816,15456167
1709515355291,READ,./data/vort064,1717352,3434703
1709515355400,READ,./data/vort064,15456168,17173511
1709515355568,READ,./data/vort064,12021464,13738815
1709515355660,READ,./data/vort064,3434704,5152055
1709515355791,READ,./data/vort064,6869408,8586759
1709515355860,READ,./data/vort064,5152056,6869407
1709515355872,READ,./data/vort064,8586760,10304111
1709515355965,READ,./data/vort064,10304112,12021463
1709515356378,READ,./data/ux00065,1717352,3434703
1709515356443,READ,./data/ux00065,0,1717351
1709515356451,READ,./data/ux00065,5152056,6869407
1709515356467,READ,./data/ux00065,10304112,12021463
1709515356546,READ,./data/ux00065,8586760,10304111
1709515356664,READ,./data/ux00065,6869408,8586759
1709515356801,READ,./data/ux00065,12021464,13738815
1709515356887,READ,./data/ux00065,15456168,17173511
1709515356917,READ,./data/ux00065,3434704,5152055
1709515357000,READ,./data/ux00065,13738816,15456167
1709515357349,READ,./data/uy00065,0,1717351
1709515357349,READ,./data/uy00065,5152056,6869407
1709515357361,READ,./data/uy00065,12021464,13738815
1709515357481,READ,./data/uy00065,3434704,5152055
1709515357592,READ,./data/uy00065,1717352,3434703
1709515357677,READ,./data/uy00065,15456168,17173511
1709515357742,READ,./data/uy00065,10304112,12021463
1709515357787,READ,./data/uy00065,8586760,10304111
1709515357898,READ,./data/uy00065,13738816,15456167
1709515358011,READ,./data/uy00065,6869408,8586759
1709515358380,READ,./data/uz00065,0,1717351
1709515358389,READ,./data/uz00065,10304112,12021463
1709515358392,READ,./data/uz00065,5152056,6869407
1709515358472,READ,./data/uz00065,12021464,13738815
1709515358530,READ,./data/uz00065,8586760,10304111
1709515358561,READ,./data/uz00065,1717352,3434703
1709515358623,READ,./data/uz00065,3434704,5152055
1709515358694,READ,./data/uz00065,6869408,8586759
1709515358772,READ,./data/uz00065,13738816,15456167
1709515358800,READ,./data/uz00065,15456168,17173511
1709515359145,READ,./data/pp00065,0,1717351
1709515359148,READ,./data/pp00065,13738816,15456167
1709515359158,READ,./data/pp00065,6869408,8586759
1709515359265,READ,./data/pp00065,3434704,5152055
1709515359313,READ,./data/pp00065,8586760,10304111
1709515359381,READ,./data/pp00065,15456168,17173511
1709515359411,READ,./data/pp00065,5152056,6869407
1709515359445,READ,./data/pp00065,1717352,3434703
1709515359464,READ,./data/pp00065,10304112,12021463
1709515359570,READ,./data/pp00065,12021464,13738815
1709515359965,READ,./data/phi100065,0,1717351
1709515359989,READ,./data/phi100065,10304112,12021463
1709515359999,READ,./data/phi100065,13738816,15456167
1709515360062,READ,./data/phi100065,3434704,5152055
1709515360191,READ,./data/phi100065,5152056,6869407
1709515360274,READ,./data/phi100065,6869408,8586759
1709515360328,READ,./data/phi100065,15456168,17173511
1709515360373,READ,./data/phi100065,1717352,3434703
1709515360384,READ,./data/phi100065,12021464,13738815
1709515360429,READ,./data/phi100065,8586760,10304111
1709515360442,READ,./data/snap0000065.ini,0,301
1709515361019,READ,./data/vort065,8586760,10304111
1709515361020,READ,./data/vort065,0,1717351
1709515361100,READ,./data/vort065,10304112,12021463
1709515361146,READ,./data/vort065,5152056,6869407
1709515361149,READ,./data/vort065,1717352,3434703
1709515361231,READ,./data/vort065,3434704,5152055
1709515361283,READ,./data/vort065,6869408,8586759
1709515361427,READ,./data/vort065,12021464,13738815
1709515361518,READ,./data/vort065,13738816,15456167
1709515361589,READ,./data/vort065,15456168,17173511
1709515362013,READ,./data/vort065,0,1717351
1709515362107,READ,./data/vort065,1717352,3434703
1709515362119,READ,./data/vort065,13738816,15456167
1709515362120,READ,./data/vort065,8586760,10304111
1709515362207,READ,./data/vort065,15456168,17173511
1709515362278,READ,./data/vort065,6869408,8586759
1709515362361,READ,./data/vort065,12021464,13738815
1709515362362,READ,./data/vort065,5152056,6869407
1709515362450,READ,./data/vort065,10304112,12021463
1709515362477,READ,./data/vort065,3434704,5152055
1709515362955,READ,./data/vort065,0,1717351
1709515363003,READ,./data/vort065,5152056,6869407
1709515363025,READ,./data/vort065,10304112,12021463
1709515363028,READ,./data/vort065,15456168,17173511
1709515363118,READ,./data/vort065,6869408,8586759
1709515363172,READ,./data/vort065,3434704,5152055
1709515363254,READ,./data/vort065,13738816,15456167
1709515363255,READ,./data/vort065,8586760,10304111
1709515363333,READ,./data/vort065,12021464,13738815
1709515363351,READ,./data/vort065,1717352,3434703
1709515363852,READ,./data/vort065,0,1717351
1709515363918,READ,./data/vort065,12021464,13738815
1709515363955,READ,./data/vort065,3434704,5152055
1709515364033,READ,./data/vort065,8586760,10304111
1709515364078,READ,./data/vort065,15456168,17173511
1709515364142,READ,./data/vort065,5152056,6869407
1709515364197,READ,./data/vort065,6869408,8586759
1709515364216,READ,./data/vort065,13738816,15456167
1709515364294,READ,./data/vort065,1717352,3434703
1709515364335,READ,./data/vort065,10304112,12021463
1709515364813,READ,./data/ux00066,0,1717351
1709515364825,READ,./data/ux00066,13738816,15456167
1709515364864,READ,./data/ux00066,3434704,5152055
1709515364889,READ,./data/ux00066,1717352,3434703
1709515364983,READ,./data/ux00066,5152056,6869407
1709515365061,READ,./data/ux00066,10304112,12021463
1709515365073,READ,./data/ux00066,15456168,17173511
1709515365160,READ,./data/ux00066,6869408,8586759
1709515365251,READ,./data/ux00066,12021464,13738815
1709515365320,READ,./data/ux00066,8586760,10304111
1709515365713,READ,./data/uy00066,3434704,5152055
1709515365795,READ,./data/uy00066,0,1717351
1709515365797,READ,./data/uy00066,8586760,10304111
1709515365920,READ,./data/uy00066,12021464,13738815
1709515365976,READ,./data/uy00066,6869408,8586759
1709515366026,READ,./data/uy00066,10304112,12021463
1709515366100,READ,./data/uy00066,13738816,15456167
1709515366138,READ,./data/uy00066,15456168,17173511
1709515366167,READ,./data/uy00066,5152056,6869407
1709515366172,READ,./data/uy00066,1717352,3434703
1709515366546,READ,./data/uz00066,0,1717351
1709515366561,READ,./data/uz00066,8586760,10304111
1709515366654,READ,./data/uz00066,12021464,13738815
1709515366691,READ,./data/uz00066,1717352,3434703
1709515366744,READ,./data/uz00066,3434704,5152055
1709515366820,READ,./data/uz00066,13738816,15456167
1709515366851,READ,./data/uz00066,15456168,17173511
1709515366914,READ,./data/uz00066,6869408,8586759
1709515366972,READ,./data/uz00066,5152056,6869407
1709515366984,READ,./data/uz00066,10304112,12021463
1709515367221,READ,./data/pp00066,0,1717351
1709515367243,READ,./data/pp00066,5152056,6869407
1709515367298,READ,./data/pp00066,1717352,3434703
1709515367299,READ,./data/pp00066,8586760,10304111
1709515367377,READ,./data/pp00066,10304112,12021463
1709515367442,READ,./data/pp00066,3434704,5152055
1709515367483,READ,./data/pp00066,13738816,15456167
1709515367484,READ,./data/pp00066,6869408,8586759
1709515367580,READ,./data/pp00066,12021464,13738815
1709515367616,READ,./data/pp00066,15456168,17173511
1709515367914,READ,./data/phi100066,1717352,3434703
1709515367993,READ,./data/phi100066,12021464,13738815
1709515368003,READ,./data/phi100066,0,1717351
1709515368094,READ,./data/phi100066,5152056,6869407
1709515368095,READ,./data/phi100066,10304112,12021463
1709515368195,READ,./data/phi100066,3434704,5152055
1709515368284,READ,./data/phi100066,8586760,10304111
1709515368415,READ,./data/phi100066,6869408,8586759
1709515368424,READ,./data/phi100066,13738816,15456167
1709515368464,READ,./data/phi100066,15456168,17173511
1709515368466,READ,./data/snap0000066.ini,0,301
1709515368842,READ,./data/vort066,0,1717351
1709515368846,READ,./data/vort066,13738816,15456167
1709515368861,READ,./data/vort066,6869408,8586759
1709515368947,READ,./data/vort066,5152056,6869407
1709515369040,READ,./data/vort066,12021464,13738815
1709515369102,READ,./data/vort066,8586760,10304111
1709515369139,READ,./data/vort066,15456168,17173511
1709515369184,READ,./data/vort066,10304112,12021463
1709515369295,READ,./data/vort066,3434704,5152055
1709515369447,READ,./data/vort066,1717352,3434703
1709515369843,READ,./data/vort066,0,1717351
1709515369876,READ,./data/vort066,8586760,10304111
1709515369930,READ,./data/vort066,3434704,5152055
1709515369984,READ,./data/vort066,12021464,13738815
1709515370092,READ,./data/vort066,13738816,15456167
1709515370170,READ,./data/vort066,6869408,8586759
1709515370247,READ,./data/vort066,10304112,12021463
1709515370309,READ,./data/vort066,1717352,3434703
1709515370311,READ,./data/vort066,15456168,17173511
1709515370319,READ,./data/vort066,5152056,6869407
1709515370768,READ,./data/vort066,0,1717351
1709515370794,READ,./data/vort066,8586760,10304111
1709515370858,READ,./data/vort066,3434704,5152055
1709515370891,READ,./data/vort066,12021464,13738815
1709515370971,READ,./data/vort066,5152056,6869407
1709515371003,READ,./data/vort066,10304112,12021463
1709515371088,READ,./data/vort066,6869408,8586759
1709515371159,READ,./data/vort066,13738816,15456167
1709515371242,READ,./data/vort066,1717352,3434703
1709515371324,READ,./data/vort066,15456168,17173511
1709515371930,READ,./data/vort066,0,1717351
1709515371955,READ,./data/vort066,6869408,8586759
1709515372051,READ,./data/vort066,8586760,10304111
1709515372108,READ,./data/vort066,5152056,6869407
1709515372137,READ,./data/vort066,10304112,12021463
1709515372154,READ,./data/vort066,15456168,17173511
1709515372199,READ,./data/vort066,3434704,5152055
1709515372260,READ,./data/vort066,12021464,13738815
1709515372357,READ,./data/vort066,1717352,3434703
1709515372427,READ,./data/vort066,13738816,15456167
1709515372932,READ,./data/ux00067,0,1717351
1709515372983,READ,./data/ux00067,3434704,5152055
1709515373063,READ,./data/ux00067,5152056,6869407
1709515373075,READ,./data/ux00067,13738816,15456167
1709515373078,READ,./data/ux00067,8586760,10304111
1709515373198,READ,./data/ux00067,12021464,13738815
1709515373233,READ,./data/ux00067,10304112,12021463
1709515373265,READ,./data/ux00067,1717352,3434703
1709515373310,READ,./data/ux00067,6869408,8586759
1709515373324,READ,./data/ux00067,15456168,17173511
1709515373650,READ,./data/uy00067,0,1717351
1709515373661,READ,./data/uy00067,10304112,12021463
1709515373715,READ,./data/uy00067,1717352,3434703
1709515373775,READ,./data/uy00067,3434704,5152055
1709515373837,READ,./data/uy00067,12021464,13738815
1709515373924,READ,./data/uy00067,15456168,17173511
1709515373956,READ,./data/uy00067,8586760,10304111
1709515374004,READ,./data/uy00067,5152056,6869407
1709515374095,READ,./data/uy00067,6869408,8586759
1709515374114,READ,./data/uy00067,13738816,15456167
1709515374572,READ,./data/uz00067,0,1717351
1709515374582,READ,./data/uz00067,13738816,15456167
1709515374649,READ,./data/uz00067,3434704,5152055
1709515374709,READ,./data/uz00067,12021464,13738815
1709515374798,READ,./data/uz00067,10304112,12021463
1709515374840,READ,./data/uz00067,8586760,10304111
1709515374870,READ,./data/uz00067,1717352,3434703
1709515374939,READ,./data/uz00067,5152056,6869407
1709515374986,READ,./data/uz00067,15456168,17173511
1709515375066,READ,./data/uz00067,6869408,8586759
1709515375514,READ,./data/pp00067,0,1717351
1709515375524,READ,./data/pp00067,13738816,15456167
1709515375572,READ,./data/pp00067,3434704,5152055
1709515375581,READ,./data/pp00067,8586760,10304111
1709515375679,READ,./data/pp00067,6869408,8586759
1709515375700,READ,./data/pp00067,10304112,12021463
1709515375703,READ,./data/pp00067,1717352,3434703
1709515375818,READ,./data/pp00067,12021464,13738815
1709515375853,READ,./data/pp00067,5152056,6869407
1709515375873,READ,./data/pp00067,15456168,17173511
1709515376164,READ,./data/phi100067,0,1717351
1709515376190,READ,./data/phi100067,5152056,6869407
1709515376268,READ,./data/phi100067,3434704,5152055
1709515376268,READ,./data/phi100067,12021464,13738815
1709515376352,READ,./data/phi100067,15456168,17173511
1709515376409,READ,./data/phi100067,6869408,8586759
1709515376457,READ,./data/phi100067,8586760,10304111
1709515376467,READ,./data/phi100067,1717352,3434703
1709515376512,READ,./data/phi100067,10304112,12021463
1709515376543,READ,./data/phi100067,13738816,15456167
1709515376546,READ,./data/snap0000067.ini,0,301
1709515376844,READ,./data/vort067,0,1717351
1709515376855,READ,./data/vort067,13738816,15456167
1709515376864,READ,./data/vort067,6869408,8586759
1709515376970,READ,./data/vort067,5152056,6869407
1709515376999,READ,./data/vort067,3434704,5152055
1709515377063,READ,./data/vort067,8586760,10304111
1709515377110,READ,./data/vort067,10304112,12021463
1709515377187,READ,./data/vort067,15456168,17173511
1709515377278,READ,./data/vort067,12021464,13738815
1709515377289,READ,./data/vort067,1717352,3434703
1709515377819,READ,./data/vort067,0,1717351
1709515377863,READ,./data/vort067,5152056,6869407
1709515377956,READ,./data/vort067,6869408,8586759
1709515377974,READ,./data/vort067,15456168,17173511
1709515378079,READ,./data/vort067,12021464,13738815
1709515378116,READ,./data/vort067,3434704,5152055
1709515378155,READ,./data/vort067,1717352,3434703
1709515378175,READ,./data/vort067,13738816,15456167
1709515378216,READ,./data/vort067,10304112,12021463
1709515378304,READ,./data/vort067,8586760,10304111
1709515378798,READ,out/restart0000270,0,1717351
1709515378816,READ,out/restart0000270,10304112,12021463
1709515378894,READ,out/restart0000270,6869408,8586759
1709515378984,READ,out/restart0000270,1717352,3434703
1709515379009,READ,out/restart0000270,5152056,6869407
1709515379045,READ,out/restart0000270,3434704,5152055
1709515379051,READ,out/restart0000270,15456168,17173511
1709515379132,READ,out/restart0000270,13738816,15456167
1709515379166,READ,out/restart0000270,12021464,13738815
1709515379224,READ,out/restart0000270,8586760,10304111
1709515379273,READ,out/restart0000270,20608216,22325567
1709515379282,READ,out/restart0000270,29194976,30912327
1709515379366,READ,out/restart0000270,24042920,25760271
1709515379411,READ,out/restart0000270,27477624,29194975
1709515379455,READ,out/restart0000270,30912328,32629679
1709515379474,READ,out/restart0000270,17173512,18890863
1709515379504,READ,out/restart0000270,22325568,24042919
1709515379548,READ,out/restart0000270,18890864,20608215
1709515379575,READ,out/restart0000270,25760272,27477623
1709515379603,READ,out/restart0000270,32629680,34347023
1709515379614,READ,out/restart0000270,37781728,39499079
1709515379699,READ,out/restart0000270,41216432,42933783
1709515379732,READ,out/restart0000270,48085840,49803191
1709515379734,READ,out/restart0000270,39499080,41216431
1709515379807,READ,out/restart0000270,44651136,46368487
1709515379921,READ,out/restart0000270,42933784,44651135
1709515379949,READ,out/restart0000270,36064376,37781727
1709515380011,READ,out/restart0000270,34347024,36064375
1709515380021,READ,out/restart0000270,46368488,48085839
1709515380131,READ,out/restart0000270,49803192,51520535
1709515380135,READ,out/restart0000270,65259352,66976703
1709515380183,READ,out/restart0000270,51520536,53237887
1709515380227,READ,out/restart0000270,54955240,56672591
1709515380233,READ,out/restart0000270,63542000,65259351
1709515380306,READ,out/restart0000270,53237888,54955239
1709515380341,READ,out/restart0000270,58389944,60107295
1709515380398,READ,out/restart0000270,61824648,63541999
1709515380421,READ,out/restart0000270,56672592,58389943
1709515380423,READ,out/restart0000270,60107296,61824647
1709515380476,READ,out/restart0000270,66976704,68694047
1709515380480,READ,out/restart0000270,82432864,84150215
1709515380540,READ,out/restart0000270,70411400,72128751
1709515380564,READ,out/restart0000270,77280808,78998159
1709515380568,READ,out/restart0000270,68694048,70411399
1709515380647,READ,out/restart0000270,78998160,80715511
1709515380696,READ,out/restart0000270,72128752,73846103
1709515380701,READ,out/restart0000270,80715512,82432863
1709515380738,READ,out/restart0000270,73846104,75563455
1709515380751,READ,out/restart0000270,84150216,85867559
1709515380799,READ,out/restart0000270,75563456,77280807
1709515380803,READ,out/restart0000270,101323728,103041071
1709515380817,READ,out/restart0000270,89302264,91019615
1709515380820,READ,out/restart0000270,85867560,87584911
1709515380822,READ,out/restart0000270,97889024,99606375
1709515381064,READ,out/restart0000270,87584912,89302263
1709515381064,READ,out/restart0000270,94454320,96171671
1709515381173,READ,out/restart0000270,96171672,97889023
1709515381225,READ,out/restart0000270,91019616,92736967
1709515381267,READ,out/restart0000270,92736968,94454319
1709515381292,READ,out/restart0000270,99606376,101323727
1709515381296,READ,out/restart0000270,118497240,120214583
1709515381302,READ,out/restart0000270,109910480,111627831
1709515381372,READ,out/restart0000270,111627832,113345183
1709515381435,READ,out/restart0000270,113345184,115062535
1709515381445,READ,out/restart0000270,108193128,109910479
1709515381471,READ,out/restart0000270,115062536,116779887
1709515381527,READ,out/restart0000270,116779888,118497239
1709515381562,READ,out/restart0000270,104758424,106475775
1709515381604,READ,out/restart0000270,106475776,108193127
1709515381611,READ,out/restart0000270,103041072,104758423
1709515381616,READ,out/restart0000270,135670752,137388095
1709515381679,READ,out/restart0000270,133953400,135670751
1709515381682,READ,out/restart0000270,123649288,125366639
1709515381769,READ,out/restart0000270,132236048,133953399
1709515381792,READ,out/restart0000270,128801344,130518695
1709515381807,READ,out/restart0000270,120214584,121931935
1709515381871,READ,out/restart0000270,125366640,127083991
1709515381911,READ,out/restart0000270,127083992,128801343
1709515381941,READ,out/restart0000270,130518696,132236047
1709515381952,READ,out/restart0000270,121931936,123649287
1709515381956,READ,out/restart0000270,152844264,154561607
1709515382032,READ,out/restart0000270,142540152,144257503
1709515382073,READ,out/restart0000270,145974856,147692207
1709515382115,READ,out/restart0000270,147692208,149409559
1709515382117,READ,out/restart0000270,139105448,140822799
1709515382171,READ,out/restart0000270,140822800,142540151
1709515382172,READ,out/restart0000270,144257504,145974855
1709515382202,READ,out/restart0000270,149409560,151126911
1709515382226,READ,out/restart0000270,151126912,152844263
1709515382263,READ,out/restart0000270,137388096,139105447
1709515382276,READ,out/restart0000270,169779069,171469895
1709515382339,READ,out/restart0000270,166397411,168088239
1709515382360,READ,out/restart0000270,157943266,159634094
1709515382410,READ,out/restart0000270,161324924,163015752
1709515382479,READ,out/restart0000270,163015753,164706581
1709515382514,READ,out/restart0000270,168088240,169779068
1709515382598,READ,out/restart0000270,159634095,161324923
1709515382631,READ,out/restart0000270,154561608,156252436
1709515382684,READ,out/restart0000270,156252437,157943265
1709515382698,READ,out/restart0000270,164706582,166397410
1709515382702,READ,out/restart0000270,186926064,188643407
1709515382780,READ,out/restart0000270,181774008,183491359
1709515382781,READ,out/restart0000270,185208712,186926063
1709515382794,READ,out/restart0000270,178339304,180056655
1709515382863,READ,out/restart0000270,171469896,173187247
1709515382983,READ,out/restart0000270,174904600,176621951
1709515383016,READ,out/restart0000270,176621952,178339303
1709515383077,READ,out/restart0000270,180056656,181774007
1709515383108,READ,out/restart0000270,173187248,174904599
1709515383172,READ,out/restart0000270,183491360,185208711
1709515383176,READ,out/restart0000270,204099576,205816919
1709515383185,READ,out/restart0000270,192078112,193795463
1709515383250,READ,out/restart0000270,190360760,192078111
1709515383302,READ,out/restart0000270,195512816,197230167
1709515383356,READ,out/restart0000270,197230168,198947519
1709515383404,READ,out/restart0000270,198947520,200664871
1709515383490,READ,out/restart0000270,188643408,190360759
1709515383570,READ,out/restart0000270,200664872,202382223
1709515383578,READ,out/restart0000270,193795464,195512815
1709515383612,READ,out/restart0000270,202382224,204099575
1709515383617,READ,out/restart0000270,221273088,222990431
1709515383677,READ,out/restart0000270,217838384,219555735
1709515383685,READ,out/restart0000270,210968976,212686327
1709515383736,READ,out/restart0000270,207534272,209251623
1709515383753,READ,out/restart0000270,214403680,216121031
1709515383764,READ,out/restart0000270,219555736,221273087
1709515383798,READ,out/restart0000270,205816920,207534271
1709515383846,READ,out/restart0000270,212686328,214403679
1709515383874,READ,out/restart0000270,209251624,210968975
1709515383882,READ,out/restart0000270,216121032,217838383
1709515383930,READ,out/restart0000270.info,0,538
1709515384240,READ,./data/vort067,0,1717351
1709515384294,READ,./data/vort067,12021464,13738815
1709515384344,READ,./data/vort067,1717352,3434703
1709515384394,READ,./data/vort067,3434704,5152055
1709515384477,READ,./data/vort067,8586760,10304111
1709515384542,READ,./data/vort067,5152056,6869407
1709515384588,READ,./data/vort067,13738816,15456167
1709515384638,READ,./data/vort067,15456168,17173511
1709515384706,READ,./data/vort067,6869408,8586759
1709515384741,READ,./data/vort067,10304112,12021463
1709515385131,READ,./data/vort067,0,1717351
1709515385159,READ,./data/vort067,6869408,8586759
1709515385245,READ,./data/vort067,5152056,6869407
1709515385272,READ,./data/vort067,1717352,3434703
1709515385362,READ,./data/vort067,8586760,10304111
1709515385367,READ,./data/vort067,15456168,17173511
1709515385463,READ,./data/vort067,12021464,13738815
1709515385529,READ,./data/vort067,3434704,5152055
1709515385585,READ,./data/vort067,10304112,12021463
1709515385672,READ,./data/vort067,13738816,15456167
1709515386112,READ,./data/ux00068,0,1717351
1709515386125,READ,./data/ux00068,13738816,15456167
1709515386140,READ,./data/ux00068,6869408,8586759
1709515386263,READ,./data/ux00068,5152056,6869407
1709515386315,READ,./data/ux00068,10304112,12021463
1709515386317,READ,./data/ux00068,3434704,5152055
1709515386356,READ,./data/ux00068,8586760,10304111
1709515386408,READ,./data/ux00068,1717352,3434703
1709515386525,READ,./data/ux00068,12021464,13738815
1709515386556,READ,./data/ux00068,15456168,17173511
1709515386970,READ,./data/uy00068,0,1717351
1709515387033,READ,./data/uy00068,3434704,5152055
1709515387114,READ,./data/uy00068,5152056,6869407
1709515387116,READ,./data/uy00068,8586760,10304111
1709515387210,READ,./data/uy00068,6869408,8586759
1709515387239,READ,./data/uy00068,12021464,13738815
1709515387308,READ,./data/uy00068,10304112,12021463
1709515387376,READ,./data/uy00068,15456168,17173511
1709515387436,READ,./data/uy00068,13738816,15456167
1709515387457,READ,./data/uy00068,1717352,3434703
1709515387855,READ,./data/uz00068,0,1717351
1709515387862,READ,./data/uz00068,13738816,15456167
1709515387916,READ,./data/uz00068,1717352,3434703
1709515387950,READ,./data/uz00068,3434704,5152055
1709515388037,READ,./data/uz00068,6869408,8586759
1709515388156,READ,./data/uz00068,8586760,10304111
1709515388189,READ,./data/uz00068,10304112,12021463
1709515388209,READ,./data/uz00068,5152056,6869407
1709515388258,READ,./data/uz00068,15456168,17173511
1709515388301,READ,./data/uz00068,12021464,13738815
1709515388646,READ,./data/pp00068,0,1717351
1709515388722,READ,./data/pp00068,3434704,5152055
1709515388829,READ,./data/pp00068,13738816,15456167
1709515388832,READ,./data/pp00068,5152056,6869407
1709515388869,READ,./data/pp00068,6869408,8586759
1709515389033,READ,./data/pp00068,12021464,13738815
1709515389084,READ,./data/pp00068,8586760,10304111
1709515389085,READ,./data/pp00068,1717352,3434703
1709515389144,READ,./data/pp00068,10304112,12021463
1709515389168,READ,./data/pp00068,15456168,17173511
1709515389542,READ,./data/phi100068,0,1717351
1709515389621,READ,./data/phi100068,1717352,3434703
1709515389622,READ,./data/phi100068,10304112,12021463
1709515389700,READ,./data/phi100068,8586760,10304111
1709515389727,READ,./data/phi100068,3434704,5152055
1709515389820,READ,./data/phi100068,5152056,6869407
1709515389860,READ,./data/phi100068,6869408,8586759
1709515389866,READ,./data/phi100068,15456168,17173511
1709515389951,READ,./data/phi100068,13738816,15456167
1709515389990,READ,./data/phi100068,12021464,13738815
1709515390003,READ,./data/snap0000068.ini,0,301
1709515390303,READ,./data/vort068,0,1717351
1709515390303,READ,./data/vort068,8586760,10304111
1709515390316,READ,./data/vort068,5152056,6869407
1709515390398,READ,./data/vort068,3434704,5152055
1709515390458,READ,./data/vort068,1717352,3434703
1709515390467,READ,./data/vort068,15456168,17173511
1709515390544,READ,./data/vort068,13738816,15456167
1709515390611,READ,./data/vort068,6869408,8586759
1709515390635,READ,./data/vort068,10304112,12021463
1709515390696,READ,./data/vort068,12021464,13738815
1709515391121,READ,./data/vort068,0,1717351
1709515391151,READ,./data/vort068,5152056,6869407
1709515391233,READ,./data/vort068,3434704,5152055
1709515391248,READ,./data/vort068,13738816,15456167
1709515391328,READ,./data/vort068,12021464,13738815
1709515391453,READ,./data/vort068,6869408,8586759
1709515391483,READ,./data/vort068,8586760,10304111
1709515391548,READ,./data/vort068,1717352,3434703
1709515391554,READ,./data/vort068,10304112,12021463
1709515391633,READ,./data/vort068,15456168,17173511
1709515392301,READ,./data/vort068,0,1717351
1709515392342,READ,./data/vort068,5152056,6869407
1709515392349,READ,./data/vort068,13738816,15456167
1709515392428,READ,./data/vort068,3434704,5152055
1709515392512,READ,./data/vort068,12021464,13738815
1709515392577,READ,./data/vort068,1717352,3434703
1709515392649,READ,./data/vort068,10304112,12021463
1709515392695,READ,./data/vort068,8586760,10304111
1709515392752,READ,./data/vort068,6869408,8586759
1709515392788,READ,./data/vort068,15456168,17173511
1709515393282,READ,./data/vort068,0,1717351
1709515393358,READ,./data/vort068,1717352,3434703
1709515393367,READ,./data/vort068,10304112,12021463
1709515393377,READ,./data/vort068,5152056,6869407
1709515393381,READ,./data/vort068,15456168,17173511
1709515393477,READ,./data/vort068,3434704,5152055
1709515393528,READ,./data/vort068,8586760,10304111
1709515393618,READ,./data/vort068,6869408,8586759
1709515393683,READ,./data/vort068,13738816,15456167
1709515393789,READ,./data/vort068,12021464,13738815
1709515394114,READ,./data/ux00069,0,1717351
1709515394168,READ,./data/ux00069,8586760,10304111
1709515394255,READ,./data/ux00069,3434704,5152055
1709515394351,READ,./data/ux00069,5152056,6869407
1709515394437,READ,./data/ux00069,10304112,12021463
1709515394524,READ,./data/ux00069,6869408,8586759
1709515394527,READ,./data/ux00069,13738816,15456167
1709515394597,READ,./data/ux00069,1717352,3434703
1709515394706,READ,./data/ux00069,15456168,17173511
1709515394776,READ,./data/ux00069,12021464,13738815
1709515395150,READ,./data/uy00069,0,1717351
1709515395175,READ,./data/uy00069,12021464,13738815
1709515395244,READ,./data/uy00069,8586760,10304111
1709515395340,READ,./data/uy00069,10304112,12021463
1709515395413,READ,./data/uy00069,15456168,17173511
1709515395488,READ,./data/uy00069,3434704,5152055
1709515395631,READ,./data/uy00069,1717352,3434703
1709515395641,READ,./data/uy00069,6869408,8586759
1709515395709,READ,./data/uy00069,5152056,6869407
1709515395757,READ,./data/uy00069,13738816,15456167
1709515396049,READ,./data/uz00069,1717352,3434703
1709515396141,READ,./data/uz00069,6869408,8586759
1709515396174,READ,./data/uz00069,0,1717351
1709515396250,READ,./data/uz00069,5152056,6869407
1709515396341,READ,./data/uz00069,10304112,12021463
1709515396432,READ,./data/uz00069,8586760,10304111
1709515396520,READ,./data/uz00069,12021464,13738815
1709515396639,READ,./data/uz00069,15456168,17173511
1709515396723,READ,./data/uz00069,3434704,5152055
1709515396840,READ,./data/uz00069,13738816,15456167
1709515397125,READ,./data/pp00069,0,1717351
1709515397206,READ,./data/pp00069,1717352,3434703
1709515397217,READ,./data/pp00069,15456168,17173511
1709515397307,READ,./data/pp00069,12021464,13738815
1709515397388,READ,./data/pp00069,10304112,12021463
1709515397457,READ,./data/pp00069,8586760,10304111
1709515397459,READ,./data/pp00069,5152056,6869407
1709515397526,READ,./data/pp00069,3434704,5152055
1709515397564,READ,./data/pp00069,13738816,15456167
1709515397614,READ,./data/pp00069,6869408,8586759
1709515397910,READ,./data/phi100069,0,1717351
1709515397932,READ,./data/phi100069,10304112,12021463
1709515397995,READ,./data/phi100069,1717352,3434703
1709515397997,READ,./data/phi100069,15456168,17173511
1709515398076,READ,./data/phi100069,6869408,8586759
1709515398130,READ,./data/phi100069,5152056,6869407
1709515398205,READ,./data/phi100069,12021464,13738815
1709515398283,READ,./data/phi100069,13738816,15456167
1709515398402,READ,./data/phi100069,8586760,10304111
1709515398463,READ,./data/phi100069,3434704,5152055
1709515398466,READ,./data/snap0000069.ini,0,301
1709515398838,READ,./data/vort069,8586760,10304111
1709515398847,READ,./data/vort069,0,1717351
1709515398861,READ,./data/vort069,5152056,6869407
1709515398948,READ,./data/vort069,12021464,13738815
1709515399013,READ,./data/vort069,3434704,5152055
1709515399103,READ,./data/vort069,1717352,3434703
1709515399132,READ,./data/vort069,10304112,12021463
1709515399234,READ,./data/vort069,15456168,17173511
1709515399337,READ,./data/vort069,6869408,8586759
1709515399430,READ,./data/vort069,13738816,15456167
1709515399929,READ,./data/vort069,0,1717351
1709515400087,READ,./data/vort069,10304112,12021463
1709515400090,READ,./data/vort069,5152056,6869407
1709515400174,READ,./data/vort069,8586760,10304111
1709515400301,READ,./data/vort069,6869408,8586759
1709515400372,READ,./data/vort069,13738816,15456167
1709515400464,READ,./data/vort069,1717352,3434703
1709515400535,READ,./data/vort069,12021464,13738815
1709515400661,READ,./data/vort069,3434704,5152055
1709515400708,READ,./data/vort069,15456168,17173511
1709515401165,READ,./data/vort069,0,1717351
1709515401195,READ,./data/vort069,12021464,13738815
1709515401293,READ,./data/vort069,3434704,5152055
1709515401380,READ,./data/vort069,13738816,15456167
1709515401433,READ,./data/vort069,8586760,10304111
1709515401543,READ,./data/vort069,1717352,3434703
1709515401586,READ,./data/vort069,10304112,12021463
1709515401678,READ,./data/vort069,6869408,8586759
1709515401758,READ,./data/vort069,15456168,17173511
1709515401800,READ,./data/vort069,5152056,6869407
1709515402227,READ,./data/vort069,0,1717351
1709515402294,READ,./data/vort069,5152056,6869407
1709515402295,READ,./data/vort069,1717352,3434703
1709515402395,READ,./data/vort069,3434704,5152055
1709515402400,READ,./data/vort069,12021464,13738815
1709515402507,READ,./data/vort069,10304112,12021463
1709515402542,READ,./data/vort069,8586760,10304111
1709515402543,READ,./data/vort069,13738816,15456167
1709515402613,READ,./data/vort069,6869408,8586759
1709515402658,READ,./data/vort069,15456168,17173511
1709515403040,READ,./data/ux00070,0,1717351
1709515403091,READ,./data/ux00070,8586760,10304111
1709515403181,READ,./data/ux00070,6869408,8586759
1709515403260,READ,./data/ux00070,15456168,17173511
1709515403264,READ,./data/ux00070,1717352,3434703
1709515403287,READ,./data/ux00070,10304112,12021463
1709515403375,READ,./data/ux00070,3434704,5152055
1709515403470,READ,./data/ux00070,12021464,13738815
1709515403577,READ,./data/ux00070,13738816,15456167
1709515403662,READ,./data/ux00070,5152056,6869407
1709515404009,READ,./data/uy00070,0,1717351
1709515404018,READ,./data/uy00070,5152056,6869407
1709515404094,READ,./data/uy00070,3434704,5152055
1709515404118,READ,./data/uy00070,15456168,17173511
1709515404124,READ,./data/uy00070,6869408,8586759
1709515404211,READ,./data/uy00070,13738816,15456167
1709515404292,READ,./data/uy00070,8586760,10304111
1709515404383,READ,./data/uy00070,10304112,12021463
1709515404492,READ,./data/uy00070,12021464,13738815
1709515404534,READ,./data/uy00070,1717352,3434703
1709515404961,READ,./data/uz00070,0,1717351
1709515404980,READ,./data/uz00070,10304112,12021463
1709515405063,READ,./data/uz00070,12021464,13738815
1709515405106,READ,./data/uz00070,6869408,8586759
1709515405211,READ,./data/uz00070,3434704,5152055
1709515405267,READ,./data/uz00070,5152056,6869407
1709515405359,READ,./data/uz00070,13738816,15456167
1709515405427,READ,./data/uz00070,1717352,3434703
1709515405428,READ,./data/uz00070,15456168,17173511
1709515405439,READ,./data/uz00070,8586760,10304111
1709515405790,READ,./data/pp00070,6869408,8586759
1709515405791,READ,./data/pp00070,0,1717351
1709515405802,READ,./data/pp00070,13738816,15456167
1709515405899,READ,./data/pp00070,12021464,13738815
1709515405940,READ,./data/pp00070,10304112,12021463
1709515405984,READ,./data/pp00070,1717352,3434703
1709515406041,READ,./data/pp00070,8586760,10304111
1709515406066,READ,./data/pp00070,15456168,17173511
1709515406121,READ,./data/pp00070,5152056,6869407
1709515406207,READ,./data/pp00070,3434704,5152055
1709515406565,READ,./data/phi100070,1717352,3434703
1709515406617,READ,./data/phi100070,0,1717351
1709515406623,READ,./data/phi100070,5152056,6869407
1709515406634,READ,./data/phi100070,12021464,13738815
1709515406722,READ,./data/phi100070,6869408,8586759
1709515406791,READ,./data/phi100070,13738816,15456167
1709515406840,READ,./data/phi100070,15456168,17173511
1709515406876,READ,./data/phi100070,3434704,5152055
1709515406955,READ,./data/phi100070,8586760,10304111
1709515407044,READ,./data/phi100070,10304112,12021463
1709515407056,READ,./data/snap0000070.ini,0,301
1709515407399,READ,./data/vort070,5152056,6869407
1709515407401,READ,./data/vort070,10304112,12021463
1709515407410,READ,./data/vort070,0,1717351
1709515407411,READ,./data/vort070,13738816,15456167
1709515407469,READ,./data/vort070,1717352,3434703
1709515407572,READ,./data/vort070,3434704,5152055
1709515407656,READ,./data/vort070,15456168,17173511
1709515407722,READ,./data/vort070,6869408,8586759
1709515407806,READ,./data/vort070,12021464,13738815
1709515407872,READ,./data/vort070,8586760,10304111
1709515408298,READ,./data/vort070,0,1717351
1709515408327,READ,./data/vort070,15456168,17173511
1709515408333,READ,./data/vort070,10304112,12021463
1709515408379,READ,./data/vort070,1717352,3434703
1709515408451,READ,./data/vort070,13738816,15456167
1709515408555,READ,./data/vort070,3434704,5152055
1709515408677,READ,./data/vort070,6869408,8586759
1709515408702,READ,./data/vort070,8586760,10304111
1709515408772,READ,./data/vort070,5152056,6869407
1709515408834,READ,./data/vort070,12021464,13738815
1709515409347,READ,./data/vort070,0,1717351
1709515409406,READ,./data/vort070,5152056,6869407
1709515409428,READ,./data/vort070,15456168,17173511
1709515409463,READ,./data/vort070,8586760,10304111
1709515409501,READ,./data/vort070,13738816,15456167
1709515409642,READ,./data/vort070,3434704,5152055
1709515409717,READ,./data/vort070,1717352,3434703
1709515409785,READ,./data/vort070,10304112,12021463
1709515409851,READ,./data/vort070,12021464,13738815
1709515409920,READ,./data/vort070,6869408,8586759
1709515410406,READ,./data/vort070,0,1717351
1709515410464,READ,./data/vort070,5152056,6869407
1709515410470,READ,./data/vort070,15456168,17173511
1709515410576,READ,./data/vort070,6869408,8586759
1709515410664,READ,./data/vort070,10304112,12021463
1709515410723,READ,./data/vort070,12021464,13738815
1709515410808,READ,./data/vort070,8586760,10304111
1709515410846,READ,./data/vort070,13738816,15456167
1709515410907,READ,./data/vort070,3434704,5152055
1709515410974,READ,./data/vort070,1717352,3434703
1709515411423,READ,./data/ux00071,3434704,5152055
1709515411505,READ,./data/ux00071,1717352,3434703
1709515411521,READ,./data/ux00071,8586760,10304111
1709515411594,READ,./data/ux00071,10304112,12021463
1709515411639,READ,./data/ux00071,13738816,15456167
1709515411647,READ,./data/ux00071,6869408,8586759
1709515411765,READ,./data/ux00071,15456168,17173511
1709515411855,READ,./data/ux00071,12021464,13738815
1709515411876,READ,./data/ux00071,0,1717351
1709515411913,READ,./data/ux00071,5152056,6869407
1709515412293,READ,./data/uy00071,13738816,15456167
1709515412300,READ,./data/uy00071,5152056,6869407
1709515412319,READ,./data/uy00071,0,1717351
1709515412387,READ,./data/uy00071,1717352,3434703
1709515412389,READ,./data/uy00071,8586760,10304111
1709515412468,READ,./data/uy00071,10304112,12021463
1709515412571,READ,./data/uy00071,12021464,13738815
1709515412655,READ,./data/uy00071,6869408,8586759
1709515412730,READ,./data/uy00071,3434704,5152055
1709515412832,READ,./data/uy00071,15456168,17173511
1709515413216,READ,./data/uz00071,0,1717351
1709515413225,READ,./data/uz00071,5152056,6869407
1709515413297,READ,./data/uz00071,3434704,5152055
1709515413298,READ,./data/uz00071,8586760,10304111
1709515413406,READ,./data/uz00071,6869408,8586759
1709515413430,READ,./data/uz00071,1717352,3434703
1709515413451,READ,./data/uz00071,12021464,13738815
1709515413519,READ,./data/uz00071,13738816,15456167
1709515413555,READ,./data/uz00071,15456168,17173511
1709515413599,READ,./data/uz00071,10304112,12021463
1709515413917,READ,./data/pp00071,0,1717351
1709515413920,READ,./data/pp00071,10304112,12021463
1709515413922,READ,./data/pp00071,5152056,6869407
1709515413986,READ,./data/pp00071,3434704,5152055
1709515414063,READ,./data/pp00071,8586760,10304111
1709515414081,READ,./data/pp00071,13738816,15456167
1709515414111,READ,./data/pp00071,6869408,8586759
1709515414149,READ,./data/pp00071,1717352,3434703
1709515414178,READ,./data/pp00071,12021464,13738815
1709515414208,READ,./data/pp00071,15456168,17173511
1709515414525,READ,./data/phi100071,13738816,15456167
1709515414538,READ,./data/phi100071,0,1717351
1709515414558,READ,./data/phi100071,5152056,6869407
1709515414642,READ,./data/phi100071,3434704,5152055
1709515414673,READ,./data/phi100071,1717352,3434703
1709515414681,READ,./data/phi100071,8586760,10304111
1709515414759,READ,./data/phi100071,10304112,12021463
1709515414832,READ,./data/phi100071,15456168,17173511
1709515414877,READ,./data/phi100071,12021464,13738815
1709515414976,READ,./data/phi100071,6869408,8586759
1709515414988,READ,./data/snap0000071.ini,0,301
1709515415328,READ,./data/vort071,0,1717351
1709515415344,READ,./data/vort071,6869408,8586759
1709515415430,READ,./data/vort071,8586760,10304111
1709515415439,READ,./data/vort071,13738816,15456167
1709515415480,READ,./data/vort071,10304112,12021463
1709515415546,READ,./data/vort071,3434704,5152055
1709515415632,READ,./data/vort071,12021464,13738815
1709515415685,READ,./data/vort071,15456168,17173511
1709515415769,READ,./data/vort071,5152056,6869407
1709515415798,READ,./data/vort071,1717352,3434703
1709515416222,READ,./data/vort071,0,1717351
1709515416250,READ,./data/vort071,10304112,12021463
1709515416326,READ,./data/vort071,8586760,10304111
1709515416331,READ,./data/vort071,15456168,17173511
1709515416424,READ,./data/vort071,13738816,15456167
1709515416450,READ,./data/vort071,3434704,5152055
1709515416543,READ,./data/vort071,5152056,6869407
1709515416607,READ,./data/vort071,12021464,13738815
1709515416748,READ,./data/vort071,6869408,8586759
1709515416830,READ,./data/vort071,1717352,3434703
1709515417375,READ,./data/vort071,0,1717351
1709515417423,READ,./data/vort071,8586760,10304111
1709515417533,READ,./data/vort071,10304112,12021463
1709515417539,READ,./data/vort071,5152056,6869407
1709515417554,READ,./data/vort071,15456168,17173511
1709515417696,READ,./data/vort071,12021464,13738815
1709515417789,READ,./data/vort071,6869408,8586759
1709515417793,READ,./data/vort071,13738816,15456167
1709515417836,READ,./data/vort071,3434704,5152055
1709515417863,READ,./data/vort071,1717352,3434703
1709515418244,READ,./data/vort071,0,1717351
1709515418329,READ,./data/vort071,6869408,8586759
1709515418411,READ,./data/vort071,5152056,6869407
1709515418440,READ,./data/vort071,1717352,3434703
1709515418449,READ,./data/vort071,13738816,15456167
1709515418484,READ,./data/vort071,3434704,5152055
1709515418545,READ,./data/vort071,8586760,10304111
1709515418584,READ,./data/vort071,10304112,12021463
1709515418659,READ,./data/vort071,15456168,17173511
1709515418789,READ,./data/vort071,12021464,13738815
1709515419126,READ,./data/ux00072,0,1717351
1709515419144,READ,./data/ux00072,13738816,15456167
1709515419199,READ,./data/ux00072,3434704,5152055
1709515419202,READ,./data/ux00072,8586760,10304111
1709515419286,READ,./data/ux00072,12021464,13738815
1709515419335,READ,./data/ux00072,1717352,3434703
1709515419369,READ,./data/ux00072,10304112,12021463
1709515419481,READ,./data/ux00072,6869408,8586759
1709515419494,READ,./data/ux00072,15456168,17173511
1709515419530,READ,./data/ux00072,5152056,6869407
1709515419836,READ,./data/uy00072,0,1717351
1709515419851,READ,./data/uy00072,5152056,6869407
1709515419937,READ,./data/uy00072,3434704,5152055
1709515419974,READ,./data/uy00072,1717352,3434703
1709515419989,READ,./data/uy00072,8586760,10304111
1709515419997,READ,./data/uy00072,15456168,17173511
1709515420090,READ,./data/uy00072,12021464,13738815
1709515420122,READ,./data/uy00072,10304112,12021463
1709515420161,READ,./data/uy00072,6869408,8586759
1709515420203,READ,./data/uy00072,13738816,15456167
1709515420505,READ,./data/uz00072,0,1717351
1709515420579,READ,./data/uz00072,1717352,3434703
1709515420613,READ,./data/uz00072,3434704,5152055
1709515420616,READ,./data/uz00072,12021464,13738815
1709515420688,READ,./data/uz00072,8586760,10304111
1709515420751,READ,./data/uz00072,6869408,8586759
1709515420787,READ,./data/uz00072,5152056,6869407
1709515420848,READ,./data/uz00072,13738816,15456167
1709515420898,READ,./data/uz00072,10304112,12021463
1709515420924,READ,./data/uz00072,15456168,17173511
1709515421273,READ,./data/pp00072,6869408,8586759
1709515421277,READ,./data/pp00072,0,1717351
1709515421353,READ,./data/pp00072,10304112,12021463
1709515421387,READ,./data/pp00072,5152056,6869407
1709515421396,READ,./data/pp00072,1717352,3434703
1709515421399,READ,./data/pp00072,13738816,15456167
1709515421442,READ,./data/pp00072,3434704,5152055
1709515421480,READ,./data/pp00072,8586760,10304111
1709515421631,READ,./data/pp00072,12021464,13738815
1709515421656,READ,./data/pp00072,15456168,17173511
1709515422025,READ,./data/phi100072,0,1717351
1709515422095,READ,./data/phi100072,12021464,13738815
1709515422203,READ,./data/phi100072,6869408,8586759
1709515422291,READ,./data/phi100072,8586760,10304111
1709515422457,READ,./data/phi100072,10304112,12021463
1709515422509,READ,./data/phi100072,1717352,3434703
1709515422522,READ,./data/phi100072,15456168,17173511
1709515422585,READ,./data/phi100072,13738816,15456167
1709515422663,READ,./data/phi100072,3434704,5152055
1709515422872,READ,./data/phi100072,5152056,6869407
1709515422885,READ,./data/snap0000072.ini,0,301
1709515423169,READ,./data/vort072,0,1717351
1709515423169,READ,./data/vort072,8586760,10304111
1709515423181,READ,./data/vort072,13738816,15456167
1709515423294,READ,./data/vort072,1717352,3434703
1709515423568,READ,./data/vort072,3434704,5152055
1709515423638,READ,./data/vort072,10304112,12021463
1709515423714,READ,./data/vort072,6869408,8586759
1709515423788,READ,./data/vort072,15456168,17173511
1709515423817,READ,./data/vort072,5152056,6869407
1709515423854,READ,./data/vort072,12021464,13738815
1709515424391,READ,./data/vort072,0,1717351
1709515424427,READ,./data/vort072,15456168,17173511
1709515424489,READ,./data/vort072,5152056,6869407
1709515424497,READ,./data/vort072,1717352,3434703
1709515424502,READ,./data/vort072,10304112,12021463
1709515424601,READ,./data/vort072,12021464,13738815
1709515424655,READ,./data/vort072,8586760,10304111
1709515424798,READ,./data/vort072,6869408,8586759
1709515424842,READ,./data/vort072,13738816,15456167
1709515424898,READ,./data/vort072,3434704,5152055
1709515425365,READ,./data/vort072,0,1717351
1709515425400,READ,./data/vort072,12021464,13738815
1709515425451,READ,./data/vort072,3434704,5152055
1709515425537,READ,./data/vort072,8586760,10304111
1709515425540,READ,./data/vort072,1717352,3434703
1709515425639,READ,./data/vort072,6869408,8586759
1709515425670,READ,./data/vort072,13738816,15456167
1709515425733,READ,./data/vort072,15456168,17173511
1709515425842,READ,./data/vort072,10304112,12021463
1709515425878,READ,./data/vort072,5152056,6869407
1709515426390,READ,./data/vort072,0,1717351
1709515426429,READ,./data/vort072,15456168,17173511
1709515426445,READ,./data/vort072,8586760,10304111
1709515426486,READ,./data/vort072,3434704,5152055
1709515426601,READ,./data/vort072,13738816,15456167
1709515426665,READ,./data/vort072,5152056,6869407
1709515426717,READ,./data/vort072,1717352,3434703
1709515426796,READ,./data/vort072,10304112,12021463
1709515426869,READ,./data/vort072,6869408,8586759
1709515426937,READ,./data/vort072,12021464,13738815
1709515427228,READ,./data/ux00073,0,1717351
1709515427238,READ,./data/ux00073,6869408,8586759
1709515427345,READ,./data/ux00073,3434704,5152055
1709515427346,READ,./data/ux00073,8586760,10304111
1709515427488,READ,./data/ux00073,5152056,6869407
1709515427488,READ,./data/ux00073,15456168,17173511
1709515427493,READ,./data/ux00073,1717352,3434703
1709515427516,READ,./data/ux00073,10304112,12021463
1709515427638,READ,./data/ux00073,13738816,15456167
1709515427758,READ,./data/ux00073,12021464,13738815
1709515428002,READ,./data/uy00073,0,1717351
1709515428019,READ,./data/uy00073,13738816,15456167
1709515428083,READ,./data/uy00073,1717352,3434703
1709515428128,READ,./data/uy00073,12021464,13738815
1709515428190,READ,./data/uy00073,8586760,10304111
1709515428266,READ,./data/uy00073,3434704,5152055
1709515428391,READ,./data/uy00073,6869408,8586759
1709515428452,READ,./data/uy00073,10304112,12021463
1709515428470,READ,./data/uy00073,15456168,17173511
1709515428479,READ,./data/uy00073,5152056,6869407
1709515428814,READ,./data/uz00073,1717352,3434703
1709515428874,READ,./data/uz00073,0,1717351
1709515428876,READ,./data/uz00073,5152056,6869407
1709515428889,READ,./data/uz00073,10304112,12021463
1709515428898,READ,./data/uz00073,13738816,15456167
1709515428964,READ,./data/uz00073,15456168,17173511
1709515429041,READ,./data/uz00073,3434704,5152055
1709515429090,READ,./data/uz00073,6869408,8586759
1709515429152,READ,./data/uz00073,12021464,13738815
1709515429256,READ,./data/uz00073,8586760,10304111
1709515429538,READ,./data/pp00073,0,1717351
1709515429552,READ,./data/pp00073,13738816,15456167
1709515429553,READ,./data/pp00073,8586760,10304111
1709515429561,READ,./data/pp00073,5152056,6869407
1709515429638,READ,./data/pp00073,10304112,12021463
1709515429707,READ,./data/pp00073,6869408,8586759
1709515429789,READ,./data/pp00073,15456168,17173511
1709515429836,READ,./data/pp00073,1717352,3434703
1709515429848,READ,./data/pp00073,12021464,13738815
1709515429895,READ,./data/pp00073,3434704,5152055
1709515430142,READ,./data/phi100073,0,1717351
1709515430151,READ,./data/phi100073,10304112,12021463
1709515430233,READ,./data/phi100073,6869408,8586759
1709515430259,READ,./data/phi100073,12021464,13738815
1709515430338,READ,./data/phi100073,3434704,5152055
1709515430418,READ,./data/phi100073,13738816,15456167
1709515430462,READ,./data/phi100073,1717352,3434703
1709515430493,READ,./data/phi100073,5152056,6869407
1709515430513,READ,./data/phi100073,15456168,17173511
1709515430594,READ,./data/phi100073,8586760,10304111
1709515430596,READ,./data/snap0000073.ini,0,301
1709515430905,READ,./data/vort073,0,1717351
1709515430923,READ,./data/vort073,5152056,6869407
1709515430923,READ,./data/vort073,10304112,12021463
1709515430926,READ,./data/vort073,13738816,15456167
1709515430997,READ,./data/vort073,1717352,3434703
1709515431084,READ,./data/vort073,12021464,13738815
1709515431199,READ,./data/vort073,6869408,8586759
1709515431228,READ,./data/vort073,8586760,10304111
1709515431329,READ,./data/vort073,15456168,17173511
1709515431406,READ,./data/vort073,3434704,5152055
1709515431865,READ,./data/vort073,0,1717351
1709515431889,READ,./data/vort073,8586760,10304111
1709515431964,READ,./data/vort073,3434704,5152055
1709515431965,READ,./data/vort073,13738816,15456167
1709515432113,READ,./data/vort073,12021464,13738815
1709515432269,READ,./data/vort073,6869408,8586759
1709515432305,READ,./data/vort073,10304112,12021463
1709515432364,READ,./data/vort073,1717352,3434703
1709515432372,READ,./data/vort073,15456168,17173511
1709515432476,READ,./data/vort073,5152056,6869407
1709515433061,READ,./data/vort073,0,1717351
1709515433081,READ,./data/vort073,10304112,12021463
1709515433091,READ,./data/vort073,13738816,15456167
1709515433101,READ,./data/vort073,5152056,6869407
1709515433194,READ,./data/vort073,8586760,10304111
1709515433292,READ,./data/vort073,15456168,17173511
1709515433386,READ,./data/vort073,12021464,13738815
1709515433474,READ,./data/vort073,6869408,8586759
1709515433526,READ,./data/vort073,1717352,3434703
1709515433573,READ,./data/vort073,3434704,5152055
1709515434059,READ,./data/vort073,0,1717351
1709515434108,READ,./data/vort073,6869408,8586759
1709515434133,READ,./data/vort073,13738816,15456167
1709515434210,READ,./data/vort073,8586760,10304111
1709515434250,READ,./data/vort073,10304112,12021463
1709515434304,READ,./data/vort073,1717352,3434703
1709515434353,READ,./data/vort073,5152056,6869407
1709515434422,READ,./data/vort073,15456168,17173511
1709515434460,READ,./data/vort073,3434704,5152055
1709515434550,READ,./data/vort073,12021464,13738815
1709515435128,READ,./data/ux00074,0,1717351
1709515435148,READ,./data/ux00074,10304112,12021463
1709515435152,READ,./data/ux00074,5152056,6869407
1709515435236,READ,./data/ux00074,3434704,5152055
1709515435318,READ,./data/ux00074,8586760,10304111
1709515435320,READ,./data/ux00074,13738816,15456167
1709515435349,READ,./data/ux00074,1717352,3434703
1709515435377,READ,./data/ux00074,6869408,8586759
1709515435449,READ,./data/ux00074,12021464,13738815
1709515435491,READ,./data/ux00074,15456168,17173511
1709515435789,READ,./data/uy00074,1717352,3434703
1709515435870,READ,./data/uy00074,3434704,5152055
1709515435875,READ,./data/uy00074,10304112,12021463
1709515435960,READ,./data/uy00074,12021464,13738815
1709515436043,READ,./data/uy00074,6869408,8586759
1709515436095,READ,./data/uy00074,15456168,17173511
1709515436114,READ,./data/uy00074,8586760,10304111
1709515436143,READ,./data/uy00074,0,1717351
1709515436212,READ,./data/uy00074,13738816,15456167
1709515436246,READ,./data/uy00074,5152056,6869407
1709515436633,READ,./data/uz00074,0,1717351
1709515436635,READ,./data/uz00074,5152056,6869407
1709515436658,READ,./data/uz00074,12021464,13738815
1709515436749,READ,./data/uz00074,8586760,10304111
1709515436857,READ,./data/uz00074,3434704,5152055
1709515436933,READ,./data/uz00074,6869408,8586759
1709515436989,READ,./data/uz00074,13738816,15456167
1709515437053,READ,./data/uz00074,1717352,3434703
1709515437087,READ,./data/uz00074,15456168,17173511
1709515437120,READ,./data/uz00074,10304112,12021463
1709515437485,READ,./data/pp00074,0,1717351
1709515437489,READ,./data/pp00074,12021464,13738815
1709515437574,READ,./data/pp00074,6869408,8586759
1709515437682,READ,./data/pp00074,10304112,12021463
1709515437735,READ,./data/pp00074,15456168,17173511
1709515437852,READ,./data/pp00074,13738816,15456167
1709515437911,READ,./data/pp00074,3434704,5152055
1709515437919,READ,./data/pp00074,8586760,10304111
1709515437953,READ,./data/pp00074,5152056,6869407
1709515438019,READ,./data/pp00074,1717352,3434703
1709515438278,READ,./data/phi100074,0,1717351
1709515438285,READ,./data/phi100074,12021464,13738815
1709515438295,READ,./data/phi100074,5152056,6869407
1709515438373,READ,./data/phi100074,10304112,12021463
1709515438409,READ,./data/phi100074,8586760,10304111
1709515438454,READ,./data/phi100074,1717352,3434703
1709515438532,READ,./data/phi100074,15456168,17173511
1709515438596,READ,./data/phi100074,6869408,8586759
1709515438635,READ,./data/phi100074,13738816,15456167
1709515438665,READ,./data/phi100074,3434704,5152055
1709515438679,READ,./data/snap0000074.ini,0,301
1709515439070,READ,./data/vort074,0,1717351
1709515439117,READ,./data/vort074,6869408,8586759
1709515439127,READ,./data/vort074,13738816,15456167
1709515439217,READ,./data/vort074,8586760,10304111
1709515439259,READ,./data/vort074,1717352,3434703
1709515439330,READ,./data/vort074,12021464,13738815
1709515439430,READ,./data/vort074,10304112,12021463
1709515439490,READ,./data/vort074,3434704,5152055
1709515439497,READ,./data/vort074,15456168,17173511
1709515439624,READ,./data/vort074,5152056,6869407
1709515440129,READ,./data/vort074,0,1717351
1709515440226,READ,./data/vort074,3434704,5152055
1709515440317,READ,./data/vort074,5152056,6869407
1709515440360,READ,./data/vort074,13738816,15456167
1709515440365,READ,./data/vort074,6869408,8586759
1709515440450,READ,./data/vort074,8586760,10304111
1709515440512,READ,./data/vort074,12021464,13738815
1709515440561,READ,./data/vort074,15456168,17173511
1709515440574,READ,./data/vort074,1717352,3434703
1709515440583,READ,./data/vort074,10304112,12021463
1709515440954,READ,./data/vort074,0,1717351
1709515441019,READ,./data/vort074,1717352,3434703
1709515441055,READ,./data/vort074,13738816,15456167
1709515441060,READ,./data/vort074,8586760,10304111
1709515441080,READ,./data/vort074,3434704,5152055
1709515441180,READ,./data/vort074,12021464,13738815
1709515441256,READ,./data/vort074,5152056,6869407
1709515441283,READ,./data/vort074,15456168,17173511
1709515441332,READ,./data/vort074,6869408,8586759
1709515441431,READ,./data/vort074,10304112,12021463
1709515441892,READ,./data/vort074,0,1717351
1709515441954,READ,./data/vort074,10304112,12021463
1709515441955,READ,./data/vort074,1717352,3434703
1709515441966,READ,./data/vort074,13738816,15456167
1709515442050,READ,./data/vort074,8586760,10304111
1709515442131,READ,./data/vort074,12021464,13738815
1709515442199,READ,./data/vort074,6869408,8586759
1709515442311,READ,./data/vort074,3434704,5152055
1709515442352,READ,./data/vort074,5152056,6869407
1709515442394,READ,./data/vort074,15456168,17173511
1709515442795,READ,out/restart0000300,0,1717351
1709515442818,READ,out/restart0000300,5152056,6869407
1709515442909,READ,out/restart0000300,6869408,8586759
1709515443003,READ,out/restart0000300,1717352,3434703
1709515443086,READ,out/restart0000300,12021464,13738815
1709515443182,READ,out/restart0000300,13738816,15456167
1709515443185,READ,out/restart0000300,8586760,10304111
1709515443219,READ,out/restart0000300,15456168,17173511
1709515443354,READ,out/restart0000300,3434704,5152055
1709515443478,READ,out/restart0000300,10304112,12021463
1709515443571,READ,out/restart0000300,18890864,20608215
1709515443581,READ,out/restart0000300,24042920,25760271
1709515443679,READ,out/restart0000300,25760272,27477623
1709515443792,READ,out/restart0000300,17173512,18890863
1709515443860,READ,out/restart0000300,20608216,22325567
1709515443867,READ,out/restart0000300,30912328,32629679
1709515443909,READ,out/restart0000300,27477624,29194975
1709515443973,READ,out/restart0000300,29194976,30912327
1709515444018,READ,out/restart0000300,32629680,34347023
1709515444023,READ,out/restart0000300,22325568,24042919
1709515444060,READ,out/restart0000300,36064376,37781727
1709515444062,READ,out/restart0000300,42933784,44651135
1709515444129,READ,out/restart0000300,34347024,36064375
1709515444167,READ,out/restart0000300,39499080,41216431
1709515444167,READ,out/restart0000300,46368488,48085839
1709515444247,READ,out/restart0000300,48085840,49803191
1709515444255,READ,out/restart0000300,37781728,39499079
1709515444303,READ,out/restart0000300,44651136,46368487
1709515444374,READ,out/restart0000300,41216432,42933783
1709515444389,READ,out/restart0000300,49803192,51520535
1709515444393,READ,out/restart0000300,63542000,65259351
1709515444476,READ,out/restart0000300,65259352,66976703
1709515444477,READ,out/restart0000300,58389944,60107295
1709515444539,READ,out/restart0000300,54955240,56672591
1709515444571,READ,out/restart0000300,56672592,58389943
1709515444585,READ,out/restart0000300,51520536,53237887
1709515444669,READ,out/restart0000300,53237888,54955239
1709515444695,READ,out/restart0000300,61824648,63541999
1709515444733,READ,out/restart0000300,60107296,61824647
1709515444756,READ,out/restart0000300,66976704,68694047
1709515444760,READ,out/restart0000300,80715512,82432863
1709515444830,READ,out/restart0000300,78998160,80715511
1709515444871,READ,out/restart0000300,75563456,77280807
1709515444881,READ,out/restart0000300,72128752,73846103
1709515444886,READ,out/restart0000300,68694048,70411399
1709515444906,READ,out/restart0000300,77280808,78998159
1709515444906,READ,out/restart0000300,82432864,84150215
1709515444999,READ,out/restart0000300,73846104,75563455
1709515445032,READ,out/restart0000300,70411400,72128751
1709515445064,READ,out/restart0000300,84150216,85867559
1709515445068,READ,out/restart0000300,97889024,99606375
1709515445082,READ,out/restart0000300,94454320,96171671
1709515445192,READ,out/restart0000300,91019616,92736967
1709515445243,READ,out/restart0000300,85867560,87584911
1709515445249,READ,out/restart0000300,89302264,91019615
1709515445255,READ,out/restart0000300,92736968,94454319
1709515445325,READ,out/restart0000300,96171672,97889023
1709515445378,READ,out/restart0000300,99606376,101323727
1709515445390,READ,out/restart0000300,87584912,89302263
1709515445458,READ,out/restart0000300,101323728,103041071
1709515445462,READ,out/restart0000300,115062536,116779887
1709515445501,READ,out/restart0000300,103041072,104758423
1709515445596,READ,out/restart0000300,104758424,106475775
1709515445668,READ,out/restart0000300,108193128,109910479
1709515445771,READ,out/restart0000300,111627832,113345183
1709515445797,READ,out/restart0000300,109910480,111627831
1709515445806,READ,out/restart0000300,113345184,115062535
1709515445807,READ,out/restart0000300,106475776,108193127
1709515445820,READ,out/restart0000300,118497240,120214583
1709515445917,READ,out/restart0000300,116779888,118497239
1709515445921,READ,out/restart0000300,135670752,137388095
1709515445933,READ,out/restart0000300,123649288,125366639
1709515445987,READ,out/restart0000300,130518696,132236047
1709515446035,READ,out/restart0000300,127083992,128801343
1709515446044,READ,out/restart0000300,133953400,135670751
1709515446073,READ,out/restart0000300,120214584,121931935
1709515446105,READ,out/restart0000300,128801344,130518695
1709515446182,READ,out/restart0000300,125366640,127083991
1709515446182,READ,out/restart0000300,132236048,133953399
1709515446242,READ,out/restart0000300,121931936,123649287
1709515446246,READ,out/restart0000300,152844264,154561607
1709515446250,READ,out/restart0000300,142540152,144257503
1709515446329,READ,out/restart0000300,149409560,151126911
1709515446337,READ,out/restart0000300,144257504,145974855
1709515446400,READ,out/restart0000300,145974856,147692207
1709515446435,READ,out/restart0000300,147692208,149409559
1709515446436,READ,out/restart0000300,139105448,140822799
1709515446441,READ,out/restart0000300,151126912,152844263
1709515446512,READ,out/restart0000300,140822800,142540151
1709515446627,READ,out/restart0000300,137388096,139105447
1709515446641,READ,out/restart0000300,169779069,171469895
1709515446662,READ,out/restart0000300,161324924,163015752
1709515446721,READ,out/restart0000300,157943266,159634094
1709515446791,READ,out/restart0000300,168088240,169779068
1709515446816,READ,out/restart0000300,156252437,157943265
1709515446837,READ,out/restart0000300,164706582,166397410
1709515446845,READ,out/restart0000300,159634095,161324923
1709515446899,READ,out/restart0000300,163015753,164706581
1709515446976,READ,out/restart0000300,154561608,156252436
1709515446992,READ,out/restart0000300,166397411,168088239
1709515446996,READ,out/restart0000300,186926064,188643407
1709515447050,READ,out/restart0000300,185208712,186926063
1709515447059,READ,out/restart0000300,180056656,181774007
1709515447106,READ,out/restart0000300,171469896,173187247
1709515447187,READ,out/restart0000300,176621952,178339303
1709515447243,READ,out/restart0000300,181774008,183491359
1709515447286,READ,out/restart0000300,174904600,176621951
1709515447374,READ,out/restart0000300,183491360,185208711
1709515447418,READ,out/restart0000300,173187248,174904599
1709515447484,READ,out/restart0000300,178339304,180056655
1709515447489,READ,out/restart0000300,204099576,205816919
1709515447558,READ,out/restart0000300,202382224,204099575
1709515447592,READ,out/restart0000300,188643408,190360759
1709515447597,READ,out/restart0000300,195512816,197230167
1709515447674,READ,out/restart0000300,198947520,200664871
1709515447733,READ,out/restart0000300,193795464,195512815
1709515447801,READ,out/restart0000300,190360760,192078111
1709515447831,READ,out/restart0000300,200664872,202382223
1709515447856,READ,out/restart0000300,192078112,193795463
1709515447944,READ,out/restart0000300,197230168,198947519
1709515447951,READ,out/restart0000300,221273088,222990431
1709515447960,READ,out/restart0000300,210968976,212686327
1709515448013,READ,out/restart0000300,207534272,209251623
1709515448048,READ,out/restart0000300,212686328,214403679
1709515448108,READ,out/restart0000300,219555736,221273087
1709515448110,READ,out/restart0000300,216121032,217838383
1709515448157,READ,out/restart0000300,217838384,219555735
1709515448170,READ,out/restart0000300,209251624,210968975
1709515448222,READ,out/restart0000300,205816920,207534271
1709515448231,READ,out/restart0000300,214403680,216121031
1709515448272,READ,out/restart0000300.info,0,538
1709515448422,READ,./data/ux00075,3434704,5152055
1709515448476,READ,./data/ux00075,0,1717351
1709515448533,READ,./data/ux00075,5152056,6869407
1709515448546,READ,./data/ux00075,12021464,13738815
1709515448622,READ,./data/ux00075,13738816,15456167
1709515448719,READ,./data/ux00075,6869408,8586759
1709515448723,READ,./data/ux00075,1717352,3434703
1709515448749,READ,./data/ux00075,8586760,10304111
1709515448786,READ,./data/ux00075,10304112,12021463
1709515448827,READ,./data/ux00075,15456168,17173511
1709515449145,READ,./data/uy00075,6869408,8586759
1709515449222,READ,./data/uy00075,3434704,5152055
1709515449296,READ,./data/uy00075,1717352,3434703
1709515449297,READ,./data/uy00075,15456168,17173511
1709515449305,READ,./data/uy00075,8586760,10304111
1709515449349,READ,./data/uy00075,10304112,12021463
1709515449371,READ,./data/uy00075,5152056,6869407
1709515449408,READ,./data/uy00075,13738816,15456167
1709515449435,READ,./data/uy00075,0,1717351
1709515449527,READ,./data/uy00075,12021464,13738815
1709515449945,READ,./data/uz00075,13738816,15456167
1709515449947,READ,./data/uz00075,1717352,3434703
1709515449949,READ,./data/uz00075,6869408,8586759
1709515450029,READ,./data/uz00075,15456168,17173511
1709515450120,READ,./data/uz00075,3434704,5152055
1709515450176,READ,./data/uz00075,12021464,13738815
1709515450222,READ,./data/uz00075,8586760,10304111
1709515450277,READ,./data/uz00075,10304112,12021463
1709515450305,READ,./data/uz00075,0,1717351
1709515450351,READ,./data/uz00075,5152056,6869407
1709515450719,READ,./data/pp00075,6869408,8586759
1709515450744,READ,./data/pp00075,0,1717351
1709515450748,READ,./data/pp00075,13738816,15456167
1709515450845,READ,./data/pp00075,3434704,5152055
1709515450905,READ,./data/pp00075,8586760,10304111
1709515450971,READ,./data/pp00075,15456168,17173511
1709515451028,READ,./data/pp00075,5152056,6869407
1709515451031,READ,./data/pp00075,1717352,3434703
1709515451061,READ,./data/pp00075,10304112,12021463
1709515451112,READ,./data/pp00075,12021464,13738815
1709515451499,READ,./data/phi100075,5152056,6869407
1709515451502,READ,./data/phi100075,8586760,10304111
1709515451510,READ,./data/phi100075,0,1717351
1709515451588,READ,./data/phi100075,10304112,12021463
1709515451636,READ,./data/phi100075,15456168,17173511
1709515451673,READ,./data/phi100075,3434704,5152055
1709515451716,READ,./data/phi100075,1717352,3434703
1709515451795,READ,./data/phi100075,12021464,13738815
1709515451825,READ,./data/phi100075,13738816,15456167
1709515451900,READ,./data/phi100075,6869408,8586759
1709515451933,READ,./data/snap0000075.ini,0,301
1709515452325,READ,./data/vort075,0,1717351
1709515452334,READ,./data/vort075,6869408,8586759
1709515452348,READ,./data/vort075,13738816,15456167
1709515452427,READ,./data/vort075,12021464,13738815
1709515452508,READ,./data/vort075,3434704,5152055
1709515452532,READ,./data/vort075,10304112,12021463
1709515452603,READ,./data/vort075,8586760,10304111
1709515452633,READ,./data/vort075,1717352,3434703
1709515452685,READ,./data/vort075,5152056,6869407
1709515452712,READ,./data/vort075,15456168,17173511
