timestamp,requestType,filename,offsetStart,offsetEnd
1709507570329,READ,/gpfs/aquamini2/nicolasl/lammps_workdir/benchmark.data,0,8191
1709507570376,READ,/gpfs/aquamini2/nicolasl/lammps_workdir/benchmark.data,8192,57343
1709507570377,READ,/gpfs/aquamini2/nicolasl/lammps_workdir/benchmark.data,57344,131071
1709507570392,READ,/gpfs/aquamini2/nicolasl/lammps_workdir/benchmark.data,131072,155647
1709507570454,READ,/gpfs/aquamini2/nicolasl/lammps_workdir/benchmark.data,155648,245759
1709507570461,READ,/gpfs/aquamini2/nicolasl/lammps_workdir/benchmark.data,245760,303103
1709507570462,READ,/gpfs/aquamini2/nicolasl/lammps_workdir/benchmark.data,303104,360447
1709507570465,READ,/gpfs/aquamini2/nicolasl/lammps_workdir/benchmark.data,360448,368639
1709507570471,READ,/gpfs/aquamini2/nicolasl/lammps_workdir/benchmark.data,368640,409599
1709507570472,READ,/gpfs/aquamini2/nicolasl/lammps_workdir/benchmark.data,409600,483327
1709507570479,READ,/gpfs/aquamini2/nicolasl/lammps_workdir/benchmark.data,483328,598015
1709507570486,READ,/gpfs/aquamini2/nicolasl/lammps_workdir/benchmark.data,598016,655359
1709507570487,READ,/gpfs/aquamini2/nicolasl/lammps_workdir/benchmark.data,655360,712703
1709507570494,READ,/gpfs/aquamini2/nicolasl/lammps_workdir/benchmark.data,712704,819199
1709507570495,READ,/gpfs/aquamini2/nicolasl/lammps_workdir/benchmark.data,819200,835583
1709507570501,READ,/gpfs/aquamini2/nicolasl/lammps_workdir/benchmark.data,835584,884735
1709507570502,READ,/gpfs/aquamini2/nicolasl/lammps_workdir/benchmark.data,884736,950271
1709507570509,READ,/gpfs/aquamini2/nicolasl/lammps_workdir/benchmark.data,950272,1064959
1709507570516,READ,/gpfs/aquamini2/nicolasl/lammps_workdir/benchmark.data,1064960,1130495
1709507570517,READ,/gpfs/aquamini2/nicolasl/lammps_workdir/benchmark.data,1130496,1187839
1709507570524,READ,/gpfs/aquamini2/nicolasl/lammps_workdir/benchmark.data,1187840,1245183
1709507570525,READ,/gpfs/aquamini2/nicolasl/lammps_workdir/benchmark.data,1245184,1302527
1709507570532,READ,/gpfs/aquamini2/nicolasl/lammps_workdir/benchmark.data,1302528,1409023
1709507570533,READ,/gpfs/aquamini2/nicolasl/lammps_workdir/benchmark.data,1409024,1417215
1709507570539,READ,/gpfs/aquamini2/nicolasl/lammps_workdir/benchmark.data,1417216,1441791
1709507570540,READ,/gpfs/aquamini2/nicolasl/lammps_workdir/benchmark.data,1441792,1531903
1709507570547,READ,/gpfs/aquamini2/nicolasl/lammps_workdir/benchmark.data,1531904,1589247
1709507570548,READ,/gpfs/aquamini2/nicolasl/lammps_workdir/benchmark.data,1589248,1646591
1709507570555,READ,/gpfs/aquamini2/nicolasl/lammps_workdir/benchmark.data,1646592,1720319
1709507570556,READ,/gpfs/aquamini2/nicolasl/lammps_workdir/benchmark.data,1720320,1769471
1709507570563,READ,/gpfs/aquamini2/nicolasl/lammps_workdir/benchmark.data,1769472,1859583
1709507570564,READ,/gpfs/aquamini2/nicolasl/lammps_workdir/benchmark.data,1859584,1884159
1709507570570,READ,/gpfs/aquamini2/nicolasl/lammps_workdir/benchmark.data,1884160,1916927
1709507570571,READ,/gpfs/aquamini2/nicolasl/lammps_workdir/benchmark.data,1916928,1998847
1709507570578,READ,/gpfs/aquamini2/nicolasl/lammps_workdir/benchmark.data,1998848,2080767
1709507570579,READ,/gpfs/aquamini2/nicolasl/lammps_workdir/benchmark.data,2080768,2121727
1709507570585,READ,/gpfs/aquamini2/nicolasl/lammps_workdir/benchmark.data,2121728,2154495
1709507570586,READ,/gpfs/aquamini2/nicolasl/lammps_workdir/benchmark.data,2154496,2236415
1709507570595,READ,/gpfs/aquamini2/nicolasl/lammps_workdir/benchmark.data,2236416,2301951
1709507570596,READ,/gpfs/aquamini2/nicolasl/lammps_workdir/benchmark.data,2301952,2351103
1709507570603,READ,/gpfs/aquamini2/nicolasl/lammps_workdir/benchmark.data,2351104,2449407
1709507570604,READ,/gpfs/aquamini2/nicolasl/lammps_workdir/benchmark.data,2449408,2465791
1709507570610,READ,/gpfs/aquamini2/nicolasl/lammps_workdir/benchmark.data,2465792,2490367
1709507570611,READ,/gpfs/aquamini2/nicolasl/lammps_workdir/benchmark.data,2490368,2580479
1709507570618,READ,/gpfs/aquamini2/nicolasl/lammps_workdir/benchmark.data,2580480,2670591
1709507570619,READ,/gpfs/aquamini2/nicolasl/lammps_workdir/benchmark.data,2670592,2703359
1709507570625,READ,/gpfs/aquamini2/nicolasl/lammps_workdir/benchmark.data,2703360,2719743
1709507570626,READ,/gpfs/aquamini2/nicolasl/lammps_workdir/benchmark.data,2719744,2818047
1709507570633,READ,/gpfs/aquamini2/nicolasl/lammps_workdir/benchmark.data,2818048,2875391
1709507570634,READ,/gpfs/aquamini2/nicolasl/lammps_workdir/benchmark.data,2875392,2932735
1709507570641,READ,/gpfs/aquamini2/nicolasl/lammps_workdir/benchmark.data,2932736,3031039
1709507570642,READ,/gpfs/aquamini2/nicolasl/lammps_workdir/benchmark.data,3031040,3047423
1709507570648,READ,/gpfs/aquamini2/nicolasl/lammps_workdir/benchmark.data,3047424,3063807
1709507570649,READ,/gpfs/aquamini2/nicolasl/lammps_workdir/benchmark.data,3063808,3162111
1709507570657,READ,/gpfs/aquamini2/nicolasl/lammps_workdir/benchmark.data,3162112,3260415
1709507570658,READ,/gpfs/aquamini2/nicolasl/lammps_workdir/benchmark.data,3260416,3276799
1709507570665,READ,/gpfs/aquamini2/nicolasl/lammps_workdir/benchmark.data,3276800,3391487
1709507570666,READ,/gpfs/aquamini2/nicolasl/lammps_workdir/benchmark.data,3391488,3399679
1709507570673,READ,/gpfs/aquamini2/nicolasl/lammps_workdir/benchmark.data,3399680,3489791
1709507570674,READ,/gpfs/aquamini2/nicolasl/lammps_workdir/benchmark.data,3489792,3514367
1709507570681,READ,/gpfs/aquamini2/nicolasl/lammps_workdir/benchmark.data,3514368,3596287
1709507570682,READ,/gpfs/aquamini2/nicolasl/lammps_workdir/benchmark.data,3596288,3629055
1709507570689,READ,/gpfs/aquamini2/nicolasl/lammps_workdir/benchmark.data,3629056,3710975
1709507570690,READ,/gpfs/aquamini2/nicolasl/lammps_workdir/benchmark.data,3710976,3743743
1709507570697,READ,/gpfs/aquamini2/nicolasl/lammps_workdir/benchmark.data,3743744,3817471
1709507570698,READ,/gpfs/aquamini2/nicolasl/lammps_workdir/benchmark.data,3817472,3858431
1709507570705,READ,/gpfs/aquamini2/nicolasl/lammps_workdir/benchmark.data,3858432,3956735
1709507570706,READ,/gpfs/aquamini2/nicolasl/lammps_workdir/benchmark.data,3956736,3973119
1709507570712,READ,/gpfs/aquamini2/nicolasl/lammps_workdir/benchmark.data,3973120,3997695
1709507570713,READ,/gpfs/aquamini2/nicolasl/lammps_workdir/benchmark.data,3997696,4087807
1709507570720,READ,/gpfs/aquamini2/nicolasl/lammps_workdir/benchmark.data,4087808,4161535
1709507570721,READ,/gpfs/aquamini2/nicolasl/lammps_workdir/benchmark.data,4161536,4194303
1709507570789,READ,/gpfs/aquamini2/nicolasl/lammps_workdir/benchmark.data,4194304,4202495
1709507570801,READ,/gpfs/aquamini2/nicolasl/lammps_workdir/benchmark.data,4202496,4210687
1709507570802,READ,/gpfs/aquamini2/nicolasl/lammps_workdir/benchmark.data,4210688,4317183
1709507570815,READ,/gpfs/aquamini2/nicolasl/lammps_workdir/benchmark.data,4317184,4390911
1709507570816,READ,/gpfs/aquamini2/nicolasl/lammps_workdir/benchmark.data,4390912,4440063
1709507570830,READ,/gpfs/aquamini2/nicolasl/lammps_workdir/benchmark.data,4440064,4505599
1709507570831,READ,/gpfs/aquamini2/nicolasl/lammps_workdir/benchmark.data,4505600,4554751
1709507570837,READ,/gpfs/aquamini2/nicolasl/lammps_workdir/benchmark.data,4554752,4579327
1709507570838,READ,/gpfs/aquamini2/nicolasl/lammps_workdir/benchmark.data,4579328,4669439
1709507570845,READ,/gpfs/aquamini2/nicolasl/lammps_workdir/benchmark.data,4669440,4677631
1709507570846,READ,/gpfs/aquamini2/nicolasl/lammps_workdir/benchmark.data,4677632,4784127
1709507570860,READ,/gpfs/aquamini2/nicolasl/lammps_workdir/benchmark.data,4784128,4874239
1709507570861,READ,/gpfs/aquamini2/nicolasl/lammps_workdir/benchmark.data,4874240,4898815
1709507570872,READ,/gpfs/aquamini2/nicolasl/lammps_workdir/benchmark.data,4898816,4915199
1709507570873,READ,/gpfs/aquamini2/nicolasl/lammps_workdir/benchmark.data,4915200,5013503
1709507570880,READ,/gpfs/aquamini2/nicolasl/lammps_workdir/benchmark.data,5013504,5095423
1709507570935,READ,/gpfs/aquamini2/nicolasl/lammps_workdir/benchmark.data,5095424,5128191
1709507570941,READ,/gpfs/aquamini2/nicolasl/lammps_workdir/benchmark.data,5128192,5152767
1709507570942,READ,/gpfs/aquamini2/nicolasl/lammps_workdir/benchmark.data,5152768,5251071
1709507570954,READ,/gpfs/aquamini2/nicolasl/lammps_workdir/benchmark.data,5251072,5365759
1709507570961,READ,/gpfs/aquamini2/nicolasl/lammps_workdir/benchmark.data,5365760,5423103
1709507570962,READ,/gpfs/aquamini2/nicolasl/lammps_workdir/benchmark.data,5423104,5480447
1709507570970,READ,/gpfs/aquamini2/nicolasl/lammps_workdir/benchmark.data,5480448,5529599
1709507570971,READ,/gpfs/aquamini2/nicolasl/lammps_workdir/benchmark.data,5529600,5595135
1709507570980,READ,/gpfs/aquamini2/nicolasl/lammps_workdir/benchmark.data,5595136,5636095
1709507570981,READ,/gpfs/aquamini2/nicolasl/lammps_workdir/benchmark.data,5636096,5709823
1709507570988,READ,/gpfs/aquamini2/nicolasl/lammps_workdir/benchmark.data,5709824,5808127
1709507570989,READ,/gpfs/aquamini2/nicolasl/lammps_workdir/benchmark.data,5808128,5824511
1709507570995,READ,/gpfs/aquamini2/nicolasl/lammps_workdir/benchmark.data,5824512,5865471
1709507570996,READ,/gpfs/aquamini2/nicolasl/lammps_workdir/benchmark.data,5865472,5947391
1709507571003,READ,/gpfs/aquamini2/nicolasl/lammps_workdir/benchmark.data,5947392,6029311
1709507571004,READ,/gpfs/aquamini2/nicolasl/lammps_workdir/benchmark.data,6029312,6062079
1709507571010,READ,/gpfs/aquamini2/nicolasl/lammps_workdir/benchmark.data,6062080,6086655
1709507571011,READ,/gpfs/aquamini2/nicolasl/lammps_workdir/benchmark.data,6086656,6176767
1709507571018,READ,/gpfs/aquamini2/nicolasl/lammps_workdir/benchmark.data,6176768,6250495
1709507571019,READ,/gpfs/aquamini2/nicolasl/lammps_workdir/benchmark.data,6250496,6291455
1709507571025,READ,/gpfs/aquamini2/nicolasl/lammps_workdir/benchmark.data,6291456,6299647
1709507571026,READ,/gpfs/aquamini2/nicolasl/lammps_workdir/benchmark.data,6299648,6406143
1709507571033,READ,/gpfs/aquamini2/nicolasl/lammps_workdir/benchmark.data,6406144,6455295
1709507571034,READ,/gpfs/aquamini2/nicolasl/lammps_workdir/benchmark.data,6455296,6529023
1709507571041,READ,/gpfs/aquamini2/nicolasl/lammps_workdir/benchmark.data,6529024,6619135
1709507571042,READ,/gpfs/aquamini2/nicolasl/lammps_workdir/benchmark.data,6619136,6643711
1709507571048,READ,/gpfs/aquamini2/nicolasl/lammps_workdir/benchmark.data,6643712,6692863
1709507571049,READ,/gpfs/aquamini2/nicolasl/lammps_workdir/benchmark.data,6692864,6758399
1709507571056,READ,/gpfs/aquamini2/nicolasl/lammps_workdir/benchmark.data,6758400,6848511
1709507571057,READ,/gpfs/aquamini2/nicolasl/lammps_workdir/benchmark.data,6848512,6873087
1709507571063,READ,/gpfs/aquamini2/nicolasl/lammps_workdir/benchmark.data,6873088,6905855
1709507571064,READ,/gpfs/aquamini2/nicolasl/lammps_workdir/benchmark.data,6905856,6955007
1709507571073,READ,/gpfs/aquamini2/nicolasl/lammps_workdir/benchmark.data,6955008,6979583
1709507571074,READ,/gpfs/aquamini2/nicolasl/lammps_workdir/benchmark.data,6979584,7036927
1709507571079,READ,/gpfs/aquamini2/nicolasl/lammps_workdir/benchmark.data,7036928,7102463
1709507571080,READ,/gpfs/aquamini2/nicolasl/lammps_workdir/benchmark.data,7102464,7110655
1709507571084,READ,/gpfs/aquamini2/nicolasl/lammps_workdir/benchmark.data,7110656,7135231
1709507571085,READ,/gpfs/aquamini2/nicolasl/lammps_workdir/benchmark.data,7135232,7192575
1709507571090,READ,/gpfs/aquamini2/nicolasl/lammps_workdir/benchmark.data,7192576,7266303
1709507571095,READ,/gpfs/aquamini2/nicolasl/lammps_workdir/benchmark.data,7266304,7340031
1709507571096,READ,/gpfs/aquamini2/nicolasl/lammps_workdir/benchmark.data,7340032,7348223
1709507571100,READ,/gpfs/aquamini2/nicolasl/lammps_workdir/benchmark.data,7348224,7364607
1709507571101,READ,/gpfs/aquamini2/nicolasl/lammps_workdir/benchmark.data,7364608,7421951
1709507571106,READ,/gpfs/aquamini2/nicolasl/lammps_workdir/benchmark.data,7421952,7503871
1709507571111,READ,/gpfs/aquamini2/nicolasl/lammps_workdir/benchmark.data,7503872,7536639
1709507571112,READ,/gpfs/aquamini2/nicolasl/lammps_workdir/benchmark.data,7536640,7585791
1709507571117,READ,/gpfs/aquamini2/nicolasl/lammps_workdir/benchmark.data,7585792,7659519
1709507571122,READ,/gpfs/aquamini2/nicolasl/lammps_workdir/benchmark.data,7659520,7741439
1709507571127,READ,/gpfs/aquamini2/nicolasl/lammps_workdir/benchmark.data,7741440,7782399
1709507571128,READ,/gpfs/aquamini2/nicolasl/lammps_workdir/benchmark.data,7782400,7815167
1709507571132,READ,/gpfs/aquamini2/nicolasl/lammps_workdir/benchmark.data,7815168,7831551
1709507571133,READ,/gpfs/aquamini2/nicolasl/lammps_workdir/benchmark.data,7831552,7897087
1709507571138,READ,/gpfs/aquamini2/nicolasl/lammps_workdir/benchmark.data,7897088,7970815
1709507571143,READ,/gpfs/aquamini2/nicolasl/lammps_workdir/benchmark.data,7970816,7995391
1709507571144,READ,/gpfs/aquamini2/nicolasl/lammps_workdir/benchmark.data,7995392,8052735
1709507571149,READ,/gpfs/aquamini2/nicolasl/lammps_workdir/benchmark.data,8052736,8126463
1709507571154,READ,/gpfs/aquamini2/nicolasl/lammps_workdir/benchmark.data,8126464,8159231
1709507571155,READ,/gpfs/aquamini2/nicolasl/lammps_workdir/benchmark.data,8159232,8208383
1709507571160,READ,/gpfs/aquamini2/nicolasl/lammps_workdir/benchmark.data,8208384,8282111
1709507571165,READ,/gpfs/aquamini2/nicolasl/lammps_workdir/benchmark.data,8282112,8347647
1709507571166,READ,/gpfs/aquamini2/nicolasl/lammps_workdir/benchmark.data,8347648,8364031
1709507571170,READ,/gpfs/aquamini2/nicolasl/lammps_workdir/benchmark.data,8364032,8372223
1709507571171,READ,/gpfs/aquamini2/nicolasl/lammps_workdir/benchmark.data,8372224,8388607
1709507571193,READ,/gpfs/aquamini2/nicolasl/lammps_workdir/benchmark.data,8388608,8396799
1709507571194,READ,/gpfs/aquamini2/nicolasl/lammps_workdir/benchmark.data,8396800,8445951
1709507571199,READ,/gpfs/aquamini2/nicolasl/lammps_workdir/benchmark.data,8445952,8519679
1709507571204,READ,/gpfs/aquamini2/nicolasl/lammps_workdir/benchmark.data,8519680,8560639
1709507571205,READ,/gpfs/aquamini2/nicolasl/lammps_workdir/benchmark.data,8560640,8601599
1709507571210,READ,/gpfs/aquamini2/nicolasl/lammps_workdir/benchmark.data,8601600,8675327
1709507571215,READ,/gpfs/aquamini2/nicolasl/lammps_workdir/benchmark.data,8675328,8757247
1709507571220,READ,/gpfs/aquamini2/nicolasl/lammps_workdir/benchmark.data,8757248,8790015
1709507571221,READ,/gpfs/aquamini2/nicolasl/lammps_workdir/benchmark.data,8790016,8830975
1709507571226,READ,/gpfs/aquamini2/nicolasl/lammps_workdir/benchmark.data,8830976,8912895
1709507571231,READ,/gpfs/aquamini2/nicolasl/lammps_workdir/benchmark.data,8912896,8945663
1709507571232,READ,/gpfs/aquamini2/nicolasl/lammps_workdir/benchmark.data,8945664,8986623
1709507571236,READ,/gpfs/aquamini2/nicolasl/lammps_workdir/benchmark.data,8986624,9003007
1709507571237,READ,/gpfs/aquamini2/nicolasl/lammps_workdir/benchmark.data,9003008,9068543
1709507571242,READ,/gpfs/aquamini2/nicolasl/lammps_workdir/benchmark.data,9068544,9142271
1709507571247,READ,/gpfs/aquamini2/nicolasl/lammps_workdir/benchmark.data,9142272,9175039
1709507571248,READ,/gpfs/aquamini2/nicolasl/lammps_workdir/benchmark.data,9175040,9224191
1709507571253,READ,/gpfs/aquamini2/nicolasl/lammps_workdir/benchmark.data,9224192,9297919
1709507571258,READ,/gpfs/aquamini2/nicolasl/lammps_workdir/benchmark.data,9297920,9363455
1709507571259,READ,/gpfs/aquamini2/nicolasl/lammps_workdir/benchmark.data,9363456,9379839
1709507571263,READ,/gpfs/aquamini2/nicolasl/lammps_workdir/benchmark.data,9379840,9404415
1709507571264,READ,/gpfs/aquamini2/nicolasl/lammps_workdir/benchmark.data,9404416,9453567
1709507571269,READ,/gpfs/aquamini2/nicolasl/lammps_workdir/benchmark.data,9453568,9535487
1709507571274,READ,/gpfs/aquamini2/nicolasl/lammps_workdir/benchmark.data,9535488,9584639
1709507571275,READ,/gpfs/aquamini2/nicolasl/lammps_workdir/benchmark.data,9584640,9609215
1709507571279,READ,/gpfs/aquamini2/nicolasl/lammps_workdir/benchmark.data,9609216,9625599
1709507571280,READ,/gpfs/aquamini2/nicolasl/lammps_workdir/benchmark.data,9625600,9691135
1709507571285,READ,/gpfs/aquamini2/nicolasl/lammps_workdir/benchmark.data,9691136,9764863
1709507571290,READ,/gpfs/aquamini2/nicolasl/lammps_workdir/benchmark.data,9764864,9805823
1709507571291,READ,/gpfs/aquamini2/nicolasl/lammps_workdir/benchmark.data,9805824,9846783
1709507571296,READ,/gpfs/aquamini2/nicolasl/lammps_workdir/benchmark.data,9846784,9928703
1709507571301,READ,/gpfs/aquamini2/nicolasl/lammps_workdir/benchmark.data,9928704,9977855
1709507571302,READ,/gpfs/aquamini2/nicolasl/lammps_workdir/benchmark.data,9977856,10002431
1709507571306,READ,/gpfs/aquamini2/nicolasl/lammps_workdir/benchmark.data,10002432,10027007
1709507571307,READ,/gpfs/aquamini2/nicolasl/lammps_workdir/benchmark.data,10027008,10084351
1709507571312,READ,/gpfs/aquamini2/nicolasl/lammps_workdir/benchmark.data,10084352,10158079
1709507571317,READ,/gpfs/aquamini2/nicolasl/lammps_workdir/benchmark.data,10158080,10199039
1709507571318,READ,/gpfs/aquamini2/nicolasl/lammps_workdir/benchmark.data,10199040,10239999
1709507571322,READ,/gpfs/aquamini2/nicolasl/lammps_workdir/benchmark.data,10240000,10248191
1709507571323,READ,/gpfs/aquamini2/nicolasl/lammps_workdir/benchmark.data,10248192,10313727
1709507571328,READ,/gpfs/aquamini2/nicolasl/lammps_workdir/benchmark.data,10313728,10387455
1709507571329,READ,/gpfs/aquamini2/nicolasl/lammps_workdir/benchmark.data,10387456,10395647
1709507571333,READ,/gpfs/aquamini2/nicolasl/lammps_workdir/benchmark.data,10395648,10420223
1709507571334,READ,/gpfs/aquamini2/nicolasl/lammps_workdir/benchmark.data,10420224,10469375
1709507571339,READ,/gpfs/aquamini2/nicolasl/lammps_workdir/benchmark.data,10469376,10551295
1709507571344,READ,/gpfs/aquamini2/nicolasl/lammps_workdir/benchmark.data,10551296,10592255
1709507571345,READ,/gpfs/aquamini2/nicolasl/lammps_workdir/benchmark.data,10592256,10625023
1709507571350,READ,/gpfs/aquamini2/nicolasl/lammps_workdir/benchmark.data,10625024,10706943
1709507571355,READ,/gpfs/aquamini2/nicolasl/lammps_workdir/benchmark.data,10706944,10780671
1709507571356,READ,/gpfs/aquamini2/nicolasl/lammps_workdir/benchmark.data,10780672,10788863
1709507571360,READ,/gpfs/aquamini2/nicolasl/lammps_workdir/benchmark.data,10788864,10813439
1709507571361,READ,/gpfs/aquamini2/nicolasl/lammps_workdir/benchmark.data,10813440,10862591
1709507571366,READ,/gpfs/aquamini2/nicolasl/lammps_workdir/benchmark.data,10862592,10944511
1709507571371,READ,/gpfs/aquamini2/nicolasl/lammps_workdir/benchmark.data,10944512,11018239
1709507571376,READ,/gpfs/aquamini2/nicolasl/lammps_workdir/benchmark.data,11018240,11059199
1709507571377,READ,/gpfs/aquamini2/nicolasl/lammps_workdir/benchmark.data,11059200,11100159
1709507571382,READ,/gpfs/aquamini2/nicolasl/lammps_workdir/benchmark.data,11100160,11173887
1709507571387,READ,/gpfs/aquamini2/nicolasl/lammps_workdir/benchmark.data,11173888,11231231
1709507571388,READ,/gpfs/aquamini2/nicolasl/lammps_workdir/benchmark.data,11231232,11255807
1709507571392,READ,/gpfs/aquamini2/nicolasl/lammps_workdir/benchmark.data,11255808,11263999
1709507571393,READ,/gpfs/aquamini2/nicolasl/lammps_workdir/benchmark.data,11264000,11329535
1709507571398,READ,/gpfs/aquamini2/nicolasl/lammps_workdir/benchmark.data,11329536,11403263
1709507571399,READ,/gpfs/aquamini2/nicolasl/lammps_workdir/benchmark.data,11403264,11411455
1709507571403,READ,/gpfs/aquamini2/nicolasl/lammps_workdir/benchmark.data,11411456,11427839
1709507571404,READ,/gpfs/aquamini2/nicolasl/lammps_workdir/benchmark.data,11427840,11485183
1709507571409,READ,/gpfs/aquamini2/nicolasl/lammps_workdir/benchmark.data,11485184,11567103
1709507571414,READ,/gpfs/aquamini2/nicolasl/lammps_workdir/benchmark.data,11567104,11608063
1709507571415,READ,/gpfs/aquamini2/nicolasl/lammps_workdir/benchmark.data,11608064,11624447
1709507571419,READ,/gpfs/aquamini2/nicolasl/lammps_workdir/benchmark.data,11624448,11640831
1709507571423,READ,/gpfs/aquamini2/nicolasl/lammps_workdir/benchmark.data,11640832,11665407
1709507571427,READ,/gpfs/aquamini2/nicolasl/lammps_workdir/benchmark.data,11665408,11681791
1709507571431,READ,/gpfs/aquamini2/nicolasl/lammps_workdir/benchmark.data,11681792,11698175
1709507571432,READ,/gpfs/aquamini2/nicolasl/lammps_workdir/benchmark.data,11698176,11706367
1709507571436,READ,/gpfs/aquamini2/nicolasl/lammps_workdir/benchmark.data,11706368,11722751
1709507571442,READ,/gpfs/aquamini2/nicolasl/lammps_workdir/benchmark.data,11722752,11747327
1709507571446,READ,/gpfs/aquamini2/nicolasl/lammps_workdir/benchmark.data,11747328,11763711
1709507571450,READ,/gpfs/aquamini2/nicolasl/lammps_workdir/benchmark.data,11763712,11780095
1709507571451,READ,/gpfs/aquamini2/nicolasl/lammps_workdir/benchmark.data,11780096,11788287
1709507571454,READ,/gpfs/aquamini2/nicolasl/lammps_workdir/benchmark.data,11788288,11796479
1709507571455,READ,/gpfs/aquamini2/nicolasl/lammps_workdir/benchmark.data,11796480,11804671
1709507571459,READ,/gpfs/aquamini2/nicolasl/lammps_workdir/benchmark.data,11804672,11821055
1709507571463,READ,/gpfs/aquamini2/nicolasl/lammps_workdir/benchmark.data,11821056,11845631
1709507571467,READ,/gpfs/aquamini2/nicolasl/lammps_workdir/benchmark.data,11845632,11870207
1709507571471,READ,/gpfs/aquamini2/nicolasl/lammps_workdir/benchmark.data,11870208,11886591
1709507571475,READ,/gpfs/aquamini2/nicolasl/lammps_workdir/benchmark.data,11886592,11911167
1709507571479,READ,/gpfs/aquamini2/nicolasl/lammps_workdir/benchmark.data,11911168,11919359
1709507571480,READ,/gpfs/aquamini2/nicolasl/lammps_workdir/benchmark.data,11919360,11927551
1709507571484,READ,/gpfs/aquamini2/nicolasl/lammps_workdir/benchmark.data,11927552,11952127
1709507571488,READ,/gpfs/aquamini2/nicolasl/lammps_workdir/benchmark.data,11952128,11968511
1709507571492,READ,/gpfs/aquamini2/nicolasl/lammps_workdir/benchmark.data,11968512,11993087
1709507571496,READ,/gpfs/aquamini2/nicolasl/lammps_workdir/benchmark.data,11993088,12009471
1709507571500,READ,/gpfs/aquamini2/nicolasl/lammps_workdir/benchmark.data,12009472,12034047
1709507571505,READ,/gpfs/aquamini2/nicolasl/lammps_workdir/benchmark.data,12034048,12050431
1709507571509,READ,/gpfs/aquamini2/nicolasl/lammps_workdir/benchmark.data,12050432,12075007
1709507571513,READ,/gpfs/aquamini2/nicolasl/lammps_workdir/benchmark.data,12075008,12091391
1709507571517,READ,/gpfs/aquamini2/nicolasl/lammps_workdir/benchmark.data,12091392,12115967
1709507571522,READ,/gpfs/aquamini2/nicolasl/lammps_workdir/benchmark.data,12115968,12132351
1709507571526,READ,/gpfs/aquamini2/nicolasl/lammps_workdir/benchmark.data,12132352,12156927
1709507571531,READ,/gpfs/aquamini2/nicolasl/lammps_workdir/benchmark.data,12156928,12181503
1709507571535,READ,/gpfs/aquamini2/nicolasl/lammps_workdir/benchmark.data,12181504,12197887
1709507571539,READ,/gpfs/aquamini2/nicolasl/lammps_workdir/benchmark.data,12197888,12222463
1709507571543,READ,/gpfs/aquamini2/nicolasl/lammps_workdir/benchmark.data,12222464,12238847
1709507571547,READ,/gpfs/aquamini2/nicolasl/lammps_workdir/benchmark.data,12238848,12247039
1709507571548,READ,/gpfs/aquamini2/nicolasl/lammps_workdir/benchmark.data,12247040,12263423
1709507571552,READ,/gpfs/aquamini2/nicolasl/lammps_workdir/benchmark.data,12263424,12287999
1709507571556,READ,/gpfs/aquamini2/nicolasl/lammps_workdir/benchmark.data,12288000,12304383
1709507571560,READ,/gpfs/aquamini2/nicolasl/lammps_workdir/benchmark.data,12304384,12328959
1709507571564,READ,/gpfs/aquamini2/nicolasl/lammps_workdir/benchmark.data,12328960,12345343
1709507571568,READ,/gpfs/aquamini2/nicolasl/lammps_workdir/benchmark.data,12345344,12369919
1709507571572,READ,/gpfs/aquamini2/nicolasl/lammps_workdir/benchmark.data,12369920,12378111
1709507571573,READ,/gpfs/aquamini2/nicolasl/lammps_workdir/benchmark.data,12378112,12394495
1709507571577,READ,/gpfs/aquamini2/nicolasl/lammps_workdir/benchmark.data,12394496,12410879
1709507571581,READ,/gpfs/aquamini2/nicolasl/lammps_workdir/benchmark.data,12410880,12435455
1709507571587,READ,/gpfs/aquamini2/nicolasl/lammps_workdir/benchmark.data,12435456,12451839
1709507571591,READ,/gpfs/aquamini2/nicolasl/lammps_workdir/benchmark.data,12451840,12476415
1709507571598,READ,/gpfs/aquamini2/nicolasl/lammps_workdir/benchmark.data,12476416,12500991
1709507571602,READ,/gpfs/aquamini2/nicolasl/lammps_workdir/benchmark.data,12500992,12525567
1709507571607,READ,/gpfs/aquamini2/nicolasl/lammps_workdir/benchmark.data,12525568,12558335
1709507571611,READ,/gpfs/aquamini2/nicolasl/lammps_workdir/benchmark.data,12558336,12582911
1709507571631,READ,/gpfs/aquamini2/nicolasl/lammps_workdir/benchmark.data,12582912,12591103
1709507571632,READ,/gpfs/aquamini2/nicolasl/lammps_workdir/benchmark.data,12591104,12607487
1709507571636,READ,/gpfs/aquamini2/nicolasl/lammps_workdir/benchmark.data,12607488,12640255
1709507571641,READ,/gpfs/aquamini2/nicolasl/lammps_workdir/benchmark.data,12640256,12664831
1709507571645,READ,/gpfs/aquamini2/nicolasl/lammps_workdir/benchmark.data,12664832,12689407
1709507571650,READ,/gpfs/aquamini2/nicolasl/lammps_workdir/benchmark.data,12689408,12713983
1709507571654,READ,/gpfs/aquamini2/nicolasl/lammps_workdir/benchmark.data,12713984,12738559
1709507571659,READ,/gpfs/aquamini2/nicolasl/lammps_workdir/benchmark.data,12738560,12763135
1709507571663,READ,/gpfs/aquamini2/nicolasl/lammps_workdir/benchmark.data,12763136,12787711
1709507571667,READ,/gpfs/aquamini2/nicolasl/lammps_workdir/benchmark.data,12787712,12795903
1709507571668,READ,/gpfs/aquamini2/nicolasl/lammps_workdir/benchmark.data,12795904,12812287
1709507571672,READ,/gpfs/aquamini2/nicolasl/lammps_workdir/benchmark.data,12812288,12845055
1709507571676,READ,/gpfs/aquamini2/nicolasl/lammps_workdir/benchmark.data,12845056,12869631
1709507571682,READ,/gpfs/aquamini2/nicolasl/lammps_workdir/benchmark.data,12869632,12894207
1709507571686,READ,/gpfs/aquamini2/nicolasl/lammps_workdir/benchmark.data,12894208,12918783
1709507571690,READ,/gpfs/aquamini2/nicolasl/lammps_workdir/benchmark.data,12918784,12935167
1709507571691,READ,/gpfs/aquamini2/nicolasl/lammps_workdir/benchmark.data,12935168,12943359
1709507571695,READ,/gpfs/aquamini2/nicolasl/lammps_workdir/benchmark.data,12943360,12976127
1709507571699,READ,/gpfs/aquamini2/nicolasl/lammps_workdir/benchmark.data,12976128,12984319
1709507571700,READ,/gpfs/aquamini2/nicolasl/lammps_workdir/benchmark.data,12984320,13000703
1709507571704,READ,/gpfs/aquamini2/nicolasl/lammps_workdir/benchmark.data,13000704,13033471
1709507571709,READ,/gpfs/aquamini2/nicolasl/lammps_workdir/benchmark.data,13033472,13058047
1709507571713,READ,/gpfs/aquamini2/nicolasl/lammps_workdir/benchmark.data,13058048,13090815
1709507571718,READ,/gpfs/aquamini2/nicolasl/lammps_workdir/benchmark.data,13090816,13115391
1709507571722,READ,/gpfs/aquamini2/nicolasl/lammps_workdir/benchmark.data,13115392,13148159
1709507571728,READ,/gpfs/aquamini2/nicolasl/lammps_workdir/benchmark.data,13148160,13172735
1709507571732,READ,/gpfs/aquamini2/nicolasl/lammps_workdir/benchmark.data,13172736,13205503
1709507571737,READ,/gpfs/aquamini2/nicolasl/lammps_workdir/benchmark.data,13205504,13230079
1709507571741,READ,/gpfs/aquamini2/nicolasl/lammps_workdir/benchmark.data,13230080,13238271
1709507571742,READ,/gpfs/aquamini2/nicolasl/lammps_workdir/benchmark.data,13238272,13262847
1709507571746,READ,/gpfs/aquamini2/nicolasl/lammps_workdir/benchmark.data,13262848,13287423
1709507571751,READ,/gpfs/aquamini2/nicolasl/lammps_workdir/benchmark.data,13287424,13311999
1709507571755,READ,/gpfs/aquamini2/nicolasl/lammps_workdir/benchmark.data,13312000,13336575
1709507571756,READ,/gpfs/aquamini2/nicolasl/lammps_workdir/benchmark.data,13336576,13344767
1709507571760,READ,/gpfs/aquamini2/nicolasl/lammps_workdir/benchmark.data,13344768,13369343
1709507571764,READ,/gpfs/aquamini2/nicolasl/lammps_workdir/benchmark.data,13369344,13393919
1709507571765,READ,/gpfs/aquamini2/nicolasl/lammps_workdir/benchmark.data,13393920,13402111
1709507571769,READ,/gpfs/aquamini2/nicolasl/lammps_workdir/benchmark.data,13402112,13418495
1709507571773,READ,/gpfs/aquamini2/nicolasl/lammps_workdir/benchmark.data,13418496,13426687
1709507571774,READ,/gpfs/aquamini2/nicolasl/lammps_workdir/benchmark.data,13426688,13427244
1709507571778,READ,/gpfs/aquamini2/nicolasl/lammps_workdir/benchmark.data,13427245,13427245
1709507571792,READ,/gpfs/aquamini2/nicolasl/lammps_workdir/benchmark.data,0,8191
1709507571794,READ,/gpfs/aquamini2/nicolasl/lammps_workdir/benchmark.data,8192,114687
1709507571795,READ,/gpfs/aquamini2/nicolasl/lammps_workdir/benchmark.data,114688,237567
1709507571796,READ,/gpfs/aquamini2/nicolasl/lammps_workdir/benchmark.data,237568,360447
1709507571797,READ,/gpfs/aquamini2/nicolasl/lammps_workdir/benchmark.data,360448,483327
1709507571798,READ,/gpfs/aquamini2/nicolasl/lammps_workdir/benchmark.data,483328,598015
1709507571799,READ,/gpfs/aquamini2/nicolasl/lammps_workdir/benchmark.data,598016,712703
1709507571800,READ,/gpfs/aquamini2/nicolasl/lammps_workdir/benchmark.data,712704,827391
1709507571801,READ,/gpfs/aquamini2/nicolasl/lammps_workdir/benchmark.data,827392,950271
1709507571802,READ,/gpfs/aquamini2/nicolasl/lammps_workdir/benchmark.data,950272,1064959
1709507571803,READ,/gpfs/aquamini2/nicolasl/lammps_workdir/benchmark.data,1064960,1179647
1709507571804,READ,/gpfs/aquamini2/nicolasl/lammps_workdir/benchmark.data,1179648,1294335
1709507571805,READ,/gpfs/aquamini2/nicolasl/lammps_workdir/benchmark.data,1294336,1409023
1709507571806,READ,/gpfs/aquamini2/nicolasl/lammps_workdir/benchmark.data,1409024,1531903
1709507571807,READ,/gpfs/aquamini2/nicolasl/lammps_workdir/benchmark.data,1531904,1646591
1709507571808,READ,/gpfs/aquamini2/nicolasl/lammps_workdir/benchmark.data,1646592,1761279
1709507571809,READ,/gpfs/aquamini2/nicolasl/lammps_workdir/benchmark.data,1761280,1875967
1709507571810,READ,/gpfs/aquamini2/nicolasl/lammps_workdir/benchmark.data,1875968,1990655
1709507571811,READ,/gpfs/aquamini2/nicolasl/lammps_workdir/benchmark.data,1990656,2105343
1709507571812,READ,/gpfs/aquamini2/nicolasl/lammps_workdir/benchmark.data,2105344,2220031
1709507571813,READ,/gpfs/aquamini2/nicolasl/lammps_workdir/benchmark.data,2220032,2342911
1709507571814,READ,/gpfs/aquamini2/nicolasl/lammps_workdir/benchmark.data,2342912,2457599
1709507571815,READ,/gpfs/aquamini2/nicolasl/lammps_workdir/benchmark.data,2457600,2572287
1709507571816,READ,/gpfs/aquamini2/nicolasl/lammps_workdir/benchmark.data,2572288,2686975
1709507571817,READ,/gpfs/aquamini2/nicolasl/lammps_workdir/benchmark.data,2686976,2801663
1709507571818,READ,/gpfs/aquamini2/nicolasl/lammps_workdir/benchmark.data,2801664,2908159
1709507571819,READ,/gpfs/aquamini2/nicolasl/lammps_workdir/benchmark.data,2908160,3022847
1709507571820,READ,/gpfs/aquamini2/nicolasl/lammps_workdir/benchmark.data,3022848,3137535
1709507571821,READ,/gpfs/aquamini2/nicolasl/lammps_workdir/benchmark.data,3137536,3252223
1709507571822,READ,/gpfs/aquamini2/nicolasl/lammps_workdir/benchmark.data,3252224,3366911
1709507571823,READ,/gpfs/aquamini2/nicolasl/lammps_workdir/benchmark.data,3366912,3481599
1709507571824,READ,/gpfs/aquamini2/nicolasl/lammps_workdir/benchmark.data,3481600,3596287
1709507571825,READ,/gpfs/aquamini2/nicolasl/lammps_workdir/benchmark.data,3596288,3710975
1709507571826,READ,/gpfs/aquamini2/nicolasl/lammps_workdir/benchmark.data,3710976,3825663
1709507571827,READ,/gpfs/aquamini2/nicolasl/lammps_workdir/benchmark.data,3825664,3940351
1709507571828,READ,/gpfs/aquamini2/nicolasl/lammps_workdir/benchmark.data,3940352,4063231
1709507571829,READ,/gpfs/aquamini2/nicolasl/lammps_workdir/benchmark.data,4063232,4177919
1709507571830,READ,/gpfs/aquamini2/nicolasl/lammps_workdir/benchmark.data,4177920,4292607
1709507571831,READ,/gpfs/aquamini2/nicolasl/lammps_workdir/benchmark.data,4292608,4407295
1709507571832,READ,/gpfs/aquamini2/nicolasl/lammps_workdir/benchmark.data,4407296,4521983
1709507571833,READ,/gpfs/aquamini2/nicolasl/lammps_workdir/benchmark.data,4521984,4636671
1709507571834,READ,/gpfs/aquamini2/nicolasl/lammps_workdir/benchmark.data,4636672,4751359
1709507571835,READ,/gpfs/aquamini2/nicolasl/lammps_workdir/benchmark.data,4751360,4866047
1709507571836,READ,/gpfs/aquamini2/nicolasl/lammps_workdir/benchmark.data,4866048,4980735
1709507571837,READ,/gpfs/aquamini2/nicolasl/lammps_workdir/benchmark.data,4980736,5103615
1709507571838,READ,/gpfs/aquamini2/nicolasl/lammps_workdir/benchmark.data,5103616,5218303
1709507571839,READ,/gpfs/aquamini2/nicolasl/lammps_workdir/benchmark.data,5218304,5332991
1709507571840,READ,/gpfs/aquamini2/nicolasl/lammps_workdir/benchmark.data,5332992,5447679
1709507571841,READ,/gpfs/aquamini2/nicolasl/lammps_workdir/benchmark.data,5447680,5562367
1709507571842,READ,/gpfs/aquamini2/nicolasl/lammps_workdir/benchmark.data,5562368,5677055
1709507571843,READ,/gpfs/aquamini2/nicolasl/lammps_workdir/benchmark.data,5677056,5791743
1709507571844,READ,/gpfs/aquamini2/nicolasl/lammps_workdir/benchmark.data,5791744,5906431
1709507571845,READ,/gpfs/aquamini2/nicolasl/lammps_workdir/benchmark.data,5906432,6021119
1709507571846,READ,/gpfs/aquamini2/nicolasl/lammps_workdir/benchmark.data,6021120,6135807
1709507571847,READ,/gpfs/aquamini2/nicolasl/lammps_workdir/benchmark.data,6135808,6258687
1709507571848,READ,/gpfs/aquamini2/nicolasl/lammps_workdir/benchmark.data,6258688,6373375
1709507571849,READ,/gpfs/aquamini2/nicolasl/lammps_workdir/benchmark.data,6373376,6488063
1709507571850,READ,/gpfs/aquamini2/nicolasl/lammps_workdir/benchmark.data,6488064,6602751
1709507571851,READ,/gpfs/aquamini2/nicolasl/lammps_workdir/benchmark.data,6602752,6717439
1709507571852,READ,/gpfs/aquamini2/nicolasl/lammps_workdir/benchmark.data,6717440,6832127
1709507571853,READ,/gpfs/aquamini2/nicolasl/lammps_workdir/benchmark.data,6832128,6955007
1709507571854,READ,/gpfs/aquamini2/nicolasl/lammps_workdir/benchmark.data,6955008,7061503
1709507571855,READ,/gpfs/aquamini2/nicolasl/lammps_workdir/benchmark.data,7061504,7176191
1709507571856,READ,/gpfs/aquamini2/nicolasl/lammps_workdir/benchmark.data,7176192,7290879
1709507571857,READ,/gpfs/aquamini2/nicolasl/lammps_workdir/benchmark.data,7290880,7405567
1709507571858,READ,/gpfs/aquamini2/nicolasl/lammps_workdir/benchmark.data,7405568,7520255
1709507571859,READ,/gpfs/aquamini2/nicolasl/lammps_workdir/benchmark.data,7520256,7634943
1709507571860,READ,/gpfs/aquamini2/nicolasl/lammps_workdir/benchmark.data,7634944,7757823
1709507571861,READ,/gpfs/aquamini2/nicolasl/lammps_workdir/benchmark.data,7757824,7872511
1709507571862,READ,/gpfs/aquamini2/nicolasl/lammps_workdir/benchmark.data,7872512,7987199
1709507571863,READ,/gpfs/aquamini2/nicolasl/lammps_workdir/benchmark.data,7987200,8101887
1709507571864,READ,/gpfs/aquamini2/nicolasl/lammps_workdir/benchmark.data,8101888,8216575
1709507571865,READ,/gpfs/aquamini2/nicolasl/lammps_workdir/benchmark.data,8216576,8331263
1709507571866,READ,/gpfs/aquamini2/nicolasl/lammps_workdir/benchmark.data,8331264,8445951
1709507571867,READ,/gpfs/aquamini2/nicolasl/lammps_workdir/benchmark.data,8445952,8560639
1709507571868,READ,/gpfs/aquamini2/nicolasl/lammps_workdir/benchmark.data,8560640,8683519
1709507571869,READ,/gpfs/aquamini2/nicolasl/lammps_workdir/benchmark.data,8683520,8798207
1709507571870,READ,/gpfs/aquamini2/nicolasl/lammps_workdir/benchmark.data,8798208,8912895
1709507571871,READ,/gpfs/aquamini2/nicolasl/lammps_workdir/benchmark.data,8912896,9027583
1709507571872,READ,/gpfs/aquamini2/nicolasl/lammps_workdir/benchmark.data,9027584,9142271
1709507571873,READ,/gpfs/aquamini2/nicolasl/lammps_workdir/benchmark.data,9142272,9256959
1709507571874,READ,/gpfs/aquamini2/nicolasl/lammps_workdir/benchmark.data,9256960,9379839
1709507571875,READ,/gpfs/aquamini2/nicolasl/lammps_workdir/benchmark.data,9379840,9494527
1709507571876,READ,/gpfs/aquamini2/nicolasl/lammps_workdir/benchmark.data,9494528,9609215
1709507571877,READ,/gpfs/aquamini2/nicolasl/lammps_workdir/benchmark.data,9609216,9723903
1709507571878,READ,/gpfs/aquamini2/nicolasl/lammps_workdir/benchmark.data,9723904,9838591
1709507571879,READ,/gpfs/aquamini2/nicolasl/lammps_workdir/benchmark.data,9838592,9945087
1709507571880,READ,/gpfs/aquamini2/nicolasl/lammps_workdir/benchmark.data,9945088,10059775
1709507571881,READ,/gpfs/aquamini2/nicolasl/lammps_workdir/benchmark.data,10059776,10182655
1709507571924,READ,/gpfs/aquamini2/nicolasl/lammps_workdir/benchmark.data,10182656,10297343
1709507571925,READ,/gpfs/aquamini2/nicolasl/lammps_workdir/benchmark.data,10297344,10420223
1709507571926,READ,/gpfs/aquamini2/nicolasl/lammps_workdir/benchmark.data,10420224,10534911
1709507571927,READ,/gpfs/aquamini2/nicolasl/lammps_workdir/benchmark.data,10534912,10649599
1709507571928,READ,/gpfs/aquamini2/nicolasl/lammps_workdir/benchmark.data,10649600,10764287
1709507571929,READ,/gpfs/aquamini2/nicolasl/lammps_workdir/benchmark.data,10764288,10887167
1709507571930,READ,/gpfs/aquamini2/nicolasl/lammps_workdir/benchmark.data,10887168,11001855
1709507571931,READ,/gpfs/aquamini2/nicolasl/lammps_workdir/benchmark.data,11001856,11116543
1709507571932,READ,/gpfs/aquamini2/nicolasl/lammps_workdir/benchmark.data,11116544,11231231
1709507571933,READ,/gpfs/aquamini2/nicolasl/lammps_workdir/benchmark.data,11231232,11354111
1709507571934,READ,/gpfs/aquamini2/nicolasl/lammps_workdir/benchmark.data,11354112,11468799
1709507571935,READ,/gpfs/aquamini2/nicolasl/lammps_workdir/benchmark.data,11468800,11583487
1709507571936,READ,/gpfs/aquamini2/nicolasl/lammps_workdir/benchmark.data,11583488,11640831
1709507571940,READ,/gpfs/aquamini2/nicolasl/lammps_workdir/benchmark.data,11640832,11665407
1709507571945,READ,/gpfs/aquamini2/nicolasl/lammps_workdir/benchmark.data,11665408,11681791
1709507571949,READ,/gpfs/aquamini2/nicolasl/lammps_workdir/benchmark.data,11681792,11706367
1709507571953,READ,/gpfs/aquamini2/nicolasl/lammps_workdir/benchmark.data,11706368,11722751
1709507571957,READ,/gpfs/aquamini2/nicolasl/lammps_workdir/benchmark.data,11722752,11730943
1709507571958,READ,/gpfs/aquamini2/nicolasl/lammps_workdir/benchmark.data,11730944,11747327
1709507571962,READ,/gpfs/aquamini2/nicolasl/lammps_workdir/benchmark.data,11747328,11763711
1709507571966,READ,/gpfs/aquamini2/nicolasl/lammps_workdir/benchmark.data,11763712,11788287
1709507571970,READ,/gpfs/aquamini2/nicolasl/lammps_workdir/benchmark.data,11788288,11804671
1709507571975,READ,/gpfs/aquamini2/nicolasl/lammps_workdir/benchmark.data,11804672,11821055
1709507571978,READ,/gpfs/aquamini2/nicolasl/lammps_workdir/benchmark.data,11821056,11829247
1709507571979,READ,/gpfs/aquamini2/nicolasl/lammps_workdir/benchmark.data,11829248,11845631
1709507571983,READ,/gpfs/aquamini2/nicolasl/lammps_workdir/benchmark.data,11845632,11870207
1709507571987,READ,/gpfs/aquamini2/nicolasl/lammps_workdir/benchmark.data,11870208,11886591
1709507571991,READ,/gpfs/aquamini2/nicolasl/lammps_workdir/benchmark.data,11886592,11911167
1709507571995,READ,/gpfs/aquamini2/nicolasl/lammps_workdir/benchmark.data,11911168,11927551
1709507571999,READ,/gpfs/aquamini2/nicolasl/lammps_workdir/benchmark.data,11927552,11952127
1709507572003,READ,/gpfs/aquamini2/nicolasl/lammps_workdir/benchmark.data,11952128,11960319
1709507572004,READ,/gpfs/aquamini2/nicolasl/lammps_workdir/benchmark.data,11960320,11968511
1709507572008,READ,/gpfs/aquamini2/nicolasl/lammps_workdir/benchmark.data,11968512,11993087
1709507572012,READ,/gpfs/aquamini2/nicolasl/lammps_workdir/benchmark.data,11993088,12009471
1709507572016,READ,/gpfs/aquamini2/nicolasl/lammps_workdir/benchmark.data,12009472,12034047
1709507572020,READ,/gpfs/aquamini2/nicolasl/lammps_workdir/benchmark.data,12034048,12050431
1709507572024,READ,/gpfs/aquamini2/nicolasl/lammps_workdir/benchmark.data,12050432,12066815
1709507572025,READ,/gpfs/aquamini2/nicolasl/lammps_workdir/benchmark.data,12066816,12075007
1709507572029,READ,/gpfs/aquamini2/nicolasl/lammps_workdir/benchmark.data,12075008,12091391
1709507572033,READ,/gpfs/aquamini2/nicolasl/lammps_workdir/benchmark.data,12091392,12115967
1709507572037,READ,/gpfs/aquamini2/nicolasl/lammps_workdir/benchmark.data,12115968,12132351
1709507572041,READ,/gpfs/aquamini2/nicolasl/lammps_workdir/benchmark.data,12132352,12156927
1709507572045,READ,/gpfs/aquamini2/nicolasl/lammps_workdir/benchmark.data,12156928,12181503
1709507572049,READ,/gpfs/aquamini2/nicolasl/lammps_workdir/benchmark.data,12181504,12197887
1709507572053,READ,/gpfs/aquamini2/nicolasl/lammps_workdir/benchmark.data,12197888,12222463
1709507572057,READ,/gpfs/aquamini2/nicolasl/lammps_workdir/benchmark.data,12222464,12230655
1709507572058,READ,/gpfs/aquamini2/nicolasl/lammps_workdir/benchmark.data,12230656,12238847
1709507572062,READ,/gpfs/aquamini2/nicolasl/lammps_workdir/benchmark.data,12238848,12263423
1709507572066,READ,/gpfs/aquamini2/nicolasl/lammps_workdir/benchmark.data,12263424,12287999
1709507572070,READ,/gpfs/aquamini2/nicolasl/lammps_workdir/benchmark.data,12288000,12304383
1709507572074,READ,/gpfs/aquamini2/nicolasl/lammps_workdir/benchmark.data,12304384,12328959
1709507572078,READ,/gpfs/aquamini2/nicolasl/lammps_workdir/benchmark.data,12328960,12345343
1709507572082,READ,/gpfs/aquamini2/nicolasl/lammps_workdir/benchmark.data,12345344,12369919
1709507572086,READ,/gpfs/aquamini2/nicolasl/lammps_workdir/benchmark.data,12369920,12378111
1709507572087,READ,/gpfs/aquamini2/nicolasl/lammps_workdir/benchmark.data,12378112,12394495
1709507572091,READ,/gpfs/aquamini2/nicolasl/lammps_workdir/benchmark.data,12394496,12410879
1709507572095,READ,/gpfs/aquamini2/nicolasl/lammps_workdir/benchmark.data,12410880,12435455
1709507572099,READ,/gpfs/aquamini2/nicolasl/lammps_workdir/benchmark.data,12435456,12451839
1709507572103,READ,/gpfs/aquamini2/nicolasl/lammps_workdir/benchmark.data,12451840,12476415
1709507572109,READ,/gpfs/aquamini2/nicolasl/lammps_workdir/benchmark.data,12476416,12500991
1709507572113,READ,/gpfs/aquamini2/nicolasl/lammps_workdir/benchmark.data,12500992,12509183
1709507572114,READ,/gpfs/aquamini2/nicolasl/lammps_workdir/benchmark.data,12509184,12525567
1709507572118,READ,/gpfs/aquamini2/nicolasl/lammps_workdir/benchmark.data,12525568,12558335
1709507572123,READ,/gpfs/aquamini2/nicolasl/lammps_workdir/benchmark.data,12558336,12582911
1709507572127,READ,/gpfs/aquamini2/nicolasl/lammps_workdir/benchmark.data,12582912,12607487
1709507572132,READ,/gpfs/aquamini2/nicolasl/lammps_workdir/benchmark.data,12607488,12640255
1709507572136,READ,/gpfs/aquamini2/nicolasl/lammps_workdir/benchmark.data,12640256,12664831
1709507572141,READ,/gpfs/aquamini2/nicolasl/lammps_workdir/benchmark.data,12664832,12689407
1709507572145,READ,/gpfs/aquamini2/nicolasl/lammps_workdir/benchmark.data,12689408,12713983
1709507572149,READ,/gpfs/aquamini2/nicolasl/lammps_workdir/benchmark.data,12713984,12722175
1709507572150,READ,/gpfs/aquamini2/nicolasl/lammps_workdir/benchmark.data,12722176,12738559
1709507572154,READ,/gpfs/aquamini2/nicolasl/lammps_workdir/benchmark.data,12738560,12763135
1709507572158,READ,/gpfs/aquamini2/nicolasl/lammps_workdir/benchmark.data,12763136,12787711
1709507572163,READ,/gpfs/aquamini2/nicolasl/lammps_workdir/benchmark.data,12787712,12812287
1709507572167,READ,/gpfs/aquamini2/nicolasl/lammps_workdir/benchmark.data,12812288,12845055
1709507572172,READ,/gpfs/aquamini2/nicolasl/lammps_workdir/benchmark.data,12845056,12869631
1709507572176,READ,/gpfs/aquamini2/nicolasl/lammps_workdir/benchmark.data,12869632,12894207
1709507572181,READ,/gpfs/aquamini2/nicolasl/lammps_workdir/benchmark.data,12894208,12918783
1709507572185,READ,/gpfs/aquamini2/nicolasl/lammps_workdir/benchmark.data,12918784,12943359
1709507572189,READ,/gpfs/aquamini2/nicolasl/lammps_workdir/benchmark.data,12943360,12959743
1709507572190,READ,/gpfs/aquamini2/nicolasl/lammps_workdir/benchmark.data,12959744,12976127
1709507572195,READ,/gpfs/aquamini2/nicolasl/lammps_workdir/benchmark.data,12976128,13000703
1709507572199,READ,/gpfs/aquamini2/nicolasl/lammps_workdir/benchmark.data,13000704,13033471
1709507572204,READ,/gpfs/aquamini2/nicolasl/lammps_workdir/benchmark.data,13033472,13058047
1709507572208,READ,/gpfs/aquamini2/nicolasl/lammps_workdir/benchmark.data,13058048,13090815
1709507572213,READ,/gpfs/aquamini2/nicolasl/lammps_workdir/benchmark.data,13090816,13115391
1709507572217,READ,/gpfs/aquamini2/nicolasl/lammps_workdir/benchmark.data,13115392,13148159
1709507572223,READ,/gpfs/aquamini2/nicolasl/lammps_workdir/benchmark.data,13148160,13172735
1709507572227,READ,/gpfs/aquamini2/nicolasl/lammps_workdir/benchmark.data,13172736,13197311
1709507572228,READ,/gpfs/aquamini2/nicolasl/lammps_workdir/benchmark.data,13197312,13205503
1709507572233,READ,/gpfs/aquamini2/nicolasl/lammps_workdir/benchmark.data,13205504,13230079
1709507572238,READ,/gpfs/aquamini2/nicolasl/lammps_workdir/benchmark.data,13230080,13262847
1709507572243,READ,/gpfs/aquamini2/nicolasl/lammps_workdir/benchmark.data,13262848,13287423
1709507572247,READ,/gpfs/aquamini2/nicolasl/lammps_workdir/benchmark.data,13287424,13311999
1709507572252,READ,/gpfs/aquamini2/nicolasl/lammps_workdir/benchmark.data,13312000,13344767
1709507572256,READ,/gpfs/aquamini2/nicolasl/lammps_workdir/benchmark.data,13344768,13369343
1709507572261,READ,/gpfs/aquamini2/nicolasl/lammps_workdir/benchmark.data,13369344,13402111
1709507572265,READ,/gpfs/aquamini2/nicolasl/lammps_workdir/benchmark.data,13402112,13410303
1709507572266,READ,/gpfs/aquamini2/nicolasl/lammps_workdir/benchmark.data,13410304,13418495
1709507572270,READ,/gpfs/aquamini2/nicolasl/lammps_workdir/benchmark.data,13418496,13427244
1709507572274,READ,/gpfs/aquamini2/nicolasl/lammps_workdir/benchmark.data,13427245,13427245
1709507579586,READ,benchmark.dcd,0,275
1709507579587,READ,benchmark.dcd,276,331
1709507580279,READ,benchmark.dcd,8,11
1709507580279,READ,benchmark.dcd,20,23
1709507580279,READ,benchmark.dcd,332,734191
1709507580286,READ,log.lammps,0,3634
1709507583978,READ,/gpfs/aquamini2/nicolasl/lammps_workdir/restart.rst.10,0,18100
1709507583979,READ,/gpfs/aquamini2/nicolasl/lammps_workdir/restart.rst.10,18101,83371
1709507583980,READ,/gpfs/aquamini2/nicolasl/lammps_workdir/restart.rst.10,83372,124203
1709507583981,READ,/gpfs/aquamini2/nicolasl/lammps_workdir/restart.rst.10,124204,145859
1709507583982,READ,/gpfs/aquamini2/nicolasl/lammps_workdir/restart.rst.10,145860,208427
1709507583983,READ,/gpfs/aquamini2/nicolasl/lammps_workdir/restart.rst.10,208428,273603
1709507583984,READ,/gpfs/aquamini2/nicolasl/lammps_workdir/restart.rst.10,273604,326779
1709507583985,READ,/gpfs/aquamini2/nicolasl/lammps_workdir/restart.rst.10,326780,389059
1709507583986,READ,/gpfs/aquamini2/nicolasl/lammps_workdir/restart.rst.10,389060,443795
1709507583987,READ,/gpfs/aquamini2/nicolasl/lammps_workdir/restart.rst.10,443796,507483
1709507583988,READ,/gpfs/aquamini2/nicolasl/lammps_workdir/restart.rst.10,507484,562811
1709507583989,READ,/gpfs/aquamini2/nicolasl/lammps_workdir/restart.rst.10,562812,625499
1709507583990,READ,/gpfs/aquamini2/nicolasl/lammps_workdir/restart.rst.10,625500,689203
1709507583991,READ,/gpfs/aquamini2/nicolasl/lammps_workdir/restart.rst.10,689204,710867
1709507583992,READ,/gpfs/aquamini2/nicolasl/lammps_workdir/restart.rst.10,710868,741635
1709507583993,READ,/gpfs/aquamini2/nicolasl/lammps_workdir/restart.rst.10,741636,762011
1709507583994,READ,/gpfs/aquamini2/nicolasl/lammps_workdir/restart.rst.10,762012,783867
1709507583995,READ,/gpfs/aquamini2/nicolasl/lammps_workdir/restart.rst.10,783868,805531
1709507583996,READ,/gpfs/aquamini2/nicolasl/lammps_workdir/restart.rst.10,805532,838731
1709507583997,READ,/gpfs/aquamini2/nicolasl/lammps_workdir/restart.rst.10,838732,860051
1709507583998,READ,/gpfs/aquamini2/nicolasl/lammps_workdir/restart.rst.10,860052,879411
1709507583999,READ,/gpfs/aquamini2/nicolasl/lammps_workdir/restart.rst.10,879412,900723
1709507584000,READ,/gpfs/aquamini2/nicolasl/lammps_workdir/restart.rst.10,900724,923731
1709507584001,READ,/gpfs/aquamini2/nicolasl/lammps_workdir/restart.rst.10,923732,954235
1709507584002,READ,/gpfs/aquamini2/nicolasl/lammps_workdir/restart.rst.10,954236,975699
1709507584003,READ,/gpfs/aquamini2/nicolasl/lammps_workdir/restart.rst.10,975700,997219
1709507584004,READ,/gpfs/aquamini2/nicolasl/lammps_workdir/restart.rst.10,997220,1029475
1709507584005,READ,/gpfs/aquamini2/nicolasl/lammps_workdir/restart.rst.10,1029476,1048779
1709507584006,READ,/gpfs/aquamini2/nicolasl/lammps_workdir/restart.rst.10,1048780,1071243
1709507584007,READ,/gpfs/aquamini2/nicolasl/lammps_workdir/restart.rst.10,1071244,1092363
1709507584008,READ,/gpfs/aquamini2/nicolasl/lammps_workdir/restart.rst.10,1092364,1125971
1709507584009,READ,/gpfs/aquamini2/nicolasl/lammps_workdir/restart.rst.10,1125972,1146619
1709507584010,READ,/gpfs/aquamini2/nicolasl/lammps_workdir/restart.rst.10,1146620,1169427
1709507584011,READ,/gpfs/aquamini2/nicolasl/lammps_workdir/restart.rst.10,1169428,1201611
1709507584012,READ,/gpfs/aquamini2/nicolasl/lammps_workdir/restart.rst.10,1201612,1211731
1709507584013,READ,/gpfs/aquamini2/nicolasl/lammps_workdir/restart.rst.10,1211732,1241155
1709507584014,READ,/gpfs/aquamini2/nicolasl/lammps_workdir/restart.rst.10,1241156,1272667
1709507584015,READ,/gpfs/aquamini2/nicolasl/lammps_workdir/restart.rst.10,1272668,1295139
1709507584016,READ,/gpfs/aquamini2/nicolasl/lammps_workdir/restart.rst.10,1295140,1314643
1709507584017,READ,/gpfs/aquamini2/nicolasl/lammps_workdir/restart.rst.10,1314644,1337723
1709507584018,READ,/gpfs/aquamini2/nicolasl/lammps_workdir/restart.rst.10,1337724,1360723
1709507584019,READ,/gpfs/aquamini2/nicolasl/lammps_workdir/restart.rst.10,1360724,1380499
1709507584020,READ,/gpfs/aquamini2/nicolasl/lammps_workdir/restart.rst.10,1380500,1403307
1709507584021,READ,/gpfs/aquamini2/nicolasl/lammps_workdir/restart.rst.10,1403308,1425507
1709507584022,READ,/gpfs/aquamini2/nicolasl/lammps_workdir/restart.rst.10,1425508,1456827
1709507584023,READ,/gpfs/aquamini2/nicolasl/lammps_workdir/restart.rst.10,1456828,1478475
1709507584024,READ,/gpfs/aquamini2/nicolasl/lammps_workdir/restart.rst.10,1478476,1498787
1709507584025,READ,/gpfs/aquamini2/nicolasl/lammps_workdir/restart.rst.10,1498788,1531571
1709507584026,READ,/gpfs/aquamini2/nicolasl/lammps_workdir/restart.rst.10,1531572,1553099
1709507584027,READ,/gpfs/aquamini2/nicolasl/lammps_workdir/restart.rst.10,1553100,1573347
1709507584028,READ,/gpfs/aquamini2/nicolasl/lammps_workdir/restart.rst.10,1573348,1604859
1709507584029,READ,/gpfs/aquamini2/nicolasl/lammps_workdir/restart.rst.10,1604860,1625579
1709507584030,READ,/gpfs/aquamini2/nicolasl/lammps_workdir/restart.rst.10,1625580,1655411
1709507584031,READ,/gpfs/aquamini2/nicolasl/lammps_workdir/restart.rst.10,1655412,1666403
1709507584032,READ,/gpfs/aquamini2/nicolasl/lammps_workdir/restart.rst.10,1666404,1687123
1709507584033,READ,/gpfs/aquamini2/nicolasl/lammps_workdir/restart.rst.10,1687124,1709323
1709507584034,READ,/gpfs/aquamini2/nicolasl/lammps_workdir/restart.rst.10,1709324,1739419
1709507584035,READ,/gpfs/aquamini2/nicolasl/lammps_workdir/restart.rst.10,1739420,1763955
1709507584036,READ,/gpfs/aquamini2/nicolasl/lammps_workdir/restart.rst.10,1763956,1783187
1709507584037,READ,/gpfs/aquamini2/nicolasl/lammps_workdir/restart.rst.10,1783188,1803563
1709507584038,READ,/gpfs/aquamini2/nicolasl/lammps_workdir/restart.rst.10,1803564,1828395
1709507584039,READ,/gpfs/aquamini2/nicolasl/lammps_workdir/restart.rst.10,1828396,1847659
1709507584040,READ,/gpfs/aquamini2/nicolasl/lammps_workdir/restart.rst.10,1847660,1871659
1709507584041,READ,/gpfs/aquamini2/nicolasl/lammps_workdir/restart.rst.10,1871660,1905539
1709507584042,READ,/gpfs/aquamini2/nicolasl/lammps_workdir/restart.rst.10,1905540,1929267
1709507584043,READ,/gpfs/aquamini2/nicolasl/lammps_workdir/restart.rst.10,1929268,1959531
1709507584044,READ,/gpfs/aquamini2/nicolasl/lammps_workdir/restart.rst.10,1959532,1981731
1709507584045,READ,/gpfs/aquamini2/nicolasl/lammps_workdir/restart.rst.10,1981732,2005003
1709507584046,READ,/gpfs/aquamini2/nicolasl/lammps_workdir/restart.rst.10,2005004,2040707
1709507584047,READ,/gpfs/aquamini2/nicolasl/lammps_workdir/restart.rst.10,2040708,2060987
1709507584048,READ,/gpfs/aquamini2/nicolasl/lammps_workdir/restart.rst.10,2060988,2080971
1709507584049,READ,/gpfs/aquamini2/nicolasl/lammps_workdir/restart.rst.10,2080972,2114515
1709507584050,READ,/gpfs/aquamini2/nicolasl/lammps_workdir/restart.rst.10,2114516,2137251
1709507584051,READ,/gpfs/aquamini2/nicolasl/lammps_workdir/restart.rst.10,2137252,2157963
1709507584052,READ,/gpfs/aquamini2/nicolasl/lammps_workdir/restart.rst.10,2157964,2190691
1709507584053,READ,/gpfs/aquamini2/nicolasl/lammps_workdir/restart.rst.10,2190692,2212283
1709507584054,READ,/gpfs/aquamini2/nicolasl/lammps_workdir/restart.rst.10,2212284,2233475
1709507584055,READ,/gpfs/aquamini2/nicolasl/lammps_workdir/restart.rst.10,2233476,2263835
1709507584056,READ,/gpfs/aquamini2/nicolasl/lammps_workdir/restart.rst.10,2263836,2284827
1709507584057,READ,/gpfs/aquamini2/nicolasl/lammps_workdir/restart.rst.10,2284828,2317139
1709507584058,READ,/gpfs/aquamini2/nicolasl/lammps_workdir/restart.rst.10,2317140,2339067
1709507584059,READ,/gpfs/aquamini2/nicolasl/lammps_workdir/restart.rst.10,2339068,2369315
1709507584060,READ,/gpfs/aquamini2/nicolasl/lammps_workdir/restart.rst.10,2369316,2391587
1709507584061,READ,/gpfs/aquamini2/nicolasl/lammps_workdir/restart.rst.10,2391588,2422499
1709507584062,READ,/gpfs/aquamini2/nicolasl/lammps_workdir/restart.rst.10,2422500,2445699
1709507584063,READ,/gpfs/aquamini2/nicolasl/lammps_workdir/restart.rst.10,2445700,2468035
1709507584064,READ,/gpfs/aquamini2/nicolasl/lammps_workdir/restart.rst.10,2468036,2489771
1709507584065,READ,/gpfs/aquamini2/nicolasl/lammps_workdir/restart.rst.10,2489772,2510683
1709507584066,READ,/gpfs/aquamini2/nicolasl/lammps_workdir/restart.rst.10,2510684,2541931
1709507584067,READ,/gpfs/aquamini2/nicolasl/lammps_workdir/restart.rst.10,2541932,2566227
1709507584068,READ,/gpfs/aquamini2/nicolasl/lammps_workdir/restart.rst.10,2566228,2586675
1709507584069,READ,/gpfs/aquamini2/nicolasl/lammps_workdir/restart.rst.10,2586676,2608875
1709507584070,READ,/gpfs/aquamini2/nicolasl/lammps_workdir/restart.rst.10,2608876,2642475
1709507584071,READ,/gpfs/aquamini2/nicolasl/lammps_workdir/restart.rst.10,2642476,2663723
1709507584072,READ,/gpfs/aquamini2/nicolasl/lammps_workdir/restart.rst.10,2663724,2687067
1709507584073,READ,/gpfs/aquamini2/nicolasl/lammps_workdir/restart.rst.10,2687068,2707259
1709507584074,READ,/gpfs/aquamini2/nicolasl/lammps_workdir/restart.rst.10,2707260,2737507
1709507584075,READ,/gpfs/aquamini2/nicolasl/lammps_workdir/restart.rst.10,2737508,2747835
1709507584076,READ,/gpfs/aquamini2/nicolasl/lammps_workdir/restart.rst.10,2747836,2779475
1709507584077,READ,/gpfs/aquamini2/nicolasl/lammps_workdir/restart.rst.10,2779476,2791683
1709507584078,READ,/gpfs/aquamini2/nicolasl/lammps_workdir/restart.rst.10,2791684,2822787
1709507584079,READ,/gpfs/aquamini2/nicolasl/lammps_workdir/restart.rst.10,2822788,2847971
1709507584080,READ,/gpfs/aquamini2/nicolasl/lammps_workdir/restart.rst.10,2847972,2881443
1709507584081,READ,/gpfs/aquamini2/nicolasl/lammps_workdir/restart.rst.10,2881444,2903387
1709507584082,READ,/gpfs/aquamini2/nicolasl/lammps_workdir/restart.rst.10,2903388,2927395
1709507584083,READ,/gpfs/aquamini2/nicolasl/lammps_workdir/restart.rst.10,2927396,2955347
1709507584084,READ,/gpfs/aquamini2/nicolasl/lammps_workdir/restart.rst.10,2955348,2976739
1709507584085,READ,/gpfs/aquamini2/nicolasl/lammps_workdir/restart.rst.10,2976740,3003835
1709507584086,READ,/gpfs/aquamini2/nicolasl/lammps_workdir/restart.rst.10,3003836,3037515
1709507584087,READ,/gpfs/aquamini2/nicolasl/lammps_workdir/restart.rst.10,3037516,3058259
1709507584088,READ,/gpfs/aquamini2/nicolasl/lammps_workdir/restart.rst.10,3058260,3080411
1709507584089,READ,/gpfs/aquamini2/nicolasl/lammps_workdir/restart.rst.10,3080412,3092067
1709507584090,READ,/gpfs/aquamini2/nicolasl/lammps_workdir/restart.rst.10,3092068,3139795
1709507584091,READ,/gpfs/aquamini2/nicolasl/lammps_workdir/restart.rst.10,3139796,3169747
1709507584092,READ,/gpfs/aquamini2/nicolasl/lammps_workdir/restart.rst.10,3169748,3197803
1709507584093,READ,/gpfs/aquamini2/nicolasl/lammps_workdir/restart.rst.10,3197804,3219203
1709507584094,READ,/gpfs/aquamini2/nicolasl/lammps_workdir/restart.rst.10,3219204,3237547
1709507584095,READ,/gpfs/aquamini2/nicolasl/lammps_workdir/restart.rst.10,3237548,3279699
1709507584096,READ,/gpfs/aquamini2/nicolasl/lammps_workdir/restart.rst.10,3279700,3299811
1709507584097,READ,/gpfs/aquamini2/nicolasl/lammps_workdir/restart.rst.10,3299812,3319515
1709507584098,READ,/gpfs/aquamini2/nicolasl/lammps_workdir/restart.rst.10,3319516,3340499
1709507584099,READ,/gpfs/aquamini2/nicolasl/lammps_workdir/restart.rst.10,3340500,3385115
1709507584100,READ,/gpfs/aquamini2/nicolasl/lammps_workdir/restart.rst.10,3385116,3405299
1709507584101,READ,/gpfs/aquamini2/nicolasl/lammps_workdir/restart.rst.10,3405300,3439915
1709507584102,READ,/gpfs/aquamini2/nicolasl/lammps_workdir/restart.rst.10,3439916,3467115
1709507584103,READ,/gpfs/aquamini2/nicolasl/lammps_workdir/restart.rst.10,3467116,3488691
1709507584104,READ,/gpfs/aquamini2/nicolasl/lammps_workdir/restart.rst.10,3488692,3511563
1709507584105,READ,/gpfs/aquamini2/nicolasl/lammps_workdir/restart.rst.10,3511564,3532075
1709507584106,READ,/gpfs/aquamini2/nicolasl/lammps_workdir/restart.rst.10,3532076,3554147
1709507584107,READ,/gpfs/aquamini2/nicolasl/lammps_workdir/restart.rst.10,3554148,3585995
1709507584108,READ,/gpfs/aquamini2/nicolasl/lammps_workdir/restart.rst.10,3585996,3608603
1709507584109,READ,/gpfs/aquamini2/nicolasl/lammps_workdir/restart.rst.10,3608604,3642739
1709507584110,READ,/gpfs/aquamini2/nicolasl/lammps_workdir/restart.rst.10,3642740,3663859
1709507584111,READ,/gpfs/aquamini2/nicolasl/lammps_workdir/restart.rst.10,3663860,3684107
1709507584112,READ,/gpfs/aquamini2/nicolasl/lammps_workdir/restart.rst.10,3684108,3715611
1709507584113,READ,/gpfs/aquamini2/nicolasl/lammps_workdir/restart.rst.10,3715612,3737075
1709507584114,READ,/gpfs/aquamini2/nicolasl/lammps_workdir/restart.rst.10,3737076,3759067
1709507584115,READ,/gpfs/aquamini2/nicolasl/lammps_workdir/restart.rst.10,3759068,3791259
1709507584116,READ,/gpfs/aquamini2/nicolasl/lammps_workdir/restart.rst.10,3791260,3811707
1709507584117,READ,/gpfs/aquamini2/nicolasl/lammps_workdir/restart.rst.10,3811708,3832235
1709507584118,READ,/gpfs/aquamini2/nicolasl/lammps_workdir/restart.rst.10,3832236,3866571
1709507584119,READ,/gpfs/aquamini2/nicolasl/lammps_workdir/restart.rst.10,3866572,3888027
1709507584120,READ,/gpfs/aquamini2/nicolasl/lammps_workdir/restart.rst.10,3888028,3910155
1709507584121,READ,/gpfs/aquamini2/nicolasl/lammps_workdir/restart.rst.10,3910156,3932147
1709507584122,READ,/gpfs/aquamini2/nicolasl/lammps_workdir/restart.rst.10,3932148,3962115
1709507584123,READ,/gpfs/aquamini2/nicolasl/lammps_workdir/restart.rst.10,3962116,3983579
1709507584124,READ,/gpfs/aquamini2/nicolasl/lammps_workdir/restart.rst.10,3983580,4004299
1709507584125,READ,/gpfs/aquamini2/nicolasl/lammps_workdir/restart.rst.10,4004300,4036547
1709507584126,READ,/gpfs/aquamini2/nicolasl/lammps_workdir/restart.rst.10,4036548,4058003
1709507584127,READ,/gpfs/aquamini2/nicolasl/lammps_workdir/restart.rst.10,4058004,4079195
1709507584128,READ,/gpfs/aquamini2/nicolasl/lammps_workdir/restart.rst.10,4079196,4101451
1709507584129,READ,/gpfs/aquamini2/nicolasl/lammps_workdir/restart.rst.10,4101452,4122883
1709507584130,READ,/gpfs/aquamini2/nicolasl/lammps_workdir/restart.rst.10,4122884,4152299
1709507584131,READ,/gpfs/aquamini2/nicolasl/lammps_workdir/restart.rst.10,4152300,4175947
1709507584183,READ,/gpfs/aquamini2/nicolasl/lammps_workdir/restart.rst.10,4175948,4198555
1709507584184,READ,/gpfs/aquamini2/nicolasl/lammps_workdir/restart.rst.10,4198556,4226339
1709507584185,READ,/gpfs/aquamini2/nicolasl/lammps_workdir/restart.rst.10,4226340,4258715
1709507584186,READ,/gpfs/aquamini2/nicolasl/lammps_workdir/restart.rst.10,4258716,4270731
1709507584187,READ,/gpfs/aquamini2/nicolasl/lammps_workdir/restart.rst.10,4270732,4294251
1709507584188,READ,/gpfs/aquamini2/nicolasl/lammps_workdir/restart.rst.10,4294252,4333811
1709507584189,READ,/gpfs/aquamini2/nicolasl/lammps_workdir/restart.rst.10,4333812,4356947
1709507584190,READ,/gpfs/aquamini2/nicolasl/lammps_workdir/restart.rst.10,4356948,4388019
1709507584191,READ,/gpfs/aquamini2/nicolasl/lammps_workdir/restart.rst.10,4388020,4406899
1709507584192,READ,/gpfs/aquamini2/nicolasl/lammps_workdir/restart.rst.10,4406900,4453811
1709507584193,READ,/gpfs/aquamini2/nicolasl/lammps_workdir/restart.rst.10,4453812,4480707
1709507584194,READ,/gpfs/aquamini2/nicolasl/lammps_workdir/restart.rst.10,4480708,4491499
1709507584195,READ,/gpfs/aquamini2/nicolasl/lammps_workdir/restart.rst.10,4491500,4539155
1709507584196,READ,/gpfs/aquamini2/nicolasl/lammps_workdir/restart.rst.10,4539156,4558579
1709507584197,READ,/gpfs/aquamini2/nicolasl/lammps_workdir/restart.rst.10,4558580,4605307
1709507584198,READ,/gpfs/aquamini2/nicolasl/lammps_workdir/restart.rst.10,4605308,4629163
1709507584199,READ,/gpfs/aquamini2/nicolasl/lammps_workdir/restart.rst.10,4629164,4661179
1709507584200,READ,/gpfs/aquamini2/nicolasl/lammps_workdir/restart.rst.10,4661180,4683451
1709507584201,READ,/gpfs/aquamini2/nicolasl/lammps_workdir/restart.rst.10,4683452,4725611
1709507584202,READ,/gpfs/aquamini2/nicolasl/lammps_workdir/restart.rst.10,4725612,4749531
1709507584203,READ,/gpfs/aquamini2/nicolasl/lammps_workdir/restart.rst.10,4749532,4771667
1709507584204,READ,/gpfs/aquamini2/nicolasl/lammps_workdir/restart.rst.10,4771668,4794179
1709507584205,READ,/gpfs/aquamini2/nicolasl/lammps_workdir/restart.rst.10,4794180,4840371
1709507584206,READ,/gpfs/aquamini2/nicolasl/lammps_workdir/restart.rst.10,4840372,4864539
1709507584207,READ,/gpfs/aquamini2/nicolasl/lammps_workdir/restart.rst.10,4864540,4885723
1709507584208,READ,/gpfs/aquamini2/nicolasl/lammps_workdir/restart.rst.10,4885724,4914763
1709507584209,READ,/gpfs/aquamini2/nicolasl/lammps_workdir/restart.rst.10,4914764,4928067
1709507584210,READ,/gpfs/aquamini2/nicolasl/lammps_workdir/restart.rst.10,4928068,4955195
1709507584211,READ,/gpfs/aquamini2/nicolasl/lammps_workdir/restart.rst.10,4955196,4986235
1709507584212,READ,/gpfs/aquamini2/nicolasl/lammps_workdir/restart.rst.10,4986236,4997707
1709507584213,READ,/gpfs/aquamini2/nicolasl/lammps_workdir/restart.rst.10,4997708,5028963
1709507584214,READ,/gpfs/aquamini2/nicolasl/lammps_workdir/restart.rst.10,5028964,5049691
1709507584215,READ,/gpfs/aquamini2/nicolasl/lammps_workdir/restart.rst.10,5049692,5072691
1709507584216,READ,/gpfs/aquamini2/nicolasl/lammps_workdir/restart.rst.10,5072692,5094747
1709507584217,READ,/gpfs/aquamini2/nicolasl/lammps_workdir/restart.rst.10,5094748,5125795
1709507584218,READ,/gpfs/aquamini2/nicolasl/lammps_workdir/restart.rst.10,5125796,5147243
1709507584219,READ,/gpfs/aquamini2/nicolasl/lammps_workdir/restart.rst.10,5147244,5166683
1709507584220,READ,/gpfs/aquamini2/nicolasl/lammps_workdir/restart.rst.10,5166684,5186931
1709507584221,READ,/gpfs/aquamini2/nicolasl/lammps_workdir/restart.rst.10,5186932,5218243
1709507584222,READ,/gpfs/aquamini2/nicolasl/lammps_workdir/restart.rst.10,5218244,5239843
1709507584223,READ,/gpfs/aquamini2/nicolasl/lammps_workdir/restart.rst.10,5239844,5261707
1709507584224,READ,/gpfs/aquamini2/nicolasl/lammps_workdir/restart.rst.10,5261708,5293347
1709507584225,READ,/gpfs/aquamini2/nicolasl/lammps_workdir/restart.rst.10,5293348,5315619
1709507584226,READ,/gpfs/aquamini2/nicolasl/lammps_workdir/restart.rst.10,5315620,5337083
1709507584227,READ,/gpfs/aquamini2/nicolasl/lammps_workdir/restart.rst.10,5337084,5368451
1709507584228,READ,/gpfs/aquamini2/nicolasl/lammps_workdir/restart.rst.10,5368452,5389307
1709507584229,READ,/gpfs/aquamini2/nicolasl/lammps_workdir/restart.rst.10,5389308,5420611
1709507584230,READ,/gpfs/aquamini2/nicolasl/lammps_workdir/restart.rst.10,5420612,5443355
1709507584231,READ,/gpfs/aquamini2/nicolasl/lammps_workdir/restart.rst.10,5443356,5476955
1709507584232,READ,/gpfs/aquamini2/nicolasl/lammps_workdir/restart.rst.10,5476956,5498555
1709507584233,READ,/gpfs/aquamini2/nicolasl/lammps_workdir/restart.rst.10,5498556,5520483
1709507584234,READ,/gpfs/aquamini2/nicolasl/lammps_workdir/restart.rst.10,5520484,5541267
1709507584235,READ,/gpfs/aquamini2/nicolasl/lammps_workdir/restart.rst.10,5541268,5561427
1709507584236,READ,/gpfs/aquamini2/nicolasl/lammps_workdir/restart.rst.10,5561428,5583819
1709507584237,READ,/gpfs/aquamini2/nicolasl/lammps_workdir/restart.rst.10,5583820,5616939
1709507584238,READ,/gpfs/aquamini2/nicolasl/lammps_workdir/restart.rst.10,5616940,5640355
1709507584239,READ,/gpfs/aquamini2/nicolasl/lammps_workdir/restart.rst.10,5640356,5679155
1709507584240,READ,/gpfs/aquamini2/nicolasl/lammps_workdir/restart.rst.10,5679156,5700275
1709507584241,READ,/gpfs/aquamini2/nicolasl/lammps_workdir/restart.rst.10,5700276,5721219
1709507584242,READ,/gpfs/aquamini2/nicolasl/lammps_workdir/restart.rst.10,5721220,5756043
1709507584243,READ,/gpfs/aquamini2/nicolasl/lammps_workdir/restart.rst.10,5756044,5776115
1709507584244,READ,/gpfs/aquamini2/nicolasl/lammps_workdir/restart.rst.10,5776116,5797259
1709507584245,READ,/gpfs/aquamini2/nicolasl/lammps_workdir/restart.rst.10,5797260,5820587
1709507584246,READ,/gpfs/aquamini2/nicolasl/lammps_workdir/restart.rst.10,5820588,5860971
1709507584247,READ,/gpfs/aquamini2/nicolasl/lammps_workdir/restart.rst.10,5860972,5878099
1709507584248,READ,/gpfs/aquamini2/nicolasl/lammps_workdir/restart.rst.10,5878100,5923331
1709507584249,READ,/gpfs/aquamini2/nicolasl/lammps_workdir/restart.rst.10,5923332,5944923
1709507584250,READ,/gpfs/aquamini2/nicolasl/lammps_workdir/restart.rst.10,5944924,5981483
1709507584251,READ,/gpfs/aquamini2/nicolasl/lammps_workdir/restart.rst.10,5981484,6005139
1709507584252,READ,/gpfs/aquamini2/nicolasl/lammps_workdir/restart.rst.10,6005140,6028651
1709507584253,READ,/gpfs/aquamini2/nicolasl/lammps_workdir/restart.rst.10,6028652,6071803
1709507584254,READ,/gpfs/aquamini2/nicolasl/lammps_workdir/restart.rst.10,6071804,6083683
1709507584255,READ,/gpfs/aquamini2/nicolasl/lammps_workdir/restart.rst.10,6083684,6124851
1709507584256,READ,/gpfs/aquamini2/nicolasl/lammps_workdir/restart.rst.10,6124852,6147163
1709507584257,READ,/gpfs/aquamini2/nicolasl/lammps_workdir/restart.rst.10,6147164,6185699
1709507584258,READ,/gpfs/aquamini2/nicolasl/lammps_workdir/restart.rst.10,6185700,6196163
1709507584259,READ,/gpfs/aquamini2/nicolasl/lammps_workdir/restart.rst.10,6196164,6231683
1709507584260,READ,/gpfs/aquamini2/nicolasl/lammps_workdir/restart.rst.10,6231684,6250291
1709507584261,READ,/gpfs/aquamini2/nicolasl/lammps_workdir/restart.rst.10,6250292,6282139
1709507584262,READ,/gpfs/aquamini2/nicolasl/lammps_workdir/restart.rst.10,6282140,6293811
1709507584263,READ,/gpfs/aquamini2/nicolasl/lammps_workdir/restart.rst.10,6293812,6324859
1709507584264,READ,/gpfs/aquamini2/nicolasl/lammps_workdir/restart.rst.10,6324860,6342379
1709507584265,READ,/gpfs/aquamini2/nicolasl/lammps_workdir/restart.rst.10,6342380,6372891
1709507584266,READ,/gpfs/aquamini2/nicolasl/lammps_workdir/restart.rst.10,6372892,6394819
1709507584267,READ,/gpfs/aquamini2/nicolasl/lammps_workdir/restart.rst.10,6394820,6417211
1709507584268,READ,/gpfs/aquamini2/nicolasl/lammps_workdir/restart.rst.10,6417212,6438683
1709507584269,READ,/gpfs/aquamini2/nicolasl/lammps_workdir/restart.rst.10,6438684,6470251
1709507584270,READ,/gpfs/aquamini2/nicolasl/lammps_workdir/restart.rst.10,6470252,6490771
1709507584271,READ,/gpfs/aquamini2/nicolasl/lammps_workdir/restart.rst.10,6490772,6510275
1709507584272,READ,/gpfs/aquamini2/nicolasl/lammps_workdir/restart.rst.10,6510276,6530323
1709507584273,READ,/gpfs/aquamini2/nicolasl/lammps_workdir/restart.rst.10,6530324,6550835
1709507584274,READ,/gpfs/aquamini2/nicolasl/lammps_workdir/restart.rst.10,6550836,6570475
1709507584275,READ,/gpfs/aquamini2/nicolasl/lammps_workdir/restart.rst.10,6570476,6604747
1709507584276,READ,/gpfs/aquamini2/nicolasl/lammps_workdir/restart.rst.10,6604748,6626003
1709507584277,READ,/gpfs/aquamini2/nicolasl/lammps_workdir/restart.rst.10,6626004,6646851
1709507584278,READ,/gpfs/aquamini2/nicolasl/lammps_workdir/restart.rst.10,6646852,6669515
1709507584279,READ,/gpfs/aquamini2/nicolasl/lammps_workdir/restart.rst.10,6669516,6689283
1709507584280,READ,/gpfs/aquamini2/nicolasl/lammps_workdir/restart.rst.10,6689284,6723963
1709507584281,READ,/gpfs/aquamini2/nicolasl/lammps_workdir/restart.rst.10,6723964,6745427
1709507584282,READ,/gpfs/aquamini2/nicolasl/lammps_workdir/restart.rst.10,6745428,6767227
1709507584283,READ,/gpfs/aquamini2/nicolasl/lammps_workdir/restart.rst.10,6767228,6788683
1709507584284,READ,/gpfs/aquamini2/nicolasl/lammps_workdir/restart.rst.10,6788684,6810203
1709507584285,READ,/gpfs/aquamini2/nicolasl/lammps_workdir/restart.rst.10,6810204,6832059
1709507584286,READ,/gpfs/aquamini2/nicolasl/lammps_workdir/restart.rst.10,6832060,6862163
1709507584287,READ,/gpfs/aquamini2/nicolasl/lammps_workdir/restart.rst.10,6862164,6883283
1709507584288,READ,/gpfs/aquamini2/nicolasl/lammps_workdir/restart.rst.10,6883284,6915875
1709507584289,READ,/gpfs/aquamini2/nicolasl/lammps_workdir/restart.rst.10,6915876,6938211
1709507584290,READ,/gpfs/aquamini2/nicolasl/lammps_workdir/restart.rst.10,6938212,6958723
1709507584291,READ,/gpfs/aquamini2/nicolasl/lammps_workdir/restart.rst.10,6958724,6978555
1709507584292,READ,/gpfs/aquamini2/nicolasl/lammps_workdir/restart.rst.10,6978556,6998195
1709507584293,READ,/gpfs/aquamini2/nicolasl/lammps_workdir/restart.rst.10,6998196,7020115
1709507584294,READ,/gpfs/aquamini2/nicolasl/lammps_workdir/restart.rst.10,7020116,7041563
1709507584295,READ,/gpfs/aquamini2/nicolasl/lammps_workdir/restart.rst.10,7041564,7072955
1709507584296,READ,/gpfs/aquamini2/nicolasl/lammps_workdir/restart.rst.10,7072956,7096635
1709507584297,READ,/gpfs/aquamini2/nicolasl/lammps_workdir/restart.rst.10,7096636,7119643
1709507584298,READ,/gpfs/aquamini2/nicolasl/lammps_workdir/restart.rst.10,7119644,7143979
1709507584299,READ,/gpfs/aquamini2/nicolasl/lammps_workdir/restart.rst.10,7143980,7164691
1709507584300,READ,/gpfs/aquamini2/nicolasl/lammps_workdir/restart.rst.10,7164692,7196131
1709507584301,READ,/gpfs/aquamini2/nicolasl/lammps_workdir/restart.rst.10,7196132,7220475
1709507584302,READ,/gpfs/aquamini2/nicolasl/lammps_workdir/restart.rst.10,7220476,7242347
1709507584303,READ,/gpfs/aquamini2/nicolasl/lammps_workdir/restart.rst.10,7242348,7263803
1709507584304,READ,/gpfs/aquamini2/nicolasl/lammps_workdir/restart.rst.10,7263804,7290163
1709507584305,READ,/gpfs/aquamini2/nicolasl/lammps_workdir/restart.rst.10,7290164,7327019
1709507584306,READ,/gpfs/aquamini2/nicolasl/lammps_workdir/restart.rst.10,7327020,7347051
1709507584307,READ,/gpfs/aquamini2/nicolasl/lammps_workdir/restart.rst.10,7347052,7367299
1709507584308,READ,/gpfs/aquamini2/nicolasl/lammps_workdir/restart.rst.10,7367300,7388675
1709507584309,READ,/gpfs/aquamini2/nicolasl/lammps_workdir/restart.rst.10,7388676,7422011
1709507584310,READ,/gpfs/aquamini2/nicolasl/lammps_workdir/restart.rst.10,7422012,7444947
1709507584311,READ,/gpfs/aquamini2/nicolasl/lammps_workdir/restart.rst.10,7444948,7466067
1709507584312,READ,/gpfs/aquamini2/nicolasl/lammps_workdir/restart.rst.10,7466068,7489267
1709507584313,READ,/gpfs/aquamini2/nicolasl/lammps_workdir/restart.rst.10,7489268,7510595
1709507584314,READ,/gpfs/aquamini2/nicolasl/lammps_workdir/restart.rst.10,7510596,7532723
1709507584315,READ,/gpfs/aquamini2/nicolasl/lammps_workdir/restart.rst.10,7532724,7555267
1709507584316,READ,/gpfs/aquamini2/nicolasl/lammps_workdir/restart.rst.10,7555268,7577675
1709507584317,READ,/gpfs/aquamini2/nicolasl/lammps_workdir/restart.rst.10,7577676,7609723
1709507584318,READ,/gpfs/aquamini2/nicolasl/lammps_workdir/restart.rst.10,7609724,7629971
1709507584319,READ,/gpfs/aquamini2/nicolasl/lammps_workdir/restart.rst.10,7629972,7652643
1709507584320,READ,/gpfs/aquamini2/nicolasl/lammps_workdir/restart.rst.10,7652644,7674979
1709507584321,READ,/gpfs/aquamini2/nicolasl/lammps_workdir/restart.rst.10,7674980,7696643
1709507584322,READ,/gpfs/aquamini2/nicolasl/lammps_workdir/restart.rst.10,7696644,7715403
1709507584323,READ,/gpfs/aquamini2/nicolasl/lammps_workdir/restart.rst.10,7715404,7748603
1709507584324,READ,/gpfs/aquamini2/nicolasl/lammps_workdir/restart.rst.10,7748604,7769723
1709507584325,READ,/gpfs/aquamini2/nicolasl/lammps_workdir/restart.rst.10,7769724,7792395
1709507584326,READ,/gpfs/aquamini2/nicolasl/lammps_workdir/restart.rst.10,7792396,7825395
1709507584327,READ,/gpfs/aquamini2/nicolasl/lammps_workdir/restart.rst.10,7825396,7846787
1709507584328,READ,/gpfs/aquamini2/nicolasl/lammps_workdir/restart.rst.10,7846788,7865555
1709507584329,READ,/gpfs/aquamini2/nicolasl/lammps_workdir/restart.rst.10,7865556,7888027
1709507584330,READ,/gpfs/aquamini2/nicolasl/lammps_workdir/restart.rst.10,7888028,7909347
1709507584331,READ,/gpfs/aquamini2/nicolasl/lammps_workdir/restart.rst.10,7909348,7930867
1709507584332,READ,/gpfs/aquamini2/nicolasl/lammps_workdir/restart.rst.10,7930868,7951043
1709507584333,READ,/gpfs/aquamini2/nicolasl/lammps_workdir/restart.rst.10,7951044,7980811
1709507584334,READ,/gpfs/aquamini2/nicolasl/lammps_workdir/restart.rst.10,7980812,8002067
1709507584335,READ,/gpfs/aquamini2/nicolasl/lammps_workdir/restart.rst.10,8002068,8021499
1709507584336,READ,/gpfs/aquamini2/nicolasl/lammps_workdir/restart.rst.10,8021500,8043091
1709507584337,READ,/gpfs/aquamini2/nicolasl/lammps_workdir/restart.rst.10,8043092,8063139
1709507584338,READ,/gpfs/aquamini2/nicolasl/lammps_workdir/restart.rst.10,8063140,8095331
1709507584339,READ,/gpfs/aquamini2/nicolasl/lammps_workdir/restart.rst.10,8095332,8117475
1709507584340,READ,/gpfs/aquamini2/nicolasl/lammps_workdir/restart.rst.10,8117476,8139003
1709507584341,READ,/gpfs/aquamini2/nicolasl/lammps_workdir/restart.rst.10,8139004,8160659
1709507584342,READ,/gpfs/aquamini2/nicolasl/lammps_workdir/restart.rst.10,8160660,8182243
1709507584343,READ,/gpfs/aquamini2/nicolasl/lammps_workdir/restart.rst.10,8182244,8213963
1709507584344,READ,/gpfs/aquamini2/nicolasl/lammps_workdir/restart.rst.10,8213964,8236635
1709507584345,READ,/gpfs/aquamini2/nicolasl/lammps_workdir/restart.rst.10,8236636,8258635
1709507584346,READ,/gpfs/aquamini2/nicolasl/lammps_workdir/restart.rst.10,8258636,8279683
1709507584347,READ,/gpfs/aquamini2/nicolasl/lammps_workdir/restart.rst.10,8279684,8314891
1709507584348,READ,/gpfs/aquamini2/nicolasl/lammps_workdir/restart.rst.10,8314892,8336347
1709507584349,READ,/gpfs/aquamini2/nicolasl/lammps_workdir/restart.rst.10,8336348,8370491
1709507584350,READ,/gpfs/aquamini2/nicolasl/lammps_workdir/restart.rst.10,8370492,8380611
1709507584351,READ,/gpfs/aquamini2/nicolasl/lammps_workdir/restart.rst.10,8380612,8414963
1709507584352,READ,/gpfs/aquamini2/nicolasl/lammps_workdir/restart.rst.10,8414964,8437771
1709507584353,READ,/gpfs/aquamini2/nicolasl/lammps_workdir/restart.rst.10,8437772,8458747
1709507584354,READ,/gpfs/aquamini2/nicolasl/lammps_workdir/restart.rst.10,8458748,8479667
1709507584355,READ,/gpfs/aquamini2/nicolasl/lammps_workdir/restart.rst.10,8479668,8511459
1709507584356,READ,/gpfs/aquamini2/nicolasl/lammps_workdir/restart.rst.10,8511460,8531771
1709507584357,READ,/gpfs/aquamini2/nicolasl/lammps_workdir/restart.rst.10,8531772,8551611
1709507584358,READ,/gpfs/aquamini2/nicolasl/lammps_workdir/restart.rst.10,8551612,8582715
1709507584359,READ,/gpfs/aquamini2/nicolasl/lammps_workdir/restart.rst.10,8582716,8603435
1709507584360,READ,/gpfs/aquamini2/nicolasl/lammps_workdir/restart.rst.10,8603436,8625835
1709507584361,READ,/gpfs/aquamini2/nicolasl/lammps_workdir/restart.rst.10,8625836,8645947
1709507584362,READ,/gpfs/aquamini2/nicolasl/lammps_workdir/restart.rst.10,8645948,8667475
1709507584363,READ,/gpfs/aquamini2/nicolasl/lammps_workdir/restart.rst.10,8667476,8700939
1709507584364,READ,/gpfs/aquamini2/nicolasl/lammps_workdir/restart.rst.10,8700940,8723011
1709507584365,READ,/gpfs/aquamini2/nicolasl/lammps_workdir/restart.rst.10,8723012,8734483
1709507584366,READ,/gpfs/aquamini2/nicolasl/lammps_workdir/restart.rst.10,8734484,8768363
1709507584367,READ,/gpfs/aquamini2/nicolasl/lammps_workdir/restart.rst.10,8768364,8789283
1709507584368,READ,/gpfs/aquamini2/nicolasl/lammps_workdir/restart.rst.10,8789284,8810611
1709507584369,READ,/gpfs/aquamini2/nicolasl/lammps_workdir/restart.rst.10,8810612,8844139
1709507584370,READ,/gpfs/aquamini2/nicolasl/lammps_workdir/restart.rst.10,8844140,8866331
1709507584371,READ,/gpfs/aquamini2/nicolasl/lammps_workdir/restart.rst.10,8866332,8887523
1709507584372,READ,/gpfs/aquamini2/nicolasl/lammps_workdir/restart.rst.10,8887524,8921123
1709507584373,READ,/gpfs/aquamini2/nicolasl/lammps_workdir/restart.rst.10,8921124,8942579
1709507584374,READ,/gpfs/aquamini2/nicolasl/lammps_workdir/restart.rst.10,8942580,8964859
1709507584375,READ,/gpfs/aquamini2/nicolasl/lammps_workdir/restart.rst.10,8964860,8996707
1709507584376,READ,/gpfs/aquamini2/nicolasl/lammps_workdir/restart.rst.10,8996708,9017763
1709507584377,READ,/gpfs/aquamini2/nicolasl/lammps_workdir/restart.rst.10,9017764,9039091
1709507584378,READ,/gpfs/aquamini2/nicolasl/lammps_workdir/restart.rst.10,9039092,9060947
1709507584379,READ,/gpfs/aquamini2/nicolasl/lammps_workdir/restart.rst.10,9060948,9092923
1709507584380,READ,/gpfs/aquamini2/nicolasl/lammps_workdir/restart.rst.10,9092924,9113843
1709507584381,READ,/gpfs/aquamini2/nicolasl/lammps_workdir/restart.rst.10,9113844,9137003
1709507584382,READ,/gpfs/aquamini2/nicolasl/lammps_workdir/restart.rst.10,9137004,9158795
1709507584383,READ,/gpfs/aquamini2/nicolasl/lammps_workdir/restart.rst.10,9158796,9179043
1709507584384,READ,/gpfs/aquamini2/nicolasl/lammps_workdir/restart.rst.10,9179044,9209883
1709507584385,READ,/gpfs/aquamini2/nicolasl/lammps_workdir/restart.rst.10,9209884,9230131
1709507584386,READ,/gpfs/aquamini2/nicolasl/lammps_workdir/restart.rst.10,9230132,9252595
1709507584387,READ,/gpfs/aquamini2/nicolasl/lammps_workdir/restart.rst.10,9252596,9274131
1709507584388,READ,/gpfs/aquamini2/nicolasl/lammps_workdir/restart.rst.10,9274132,9298227
1709507584389,READ,/gpfs/aquamini2/nicolasl/lammps_workdir/restart.rst.10,9298228,9318059
1709507584390,READ,/gpfs/aquamini2/nicolasl/lammps_workdir/restart.rst.10,9318060,9340995
1709507584391,READ,/gpfs/aquamini2/nicolasl/lammps_workdir/restart.rst.10,9340996,9361979
1709507584392,READ,/gpfs/aquamini2/nicolasl/lammps_workdir/restart.rst.10,9361980,9394035
1709507584393,READ,/gpfs/aquamini2/nicolasl/lammps_workdir/restart.rst.10,9394036,9415227
1709507584394,READ,/gpfs/aquamini2/nicolasl/lammps_workdir/restart.rst.10,9415228,9436747
1709507584395,READ,/gpfs/aquamini2/nicolasl/lammps_workdir/restart.rst.10,9436748,9467251
1709507584396,READ,/gpfs/aquamini2/nicolasl/lammps_workdir/restart.rst.10,9467252,9487155
1709507584397,READ,/gpfs/aquamini2/nicolasl/lammps_workdir/restart.rst.10,9487156,9508003
1709507584398,READ,/gpfs/aquamini2/nicolasl/lammps_workdir/restart.rst.10,9508004,9539251
1709507584399,READ,/gpfs/aquamini2/nicolasl/lammps_workdir/restart.rst.10,9539252,9559291
1709507584400,READ,/gpfs/aquamini2/nicolasl/lammps_workdir/restart.rst.10,9559292,9577851
1709507584401,READ,/gpfs/aquamini2/nicolasl/lammps_workdir/restart.rst.10,9577852,9611723
1709507584402,READ,/gpfs/aquamini2/nicolasl/lammps_workdir/restart.rst.10,9611724,9634331
1709507584403,READ,/gpfs/aquamini2/nicolasl/lammps_workdir/restart.rst.10,9634332,9653571
1709507584404,READ,/gpfs/aquamini2/nicolasl/lammps_workdir/restart.rst.10,9653572,9675363
1709507584405,READ,/gpfs/aquamini2/nicolasl/lammps_workdir/restart.rst.10,9675364,9708411
1709507584406,READ,/gpfs/aquamini2/nicolasl/lammps_workdir/restart.rst.10,9708412,9730139
1709507584407,READ,/gpfs/aquamini2/nicolasl/lammps_workdir/restart.rst.10,9730140,9753547
1709507584408,READ,/gpfs/aquamini2/nicolasl/lammps_workdir/restart.rst.10,9753548,9785139
1709507584409,READ,/gpfs/aquamini2/nicolasl/lammps_workdir/restart.rst.10,9785140,9806603
1709507584410,READ,/gpfs/aquamini2/nicolasl/lammps_workdir/restart.rst.10,9806604,9828059
1709507584411,READ,/gpfs/aquamini2/nicolasl/lammps_workdir/restart.rst.10,9828060,9847435
1709507584412,READ,/gpfs/aquamini2/nicolasl/lammps_workdir/restart.rst.10,9847436,9867675
1709507584413,READ,/gpfs/aquamini2/nicolasl/lammps_workdir/restart.rst.10,9867676,9900947
1709507584414,READ,/gpfs/aquamini2/nicolasl/lammps_workdir/restart.rst.10,9900948,9923739
1709507584415,READ,/gpfs/aquamini2/nicolasl/lammps_workdir/restart.rst.10,9923740,9945059
1709507584416,READ,/gpfs/aquamini2/nicolasl/lammps_workdir/restart.rst.10,9945060,9966251
1709507584417,READ,/gpfs/aquamini2/nicolasl/lammps_workdir/restart.rst.10,9966252,9988115
1709507584418,READ,/gpfs/aquamini2/nicolasl/lammps_workdir/restart.rst.10,9988116,10009907
1709507584419,READ,/gpfs/aquamini2/nicolasl/lammps_workdir/restart.rst.10,10009908,10039603
1709507584420,READ,/gpfs/aquamini2/nicolasl/lammps_workdir/restart.rst.10,10039604,10060795
1709507584421,READ,/gpfs/aquamini2/nicolasl/lammps_workdir/restart.rst.10,10060796,10082323
1709507584422,READ,/gpfs/aquamini2/nicolasl/lammps_workdir/restart.rst.10,10082324,10114035
1709507584423,READ,/gpfs/aquamini2/nicolasl/lammps_workdir/restart.rst.10,10114036,10135019
1709507584424,READ,/gpfs/aquamini2/nicolasl/lammps_workdir/restart.rst.10,10135020,10158291
1709507584425,READ,/gpfs/aquamini2/nicolasl/lammps_workdir/restart.rst.10,10158292,10177731
1709507584426,READ,/gpfs/aquamini2/nicolasl/lammps_workdir/restart.rst.10,10177732,10198795
1709507584427,READ,/gpfs/aquamini2/nicolasl/lammps_workdir/restart.rst.10,10198796,10221603
1709507584428,READ,/gpfs/aquamini2/nicolasl/lammps_workdir/restart.rst.10,10221604,10243395
1709507584429,READ,/gpfs/aquamini2/nicolasl/lammps_workdir/restart.rst.10,10243396,10253739
1709507589125,READ,/gpfs/aquamini2/nicolasl/lammps_workdir/restart.rst.20,0,63067
1709507589126,READ,/gpfs/aquamini2/nicolasl/lammps_workdir/restart.rst.20,63068,124411
1709507589127,READ,/gpfs/aquamini2/nicolasl/lammps_workdir/restart.rst.20,124412,134939
1709507589128,READ,/gpfs/aquamini2/nicolasl/lammps_workdir/restart.rst.20,134940,207683
1709507589129,READ,/gpfs/aquamini2/nicolasl/lammps_workdir/restart.rst.20,207684,273875
1709507589130,READ,/gpfs/aquamini2/nicolasl/lammps_workdir/restart.rst.20,273876,337651
1709507589131,READ,/gpfs/aquamini2/nicolasl/lammps_workdir/restart.rst.20,337652,399787
1709507589132,READ,/gpfs/aquamini2/nicolasl/lammps_workdir/restart.rst.20,399788,464107
1709507589133,READ,/gpfs/aquamini2/nicolasl/lammps_workdir/restart.rst.20,464108,519771
1709507589134,READ,/gpfs/aquamini2/nicolasl/lammps_workdir/restart.rst.20,519772,583875
1709507589135,READ,/gpfs/aquamini2/nicolasl/lammps_workdir/restart.rst.20,583876,636451
1709507589136,READ,/gpfs/aquamini2/nicolasl/lammps_workdir/restart.rst.20,636452,700011
1709507589137,READ,/gpfs/aquamini2/nicolasl/lammps_workdir/restart.rst.20,700012,721731
1709507589138,READ,/gpfs/aquamini2/nicolasl/lammps_workdir/restart.rst.20,721732,751563
1709507589139,READ,/gpfs/aquamini2/nicolasl/lammps_workdir/restart.rst.20,751564,774171
1709507589140,READ,/gpfs/aquamini2/nicolasl/lammps_workdir/restart.rst.20,774172,805547
1709507589141,READ,/gpfs/aquamini2/nicolasl/lammps_workdir/restart.rst.20,805548,827411
1709507589142,READ,/gpfs/aquamini2/nicolasl/lammps_workdir/restart.rst.20,827412,859395
1709507589143,READ,/gpfs/aquamini2/nicolasl/lammps_workdir/restart.rst.20,859396,879163
1709507589144,READ,/gpfs/aquamini2/nicolasl/lammps_workdir/restart.rst.20,879164,911411
1709507589145,READ,/gpfs/aquamini2/nicolasl/lammps_workdir/restart.rst.20,911412,923555
1709507589146,READ,/gpfs/aquamini2/nicolasl/lammps_workdir/restart.rst.20,923556,954667
1709507589147,READ,/gpfs/aquamini2/nicolasl/lammps_workdir/restart.rst.20,954668,976603
1709507589148,READ,/gpfs/aquamini2/nicolasl/lammps_workdir/restart.rst.20,976604,1009403
1709507589149,READ,/gpfs/aquamini2/nicolasl/lammps_workdir/restart.rst.20,1009404,1030387
1709507589150,READ,/gpfs/aquamini2/nicolasl/lammps_workdir/restart.rst.20,1030388,1050835
1709507589151,READ,/gpfs/aquamini2/nicolasl/lammps_workdir/restart.rst.20,1050836,1073307
1709507589152,READ,/gpfs/aquamini2/nicolasl/lammps_workdir/restart.rst.20,1073308,1105227
1709507589153,READ,/gpfs/aquamini2/nicolasl/lammps_workdir/restart.rst.20,1105228,1127155
1709507589154,READ,/gpfs/aquamini2/nicolasl/lammps_workdir/restart.rst.20,1127156,1148011
1709507589155,READ,/gpfs/aquamini2/nicolasl/lammps_workdir/restart.rst.20,1148012,1181475
1709507589156,READ,/gpfs/aquamini2/nicolasl/lammps_workdir/restart.rst.20,1181476,1203339
1709507589157,READ,/gpfs/aquamini2/nicolasl/lammps_workdir/restart.rst.20,1203340,1222579
1709507589158,READ,/gpfs/aquamini2/nicolasl/lammps_workdir/restart.rst.20,1222580,1244035
1709507589159,READ,/gpfs/aquamini2/nicolasl/lammps_workdir/restart.rst.20,1244036,1275275
1709507589160,READ,/gpfs/aquamini2/nicolasl/lammps_workdir/restart.rst.20,1275276,1297339
1709507589161,READ,/gpfs/aquamini2/nicolasl/lammps_workdir/restart.rst.20,1297340,1316843
1709507589162,READ,/gpfs/aquamini2/nicolasl/lammps_workdir/restart.rst.20,1316844,1339107
1709507589163,READ,/gpfs/aquamini2/nicolasl/lammps_workdir/restart.rst.20,1339108,1371635
1709507589164,READ,/gpfs/aquamini2/nicolasl/lammps_workdir/restart.rst.20,1371636,1392955
1709507589165,READ,/gpfs/aquamini2/nicolasl/lammps_workdir/restart.rst.20,1392956,1416907
1709507589166,READ,/gpfs/aquamini2/nicolasl/lammps_workdir/restart.rst.20,1416908,1436419
1709507589167,READ,/gpfs/aquamini2/nicolasl/lammps_workdir/restart.rst.20,1436420,1457539
1709507589168,READ,/gpfs/aquamini2/nicolasl/lammps_workdir/restart.rst.20,1457540,1488235
1709507589169,READ,/gpfs/aquamini2/nicolasl/lammps_workdir/restart.rst.20,1488236,1509827
1709507589170,READ,/gpfs/aquamini2/nicolasl/lammps_workdir/restart.rst.20,1509828,1532091
1709507589171,READ,/gpfs/aquamini2/nicolasl/lammps_workdir/restart.rst.20,1532092,1553155
1709507589172,READ,/gpfs/aquamini2/nicolasl/lammps_workdir/restart.rst.20,1553156,1583523
1709507589173,READ,/gpfs/aquamini2/nicolasl/lammps_workdir/restart.rst.20,1583524,1605251
1709507589174,READ,/gpfs/aquamini2/nicolasl/lammps_workdir/restart.rst.20,1605252,1626035
1709507589175,READ,/gpfs/aquamini2/nicolasl/lammps_workdir/restart.rst.20,1626036,1656347
1709507589176,READ,/gpfs/aquamini2/nicolasl/lammps_workdir/restart.rst.20,1656348,1677731
1709507589177,READ,/gpfs/aquamini2/nicolasl/lammps_workdir/restart.rst.20,1677732,1698387
1709507589178,READ,/gpfs/aquamini2/nicolasl/lammps_workdir/restart.rst.20,1698388,1721339
1709507589179,READ,/gpfs/aquamini2/nicolasl/lammps_workdir/restart.rst.20,1721340,1752323
1709507589180,READ,/gpfs/aquamini2/nicolasl/lammps_workdir/restart.rst.20,1752324,1773339
1709507589181,READ,/gpfs/aquamini2/nicolasl/lammps_workdir/restart.rst.20,1773340,1803507
1709507589182,READ,/gpfs/aquamini2/nicolasl/lammps_workdir/restart.rst.20,1803508,1815387
1709507589183,READ,/gpfs/aquamini2/nicolasl/lammps_workdir/restart.rst.20,1815388,1848059
1709507589184,READ,/gpfs/aquamini2/nicolasl/lammps_workdir/restart.rst.20,1848060,1872739
1709507589185,READ,/gpfs/aquamini2/nicolasl/lammps_workdir/restart.rst.20,1872740,1907091
1709507589186,READ,/gpfs/aquamini2/nicolasl/lammps_workdir/restart.rst.20,1907092,1930955
1709507589187,READ,/gpfs/aquamini2/nicolasl/lammps_workdir/restart.rst.20,1930956,1961011
1709507589188,READ,/gpfs/aquamini2/nicolasl/lammps_workdir/restart.rst.20,1961012,1982259
1709507589189,READ,/gpfs/aquamini2/nicolasl/lammps_workdir/restart.rst.20,1982260,2005803
1709507589190,READ,/gpfs/aquamini2/nicolasl/lammps_workdir/restart.rst.20,2005804,2027715
1709507589191,READ,/gpfs/aquamini2/nicolasl/lammps_workdir/restart.rst.20,2027716,2061867
1709507589192,READ,/gpfs/aquamini2/nicolasl/lammps_workdir/restart.rst.20,2061868,2082723
1709507589193,READ,/gpfs/aquamini2/nicolasl/lammps_workdir/restart.rst.20,2082724,2104859
1709507589194,READ,/gpfs/aquamini2/nicolasl/lammps_workdir/restart.rst.20,2104860,2138795
1709507589195,READ,/gpfs/aquamini2/nicolasl/lammps_workdir/restart.rst.20,2138796,2158763
1709507589196,READ,/gpfs/aquamini2/nicolasl/lammps_workdir/restart.rst.20,2158764,2180363
1709507589197,READ,/gpfs/aquamini2/nicolasl/lammps_workdir/restart.rst.20,2180364,2212411
1709507589198,READ,/gpfs/aquamini2/nicolasl/lammps_workdir/restart.rst.20,2212412,2234283
1709507589199,READ,/gpfs/aquamini2/nicolasl/lammps_workdir/restart.rst.20,2234284,2254123
1709507589200,READ,/gpfs/aquamini2/nicolasl/lammps_workdir/restart.rst.20,2254124,2284691
1709507589201,READ,/gpfs/aquamini2/nicolasl/lammps_workdir/restart.rst.20,2284692,2306827
1709507589202,READ,/gpfs/aquamini2/nicolasl/lammps_workdir/restart.rst.20,2306828,2328947
1709507589203,READ,/gpfs/aquamini2/nicolasl/lammps_workdir/restart.rst.20,2328948,2359859
1709507589204,READ,/gpfs/aquamini2/nicolasl/lammps_workdir/restart.rst.20,2359860,2380043
1709507589205,READ,/gpfs/aquamini2/nicolasl/lammps_workdir/restart.rst.20,2380044,2401363
1709507589206,READ,/gpfs/aquamini2/nicolasl/lammps_workdir/restart.rst.20,2401364,2432875
1709507589207,READ,/gpfs/aquamini2/nicolasl/lammps_workdir/restart.rst.20,2432876,2455075
1709507589208,READ,/gpfs/aquamini2/nicolasl/lammps_workdir/restart.rst.20,2455076,2478627
1709507589209,READ,/gpfs/aquamini2/nicolasl/lammps_workdir/restart.rst.20,2478628,2510347
1709507589210,READ,/gpfs/aquamini2/nicolasl/lammps_workdir/restart.rst.20,2510348,2530867
1709507589211,READ,/gpfs/aquamini2/nicolasl/lammps_workdir/restart.rst.20,2530868,2566763
1709507589212,READ,/gpfs/aquamini2/nicolasl/lammps_workdir/restart.rst.20,2566764,2587611
1709507589213,READ,/gpfs/aquamini2/nicolasl/lammps_workdir/restart.rst.20,2587612,2620675
1709507589214,READ,/gpfs/aquamini2/nicolasl/lammps_workdir/restart.rst.20,2620676,2643419
1709507589215,READ,/gpfs/aquamini2/nicolasl/lammps_workdir/restart.rst.20,2643420,2664739
1709507589216,READ,/gpfs/aquamini2/nicolasl/lammps_workdir/restart.rst.20,2664740,2698827
1709507589217,READ,/gpfs/aquamini2/nicolasl/lammps_workdir/restart.rst.20,2698828,2719211
1709507589218,READ,/gpfs/aquamini2/nicolasl/lammps_workdir/restart.rst.20,2719212,2739331
1709507589219,READ,/gpfs/aquamini2/nicolasl/lammps_workdir/restart.rst.20,2739332,2760251
1709507589220,READ,/gpfs/aquamini2/nicolasl/lammps_workdir/restart.rst.20,2760252,2781627
1709507589221,READ,/gpfs/aquamini2/nicolasl/lammps_workdir/restart.rst.20,2781628,2815155
1709507589222,READ,/gpfs/aquamini2/nicolasl/lammps_workdir/restart.rst.20,2815156,2836155
1709507589223,READ,/gpfs/aquamini2/nicolasl/lammps_workdir/restart.rst.20,2836156,2861259
1709507589224,READ,/gpfs/aquamini2/nicolasl/lammps_workdir/restart.rst.20,2861260,2883523
1709507589225,READ,/gpfs/aquamini2/nicolasl/lammps_workdir/restart.rst.20,2883524,2915467
1709507589226,READ,/gpfs/aquamini2/nicolasl/lammps_workdir/restart.rst.20,2915468,2930467
1709507589227,READ,/gpfs/aquamini2/nicolasl/lammps_workdir/restart.rst.20,2930468,2968595
1709507589228,READ,/gpfs/aquamini2/nicolasl/lammps_workdir/restart.rst.20,2968596,2991011
1709507589229,READ,/gpfs/aquamini2/nicolasl/lammps_workdir/restart.rst.20,2991012,3024427
1709507589230,READ,/gpfs/aquamini2/nicolasl/lammps_workdir/restart.rst.20,3024428,3040427
1709507589231,READ,/gpfs/aquamini2/nicolasl/lammps_workdir/restart.rst.20,3040428,3071515
1709507589232,READ,/gpfs/aquamini2/nicolasl/lammps_workdir/restart.rst.20,3071516,3094715
1709507589233,READ,/gpfs/aquamini2/nicolasl/lammps_workdir/restart.rst.20,3094716,3141755
1709507589234,READ,/gpfs/aquamini2/nicolasl/lammps_workdir/restart.rst.20,3141756,3163187
1709507589235,READ,/gpfs/aquamini2/nicolasl/lammps_workdir/restart.rst.20,3163188,3190491
1709507589236,READ,/gpfs/aquamini2/nicolasl/lammps_workdir/restart.rst.20,3190492,3211211
1709507589237,READ,/gpfs/aquamini2/nicolasl/lammps_workdir/restart.rst.20,3211212,3240363
1709507589238,READ,/gpfs/aquamini2/nicolasl/lammps_workdir/restart.rst.20,3240364,3262803
1709507589239,READ,/gpfs/aquamini2/nicolasl/lammps_workdir/restart.rst.20,3262804,3301955
1709507589240,READ,/gpfs/aquamini2/nicolasl/lammps_workdir/restart.rst.20,3301956,3321251
1709507589241,READ,/gpfs/aquamini2/nicolasl/lammps_workdir/restart.rst.20,3321252,3342779
1709507589242,READ,/gpfs/aquamini2/nicolasl/lammps_workdir/restart.rst.20,3342780,3386299
1709507589243,READ,/gpfs/aquamini2/nicolasl/lammps_workdir/restart.rst.20,3386300,3406475
1709507589244,READ,/gpfs/aquamini2/nicolasl/lammps_workdir/restart.rst.20,3406476,3431171
1709507589245,READ,/gpfs/aquamini2/nicolasl/lammps_workdir/restart.rst.20,3431172,3454563
1709507589246,READ,/gpfs/aquamini2/nicolasl/lammps_workdir/restart.rst.20,3454564,3478531
1709507589247,READ,/gpfs/aquamini2/nicolasl/lammps_workdir/restart.rst.20,3478532,3513003
1709507589248,READ,/gpfs/aquamini2/nicolasl/lammps_workdir/restart.rst.20,3513004,3533451
1709507589249,READ,/gpfs/aquamini2/nicolasl/lammps_workdir/restart.rst.20,3533452,3555115
1709507589250,READ,/gpfs/aquamini2/nicolasl/lammps_workdir/restart.rst.20,3555116,3587363
1709507589251,READ,/gpfs/aquamini2/nicolasl/lammps_workdir/restart.rst.20,3587364,3609563
1709507589252,READ,/gpfs/aquamini2/nicolasl/lammps_workdir/restart.rst.20,3609564,3644035
1709507589253,READ,/gpfs/aquamini2/nicolasl/lammps_workdir/restart.rst.20,3644036,3664611
1709507589254,READ,/gpfs/aquamini2/nicolasl/lammps_workdir/restart.rst.20,3664612,3685267
1709507589255,READ,/gpfs/aquamini2/nicolasl/lammps_workdir/restart.rst.20,3685268,3705635
1709507589256,READ,/gpfs/aquamini2/nicolasl/lammps_workdir/restart.rst.20,3705636,3737891
1709507589257,READ,/gpfs/aquamini2/nicolasl/lammps_workdir/restart.rst.20,3737892,3760555
1709507589258,READ,/gpfs/aquamini2/nicolasl/lammps_workdir/restart.rst.20,3760556,3782563
1709507589259,READ,/gpfs/aquamini2/nicolasl/lammps_workdir/restart.rst.20,3782564,3813403
1709507589260,READ,/gpfs/aquamini2/nicolasl/lammps_workdir/restart.rst.20,3813404,3833259
1709507589261,READ,/gpfs/aquamini2/nicolasl/lammps_workdir/restart.rst.20,3833260,3855723
1709507589262,READ,/gpfs/aquamini2/nicolasl/lammps_workdir/restart.rst.20,3855724,3889659
1709507589263,READ,/gpfs/aquamini2/nicolasl/lammps_workdir/restart.rst.20,3889660,3910843
1709507589264,READ,/gpfs/aquamini2/nicolasl/lammps_workdir/restart.rst.20,3910844,3943499
1709507589265,READ,/gpfs/aquamini2/nicolasl/lammps_workdir/restart.rst.20,3943500,3962739
1709507589266,READ,/gpfs/aquamini2/nicolasl/lammps_workdir/restart.rst.20,3962740,3984395
1709507589267,READ,/gpfs/aquamini2/nicolasl/lammps_workdir/restart.rst.20,3984396,4015571
1709507589268,READ,/gpfs/aquamini2/nicolasl/lammps_workdir/restart.rst.20,4015572,4037971
1709507589269,READ,/gpfs/aquamini2/nicolasl/lammps_workdir/restart.rst.20,4037972,4068603
1709507589270,READ,/gpfs/aquamini2/nicolasl/lammps_workdir/restart.rst.20,4068604,4079203
1709507589271,READ,/gpfs/aquamini2/nicolasl/lammps_workdir/restart.rst.20,4079204,4100987
1709507589272,READ,/gpfs/aquamini2/nicolasl/lammps_workdir/restart.rst.20,4100988,4132739
1709507589273,READ,/gpfs/aquamini2/nicolasl/lammps_workdir/restart.rst.20,4132740,4152507
1709507589274,READ,/gpfs/aquamini2/nicolasl/lammps_workdir/restart.rst.20,4152508,4176299
1709507589309,READ,/gpfs/aquamini2/nicolasl/lammps_workdir/restart.rst.20,4176300,4216235
1709507589310,READ,/gpfs/aquamini2/nicolasl/lammps_workdir/restart.rst.20,4216236,4239171
1709507589311,READ,/gpfs/aquamini2/nicolasl/lammps_workdir/restart.rst.20,4239172,4271275
1709507589312,READ,/gpfs/aquamini2/nicolasl/lammps_workdir/restart.rst.20,4271276,4293827
1709507589313,READ,/gpfs/aquamini2/nicolasl/lammps_workdir/restart.rst.20,4293828,4316227
1709507589314,READ,/gpfs/aquamini2/nicolasl/lammps_workdir/restart.rst.20,4316228,4345771
1709507589315,READ,/gpfs/aquamini2/nicolasl/lammps_workdir/restart.rst.20,4345772,4371971
1709507589316,READ,/gpfs/aquamini2/nicolasl/lammps_workdir/restart.rst.20,4371972,4407331
1709507589317,READ,/gpfs/aquamini2/nicolasl/lammps_workdir/restart.rst.20,4407332,4432787
1709507589318,READ,/gpfs/aquamini2/nicolasl/lammps_workdir/restart.rst.20,4432788,4471499
1709507589319,READ,/gpfs/aquamini2/nicolasl/lammps_workdir/restart.rst.20,4471500,4491203
1709507589320,READ,/gpfs/aquamini2/nicolasl/lammps_workdir/restart.rst.20,4491204,4516043
1709507589321,READ,/gpfs/aquamini2/nicolasl/lammps_workdir/restart.rst.20,4516044,4557611
1709507589322,READ,/gpfs/aquamini2/nicolasl/lammps_workdir/restart.rst.20,4557612,4578131
1709507589323,READ,/gpfs/aquamini2/nicolasl/lammps_workdir/restart.rst.20,4578132,4618003
1709507589324,READ,/gpfs/aquamini2/nicolasl/lammps_workdir/restart.rst.20,4618004,4641003
1709507589325,READ,/gpfs/aquamini2/nicolasl/lammps_workdir/restart.rst.20,4641004,4684267
1709507589326,READ,/gpfs/aquamini2/nicolasl/lammps_workdir/restart.rst.20,4684268,4713123
1709507589327,READ,/gpfs/aquamini2/nicolasl/lammps_workdir/restart.rst.20,4713124,4741051
1709507589328,READ,/gpfs/aquamini2/nicolasl/lammps_workdir/restart.rst.20,4741052,4763051
1709507589329,READ,/gpfs/aquamini2/nicolasl/lammps_workdir/restart.rst.20,4763052,4797499
1709507589330,READ,/gpfs/aquamini2/nicolasl/lammps_workdir/restart.rst.20,4797500,4843171
1709507589331,READ,/gpfs/aquamini2/nicolasl/lammps_workdir/restart.rst.20,4843172,4867275
1709507589332,READ,/gpfs/aquamini2/nicolasl/lammps_workdir/restart.rst.20,4867276,4899795
1709507589333,READ,/gpfs/aquamini2/nicolasl/lammps_workdir/restart.rst.20,4899796,4917491
1709507589334,READ,/gpfs/aquamini2/nicolasl/lammps_workdir/restart.rst.20,4917492,4948515
1709507589335,READ,/gpfs/aquamini2/nicolasl/lammps_workdir/restart.rst.20,4948516,4970107
1709507589336,READ,/gpfs/aquamini2/nicolasl/lammps_workdir/restart.rst.20,4970108,4989883
1709507589337,READ,/gpfs/aquamini2/nicolasl/lammps_workdir/restart.rst.20,4989884,5022299
1709507589338,READ,/gpfs/aquamini2/nicolasl/lammps_workdir/restart.rst.20,5022300,5042347
1709507589339,READ,/gpfs/aquamini2/nicolasl/lammps_workdir/restart.rst.20,5042348,5075003
1709507589340,READ,/gpfs/aquamini2/nicolasl/lammps_workdir/restart.rst.20,5075004,5096251
1709507589341,READ,/gpfs/aquamini2/nicolasl/lammps_workdir/restart.rst.20,5096252,5118451
1709507589342,READ,/gpfs/aquamini2/nicolasl/lammps_workdir/restart.rst.20,5118452,5149827
1709507589343,READ,/gpfs/aquamini2/nicolasl/lammps_workdir/restart.rst.20,5149828,5170075
1709507589344,READ,/gpfs/aquamini2/nicolasl/lammps_workdir/restart.rst.20,5170076,5190323
1709507589345,READ,/gpfs/aquamini2/nicolasl/lammps_workdir/restart.rst.20,5190324,5221835
1709507589346,READ,/gpfs/aquamini2/nicolasl/lammps_workdir/restart.rst.20,5221836,5243699
1709507589347,READ,/gpfs/aquamini2/nicolasl/lammps_workdir/restart.rst.20,5243700,5265563
1709507589348,READ,/gpfs/aquamini2/nicolasl/lammps_workdir/restart.rst.20,5265564,5296467
1709507589349,READ,/gpfs/aquamini2/nicolasl/lammps_workdir/restart.rst.20,5296468,5318395
1709507589350,READ,/gpfs/aquamini2/nicolasl/lammps_workdir/restart.rst.20,5318396,5350187
1709507589351,READ,/gpfs/aquamini2/nicolasl/lammps_workdir/restart.rst.20,5350188,5370963
1709507589352,READ,/gpfs/aquamini2/nicolasl/lammps_workdir/restart.rst.20,5370964,5391547
1709507589353,READ,/gpfs/aquamini2/nicolasl/lammps_workdir/restart.rst.20,5391548,5422787
1709507589354,READ,/gpfs/aquamini2/nicolasl/lammps_workdir/restart.rst.20,5422788,5445059
1709507589355,READ,/gpfs/aquamini2/nicolasl/lammps_workdir/restart.rst.20,5445060,5477843
1709507589356,READ,/gpfs/aquamini2/nicolasl/lammps_workdir/restart.rst.20,5477844,5499443
1709507589357,READ,/gpfs/aquamini2/nicolasl/lammps_workdir/restart.rst.20,5499444,5521779
1709507589358,READ,/gpfs/aquamini2/nicolasl/lammps_workdir/restart.rst.20,5521780,5543099
1709507589359,READ,/gpfs/aquamini2/nicolasl/lammps_workdir/restart.rst.20,5543100,5575051
1709507589360,READ,/gpfs/aquamini2/nicolasl/lammps_workdir/restart.rst.20,5575052,5596643
1709507589361,READ,/gpfs/aquamini2/nicolasl/lammps_workdir/restart.rst.20,5596644,5618699
1709507589362,READ,/gpfs/aquamini2/nicolasl/lammps_workdir/restart.rst.20,5618700,5641555
1709507589363,READ,/gpfs/aquamini2/nicolasl/lammps_workdir/restart.rst.20,5641556,5681251
1709507589364,READ,/gpfs/aquamini2/nicolasl/lammps_workdir/restart.rst.20,5681252,5712571
1709507589365,READ,/gpfs/aquamini2/nicolasl/lammps_workdir/restart.rst.20,5712572,5739139
1709507589366,READ,/gpfs/aquamini2/nicolasl/lammps_workdir/restart.rst.20,5739140,5757459
1709507589367,READ,/gpfs/aquamini2/nicolasl/lammps_workdir/restart.rst.20,5757460,5788819
1709507589368,READ,/gpfs/aquamini2/nicolasl/lammps_workdir/restart.rst.20,5788820,5808523
1709507589369,READ,/gpfs/aquamini2/nicolasl/lammps_workdir/restart.rst.20,5808524,5843003
1709507589370,READ,/gpfs/aquamini2/nicolasl/lammps_workdir/restart.rst.20,5843004,5860915
1709507589371,READ,/gpfs/aquamini2/nicolasl/lammps_workdir/restart.rst.20,5860916,5878587
1709507589372,READ,/gpfs/aquamini2/nicolasl/lammps_workdir/restart.rst.20,5878588,5924155
1709507589373,READ,/gpfs/aquamini2/nicolasl/lammps_workdir/restart.rst.20,5924156,5946027
1709507589374,READ,/gpfs/aquamini2/nicolasl/lammps_workdir/restart.rst.20,5946028,5984403
1709507589375,READ,/gpfs/aquamini2/nicolasl/lammps_workdir/restart.rst.20,5984404,6008195
1709507589376,READ,/gpfs/aquamini2/nicolasl/lammps_workdir/restart.rst.20,6008196,6049731
1709507589377,READ,/gpfs/aquamini2/nicolasl/lammps_workdir/restart.rst.20,6049732,6073515
1709507589378,READ,/gpfs/aquamini2/nicolasl/lammps_workdir/restart.rst.20,6073516,6085803
1709507589379,READ,/gpfs/aquamini2/nicolasl/lammps_workdir/restart.rst.20,6085804,6125227
1709507589380,READ,/gpfs/aquamini2/nicolasl/lammps_workdir/restart.rst.20,6125228,6147019
1709507589381,READ,/gpfs/aquamini2/nicolasl/lammps_workdir/restart.rst.20,6147020,6176035
1709507589382,READ,/gpfs/aquamini2/nicolasl/lammps_workdir/restart.rst.20,6176036,6208427
1709507589383,READ,/gpfs/aquamini2/nicolasl/lammps_workdir/restart.rst.20,6208428,6233387
1709507589384,READ,/gpfs/aquamini2/nicolasl/lammps_workdir/restart.rst.20,6233388,6262235
1709507589385,READ,/gpfs/aquamini2/nicolasl/lammps_workdir/restart.rst.20,6262236,6283211
1709507589386,READ,/gpfs/aquamini2/nicolasl/lammps_workdir/restart.rst.20,6283212,6304667
1709507589387,READ,/gpfs/aquamini2/nicolasl/lammps_workdir/restart.rst.20,6304668,6325523
1709507589388,READ,/gpfs/aquamini2/nicolasl/lammps_workdir/restart.rst.20,6325524,6343059
1709507589389,READ,/gpfs/aquamini2/nicolasl/lammps_workdir/restart.rst.20,6343060,6373163
1709507589390,READ,/gpfs/aquamini2/nicolasl/lammps_workdir/restart.rst.20,6373164,6395435
1709507589391,READ,/gpfs/aquamini2/nicolasl/lammps_workdir/restart.rst.20,6395436,6417963
1709507589392,READ,/gpfs/aquamini2/nicolasl/lammps_workdir/restart.rst.20,6417964,6439755
1709507589393,READ,/gpfs/aquamini2/nicolasl/lammps_workdir/restart.rst.20,6439756,6471059
1709507589394,READ,/gpfs/aquamini2/nicolasl/lammps_workdir/restart.rst.20,6471060,6491507
1709507589395,READ,/gpfs/aquamini2/nicolasl/lammps_workdir/restart.rst.20,6491508,6511347
1709507589396,READ,/gpfs/aquamini2/nicolasl/lammps_workdir/restart.rst.20,6511348,6542259
1709507589397,READ,/gpfs/aquamini2/nicolasl/lammps_workdir/restart.rst.20,6542260,6563651
1709507589398,READ,/gpfs/aquamini2/nicolasl/lammps_workdir/restart.rst.20,6563652,6584563
1709507589399,READ,/gpfs/aquamini2/nicolasl/lammps_workdir/restart.rst.20,6584564,6618771
1709507589400,READ,/gpfs/aquamini2/nicolasl/lammps_workdir/restart.rst.20,6618772,6639219
1709507589401,READ,/gpfs/aquamini2/nicolasl/lammps_workdir/restart.rst.20,6639220,6661483
1709507589402,READ,/gpfs/aquamini2/nicolasl/lammps_workdir/restart.rst.20,6661484,6683075
1709507589403,READ,/gpfs/aquamini2/nicolasl/lammps_workdir/restart.rst.20,6683076,6716067
1709507589404,READ,/gpfs/aquamini2/nicolasl/lammps_workdir/restart.rst.20,6716068,6738531
1709507589405,READ,/gpfs/aquamini2/nicolasl/lammps_workdir/restart.rst.20,6738532,6760531
1709507589406,READ,/gpfs/aquamini2/nicolasl/lammps_workdir/restart.rst.20,6760532,6792779
1709507589407,READ,/gpfs/aquamini2/nicolasl/lammps_workdir/restart.rst.20,6792780,6814171
1709507589408,READ,/gpfs/aquamini2/nicolasl/lammps_workdir/restart.rst.20,6814172,6846763
1709507589409,READ,/gpfs/aquamini2/nicolasl/lammps_workdir/restart.rst.20,6846764,6865459
1709507589410,READ,/gpfs/aquamini2/nicolasl/lammps_workdir/restart.rst.20,6865460,6898259
1709507589411,READ,/gpfs/aquamini2/nicolasl/lammps_workdir/restart.rst.20,6898260,6920051
1709507589412,READ,/gpfs/aquamini2/nicolasl/lammps_workdir/restart.rst.20,6920052,6942315
1709507589413,READ,/gpfs/aquamini2/nicolasl/lammps_workdir/restart.rst.20,6942316,6962963
1709507589414,READ,/gpfs/aquamini2/nicolasl/lammps_workdir/restart.rst.20,6962964,6982667
1709507589415,READ,/gpfs/aquamini2/nicolasl/lammps_workdir/restart.rst.20,6982668,7013907
1709507589416,READ,/gpfs/aquamini2/nicolasl/lammps_workdir/restart.rst.20,7013908,7033611
1709507589417,READ,/gpfs/aquamini2/nicolasl/lammps_workdir/restart.rst.20,7033612,7067275
1709507589418,READ,/gpfs/aquamini2/nicolasl/lammps_workdir/restart.rst.20,7067276,7090019
1709507589419,READ,/gpfs/aquamini2/nicolasl/lammps_workdir/restart.rst.20,7090020,7122947
1709507589420,READ,/gpfs/aquamini2/nicolasl/lammps_workdir/restart.rst.20,7122948,7147147
1709507589421,READ,/gpfs/aquamini2/nicolasl/lammps_workdir/restart.rst.20,7147148,7168195
1709507589422,READ,/gpfs/aquamini2/nicolasl/lammps_workdir/restart.rst.20,7168196,7188243
1709507589423,READ,/gpfs/aquamini2/nicolasl/lammps_workdir/restart.rst.20,7188244,7210707
1709507589424,READ,/gpfs/aquamini2/nicolasl/lammps_workdir/restart.rst.20,7210708,7245107
1709507589425,READ,/gpfs/aquamini2/nicolasl/lammps_workdir/restart.rst.20,7245108,7267179
1709507589426,READ,/gpfs/aquamini2/nicolasl/lammps_workdir/restart.rst.20,7267180,7292619
1709507589427,READ,/gpfs/aquamini2/nicolasl/lammps_workdir/restart.rst.20,7292620,7317747
1709507589428,READ,/gpfs/aquamini2/nicolasl/lammps_workdir/restart.rst.20,7317748,7350051
1709507589429,READ,/gpfs/aquamini2/nicolasl/lammps_workdir/restart.rst.20,7350052,7370227
1709507589430,READ,/gpfs/aquamini2/nicolasl/lammps_workdir/restart.rst.20,7370228,7391195
1709507589431,READ,/gpfs/aquamini2/nicolasl/lammps_workdir/restart.rst.20,7391196,7413803
1709507589432,READ,/gpfs/aquamini2/nicolasl/lammps_workdir/restart.rst.20,7413804,7435715
1709507589433,READ,/gpfs/aquamini2/nicolasl/lammps_workdir/restart.rst.20,7435716,7467971
1709507589434,READ,/gpfs/aquamini2/nicolasl/lammps_workdir/restart.rst.20,7467972,7491579
1709507589435,READ,/gpfs/aquamini2/nicolasl/lammps_workdir/restart.rst.20,7491580,7513587
1709507589436,READ,/gpfs/aquamini2/nicolasl/lammps_workdir/restart.rst.20,7513588,7547131
1709507589437,READ,/gpfs/aquamini2/nicolasl/lammps_workdir/restart.rst.20,7547132,7557795
1709507589438,READ,/gpfs/aquamini2/nicolasl/lammps_workdir/restart.rst.20,7557796,7579795
1709507589439,READ,/gpfs/aquamini2/nicolasl/lammps_workdir/restart.rst.20,7579796,7611379
1709507589440,READ,/gpfs/aquamini2/nicolasl/lammps_workdir/restart.rst.20,7611380,7631083
1709507589441,READ,/gpfs/aquamini2/nicolasl/lammps_workdir/restart.rst.20,7631084,7653491
1709507589442,READ,/gpfs/aquamini2/nicolasl/lammps_workdir/restart.rst.20,7653492,7676235
1709507589443,READ,/gpfs/aquamini2/nicolasl/lammps_workdir/restart.rst.20,7676236,7698499
1709507589444,READ,/gpfs/aquamini2/nicolasl/lammps_workdir/restart.rst.20,7698500,7729339
1709507589445,READ,/gpfs/aquamini2/nicolasl/lammps_workdir/restart.rst.20,7729340,7750867
1709507589446,READ,/gpfs/aquamini2/nicolasl/lammps_workdir/restart.rst.20,7750868,7782115
1709507589447,READ,/gpfs/aquamini2/nicolasl/lammps_workdir/restart.rst.20,7782116,7804251
1709507589448,READ,/gpfs/aquamini2/nicolasl/lammps_workdir/restart.rst.20,7804252,7825979
1709507589449,READ,/gpfs/aquamini2/nicolasl/lammps_workdir/restart.rst.20,7825980,7857835
1709507589450,READ,/gpfs/aquamini2/nicolasl/lammps_workdir/restart.rst.20,7857836,7866139
1709507589451,READ,/gpfs/aquamini2/nicolasl/lammps_workdir/restart.rst.20,7866140,7899339
1709507589452,READ,/gpfs/aquamini2/nicolasl/lammps_workdir/restart.rst.20,7899340,7919787
1709507589453,READ,/gpfs/aquamini2/nicolasl/lammps_workdir/restart.rst.20,7919788,7941779
1709507589454,READ,/gpfs/aquamini2/nicolasl/lammps_workdir/restart.rst.20,7941780,7962227
1709507589455,READ,/gpfs/aquamini2/nicolasl/lammps_workdir/restart.rst.20,7962228,7991435
1709507589456,READ,/gpfs/aquamini2/nicolasl/lammps_workdir/restart.rst.20,7991436,8011619
1709507589457,READ,/gpfs/aquamini2/nicolasl/lammps_workdir/restart.rst.20,8011620,8032195
1709507589458,READ,/gpfs/aquamini2/nicolasl/lammps_workdir/restart.rst.20,8032196,8053659
1709507589459,READ,/gpfs/aquamini2/nicolasl/lammps_workdir/restart.rst.20,8053660,8084507
1709507589460,READ,/gpfs/aquamini2/nicolasl/lammps_workdir/restart.rst.20,8084508,8105763
1709507589461,READ,/gpfs/aquamini2/nicolasl/lammps_workdir/restart.rst.20,8105764,8138499
1709507589462,READ,/gpfs/aquamini2/nicolasl/lammps_workdir/restart.rst.20,8138500,8148419
1709507589463,READ,/gpfs/aquamini2/nicolasl/lammps_workdir/restart.rst.20,8148420,8182419
1709507589464,READ,/gpfs/aquamini2/nicolasl/lammps_workdir/restart.rst.20,8182420,8202587
1709507589465,READ,/gpfs/aquamini2/nicolasl/lammps_workdir/restart.rst.20,8202588,8223235
1709507589466,READ,/gpfs/aquamini2/nicolasl/lammps_workdir/restart.rst.20,8223236,8246523
1709507589467,READ,/gpfs/aquamini2/nicolasl/lammps_workdir/restart.rst.20,8246524,8278971
1709507589468,READ,/gpfs/aquamini2/nicolasl/lammps_workdir/restart.rst.20,8278972,8301571
1709507589469,READ,/gpfs/aquamini2/nicolasl/lammps_workdir/restart.rst.20,8301572,8336451
1709507589470,READ,/gpfs/aquamini2/nicolasl/lammps_workdir/restart.rst.20,8336452,8359331
1709507589471,READ,/gpfs/aquamini2/nicolasl/lammps_workdir/restart.rst.20,8359332,8380115
1709507589472,READ,/gpfs/aquamini2/nicolasl/lammps_workdir/restart.rst.20,8380116,8402459
1709507589473,READ,/gpfs/aquamini2/nicolasl/lammps_workdir/restart.rst.20,8402460,8424995
1709507589474,READ,/gpfs/aquamini2/nicolasl/lammps_workdir/restart.rst.20,8424996,8457915
1709507589475,READ,/gpfs/aquamini2/nicolasl/lammps_workdir/restart.rst.20,8457916,8479035
1709507589476,READ,/gpfs/aquamini2/nicolasl/lammps_workdir/restart.rst.20,8479036,8501035
1709507589477,READ,/gpfs/aquamini2/nicolasl/lammps_workdir/restart.rst.20,8501036,8531475
1709507589478,READ,/gpfs/aquamini2/nicolasl/lammps_workdir/restart.rst.20,8531476,8551451
1709507589479,READ,/gpfs/aquamini2/nicolasl/lammps_workdir/restart.rst.20,8551452,8572499
1709507589480,READ,/gpfs/aquamini2/nicolasl/lammps_workdir/restart.rst.20,8572500,8603803
1709507589481,READ,/gpfs/aquamini2/nicolasl/lammps_workdir/restart.rst.20,8603804,8625867
1709507589482,READ,/gpfs/aquamini2/nicolasl/lammps_workdir/restart.rst.20,8625868,8646451
1709507589483,READ,/gpfs/aquamini2/nicolasl/lammps_workdir/restart.rst.20,8646452,8667571
1709507589484,READ,/gpfs/aquamini2/nicolasl/lammps_workdir/restart.rst.20,8667572,8690171
1709507589485,READ,/gpfs/aquamini2/nicolasl/lammps_workdir/restart.rst.20,8690172,8711291
1709507589486,READ,/gpfs/aquamini2/nicolasl/lammps_workdir/restart.rst.20,8711292,8732827
1709507589487,READ,/gpfs/aquamini2/nicolasl/lammps_workdir/restart.rst.20,8732828,8756307
1709507589488,READ,/gpfs/aquamini2/nicolasl/lammps_workdir/restart.rst.20,8756308,8788235
1709507589489,READ,/gpfs/aquamini2/nicolasl/lammps_workdir/restart.rst.20,8788236,8810307
1709507589490,READ,/gpfs/aquamini2/nicolasl/lammps_workdir/restart.rst.20,8810308,8831827
1709507589491,READ,/gpfs/aquamini2/nicolasl/lammps_workdir/restart.rst.20,8831828,8856715
1709507589492,READ,/gpfs/aquamini2/nicolasl/lammps_workdir/restart.rst.20,8856716,8887683
1709507589493,READ,/gpfs/aquamini2/nicolasl/lammps_workdir/restart.rst.20,8887684,8908595
1709507589494,READ,/gpfs/aquamini2/nicolasl/lammps_workdir/restart.rst.20,8908596,8929387
1709507589495,READ,/gpfs/aquamini2/nicolasl/lammps_workdir/restart.rst.20,8929388,8962731
1709507589496,READ,/gpfs/aquamini2/nicolasl/lammps_workdir/restart.rst.20,8962732,8984187
1709507589497,READ,/gpfs/aquamini2/nicolasl/lammps_workdir/restart.rst.20,8984188,9006059
1709507589498,READ,/gpfs/aquamini2/nicolasl/lammps_workdir/restart.rst.20,9006060,9037163
1709507589499,READ,/gpfs/aquamini2/nicolasl/lammps_workdir/restart.rst.20,9037164,9059491
1709507589500,READ,/gpfs/aquamini2/nicolasl/lammps_workdir/restart.rst.20,9059492,9081083
1709507589501,READ,/gpfs/aquamini2/nicolasl/lammps_workdir/restart.rst.20,9081084,9101323
1709507589502,READ,/gpfs/aquamini2/nicolasl/lammps_workdir/restart.rst.20,9101324,9137691
1709507589503,READ,/gpfs/aquamini2/nicolasl/lammps_workdir/restart.rst.20,9137692,9159019
1709507589504,READ,/gpfs/aquamini2/nicolasl/lammps_workdir/restart.rst.20,9159020,9179675
1709507589505,READ,/gpfs/aquamini2/nicolasl/lammps_workdir/restart.rst.20,9179676,9200595
1709507589506,READ,/gpfs/aquamini2/nicolasl/lammps_workdir/restart.rst.20,9200596,9230771
1709507589507,READ,/gpfs/aquamini2/nicolasl/lammps_workdir/restart.rst.20,9230772,9252491
1709507589508,READ,/gpfs/aquamini2/nicolasl/lammps_workdir/restart.rst.20,9252492,9274291
1709507589509,READ,/gpfs/aquamini2/nicolasl/lammps_workdir/restart.rst.20,9274292,9298251
1709507589510,READ,/gpfs/aquamini2/nicolasl/lammps_workdir/restart.rst.20,9298252,9317747
1709507589511,READ,/gpfs/aquamini2/nicolasl/lammps_workdir/restart.rst.20,9317748,9340611
1709507589512,READ,/gpfs/aquamini2/nicolasl/lammps_workdir/restart.rst.20,9340612,9361051
1709507589513,READ,/gpfs/aquamini2/nicolasl/lammps_workdir/restart.rst.20,9361052,9382979
1709507589514,READ,/gpfs/aquamini2/nicolasl/lammps_workdir/restart.rst.20,9382980,9414971
1709507589515,READ,/gpfs/aquamini2/nicolasl/lammps_workdir/restart.rst.20,9414972,9437099
1709507589516,READ,/gpfs/aquamini2/nicolasl/lammps_workdir/restart.rst.20,9437100,9458083
1709507589517,READ,/gpfs/aquamini2/nicolasl/lammps_workdir/restart.rst.20,9458084,9487779
1709507589518,READ,/gpfs/aquamini2/nicolasl/lammps_workdir/restart.rst.20,9487780,9508491
1709507589519,READ,/gpfs/aquamini2/nicolasl/lammps_workdir/restart.rst.20,9508492,9539875
1709507589520,READ,/gpfs/aquamini2/nicolasl/lammps_workdir/restart.rst.20,9539876,9560107
1709507589521,READ,/gpfs/aquamini2/nicolasl/lammps_workdir/restart.rst.20,9560108,9579411
1709507589522,READ,/gpfs/aquamini2/nicolasl/lammps_workdir/restart.rst.20,9579412,9601467
1709507589523,READ,/gpfs/aquamini2/nicolasl/lammps_workdir/restart.rst.20,9601468,9636227
1709507589524,READ,/gpfs/aquamini2/nicolasl/lammps_workdir/restart.rst.20,9636228,9655267
1709507589525,READ,/gpfs/aquamini2/nicolasl/lammps_workdir/restart.rst.20,9655268,9676379
1709507589526,READ,/gpfs/aquamini2/nicolasl/lammps_workdir/restart.rst.20,9676380,9698443
1709507589527,READ,/gpfs/aquamini2/nicolasl/lammps_workdir/restart.rst.20,9698444,9730627
1709507589528,READ,/gpfs/aquamini2/nicolasl/lammps_workdir/restart.rst.20,9730628,9753627
1709507589529,READ,/gpfs/aquamini2/nicolasl/lammps_workdir/restart.rst.20,9753628,9774011
1709507589530,READ,/gpfs/aquamini2/nicolasl/lammps_workdir/restart.rst.20,9774012,9795331
1709507589531,READ,/gpfs/aquamini2/nicolasl/lammps_workdir/restart.rst.20,9795332,9828403
1709507589532,READ,/gpfs/aquamini2/nicolasl/lammps_workdir/restart.rst.20,9828404,9847507
1709507589533,READ,/gpfs/aquamini2/nicolasl/lammps_workdir/restart.rst.20,9847508,9867339
1709507589534,READ,/gpfs/aquamini2/nicolasl/lammps_workdir/restart.rst.20,9867340,9888475
1709507589535,READ,/gpfs/aquamini2/nicolasl/lammps_workdir/restart.rst.20,9888476,9912347
1709507589536,READ,/gpfs/aquamini2/nicolasl/lammps_workdir/restart.rst.20,9912348,9945611
1709507589537,READ,/gpfs/aquamini2/nicolasl/lammps_workdir/restart.rst.20,9945612,9966603
1709507589538,READ,/gpfs/aquamini2/nicolasl/lammps_workdir/restart.rst.20,9966604,9988531
1709507589539,READ,/gpfs/aquamini2/nicolasl/lammps_workdir/restart.rst.20,9988532,10010731
1709507589540,READ,/gpfs/aquamini2/nicolasl/lammps_workdir/restart.rst.20,10010732,10040691
1709507589541,READ,/gpfs/aquamini2/nicolasl/lammps_workdir/restart.rst.20,10040692,10061275
1709507589542,READ,/gpfs/aquamini2/nicolasl/lammps_workdir/restart.rst.20,10061276,10082331
1709507589543,READ,/gpfs/aquamini2/nicolasl/lammps_workdir/restart.rst.20,10082332,10113643
1709507589544,READ,/gpfs/aquamini2/nicolasl/lammps_workdir/restart.rst.20,10113644,10135571
1709507589545,READ,/gpfs/aquamini2/nicolasl/lammps_workdir/restart.rst.20,10135572,10158915
1709507589546,READ,/gpfs/aquamini2/nicolasl/lammps_workdir/restart.rst.20,10158916,10189011
1709507589547,READ,/gpfs/aquamini2/nicolasl/lammps_workdir/restart.rst.20,10189012,10209595
1709507589548,READ,/gpfs/aquamini2/nicolasl/lammps_workdir/restart.rst.20,10209596,10232531
1709507589549,READ,/gpfs/aquamini2/nicolasl/lammps_workdir/restart.rst.20,10232532,10253739
1709507594028,READ,/gpfs/aquamini2/nicolasl/lammps_workdir/restart.rst.30,0,62595
1709507594029,READ,/gpfs/aquamini2/nicolasl/lammps_workdir/restart.rst.30,62596,122867
1709507594030,READ,/gpfs/aquamini2/nicolasl/lammps_workdir/restart.rst.30,122868,133531
1709507594031,READ,/gpfs/aquamini2/nicolasl/lammps_workdir/restart.rst.30,133532,196219
1709507594032,READ,/gpfs/aquamini2/nicolasl/lammps_workdir/restart.rst.30,196220,261459
1709507594033,READ,/gpfs/aquamini2/nicolasl/lammps_workdir/restart.rst.30,261460,337779
1709507594034,READ,/gpfs/aquamini2/nicolasl/lammps_workdir/restart.rst.30,337780,389195
1709507594035,READ,/gpfs/aquamini2/nicolasl/lammps_workdir/restart.rst.30,389196,463707
1709507594036,READ,/gpfs/aquamini2/nicolasl/lammps_workdir/restart.rst.30,463708,519907
1709507594037,READ,/gpfs/aquamini2/nicolasl/lammps_workdir/restart.rst.30,519908,583811
1709507594038,READ,/gpfs/aquamini2/nicolasl/lammps_workdir/restart.rst.30,583812,636187
1709507594039,READ,/gpfs/aquamini2/nicolasl/lammps_workdir/restart.rst.30,636188,699811
1709507594040,READ,/gpfs/aquamini2/nicolasl/lammps_workdir/restart.rst.30,699812,721667
1709507594041,READ,/gpfs/aquamini2/nicolasl/lammps_workdir/restart.rst.30,721668,742595
1709507594042,READ,/gpfs/aquamini2/nicolasl/lammps_workdir/restart.rst.30,742596,775059
1709507594043,READ,/gpfs/aquamini2/nicolasl/lammps_workdir/restart.rst.30,775060,795443
1709507594044,READ,/gpfs/aquamini2/nicolasl/lammps_workdir/restart.rst.30,795444,816699
1709507594045,READ,/gpfs/aquamini2/nicolasl/lammps_workdir/restart.rst.30,816700,849083
1709507594046,READ,/gpfs/aquamini2/nicolasl/lammps_workdir/restart.rst.30,849084,869731
1709507594047,READ,/gpfs/aquamini2/nicolasl/lammps_workdir/restart.rst.30,869732,901099
1709507594048,READ,/gpfs/aquamini2/nicolasl/lammps_workdir/restart.rst.30,901100,924515
1709507594049,READ,/gpfs/aquamini2/nicolasl/lammps_workdir/restart.rst.30,924516,943955
1709507594050,READ,/gpfs/aquamini2/nicolasl/lammps_workdir/restart.rst.30,943956,976819
1709507594051,READ,/gpfs/aquamini2/nicolasl/lammps_workdir/restart.rst.30,976820,997875
1709507594052,READ,/gpfs/aquamini2/nicolasl/lammps_workdir/restart.rst.30,997876,1020955
1709507594053,READ,/gpfs/aquamini2/nicolasl/lammps_workdir/restart.rst.30,1020956,1039379
1709507594054,READ,/gpfs/aquamini2/nicolasl/lammps_workdir/restart.rst.30,1039380,1073787
1709507594055,READ,/gpfs/aquamini2/nicolasl/lammps_workdir/restart.rst.30,1073788,1094371
1709507594056,READ,/gpfs/aquamini2/nicolasl/lammps_workdir/restart.rst.30,1094372,1116163
1709507594057,READ,/gpfs/aquamini2/nicolasl/lammps_workdir/restart.rst.30,1116164,1137555
1709507594058,READ,/gpfs/aquamini2/nicolasl/lammps_workdir/restart.rst.30,1137556,1171091
1709507594059,READ,/gpfs/aquamini2/nicolasl/lammps_workdir/restart.rst.30,1171092,1192811
1709507594060,READ,/gpfs/aquamini2/nicolasl/lammps_workdir/restart.rst.30,1192812,1214275
1709507594061,READ,/gpfs/aquamini2/nicolasl/lammps_workdir/restart.rst.30,1214276,1244099
1709507594062,READ,/gpfs/aquamini2/nicolasl/lammps_workdir/restart.rst.30,1244100,1265011
1709507594063,READ,/gpfs/aquamini2/nicolasl/lammps_workdir/restart.rst.30,1265012,1297531
1709507594064,READ,/gpfs/aquamini2/nicolasl/lammps_workdir/restart.rst.30,1297532,1316771
1709507594065,READ,/gpfs/aquamini2/nicolasl/lammps_workdir/restart.rst.30,1316772,1338627
1709507594066,READ,/gpfs/aquamini2/nicolasl/lammps_workdir/restart.rst.30,1338628,1361771
1709507594067,READ,/gpfs/aquamini2/nicolasl/lammps_workdir/restart.rst.30,1361772,1382091
1709507594068,READ,/gpfs/aquamini2/nicolasl/lammps_workdir/restart.rst.30,1382092,1404827
1709507594069,READ,/gpfs/aquamini2/nicolasl/lammps_workdir/restart.rst.30,1404828,1427363
1709507594070,READ,/gpfs/aquamini2/nicolasl/lammps_workdir/restart.rst.30,1427364,1457531
1709507594071,READ,/gpfs/aquamini2/nicolasl/lammps_workdir/restart.rst.30,1457532,1478715
1709507594072,READ,/gpfs/aquamini2/nicolasl/lammps_workdir/restart.rst.30,1478716,1509827
1709507594073,READ,/gpfs/aquamini2/nicolasl/lammps_workdir/restart.rst.30,1509828,1531955
1709507594074,READ,/gpfs/aquamini2/nicolasl/lammps_workdir/restart.rst.30,1531956,1553291
1709507594075,READ,/gpfs/aquamini2/nicolasl/lammps_workdir/restart.rst.30,1553292,1583379
1709507594076,READ,/gpfs/aquamini2/nicolasl/lammps_workdir/restart.rst.30,1583380,1605379
1709507594077,READ,/gpfs/aquamini2/nicolasl/lammps_workdir/restart.rst.30,1605380,1626299
1709507594078,READ,/gpfs/aquamini2/nicolasl/lammps_workdir/restart.rst.30,1626300,1656875
1709507594079,READ,/gpfs/aquamini2/nicolasl/lammps_workdir/restart.rst.30,1656876,1678331
1709507594080,READ,/gpfs/aquamini2/nicolasl/lammps_workdir/restart.rst.30,1678332,1699459
1709507594081,READ,/gpfs/aquamini2/nicolasl/lammps_workdir/restart.rst.30,1699460,1722403
1709507594082,READ,/gpfs/aquamini2/nicolasl/lammps_workdir/restart.rst.30,1722404,1754523
1709507594083,READ,/gpfs/aquamini2/nicolasl/lammps_workdir/restart.rst.30,1754524,1775883
1709507594084,READ,/gpfs/aquamini2/nicolasl/lammps_workdir/restart.rst.30,1775884,1796267
1709507594085,READ,/gpfs/aquamini2/nicolasl/lammps_workdir/restart.rst.30,1796268,1817939
1709507594086,READ,/gpfs/aquamini2/nicolasl/lammps_workdir/restart.rst.30,1817940,1848627
1709507594087,READ,/gpfs/aquamini2/nicolasl/lammps_workdir/restart.rst.30,1848628,1872931
1709507594088,READ,/gpfs/aquamini2/nicolasl/lammps_workdir/restart.rst.30,1872932,1907011
1709507594089,READ,/gpfs/aquamini2/nicolasl/lammps_workdir/restart.rst.30,1907012,1930611
1709507594090,READ,/gpfs/aquamini2/nicolasl/lammps_workdir/restart.rst.30,1930612,1961219
1709507594091,READ,/gpfs/aquamini2/nicolasl/lammps_workdir/restart.rst.30,1961220,1982331
1709507594092,READ,/gpfs/aquamini2/nicolasl/lammps_workdir/restart.rst.30,1982332,2006155
1709507594093,READ,/gpfs/aquamini2/nicolasl/lammps_workdir/restart.rst.30,2006156,2041443
1709507594094,READ,/gpfs/aquamini2/nicolasl/lammps_workdir/restart.rst.30,2041444,2061995
1709507594095,READ,/gpfs/aquamini2/nicolasl/lammps_workdir/restart.rst.30,2061996,2093243
1709507594096,READ,/gpfs/aquamini2/nicolasl/lammps_workdir/restart.rst.30,2093244,2116995
1709507594097,READ,/gpfs/aquamini2/nicolasl/lammps_workdir/restart.rst.30,2116996,2139395
1709507594098,READ,/gpfs/aquamini2/nicolasl/lammps_workdir/restart.rst.30,2139396,2171107
1709507594099,READ,/gpfs/aquamini2/nicolasl/lammps_workdir/restart.rst.30,2171108,2192563
1709507594100,READ,/gpfs/aquamini2/nicolasl/lammps_workdir/restart.rst.30,2192564,2213475
1709507594101,READ,/gpfs/aquamini2/nicolasl/lammps_workdir/restart.rst.30,2213476,2244723
1709507594102,READ,/gpfs/aquamini2/nicolasl/lammps_workdir/restart.rst.30,2244724,2265299
1709507594103,READ,/gpfs/aquamini2/nicolasl/lammps_workdir/restart.rst.30,2265300,2286019
1709507594104,READ,/gpfs/aquamini2/nicolasl/lammps_workdir/restart.rst.30,2286020,2318675
1709507594105,READ,/gpfs/aquamini2/nicolasl/lammps_workdir/restart.rst.30,2318676,2340539
1709507594106,READ,/gpfs/aquamini2/nicolasl/lammps_workdir/restart.rst.30,2340540,2369971
1709507594107,READ,/gpfs/aquamini2/nicolasl/lammps_workdir/restart.rst.30,2369972,2392779
1709507594108,READ,/gpfs/aquamini2/nicolasl/lammps_workdir/restart.rst.30,2392780,2412963
1709507594109,READ,/gpfs/aquamini2/nicolasl/lammps_workdir/restart.rst.30,2412964,2447019
1709507594110,READ,/gpfs/aquamini2/nicolasl/lammps_workdir/restart.rst.30,2447020,2468747
1709507594111,READ,/gpfs/aquamini2/nicolasl/lammps_workdir/restart.rst.30,2468748,2501563
1709507594112,READ,/gpfs/aquamini2/nicolasl/lammps_workdir/restart.rst.30,2501564,2522067
1709507594113,READ,/gpfs/aquamini2/nicolasl/lammps_workdir/restart.rst.30,2522068,2556835
1709507594114,READ,/gpfs/aquamini2/nicolasl/lammps_workdir/restart.rst.30,2556836,2578899
1709507594115,READ,/gpfs/aquamini2/nicolasl/lammps_workdir/restart.rst.30,2578900,2611219
1709507594116,READ,/gpfs/aquamini2/nicolasl/lammps_workdir/restart.rst.30,2611220,2632939
1709507594117,READ,/gpfs/aquamini2/nicolasl/lammps_workdir/restart.rst.30,2632940,2655947
1709507594118,READ,/gpfs/aquamini2/nicolasl/lammps_workdir/restart.rst.30,2655948,2690027
1709507594119,READ,/gpfs/aquamini2/nicolasl/lammps_workdir/restart.rst.30,2690028,2710891
1709507594120,READ,/gpfs/aquamini2/nicolasl/lammps_workdir/restart.rst.30,2710892,2729851
1709507594121,READ,/gpfs/aquamini2/nicolasl/lammps_workdir/restart.rst.30,2729852,2751043
1709507594122,READ,/gpfs/aquamini2/nicolasl/lammps_workdir/restart.rst.30,2751044,2783155
1709507594123,READ,/gpfs/aquamini2/nicolasl/lammps_workdir/restart.rst.30,2783156,2806091
1709507594124,READ,/gpfs/aquamini2/nicolasl/lammps_workdir/restart.rst.30,2806092,2826939
1709507594125,READ,/gpfs/aquamini2/nicolasl/lammps_workdir/restart.rst.30,2826940,2852947
1709507594126,READ,/gpfs/aquamini2/nicolasl/lammps_workdir/restart.rst.30,2852948,2885403
1709507594127,READ,/gpfs/aquamini2/nicolasl/lammps_workdir/restart.rst.30,2885404,2906939
1709507594128,READ,/gpfs/aquamini2/nicolasl/lammps_workdir/restart.rst.30,2906940,2931979
1709507594129,READ,/gpfs/aquamini2/nicolasl/lammps_workdir/restart.rst.30,2931980,2959187
1709507594130,READ,/gpfs/aquamini2/nicolasl/lammps_workdir/restart.rst.30,2959188,2980443
1709507594131,READ,/gpfs/aquamini2/nicolasl/lammps_workdir/restart.rst.30,2980444,3007675
1709507594132,READ,/gpfs/aquamini2/nicolasl/lammps_workdir/restart.rst.30,3007676,3040083
1709507594133,READ,/gpfs/aquamini2/nicolasl/lammps_workdir/restart.rst.30,3040084,3061659
1709507594134,READ,/gpfs/aquamini2/nicolasl/lammps_workdir/restart.rst.30,3061660,3084043
1709507594135,READ,/gpfs/aquamini2/nicolasl/lammps_workdir/restart.rst.30,3084044,3095971
1709507594136,READ,/gpfs/aquamini2/nicolasl/lammps_workdir/restart.rst.30,3095972,3143867
1709507594137,READ,/gpfs/aquamini2/nicolasl/lammps_workdir/restart.rst.30,3143868,3174291
1709507594138,READ,/gpfs/aquamini2/nicolasl/lammps_workdir/restart.rst.30,3174292,3202075
1709507594139,READ,/gpfs/aquamini2/nicolasl/lammps_workdir/restart.rst.30,3202076,3223475
1709507594140,READ,/gpfs/aquamini2/nicolasl/lammps_workdir/restart.rst.30,3223476,3264259
1709507594141,READ,/gpfs/aquamini2/nicolasl/lammps_workdir/restart.rst.30,3264260,3283331
1709507594142,READ,/gpfs/aquamini2/nicolasl/lammps_workdir/restart.rst.30,3283332,3313171
1709507594143,READ,/gpfs/aquamini2/nicolasl/lammps_workdir/restart.rst.30,3313172,3332411
1709507594144,READ,/gpfs/aquamini2/nicolasl/lammps_workdir/restart.rst.30,3332412,3367779
1709507594145,READ,/gpfs/aquamini2/nicolasl/lammps_workdir/restart.rst.30,3367780,3398963
1709507594146,READ,/gpfs/aquamini2/nicolasl/lammps_workdir/restart.rst.30,3398964,3433915
1709507594147,READ,/gpfs/aquamini2/nicolasl/lammps_workdir/restart.rst.30,3433916,3457315
1709507594148,READ,/gpfs/aquamini2/nicolasl/lammps_workdir/restart.rst.30,3457316,3481483
1709507594149,READ,/gpfs/aquamini2/nicolasl/lammps_workdir/restart.rst.30,3481484,3505627
1709507594150,READ,/gpfs/aquamini2/nicolasl/lammps_workdir/restart.rst.30,3505628,3525539
1709507594151,READ,/gpfs/aquamini2/nicolasl/lammps_workdir/restart.rst.30,3525540,3558731
1709507594152,READ,/gpfs/aquamini2/nicolasl/lammps_workdir/restart.rst.30,3558732,3580051
1709507594153,READ,/gpfs/aquamini2/nicolasl/lammps_workdir/restart.rst.30,3580052,3612643
1709507594154,READ,/gpfs/aquamini2/nicolasl/lammps_workdir/restart.rst.30,3612644,3635451
1709507594155,READ,/gpfs/aquamini2/nicolasl/lammps_workdir/restart.rst.30,3635452,3656499
1709507594156,READ,/gpfs/aquamini2/nicolasl/lammps_workdir/restart.rst.30,3656500,3687267
1709507594157,READ,/gpfs/aquamini2/nicolasl/lammps_workdir/restart.rst.30,3687268,3708315
1709507594158,READ,/gpfs/aquamini2/nicolasl/lammps_workdir/restart.rst.30,3708316,3729707
1709507594159,READ,/gpfs/aquamini2/nicolasl/lammps_workdir/restart.rst.30,3729708,3762627
1709507594160,READ,/gpfs/aquamini2/nicolasl/lammps_workdir/restart.rst.30,3762628,3785243
1709507594161,READ,/gpfs/aquamini2/nicolasl/lammps_workdir/restart.rst.30,3785244,3805899
1709507594162,READ,/gpfs/aquamini2/nicolasl/lammps_workdir/restart.rst.30,3805900,3825875
1709507594163,READ,/gpfs/aquamini2/nicolasl/lammps_workdir/restart.rst.30,3825876,3847539
1709507594164,READ,/gpfs/aquamini2/nicolasl/lammps_workdir/restart.rst.30,3847540,3880595
1709507594165,READ,/gpfs/aquamini2/nicolasl/lammps_workdir/restart.rst.30,3880596,3902923
1709507594166,READ,/gpfs/aquamini2/nicolasl/lammps_workdir/restart.rst.30,3902924,3924779
1709507594167,READ,/gpfs/aquamini2/nicolasl/lammps_workdir/restart.rst.30,3924780,3956707
1709507594168,READ,/gpfs/aquamini2/nicolasl/lammps_workdir/restart.rst.30,3956708,3977899
1709507594169,READ,/gpfs/aquamini2/nicolasl/lammps_workdir/restart.rst.30,3977900,3998203
1709507594170,READ,/gpfs/aquamini2/nicolasl/lammps_workdir/restart.rst.30,3998204,4018923
1709507594171,READ,/gpfs/aquamini2/nicolasl/lammps_workdir/restart.rst.30,4018924,4050563
1709507594172,READ,/gpfs/aquamini2/nicolasl/lammps_workdir/restart.rst.30,4050564,4071419
1709507594173,READ,/gpfs/aquamini2/nicolasl/lammps_workdir/restart.rst.30,4071420,4091203
1709507594174,READ,/gpfs/aquamini2/nicolasl/lammps_workdir/restart.rst.30,4091204,4115723
1709507594175,READ,/gpfs/aquamini2/nicolasl/lammps_workdir/restart.rst.30,4115724,4145547
1709507594176,READ,/gpfs/aquamini2/nicolasl/lammps_workdir/restart.rst.30,4145548,4166003
1709507594177,READ,/gpfs/aquamini2/nicolasl/lammps_workdir/restart.rst.30,4166004,4177643
1709507594210,READ,/gpfs/aquamini2/nicolasl/lammps_workdir/restart.rst.30,4177644,4219491
1709507594211,READ,/gpfs/aquamini2/nicolasl/lammps_workdir/restart.rst.30,4219492,4242571
1709507594212,READ,/gpfs/aquamini2/nicolasl/lammps_workdir/restart.rst.30,4242572,4275355
1709507594213,READ,/gpfs/aquamini2/nicolasl/lammps_workdir/restart.rst.30,4275356,4297899
1709507594214,READ,/gpfs/aquamini2/nicolasl/lammps_workdir/restart.rst.30,4297900,4320435
1709507594215,READ,/gpfs/aquamini2/nicolasl/lammps_workdir/restart.rst.30,4320436,4348339
1709507594216,READ,/gpfs/aquamini2/nicolasl/lammps_workdir/restart.rst.30,4348340,4374603
1709507594217,READ,/gpfs/aquamini2/nicolasl/lammps_workdir/restart.rst.30,4374604,4410155
1709507594218,READ,/gpfs/aquamini2/nicolasl/lammps_workdir/restart.rst.30,4410156,4455907
1709507594219,READ,/gpfs/aquamini2/nicolasl/lammps_workdir/restart.rst.30,4455908,4483675
1709507594220,READ,/gpfs/aquamini2/nicolasl/lammps_workdir/restart.rst.30,4483676,4494939
1709507594221,READ,/gpfs/aquamini2/nicolasl/lammps_workdir/restart.rst.30,4494940,4542835
1709507594222,READ,/gpfs/aquamini2/nicolasl/lammps_workdir/restart.rst.30,4542836,4561755
1709507594223,READ,/gpfs/aquamini2/nicolasl/lammps_workdir/restart.rst.30,4561756,4581867
1709507594224,READ,/gpfs/aquamini2/nicolasl/lammps_workdir/restart.rst.30,4581868,4632507
1709507594225,READ,/gpfs/aquamini2/nicolasl/lammps_workdir/restart.rst.30,4632508,4664651
1709507594226,READ,/gpfs/aquamini2/nicolasl/lammps_workdir/restart.rst.30,4664652,4687659
1709507594227,READ,/gpfs/aquamini2/nicolasl/lammps_workdir/restart.rst.30,4687660,4730547
1709507594228,READ,/gpfs/aquamini2/nicolasl/lammps_workdir/restart.rst.30,4730548,4765643
1709507594229,READ,/gpfs/aquamini2/nicolasl/lammps_workdir/restart.rst.30,4765644,4776651
1709507594230,READ,/gpfs/aquamini2/nicolasl/lammps_workdir/restart.rst.30,4776652,4822515
1709507594231,READ,/gpfs/aquamini2/nicolasl/lammps_workdir/restart.rst.30,4822516,4859019
1709507594232,READ,/gpfs/aquamini2/nicolasl/lammps_workdir/restart.rst.30,4859020,4881419
1709507594233,READ,/gpfs/aquamini2/nicolasl/lammps_workdir/restart.rst.30,4881420,4902403
1709507594234,READ,/gpfs/aquamini2/nicolasl/lammps_workdir/restart.rst.30,4902404,4934259
1709507594235,READ,/gpfs/aquamini2/nicolasl/lammps_workdir/restart.rst.30,4934260,4961859
1709507594236,READ,/gpfs/aquamini2/nicolasl/lammps_workdir/restart.rst.30,4961860,4983051
1709507594237,READ,/gpfs/aquamini2/nicolasl/lammps_workdir/restart.rst.30,4983052,5005115
1709507594238,READ,/gpfs/aquamini2/nicolasl/lammps_workdir/restart.rst.30,5005116,5034899
1709507594239,READ,/gpfs/aquamini2/nicolasl/lammps_workdir/restart.rst.30,5034900,5055547
1709507594240,READ,/gpfs/aquamini2/nicolasl/lammps_workdir/restart.rst.30,5055548,5090155
1709507594241,READ,/gpfs/aquamini2/nicolasl/lammps_workdir/restart.rst.30,5090156,5112083
1709507594242,READ,/gpfs/aquamini2/nicolasl/lammps_workdir/restart.rst.30,5112084,5131795
1709507594243,READ,/gpfs/aquamini2/nicolasl/lammps_workdir/restart.rst.30,5131796,5152971
1709507594244,READ,/gpfs/aquamini2/nicolasl/lammps_workdir/restart.rst.30,5152972,5182595
1709507594245,READ,/gpfs/aquamini2/nicolasl/lammps_workdir/restart.rst.30,5182596,5203715
1709507594246,READ,/gpfs/aquamini2/nicolasl/lammps_workdir/restart.rst.30,5203716,5234691
1709507594247,READ,/gpfs/aquamini2/nicolasl/lammps_workdir/restart.rst.30,5234692,5257299
1709507594248,READ,/gpfs/aquamini2/nicolasl/lammps_workdir/restart.rst.30,5257300,5289139
1709507594249,READ,/gpfs/aquamini2/nicolasl/lammps_workdir/restart.rst.30,5289140,5310531
1709507594250,READ,/gpfs/aquamini2/nicolasl/lammps_workdir/restart.rst.30,5310532,5342451
1709507594251,READ,/gpfs/aquamini2/nicolasl/lammps_workdir/restart.rst.30,5342452,5363027
1709507594252,READ,/gpfs/aquamini2/nicolasl/lammps_workdir/restart.rst.30,5363028,5383875
1709507594253,READ,/gpfs/aquamini2/nicolasl/lammps_workdir/restart.rst.30,5383876,5413499
1709507594254,READ,/gpfs/aquamini2/nicolasl/lammps_workdir/restart.rst.30,5413500,5433747
1709507594255,READ,/gpfs/aquamini2/nicolasl/lammps_workdir/restart.rst.30,5433748,5466411
1709507594256,READ,/gpfs/aquamini2/nicolasl/lammps_workdir/restart.rst.30,5466412,5490155
1709507594257,READ,/gpfs/aquamini2/nicolasl/lammps_workdir/restart.rst.30,5490156,5512027
1709507594258,READ,/gpfs/aquamini2/nicolasl/lammps_workdir/restart.rst.30,5512028,5546099
1709507594259,READ,/gpfs/aquamini2/nicolasl/lammps_workdir/restart.rst.30,5546100,5555347
1709507594260,READ,/gpfs/aquamini2/nicolasl/lammps_workdir/restart.rst.30,5555348,5588179
1709507594261,READ,/gpfs/aquamini2/nicolasl/lammps_workdir/restart.rst.30,5588180,5610235
1709507594262,READ,/gpfs/aquamini2/nicolasl/lammps_workdir/restart.rst.30,5610236,5643675
1709507594263,READ,/gpfs/aquamini2/nicolasl/lammps_workdir/restart.rst.30,5643676,5668387
1709507594264,READ,/gpfs/aquamini2/nicolasl/lammps_workdir/restart.rst.30,5668388,5703811
1709507594265,READ,/gpfs/aquamini2/nicolasl/lammps_workdir/restart.rst.30,5703812,5724819
1709507594266,READ,/gpfs/aquamini2/nicolasl/lammps_workdir/restart.rst.30,5724820,5759979
1709507594267,READ,/gpfs/aquamini2/nicolasl/lammps_workdir/restart.rst.30,5759980,5791403
1709507594268,READ,/gpfs/aquamini2/nicolasl/lammps_workdir/restart.rst.30,5791404,5811587
1709507594269,READ,/gpfs/aquamini2/nicolasl/lammps_workdir/restart.rst.30,5811588,5846707
1709507594270,READ,/gpfs/aquamini2/nicolasl/lammps_workdir/restart.rst.30,5846708,5864347
1709507594271,READ,/gpfs/aquamini2/nicolasl/lammps_workdir/restart.rst.30,5864348,5909395
1709507594272,READ,/gpfs/aquamini2/nicolasl/lammps_workdir/restart.rst.30,5909396,5926947
1709507594273,READ,/gpfs/aquamini2/nicolasl/lammps_workdir/restart.rst.30,5926948,5948003
1709507594274,READ,/gpfs/aquamini2/nicolasl/lammps_workdir/restart.rst.30,5948004,5986011
1709507594275,READ,/gpfs/aquamini2/nicolasl/lammps_workdir/restart.rst.30,5986012,6009939
1709507594276,READ,/gpfs/aquamini2/nicolasl/lammps_workdir/restart.rst.30,6009940,6052275
1709507594277,READ,/gpfs/aquamini2/nicolasl/lammps_workdir/restart.rst.30,6052276,6076195
1709507594278,READ,/gpfs/aquamini2/nicolasl/lammps_workdir/restart.rst.30,6076196,6109267
1709507594279,READ,/gpfs/aquamini2/nicolasl/lammps_workdir/restart.rst.30,6109268,6128235
1709507594280,READ,/gpfs/aquamini2/nicolasl/lammps_workdir/restart.rst.30,6128236,6165267
1709507594281,READ,/gpfs/aquamini2/nicolasl/lammps_workdir/restart.rst.30,6165268,6188771
1709507594282,READ,/gpfs/aquamini2/nicolasl/lammps_workdir/restart.rst.30,6188772,6224507
1709507594283,READ,/gpfs/aquamini2/nicolasl/lammps_workdir/restart.rst.30,6224508,6254587
1709507594284,READ,/gpfs/aquamini2/nicolasl/lammps_workdir/restart.rst.30,6254588,6275907
1709507594285,READ,/gpfs/aquamini2/nicolasl/lammps_workdir/restart.rst.30,6275908,6297355
1709507594286,READ,/gpfs/aquamini2/nicolasl/lammps_workdir/restart.rst.30,6297356,6317939
1709507594287,READ,/gpfs/aquamini2/nicolasl/lammps_workdir/restart.rst.30,6317940,6345531
1709507594288,READ,/gpfs/aquamini2/nicolasl/lammps_workdir/restart.rst.30,6345532,6364435
1709507594289,READ,/gpfs/aquamini2/nicolasl/lammps_workdir/restart.rst.30,6364436,6386707
1709507594290,READ,/gpfs/aquamini2/nicolasl/lammps_workdir/restart.rst.30,6386708,6419763
1709507594291,READ,/gpfs/aquamini2/nicolasl/lammps_workdir/restart.rst.30,6419764,6441827
1709507594292,READ,/gpfs/aquamini2/nicolasl/lammps_workdir/restart.rst.30,6441828,6464491
1709507594293,READ,/gpfs/aquamini2/nicolasl/lammps_workdir/restart.rst.30,6464492,6494659
1709507594294,READ,/gpfs/aquamini2/nicolasl/lammps_workdir/restart.rst.30,6494660,6514571
1709507594295,READ,/gpfs/aquamini2/nicolasl/lammps_workdir/restart.rst.30,6514572,6536499
1709507594296,READ,/gpfs/aquamini2/nicolasl/lammps_workdir/restart.rst.30,6536500,6557075
1709507594297,READ,/gpfs/aquamini2/nicolasl/lammps_workdir/restart.rst.30,6557076,6589467
1709507594298,READ,/gpfs/aquamini2/nicolasl/lammps_workdir/restart.rst.30,6589468,6612347
1709507594299,READ,/gpfs/aquamini2/nicolasl/lammps_workdir/restart.rst.30,6612348,6633131
1709507594300,READ,/gpfs/aquamini2/nicolasl/lammps_workdir/restart.rst.30,6633132,6653907
1709507594301,READ,/gpfs/aquamini2/nicolasl/lammps_workdir/restart.rst.30,6653908,6686763
1709507594302,READ,/gpfs/aquamini2/nicolasl/lammps_workdir/restart.rst.30,6686764,6708427
1709507594303,READ,/gpfs/aquamini2/nicolasl/lammps_workdir/restart.rst.30,6708428,6730963
1709507594304,READ,/gpfs/aquamini2/nicolasl/lammps_workdir/restart.rst.30,6730964,6752691
1709507594305,READ,/gpfs/aquamini2/nicolasl/lammps_workdir/restart.rst.30,6752692,6786163
1709507594306,READ,/gpfs/aquamini2/nicolasl/lammps_workdir/restart.rst.30,6786164,6807683
1709507594307,READ,/gpfs/aquamini2/nicolasl/lammps_workdir/restart.rst.30,6807684,6829947
1709507594308,READ,/gpfs/aquamini2/nicolasl/lammps_workdir/restart.rst.30,6829948,6860451
1709507594309,READ,/gpfs/aquamini2/nicolasl/lammps_workdir/restart.rst.30,6860452,6880299
1709507594310,READ,/gpfs/aquamini2/nicolasl/lammps_workdir/restart.rst.30,6880300,6902091
1709507594311,READ,/gpfs/aquamini2/nicolasl/lammps_workdir/restart.rst.30,6902092,6936027
1709507594312,READ,/gpfs/aquamini2/nicolasl/lammps_workdir/restart.rst.30,6936028,6957291
1709507594313,READ,/gpfs/aquamini2/nicolasl/lammps_workdir/restart.rst.30,6957292,6977259
1709507594314,READ,/gpfs/aquamini2/nicolasl/lammps_workdir/restart.rst.30,6977260,6997099
1709507594315,READ,/gpfs/aquamini2/nicolasl/lammps_workdir/restart.rst.30,6997100,7029691
1709507594316,READ,/gpfs/aquamini2/nicolasl/lammps_workdir/restart.rst.30,7029692,7050875
1709507594317,READ,/gpfs/aquamini2/nicolasl/lammps_workdir/restart.rst.30,7050876,7071659
1709507594318,READ,/gpfs/aquamini2/nicolasl/lammps_workdir/restart.rst.30,7071660,7104523
1709507594319,READ,/gpfs/aquamini2/nicolasl/lammps_workdir/restart.rst.30,7104524,7127267
1709507594320,READ,/gpfs/aquamini2/nicolasl/lammps_workdir/restart.rst.30,7127268,7161923
1709507594321,READ,/gpfs/aquamini2/nicolasl/lammps_workdir/restart.rst.30,7161924,7182035
1709507594322,READ,/gpfs/aquamini2/nicolasl/lammps_workdir/restart.rst.30,7182036,7203763
1709507594323,READ,/gpfs/aquamini2/nicolasl/lammps_workdir/restart.rst.30,7203764,7227291
1709507594324,READ,/gpfs/aquamini2/nicolasl/lammps_workdir/restart.rst.30,7227292,7248683
1709507594325,READ,/gpfs/aquamini2/nicolasl/lammps_workdir/restart.rst.30,7248684,7283635
1709507594326,READ,/gpfs/aquamini2/nicolasl/lammps_workdir/restart.rst.30,7283636,7307843
1709507594327,READ,/gpfs/aquamini2/nicolasl/lammps_workdir/restart.rst.30,7307844,7342763
1709507594328,READ,/gpfs/aquamini2/nicolasl/lammps_workdir/restart.rst.30,7342764,7363411
1709507594329,READ,/gpfs/aquamini2/nicolasl/lammps_workdir/restart.rst.30,7363412,7383179
1709507594330,READ,/gpfs/aquamini2/nicolasl/lammps_workdir/restart.rst.30,7383180,7416363
1709507594331,READ,/gpfs/aquamini2/nicolasl/lammps_workdir/restart.rst.30,7416364,7437739
1709507594332,READ,/gpfs/aquamini2/nicolasl/lammps_workdir/restart.rst.30,7437740,7459051
1709507594333,READ,/gpfs/aquamini2/nicolasl/lammps_workdir/restart.rst.30,7459052,7481651
1709507594334,READ,/gpfs/aquamini2/nicolasl/lammps_workdir/restart.rst.30,7481652,7503451
1709507594335,READ,/gpfs/aquamini2/nicolasl/lammps_workdir/restart.rst.30,7503452,7527211
1709507594336,READ,/gpfs/aquamini2/nicolasl/lammps_workdir/restart.rst.30,7527212,7559539
1709507594337,READ,/gpfs/aquamini2/nicolasl/lammps_workdir/restart.rst.30,7559540,7571347
1709507594338,READ,/gpfs/aquamini2/nicolasl/lammps_workdir/restart.rst.30,7571348,7603539
1709507594339,READ,/gpfs/aquamini2/nicolasl/lammps_workdir/restart.rst.30,7603540,7622779
1709507594340,READ,/gpfs/aquamini2/nicolasl/lammps_workdir/restart.rst.30,7622780,7644243
1709507594341,READ,/gpfs/aquamini2/nicolasl/lammps_workdir/restart.rst.30,7644244,7666851
1709507594342,READ,/gpfs/aquamini2/nicolasl/lammps_workdir/restart.rst.30,7666852,7688507
1709507594343,READ,/gpfs/aquamini2/nicolasl/lammps_workdir/restart.rst.30,7688508,7709363
1709507594344,READ,/gpfs/aquamini2/nicolasl/lammps_workdir/restart.rst.30,7709364,7741219
1709507594345,READ,/gpfs/aquamini2/nicolasl/lammps_workdir/restart.rst.30,7741220,7761459
1709507594346,READ,/gpfs/aquamini2/nicolasl/lammps_workdir/restart.rst.30,7761460,7795131
1709507594347,READ,/gpfs/aquamini2/nicolasl/lammps_workdir/restart.rst.30,7795132,7816595
1709507594348,READ,/gpfs/aquamini2/nicolasl/lammps_workdir/restart.rst.30,7816596,7838123
1709507594349,READ,/gpfs/aquamini2/nicolasl/lammps_workdir/restart.rst.30,7838124,7868091
1709507594350,READ,/gpfs/aquamini2/nicolasl/lammps_workdir/restart.rst.30,7868092,7890699
1709507594351,READ,/gpfs/aquamini2/nicolasl/lammps_workdir/restart.rst.30,7890700,7911547
1709507594352,READ,/gpfs/aquamini2/nicolasl/lammps_workdir/restart.rst.30,7911548,7943867
1709507594353,READ,/gpfs/aquamini2/nicolasl/lammps_workdir/restart.rst.30,7943868,7965123
1709507594354,READ,/gpfs/aquamini2/nicolasl/lammps_workdir/restart.rst.30,7965124,7984355
1709507594355,READ,/gpfs/aquamini2/nicolasl/lammps_workdir/restart.rst.30,7984356,8016075
1709507594356,READ,/gpfs/aquamini2/nicolasl/lammps_workdir/restart.rst.30,8016076,8035435
1709507594357,READ,/gpfs/aquamini2/nicolasl/lammps_workdir/restart.rst.30,8035436,8056835
1709507594358,READ,/gpfs/aquamini2/nicolasl/lammps_workdir/restart.rst.30,8056836,8077891
1709507594359,READ,/gpfs/aquamini2/nicolasl/lammps_workdir/restart.rst.30,8077892,8109203
1709507594360,READ,/gpfs/aquamini2/nicolasl/lammps_workdir/restart.rst.30,8109204,8131139
1709507594361,READ,/gpfs/aquamini2/nicolasl/lammps_workdir/restart.rst.30,8131140,8151043
1709507594362,READ,/gpfs/aquamini2/nicolasl/lammps_workdir/restart.rst.30,8151044,8172635
1709507594363,READ,/gpfs/aquamini2/nicolasl/lammps_workdir/restart.rst.30,8172636,8193483
1709507594364,READ,/gpfs/aquamini2/nicolasl/lammps_workdir/restart.rst.30,8193484,8225267
1709507594365,READ,/gpfs/aquamini2/nicolasl/lammps_workdir/restart.rst.30,8225268,8247603
1709507594366,READ,/gpfs/aquamini2/nicolasl/lammps_workdir/restart.rst.30,8247604,8280187
1709507594367,READ,/gpfs/aquamini2/nicolasl/lammps_workdir/restart.rst.30,8280188,8303123
1709507594368,READ,/gpfs/aquamini2/nicolasl/lammps_workdir/restart.rst.30,8303124,8326059
1709507594369,READ,/gpfs/aquamini2/nicolasl/lammps_workdir/restart.rst.30,8326060,8360067
1709507594370,READ,/gpfs/aquamini2/nicolasl/lammps_workdir/restart.rst.30,8360068,8381795
1709507594371,READ,/gpfs/aquamini2/nicolasl/lammps_workdir/restart.rst.30,8381796,8404203
1709507594372,READ,/gpfs/aquamini2/nicolasl/lammps_workdir/restart.rst.30,8404204,8427347
1709507594373,READ,/gpfs/aquamini2/nicolasl/lammps_workdir/restart.rst.30,8427348,8450427
1709507594374,READ,/gpfs/aquamini2/nicolasl/lammps_workdir/restart.rst.30,8450428,8470259
1709507594375,READ,/gpfs/aquamini2/nicolasl/lammps_workdir/restart.rst.30,8470260,8491043
1709507594376,READ,/gpfs/aquamini2/nicolasl/lammps_workdir/restart.rst.30,8491044,8522219
1709507594377,READ,/gpfs/aquamini2/nicolasl/lammps_workdir/restart.rst.30,8522220,8543011
1709507594378,READ,/gpfs/aquamini2/nicolasl/lammps_workdir/restart.rst.30,8543012,8573987
1709507594379,READ,/gpfs/aquamini2/nicolasl/lammps_workdir/restart.rst.30,8573988,8595235
1709507594380,READ,/gpfs/aquamini2/nicolasl/lammps_workdir/restart.rst.30,8595236,8617763
1709507594381,READ,/gpfs/aquamini2/nicolasl/lammps_workdir/restart.rst.30,8617764,8649683
1709507594382,READ,/gpfs/aquamini2/nicolasl/lammps_workdir/restart.rst.30,8649684,8671139
1709507594383,READ,/gpfs/aquamini2/nicolasl/lammps_workdir/restart.rst.30,8671140,8692875
1709507594384,READ,/gpfs/aquamini2/nicolasl/lammps_workdir/restart.rst.30,8692876,8713995
1709507594385,READ,/gpfs/aquamini2/nicolasl/lammps_workdir/restart.rst.30,8713996,8735123
1709507594386,READ,/gpfs/aquamini2/nicolasl/lammps_workdir/restart.rst.30,8735124,8770219
1709507594387,READ,/gpfs/aquamini2/nicolasl/lammps_workdir/restart.rst.30,8770220,8791539
1709507594388,READ,/gpfs/aquamini2/nicolasl/lammps_workdir/restart.rst.30,8791540,8812659
1709507594389,READ,/gpfs/aquamini2/nicolasl/lammps_workdir/restart.rst.30,8812660,8845979
1709507594390,READ,/gpfs/aquamini2/nicolasl/lammps_workdir/restart.rst.30,8845980,8868035
1709507594391,READ,/gpfs/aquamini2/nicolasl/lammps_workdir/restart.rst.30,8868036,8889363
1709507594392,READ,/gpfs/aquamini2/nicolasl/lammps_workdir/restart.rst.30,8889364,8921363
1709507594393,READ,/gpfs/aquamini2/nicolasl/lammps_workdir/restart.rst.30,8921364,8942283
1709507594394,READ,/gpfs/aquamini2/nicolasl/lammps_workdir/restart.rst.30,8942284,8975819
1709507594395,READ,/gpfs/aquamini2/nicolasl/lammps_workdir/restart.rst.30,8975820,8996123
1709507594396,READ,/gpfs/aquamini2/nicolasl/lammps_workdir/restart.rst.30,8996124,9017571
1709507594397,READ,/gpfs/aquamini2/nicolasl/lammps_workdir/restart.rst.30,9017572,9049691
1709507594398,READ,/gpfs/aquamini2/nicolasl/lammps_workdir/restart.rst.30,9049692,9071547
1709507594399,READ,/gpfs/aquamini2/nicolasl/lammps_workdir/restart.rst.30,9071548,9092731
1709507594400,READ,/gpfs/aquamini2/nicolasl/lammps_workdir/restart.rst.30,9092732,9114451
1709507594401,READ,/gpfs/aquamini2/nicolasl/lammps_workdir/restart.rst.30,9114452,9138211
1709507594402,READ,/gpfs/aquamini2/nicolasl/lammps_workdir/restart.rst.30,9138212,9169667
1709507594403,READ,/gpfs/aquamini2/nicolasl/lammps_workdir/restart.rst.30,9169668,9189915
1709507594404,READ,/gpfs/aquamini2/nicolasl/lammps_workdir/restart.rst.30,9189916,9210371
1709507594405,READ,/gpfs/aquamini2/nicolasl/lammps_workdir/restart.rst.30,9210372,9240067
1709507594406,READ,/gpfs/aquamini2/nicolasl/lammps_workdir/restart.rst.30,9240068,9262403
1709507594407,READ,/gpfs/aquamini2/nicolasl/lammps_workdir/restart.rst.30,9262404,9286219
1709507594408,READ,/gpfs/aquamini2/nicolasl/lammps_workdir/restart.rst.30,9286220,9308755
1709507594409,READ,/gpfs/aquamini2/nicolasl/lammps_workdir/restart.rst.30,9308756,9341267
1709507594410,READ,/gpfs/aquamini2/nicolasl/lammps_workdir/restart.rst.30,9341268,9361443
1709507594411,READ,/gpfs/aquamini2/nicolasl/lammps_workdir/restart.rst.30,9361444,9383779
1709507594412,READ,/gpfs/aquamini2/nicolasl/lammps_workdir/restart.rst.30,9383780,9405435
1709507594413,READ,/gpfs/aquamini2/nicolasl/lammps_workdir/restart.rst.30,9405436,9427435
1709507594414,READ,/gpfs/aquamini2/nicolasl/lammps_workdir/restart.rst.30,9427436,9459011
1709507594415,READ,/gpfs/aquamini2/nicolasl/lammps_workdir/restart.rst.30,9459012,9480275
1709507594416,READ,/gpfs/aquamini2/nicolasl/lammps_workdir/restart.rst.30,9480276,9510035
1709507594417,READ,/gpfs/aquamini2/nicolasl/lammps_workdir/restart.rst.30,9510036,9529611
1709507594418,READ,/gpfs/aquamini2/nicolasl/lammps_workdir/restart.rst.30,9529612,9552139
1709507594419,READ,/gpfs/aquamini2/nicolasl/lammps_workdir/restart.rst.30,9552140,9580547
1709507594420,READ,/gpfs/aquamini2/nicolasl/lammps_workdir/restart.rst.30,9580548,9602267
1709507594421,READ,/gpfs/aquamini2/nicolasl/lammps_workdir/restart.rst.30,9602268,9625483
1709507594422,READ,/gpfs/aquamini2/nicolasl/lammps_workdir/restart.rst.30,9625484,9645659
1709507594423,READ,/gpfs/aquamini2/nicolasl/lammps_workdir/restart.rst.30,9645660,9677043
1709507594424,READ,/gpfs/aquamini2/nicolasl/lammps_workdir/restart.rst.30,9677044,9698971
1709507594425,READ,/gpfs/aquamini2/nicolasl/lammps_workdir/restart.rst.30,9698972,9731835
1709507594426,READ,/gpfs/aquamini2/nicolasl/lammps_workdir/restart.rst.30,9731836,9754155
1709507594427,READ,/gpfs/aquamini2/nicolasl/lammps_workdir/restart.rst.30,9754156,9774203
1709507594428,READ,/gpfs/aquamini2/nicolasl/lammps_workdir/restart.rst.30,9774204,9796067
1709507594429,READ,/gpfs/aquamini2/nicolasl/lammps_workdir/restart.rst.30,9796068,9817795
1709507594430,READ,/gpfs/aquamini2/nicolasl/lammps_workdir/restart.rst.30,9817796,9838715
1709507594431,READ,/gpfs/aquamini2/nicolasl/lammps_workdir/restart.rst.30,9838716,9868267
1709507594432,READ,/gpfs/aquamini2/nicolasl/lammps_workdir/restart.rst.30,9868268,9888523
1709507594433,READ,/gpfs/aquamini2/nicolasl/lammps_workdir/restart.rst.30,9888524,9923403
1709507594434,READ,/gpfs/aquamini2/nicolasl/lammps_workdir/restart.rst.30,9923404,9945331
1709507594435,READ,/gpfs/aquamini2/nicolasl/lammps_workdir/restart.rst.30,9945332,9966731
1709507594436,READ,/gpfs/aquamini2/nicolasl/lammps_workdir/restart.rst.30,9966732,9988867
1709507594437,READ,/gpfs/aquamini2/nicolasl/lammps_workdir/restart.rst.30,9988868,10010795
1709507594438,READ,/gpfs/aquamini2/nicolasl/lammps_workdir/restart.rst.30,10010796,10029483
1709507594439,READ,/gpfs/aquamini2/nicolasl/lammps_workdir/restart.rst.30,10029484,10060387
1709507594440,READ,/gpfs/aquamini2/nicolasl/lammps_workdir/restart.rst.30,10060388,10081851
1709507594441,READ,/gpfs/aquamini2/nicolasl/lammps_workdir/restart.rst.30,10081852,10103843
1709507594442,READ,/gpfs/aquamini2/nicolasl/lammps_workdir/restart.rst.30,10103844,10125571
1709507594443,READ,/gpfs/aquamini2/nicolasl/lammps_workdir/restart.rst.30,10125572,10159715
1709507594444,READ,/gpfs/aquamini2/nicolasl/lammps_workdir/restart.rst.30,10159716,10179691
1709507594445,READ,/gpfs/aquamini2/nicolasl/lammps_workdir/restart.rst.30,10179692,10211011
1709507594446,READ,/gpfs/aquamini2/nicolasl/lammps_workdir/restart.rst.30,10211012,10232803
1709507594447,READ,/gpfs/aquamini2/nicolasl/lammps_workdir/restart.rst.30,10232804,10253739
1709507597244,READ,/gpfs/aquamini2/nicolasl/lammps_workdir/restart.rst.40,0,52475
1709507597245,READ,/gpfs/aquamini2/nicolasl/lammps_workdir/restart.rst.40,52476,113283
1709507597246,READ,/gpfs/aquamini2/nicolasl/lammps_workdir/restart.rst.40,113284,134747
1709507597247,READ,/gpfs/aquamini2/nicolasl/lammps_workdir/restart.rst.40,134748,186027
1709507597248,READ,/gpfs/aquamini2/nicolasl/lammps_workdir/restart.rst.40,186028,250267
1709507597249,READ,/gpfs/aquamini2/nicolasl/lammps_workdir/restart.rst.40,250268,305995
1709507597250,READ,/gpfs/aquamini2/nicolasl/lammps_workdir/restart.rst.40,305996,370243
1709507597251,READ,/gpfs/aquamini2/nicolasl/lammps_workdir/restart.rst.40,370244,421731
1709507597252,READ,/gpfs/aquamini2/nicolasl/lammps_workdir/restart.rst.40,421732,488259
1709507597253,READ,/gpfs/aquamini2/nicolasl/lammps_workdir/restart.rst.40,488260,543587
1709507597254,READ,/gpfs/aquamini2/nicolasl/lammps_workdir/restart.rst.40,543588,607355
1709507597255,READ,/gpfs/aquamini2/nicolasl/lammps_workdir/restart.rst.40,607356,660603
1709507597256,READ,/gpfs/aquamini2/nicolasl/lammps_workdir/restart.rst.40,660604,700219
1709507597257,READ,/gpfs/aquamini2/nicolasl/lammps_workdir/restart.rst.40,700220,722747
1709507597258,READ,/gpfs/aquamini2/nicolasl/lammps_workdir/restart.rst.40,722748,753459
1709507597259,READ,/gpfs/aquamini2/nicolasl/lammps_workdir/restart.rst.40,753460,775931
1709507597260,READ,/gpfs/aquamini2/nicolasl/lammps_workdir/restart.rst.40,775932,796043
1709507597261,READ,/gpfs/aquamini2/nicolasl/lammps_workdir/restart.rst.40,796044,829035
1709507597262,READ,/gpfs/aquamini2/nicolasl/lammps_workdir/restart.rst.40,829036,849675
1709507597263,READ,/gpfs/aquamini2/nicolasl/lammps_workdir/restart.rst.40,849676,879971
1709507597264,READ,/gpfs/aquamini2/nicolasl/lammps_workdir/restart.rst.40,879972,901291
1709507597265,READ,/gpfs/aquamini2/nicolasl/lammps_workdir/restart.rst.40,901292,924507
1709507597266,READ,/gpfs/aquamini2/nicolasl/lammps_workdir/restart.rst.40,924508,955355
1709507597267,READ,/gpfs/aquamini2/nicolasl/lammps_workdir/restart.rst.40,955356,976883
1709507597268,READ,/gpfs/aquamini2/nicolasl/lammps_workdir/restart.rst.40,976884,997603
1709507597269,READ,/gpfs/aquamini2/nicolasl/lammps_workdir/restart.rst.40,997604,1030459
1709507597270,READ,/gpfs/aquamini2/nicolasl/lammps_workdir/restart.rst.40,1030460,1050563
1709507597271,READ,/gpfs/aquamini2/nicolasl/lammps_workdir/restart.rst.40,1050564,1074107
1709507597272,READ,/gpfs/aquamini2/nicolasl/lammps_workdir/restart.rst.40,1074108,1095163
1709507597273,READ,/gpfs/aquamini2/nicolasl/lammps_workdir/restart.rst.40,1095164,1126947
1709507597274,READ,/gpfs/aquamini2/nicolasl/lammps_workdir/restart.rst.40,1126948,1147195
1709507597275,READ,/gpfs/aquamini2/nicolasl/lammps_workdir/restart.rst.40,1147196,1180459
1709507597276,READ,/gpfs/aquamini2/nicolasl/lammps_workdir/restart.rst.40,1180460,1202731
1709507597277,READ,/gpfs/aquamini2/nicolasl/lammps_workdir/restart.rst.40,1202732,1222163
1709507597278,READ,/gpfs/aquamini2/nicolasl/lammps_workdir/restart.rst.40,1222164,1252995
1709507597279,READ,/gpfs/aquamini2/nicolasl/lammps_workdir/restart.rst.40,1252996,1275123
1709507597280,READ,/gpfs/aquamini2/nicolasl/lammps_workdir/restart.rst.40,1275124,1308251
1709507597281,READ,/gpfs/aquamini2/nicolasl/lammps_workdir/restart.rst.40,1308252,1328235
1709507597282,READ,/gpfs/aquamini2/nicolasl/lammps_workdir/restart.rst.40,1328236,1351043
1709507597283,READ,/gpfs/aquamini2/nicolasl/lammps_workdir/restart.rst.40,1351044,1372371
1709507597284,READ,/gpfs/aquamini2/nicolasl/lammps_workdir/restart.rst.40,1372372,1394163
1709507597285,READ,/gpfs/aquamini2/nicolasl/lammps_workdir/restart.rst.40,1394164,1417979
1709507597286,READ,/gpfs/aquamini2/nicolasl/lammps_workdir/restart.rst.40,1417980,1448355
1709507597287,READ,/gpfs/aquamini2/nicolasl/lammps_workdir/restart.rst.40,1448356,1469867
1709507597288,READ,/gpfs/aquamini2/nicolasl/lammps_workdir/restart.rst.40,1469868,1489507
1709507597289,READ,/gpfs/aquamini2/nicolasl/lammps_workdir/restart.rst.40,1489508,1520691
1709507597290,READ,/gpfs/aquamini2/nicolasl/lammps_workdir/restart.rst.40,1520692,1543291
1709507597291,READ,/gpfs/aquamini2/nicolasl/lammps_workdir/restart.rst.40,1543292,1573395
1709507597292,READ,/gpfs/aquamini2/nicolasl/lammps_workdir/restart.rst.40,1573396,1594307
1709507597293,READ,/gpfs/aquamini2/nicolasl/lammps_workdir/restart.rst.40,1594308,1615435
1709507597294,READ,/gpfs/aquamini2/nicolasl/lammps_workdir/restart.rst.40,1615436,1636347
1709507597295,READ,/gpfs/aquamini2/nicolasl/lammps_workdir/restart.rst.40,1636348,1656267
1709507597296,READ,/gpfs/aquamini2/nicolasl/lammps_workdir/restart.rst.40,1656268,1688107
1709507597297,READ,/gpfs/aquamini2/nicolasl/lammps_workdir/restart.rst.40,1688108,1710843
1709507597298,READ,/gpfs/aquamini2/nicolasl/lammps_workdir/restart.rst.40,1710844,1731899
1709507597299,READ,/gpfs/aquamini2/nicolasl/lammps_workdir/restart.rst.40,1731900,1765827
1709507597300,READ,/gpfs/aquamini2/nicolasl/lammps_workdir/restart.rst.40,1765828,1784659
1709507597301,READ,/gpfs/aquamini2/nicolasl/lammps_workdir/restart.rst.40,1784660,1804971
1709507597302,READ,/gpfs/aquamini2/nicolasl/lammps_workdir/restart.rst.40,1804972,1828923
1709507597303,READ,/gpfs/aquamini2/nicolasl/lammps_workdir/restart.rst.40,1828924,1860483
1709507597304,READ,/gpfs/aquamini2/nicolasl/lammps_workdir/restart.rst.40,1860484,1893883
1709507597305,READ,/gpfs/aquamini2/nicolasl/lammps_workdir/restart.rst.40,1893884,1916627
1709507597306,READ,/gpfs/aquamini2/nicolasl/lammps_workdir/restart.rst.40,1916628,1948147
1709507597307,READ,/gpfs/aquamini2/nicolasl/lammps_workdir/restart.rst.40,1948148,1970227
1709507597308,READ,/gpfs/aquamini2/nicolasl/lammps_workdir/restart.rst.40,1970228,2004707
1709507597309,READ,/gpfs/aquamini2/nicolasl/lammps_workdir/restart.rst.40,2004708,2026883
1709507597310,READ,/gpfs/aquamini2/nicolasl/lammps_workdir/restart.rst.40,2026884,2049755
1709507597311,READ,/gpfs/aquamini2/nicolasl/lammps_workdir/restart.rst.40,2049756,2080995
1709507597312,READ,/gpfs/aquamini2/nicolasl/lammps_workdir/restart.rst.40,2080996,2102723
1709507597313,READ,/gpfs/aquamini2/nicolasl/lammps_workdir/restart.rst.40,2102724,2137203
1709507597314,READ,/gpfs/aquamini2/nicolasl/lammps_workdir/restart.rst.40,2137204,2157307
1709507597315,READ,/gpfs/aquamini2/nicolasl/lammps_workdir/restart.rst.40,2157308,2179779
1709507597316,READ,/gpfs/aquamini2/nicolasl/lammps_workdir/restart.rst.40,2179780,2212835
1709507597317,READ,/gpfs/aquamini2/nicolasl/lammps_workdir/restart.rst.40,2212836,2235107
1709507597318,READ,/gpfs/aquamini2/nicolasl/lammps_workdir/restart.rst.40,2235108,2255219
1709507597319,READ,/gpfs/aquamini2/nicolasl/lammps_workdir/restart.rst.40,2255220,2286131
1709507597320,READ,/gpfs/aquamini2/nicolasl/lammps_workdir/restart.rst.40,2286132,2307859
1709507597321,READ,/gpfs/aquamini2/nicolasl/lammps_workdir/restart.rst.40,2307860,2339771
1709507597322,READ,/gpfs/aquamini2/nicolasl/lammps_workdir/restart.rst.40,2339772,2360899
1709507597323,READ,/gpfs/aquamini2/nicolasl/lammps_workdir/restart.rst.40,2360900,2392955
1709507597324,READ,/gpfs/aquamini2/nicolasl/lammps_workdir/restart.rst.40,2392956,2413475
1709507597325,READ,/gpfs/aquamini2/nicolasl/lammps_workdir/restart.rst.40,2413476,2434923
1709507597326,READ,/gpfs/aquamini2/nicolasl/lammps_workdir/restart.rst.40,2434924,2469531
1709507597327,READ,/gpfs/aquamini2/nicolasl/lammps_workdir/restart.rst.40,2469532,2491339
1709507597328,READ,/gpfs/aquamini2/nicolasl/lammps_workdir/restart.rst.40,2491340,2522379
1709507597329,READ,/gpfs/aquamini2/nicolasl/lammps_workdir/restart.rst.40,2522380,2544451
1709507597330,READ,/gpfs/aquamini2/nicolasl/lammps_workdir/restart.rst.40,2544452,2578459
1709507597331,READ,/gpfs/aquamini2/nicolasl/lammps_workdir/restart.rst.40,2578460,2600459
1709507597332,READ,/gpfs/aquamini2/nicolasl/lammps_workdir/restart.rst.40,2600460,2631827
1709507597333,READ,/gpfs/aquamini2/nicolasl/lammps_workdir/restart.rst.40,2631828,2654163
1709507597334,READ,/gpfs/aquamini2/nicolasl/lammps_workdir/restart.rst.40,2654164,2688107
1709507597335,READ,/gpfs/aquamini2/nicolasl/lammps_workdir/restart.rst.40,2688108,2710115
1709507597336,READ,/gpfs/aquamini2/nicolasl/lammps_workdir/restart.rst.40,2710116,2729147
1709507597337,READ,/gpfs/aquamini2/nicolasl/lammps_workdir/restart.rst.40,2729148,2751275
1709507597338,READ,/gpfs/aquamini2/nicolasl/lammps_workdir/restart.rst.40,2751276,2771387
1709507597339,READ,/gpfs/aquamini2/nicolasl/lammps_workdir/restart.rst.40,2771388,2795195
1709507597340,READ,/gpfs/aquamini2/nicolasl/lammps_workdir/restart.rst.40,2795196,2826571
1709507597341,READ,/gpfs/aquamini2/nicolasl/lammps_workdir/restart.rst.40,2826572,2851971
1709507597342,READ,/gpfs/aquamini2/nicolasl/lammps_workdir/restart.rst.40,2851972,2873363
1709507597343,READ,/gpfs/aquamini2/nicolasl/lammps_workdir/restart.rst.40,2873364,2906635
1709507597344,READ,/gpfs/aquamini2/nicolasl/lammps_workdir/restart.rst.40,2906636,2916843
1709507597345,READ,/gpfs/aquamini2/nicolasl/lammps_workdir/restart.rst.40,2916844,2959275
1709507597346,READ,/gpfs/aquamini2/nicolasl/lammps_workdir/restart.rst.40,2959276,2980667
1709507597347,READ,/gpfs/aquamini2/nicolasl/lammps_workdir/restart.rst.40,2980668,3007835
1709507597348,READ,/gpfs/aquamini2/nicolasl/lammps_workdir/restart.rst.40,3007836,3040947
1709507597349,READ,/gpfs/aquamini2/nicolasl/lammps_workdir/restart.rst.40,3040948,3060763
1709507597350,READ,/gpfs/aquamini2/nicolasl/lammps_workdir/restart.rst.40,3060764,3082947
1709507597351,READ,/gpfs/aquamini2/nicolasl/lammps_workdir/restart.rst.40,3082948,3117859
1709507597352,READ,/gpfs/aquamini2/nicolasl/lammps_workdir/restart.rst.40,3117860,3143723
1709507597353,READ,/gpfs/aquamini2/nicolasl/lammps_workdir/restart.rst.40,3143724,3173811
1709507597354,READ,/gpfs/aquamini2/nicolasl/lammps_workdir/restart.rst.40,3173812,3202475
1709507597355,READ,/gpfs/aquamini2/nicolasl/lammps_workdir/restart.rst.40,3202476,3223875
1709507597356,READ,/gpfs/aquamini2/nicolasl/lammps_workdir/restart.rst.40,3223876,3263115
1709507597357,READ,/gpfs/aquamini2/nicolasl/lammps_workdir/restart.rst.40,3263116,3294051
1709507597358,READ,/gpfs/aquamini2/nicolasl/lammps_workdir/restart.rst.40,3294052,3323611
1709507597359,READ,/gpfs/aquamini2/nicolasl/lammps_workdir/restart.rst.40,3323612,3345267
1709507597360,READ,/gpfs/aquamini2/nicolasl/lammps_workdir/restart.rst.40,3345268,3368435
1709507597361,READ,/gpfs/aquamini2/nicolasl/lammps_workdir/restart.rst.40,3368436,3409283
1709507597362,READ,/gpfs/aquamini2/nicolasl/lammps_workdir/restart.rst.40,3409284,3433443
1709507597363,READ,/gpfs/aquamini2/nicolasl/lammps_workdir/restart.rst.40,3433444,3456443
1709507597364,READ,/gpfs/aquamini2/nicolasl/lammps_workdir/restart.rst.40,3456444,3491739
1709507597365,READ,/gpfs/aquamini2/nicolasl/lammps_workdir/restart.rst.40,3491740,3514611
1709507597366,READ,/gpfs/aquamini2/nicolasl/lammps_workdir/restart.rst.40,3514612,3534643
1709507597367,READ,/gpfs/aquamini2/nicolasl/lammps_workdir/restart.rst.40,3534644,3567643
1709507597368,READ,/gpfs/aquamini2/nicolasl/lammps_workdir/restart.rst.40,3567644,3589507
1709507597369,READ,/gpfs/aquamini2/nicolasl/lammps_workdir/restart.rst.40,3589508,3611235
1709507597370,READ,/gpfs/aquamini2/nicolasl/lammps_workdir/restart.rst.40,3611236,3645635
1709507597371,READ,/gpfs/aquamini2/nicolasl/lammps_workdir/restart.rst.40,3645636,3665811
1709507597372,READ,/gpfs/aquamini2/nicolasl/lammps_workdir/restart.rst.40,3665812,3686803
1709507597373,READ,/gpfs/aquamini2/nicolasl/lammps_workdir/restart.rst.40,3686804,3718435
1709507597374,READ,/gpfs/aquamini2/nicolasl/lammps_workdir/restart.rst.40,3718436,3739355
1709507597375,READ,/gpfs/aquamini2/nicolasl/lammps_workdir/restart.rst.40,3739356,3772683
1709507597376,READ,/gpfs/aquamini2/nicolasl/lammps_workdir/restart.rst.40,3772684,3794619
1709507597377,READ,/gpfs/aquamini2/nicolasl/lammps_workdir/restart.rst.40,3794620,3814595
1709507597378,READ,/gpfs/aquamini2/nicolasl/lammps_workdir/restart.rst.40,3814596,3834651
1709507597379,READ,/gpfs/aquamini2/nicolasl/lammps_workdir/restart.rst.40,3834652,3868451
1709507597380,READ,/gpfs/aquamini2/nicolasl/lammps_workdir/restart.rst.40,3868452,3890307
1709507597381,READ,/gpfs/aquamini2/nicolasl/lammps_workdir/restart.rst.40,3890308,3912235
1709507597382,READ,/gpfs/aquamini2/nicolasl/lammps_workdir/restart.rst.40,3912236,3934363
1709507597383,READ,/gpfs/aquamini2/nicolasl/lammps_workdir/restart.rst.40,3934364,3965483
1709507597384,READ,/gpfs/aquamini2/nicolasl/lammps_workdir/restart.rst.40,3965484,3985931
1709507597385,READ,/gpfs/aquamini2/nicolasl/lammps_workdir/restart.rst.40,3985932,4006995
1709507597386,READ,/gpfs/aquamini2/nicolasl/lammps_workdir/restart.rst.40,4006996,4039107
1709507597387,READ,/gpfs/aquamini2/nicolasl/lammps_workdir/restart.rst.40,4039108,4058675
1709507597388,READ,/gpfs/aquamini2/nicolasl/lammps_workdir/restart.rst.40,4058676,4079459
1709507597389,READ,/gpfs/aquamini2/nicolasl/lammps_workdir/restart.rst.40,4079460,4102659
1709507597390,READ,/gpfs/aquamini2/nicolasl/lammps_workdir/restart.rst.40,4102660,4123555
1709507597391,READ,/gpfs/aquamini2/nicolasl/lammps_workdir/restart.rst.40,4123556,4152843
1709507597392,READ,/gpfs/aquamini2/nicolasl/lammps_workdir/restart.rst.40,4152844,4175355
1709507597420,READ,/gpfs/aquamini2/nicolasl/lammps_workdir/restart.rst.40,4175356,4217571
1709507597421,READ,/gpfs/aquamini2/nicolasl/lammps_workdir/restart.rst.40,4217572,4241051
1709507597422,READ,/gpfs/aquamini2/nicolasl/lammps_workdir/restart.rst.40,4241052,4273907
1709507597423,READ,/gpfs/aquamini2/nicolasl/lammps_workdir/restart.rst.40,4273908,4297227
1709507597424,READ,/gpfs/aquamini2/nicolasl/lammps_workdir/restart.rst.40,4297228,4336107
1709507597425,READ,/gpfs/aquamini2/nicolasl/lammps_workdir/restart.rst.40,4336108,4358227
1709507597426,READ,/gpfs/aquamini2/nicolasl/lammps_workdir/restart.rst.40,4358228,4389291
1709507597427,READ,/gpfs/aquamini2/nicolasl/lammps_workdir/restart.rst.40,4389292,4409187
1709507597428,READ,/gpfs/aquamini2/nicolasl/lammps_workdir/restart.rst.40,4409188,4434579
1709507597429,READ,/gpfs/aquamini2/nicolasl/lammps_workdir/restart.rst.40,4434580,4474091
1709507597430,READ,/gpfs/aquamini2/nicolasl/lammps_workdir/restart.rst.40,4474092,4482531
1709507597431,READ,/gpfs/aquamini2/nicolasl/lammps_workdir/restart.rst.40,4482532,4494339
1709507597432,READ,/gpfs/aquamini2/nicolasl/lammps_workdir/restart.rst.40,4494340,4542203
1709507597433,READ,/gpfs/aquamini2/nicolasl/lammps_workdir/restart.rst.40,4542204,4561763
1709507597434,READ,/gpfs/aquamini2/nicolasl/lammps_workdir/restart.rst.40,4561764,4608723
1709507597435,READ,/gpfs/aquamini2/nicolasl/lammps_workdir/restart.rst.40,4608724,4631395
1709507597436,READ,/gpfs/aquamini2/nicolasl/lammps_workdir/restart.rst.40,4631396,4663411
1709507597437,READ,/gpfs/aquamini2/nicolasl/lammps_workdir/restart.rst.40,4663412,4713995
1709507597438,READ,/gpfs/aquamini2/nicolasl/lammps_workdir/restart.rst.40,4713996,4740611
1709507597439,READ,/gpfs/aquamini2/nicolasl/lammps_workdir/restart.rst.40,4740612,4763019
1709507597440,READ,/gpfs/aquamini2/nicolasl/lammps_workdir/restart.rst.40,4763020,4797339
1709507597441,READ,/gpfs/aquamini2/nicolasl/lammps_workdir/restart.rst.40,4797340,4818251
1709507597442,READ,/gpfs/aquamini2/nicolasl/lammps_workdir/restart.rst.40,4818252,4865587
1709507597443,READ,/gpfs/aquamini2/nicolasl/lammps_workdir/restart.rst.40,4865588,4886571
1709507597444,READ,/gpfs/aquamini2/nicolasl/lammps_workdir/restart.rst.40,4886572,4915299
1709507597445,READ,/gpfs/aquamini2/nicolasl/lammps_workdir/restart.rst.40,4915300,4948099
1709507597446,READ,/gpfs/aquamini2/nicolasl/lammps_workdir/restart.rst.40,4948100,4968747
1709507597447,READ,/gpfs/aquamini2/nicolasl/lammps_workdir/restart.rst.40,4968748,4989259
1709507597448,READ,/gpfs/aquamini2/nicolasl/lammps_workdir/restart.rst.40,4989260,5010979
1709507597449,READ,/gpfs/aquamini2/nicolasl/lammps_workdir/restart.rst.40,5010980,5042219
1709507597450,READ,/gpfs/aquamini2/nicolasl/lammps_workdir/restart.rst.40,5042220,5065171
1709507597451,READ,/gpfs/aquamini2/nicolasl/lammps_workdir/restart.rst.40,5065172,5097555
1709507597452,READ,/gpfs/aquamini2/nicolasl/lammps_workdir/restart.rst.40,5097556,5109899
1709507597453,READ,/gpfs/aquamini2/nicolasl/lammps_workdir/restart.rst.40,5109900,5139323
1709507597454,READ,/gpfs/aquamini2/nicolasl/lammps_workdir/restart.rst.40,5139324,5160643
1709507597455,READ,/gpfs/aquamini2/nicolasl/lammps_workdir/restart.rst.40,5160644,5179339
1709507597456,READ,/gpfs/aquamini2/nicolasl/lammps_workdir/restart.rst.40,5179340,5211523
1709507597457,READ,/gpfs/aquamini2/nicolasl/lammps_workdir/restart.rst.40,5211524,5231435
1709507597458,READ,/gpfs/aquamini2/nicolasl/lammps_workdir/restart.rst.40,5231436,5264427
1709507597459,READ,/gpfs/aquamini2/nicolasl/lammps_workdir/restart.rst.40,5264428,5285603
1709507597460,READ,/gpfs/aquamini2/nicolasl/lammps_workdir/restart.rst.40,5285604,5306659
1709507597461,READ,/gpfs/aquamini2/nicolasl/lammps_workdir/restart.rst.40,5306660,5338571
1709507597462,READ,/gpfs/aquamini2/nicolasl/lammps_workdir/restart.rst.40,5338572,5359691
1709507597463,READ,/gpfs/aquamini2/nicolasl/lammps_workdir/restart.rst.40,5359692,5390803
1709507597464,READ,/gpfs/aquamini2/nicolasl/lammps_workdir/restart.rst.40,5390804,5410643
1709507597465,READ,/gpfs/aquamini2/nicolasl/lammps_workdir/restart.rst.40,5410644,5431027
1709507597466,READ,/gpfs/aquamini2/nicolasl/lammps_workdir/restart.rst.40,5431028,5463011
1709507597467,READ,/gpfs/aquamini2/nicolasl/lammps_workdir/restart.rst.40,5463012,5486419
1709507597468,READ,/gpfs/aquamini2/nicolasl/lammps_workdir/restart.rst.40,5486420,5508083
1709507597469,READ,/gpfs/aquamini2/nicolasl/lammps_workdir/restart.rst.40,5508084,5543163
1709507597470,READ,/gpfs/aquamini2/nicolasl/lammps_workdir/restart.rst.40,5543164,5562915
1709507597471,READ,/gpfs/aquamini2/nicolasl/lammps_workdir/restart.rst.40,5562916,5585507
1709507597472,READ,/gpfs/aquamini2/nicolasl/lammps_workdir/restart.rst.40,5585508,5618835
1709507597473,READ,/gpfs/aquamini2/nicolasl/lammps_workdir/restart.rst.40,5618836,5641891
1709507597474,READ,/gpfs/aquamini2/nicolasl/lammps_workdir/restart.rst.40,5641892,5681011
1709507597475,READ,/gpfs/aquamini2/nicolasl/lammps_workdir/restart.rst.40,5681012,5701051
1709507597476,READ,/gpfs/aquamini2/nicolasl/lammps_workdir/restart.rst.40,5701052,5721923
1709507597477,READ,/gpfs/aquamini2/nicolasl/lammps_workdir/restart.rst.40,5721924,5756275
1709507597478,READ,/gpfs/aquamini2/nicolasl/lammps_workdir/restart.rst.40,5756276,5788435
1709507597479,READ,/gpfs/aquamini2/nicolasl/lammps_workdir/restart.rst.40,5788436,5809227
1709507597480,READ,/gpfs/aquamini2/nicolasl/lammps_workdir/restart.rst.40,5809228,5844875
1709507597481,READ,/gpfs/aquamini2/nicolasl/lammps_workdir/restart.rst.40,5844876,5862867
1709507597482,READ,/gpfs/aquamini2/nicolasl/lammps_workdir/restart.rst.40,5862868,5908283
1709507597483,READ,/gpfs/aquamini2/nicolasl/lammps_workdir/restart.rst.40,5908284,5936299
1709507597484,READ,/gpfs/aquamini2/nicolasl/lammps_workdir/restart.rst.40,5936300,5961619
1709507597485,READ,/gpfs/aquamini2/nicolasl/lammps_workdir/restart.rst.40,5961620,5986771
1709507597486,READ,/gpfs/aquamini2/nicolasl/lammps_workdir/restart.rst.40,5986772,6034131
1709507597487,READ,/gpfs/aquamini2/nicolasl/lammps_workdir/restart.rst.40,6034132,6065771
1709507597488,READ,/gpfs/aquamini2/nicolasl/lammps_workdir/restart.rst.40,6065772,6088235
1709507597489,READ,/gpfs/aquamini2/nicolasl/lammps_workdir/restart.rst.40,6088236,6108363
1709507597490,READ,/gpfs/aquamini2/nicolasl/lammps_workdir/restart.rst.40,6108364,6148315
1709507597491,READ,/gpfs/aquamini2/nicolasl/lammps_workdir/restart.rst.40,6148316,6177539
1709507597492,READ,/gpfs/aquamini2/nicolasl/lammps_workdir/restart.rst.40,6177540,6199211
1709507597493,READ,/gpfs/aquamini2/nicolasl/lammps_workdir/restart.rst.40,6199212,6235475
1709507597494,READ,/gpfs/aquamini2/nicolasl/lammps_workdir/restart.rst.40,6235476,6254219
1709507597495,READ,/gpfs/aquamini2/nicolasl/lammps_workdir/restart.rst.40,6254220,6286195
1709507597496,READ,/gpfs/aquamini2/nicolasl/lammps_workdir/restart.rst.40,6286196,6306987
1709507597497,READ,/gpfs/aquamini2/nicolasl/lammps_workdir/restart.rst.40,6306988,6327779
1709507597498,READ,/gpfs/aquamini2/nicolasl/lammps_workdir/restart.rst.40,6327780,6355299
1709507597499,READ,/gpfs/aquamini2/nicolasl/lammps_workdir/restart.rst.40,6355300,6376435
1709507597500,READ,/gpfs/aquamini2/nicolasl/lammps_workdir/restart.rst.40,6376436,6398635
1709507597501,READ,/gpfs/aquamini2/nicolasl/lammps_workdir/restart.rst.40,6398636,6431483
1709507597502,READ,/gpfs/aquamini2/nicolasl/lammps_workdir/restart.rst.40,6431484,6453547
1709507597503,READ,/gpfs/aquamini2/nicolasl/lammps_workdir/restart.rst.40,6453548,6474051
1709507597504,READ,/gpfs/aquamini2/nicolasl/lammps_workdir/restart.rst.40,6474052,6504555
1709507597505,READ,/gpfs/aquamini2/nicolasl/lammps_workdir/restart.rst.40,6504556,6526275
1709507597506,READ,/gpfs/aquamini2/nicolasl/lammps_workdir/restart.rst.40,6526276,6546251
1709507597507,READ,/gpfs/aquamini2/nicolasl/lammps_workdir/restart.rst.40,6546252,6578107
1709507597508,READ,/gpfs/aquamini2/nicolasl/lammps_workdir/restart.rst.40,6578108,6600915
1709507597509,READ,/gpfs/aquamini2/nicolasl/lammps_workdir/restart.rst.40,6600916,6624195
1709507597510,READ,/gpfs/aquamini2/nicolasl/lammps_workdir/restart.rst.40,6624196,6645787
1709507597511,READ,/gpfs/aquamini2/nicolasl/lammps_workdir/restart.rst.40,6645788,6667443
1709507597512,READ,/gpfs/aquamini2/nicolasl/lammps_workdir/restart.rst.40,6667444,6699427
1709507597513,READ,/gpfs/aquamini2/nicolasl/lammps_workdir/restart.rst.40,6699428,6721763
1709507597514,READ,/gpfs/aquamini2/nicolasl/lammps_workdir/restart.rst.40,6721764,6754363
1709507597515,READ,/gpfs/aquamini2/nicolasl/lammps_workdir/restart.rst.40,6754364,6776371
1709507597516,READ,/gpfs/aquamini2/nicolasl/lammps_workdir/restart.rst.40,6776372,6797211
1709507597517,READ,/gpfs/aquamini2/nicolasl/lammps_workdir/restart.rst.40,6797212,6830531
1709507597518,READ,/gpfs/aquamini2/nicolasl/lammps_workdir/restart.rst.40,6830532,6851523
1709507597519,READ,/gpfs/aquamini2/nicolasl/lammps_workdir/restart.rst.40,6851524,6881491
1709507597520,READ,/gpfs/aquamini2/nicolasl/lammps_workdir/restart.rst.40,6881492,6903627
1709507597521,READ,/gpfs/aquamini2/nicolasl/lammps_workdir/restart.rst.40,6903628,6925291
1709507597522,READ,/gpfs/aquamini2/nicolasl/lammps_workdir/restart.rst.40,6925292,6948435
1709507597523,READ,/gpfs/aquamini2/nicolasl/lammps_workdir/restart.rst.40,6948436,6968947
1709507597524,READ,/gpfs/aquamini2/nicolasl/lammps_workdir/restart.rst.40,6968948,6998099
1709507597525,READ,/gpfs/aquamini2/nicolasl/lammps_workdir/restart.rst.40,6998100,7019291
1709507597526,READ,/gpfs/aquamini2/nicolasl/lammps_workdir/restart.rst.40,7019292,7051267
1709507597527,READ,/gpfs/aquamini2/nicolasl/lammps_workdir/restart.rst.40,7051268,7072939
1709507597528,READ,/gpfs/aquamini2/nicolasl/lammps_workdir/restart.rst.40,7072940,7107019
1709507597529,READ,/gpfs/aquamini2/nicolasl/lammps_workdir/restart.rst.40,7107020,7129739
1709507597530,READ,/gpfs/aquamini2/nicolasl/lammps_workdir/restart.rst.40,7129740,7152739
1709507597531,READ,/gpfs/aquamini2/nicolasl/lammps_workdir/restart.rst.40,7152740,7172515
1709507597532,READ,/gpfs/aquamini2/nicolasl/lammps_workdir/restart.rst.40,7172516,7192971
1709507597533,READ,/gpfs/aquamini2/nicolasl/lammps_workdir/restart.rst.40,7192972,7214691
1709507597534,READ,/gpfs/aquamini2/nicolasl/lammps_workdir/restart.rst.40,7214692,7249827
1709507597535,READ,/gpfs/aquamini2/nicolasl/lammps_workdir/restart.rst.40,7249828,7272027
1709507597536,READ,/gpfs/aquamini2/nicolasl/lammps_workdir/restart.rst.40,7272028,7309507
1709507597537,READ,/gpfs/aquamini2/nicolasl/lammps_workdir/restart.rst.40,7309508,7332891
1709507597538,READ,/gpfs/aquamini2/nicolasl/lammps_workdir/restart.rst.40,7332892,7364539
1709507597539,READ,/gpfs/aquamini2/nicolasl/lammps_workdir/restart.rst.40,7364540,7384371
1709507597540,READ,/gpfs/aquamini2/nicolasl/lammps_workdir/restart.rst.40,7384372,7406035
1709507597541,READ,/gpfs/aquamini2/nicolasl/lammps_workdir/restart.rst.40,7406036,7438347
1709507597542,READ,/gpfs/aquamini2/nicolasl/lammps_workdir/restart.rst.40,7438348,7459123
1709507597543,READ,/gpfs/aquamini2/nicolasl/lammps_workdir/restart.rst.40,7459124,7481923
1709507597544,READ,/gpfs/aquamini2/nicolasl/lammps_workdir/restart.rst.40,7481924,7502707
1709507597545,READ,/gpfs/aquamini2/nicolasl/lammps_workdir/restart.rst.40,7502708,7526531
1709507597546,READ,/gpfs/aquamini2/nicolasl/lammps_workdir/restart.rst.40,7526532,7558867
1709507597547,READ,/gpfs/aquamini2/nicolasl/lammps_workdir/restart.rst.40,7558868,7570475
1709507597548,READ,/gpfs/aquamini2/nicolasl/lammps_workdir/restart.rst.40,7570476,7602867
1709507597549,READ,/gpfs/aquamini2/nicolasl/lammps_workdir/restart.rst.40,7602868,7622107
1709507597550,READ,/gpfs/aquamini2/nicolasl/lammps_workdir/restart.rst.40,7622108,7643635
1709507597551,READ,/gpfs/aquamini2/nicolasl/lammps_workdir/restart.rst.40,7643636,7677179
1709507597552,READ,/gpfs/aquamini2/nicolasl/lammps_workdir/restart.rst.40,7677180,7699107
1709507597553,READ,/gpfs/aquamini2/nicolasl/lammps_workdir/restart.rst.40,7699108,7718339
1709507597554,READ,/gpfs/aquamini2/nicolasl/lammps_workdir/restart.rst.40,7718340,7740683
1709507597555,READ,/gpfs/aquamini2/nicolasl/lammps_workdir/restart.rst.40,7740684,7771723
1709507597556,READ,/gpfs/aquamini2/nicolasl/lammps_workdir/restart.rst.40,7771724,7794051
1709507597557,READ,/gpfs/aquamini2/nicolasl/lammps_workdir/restart.rst.40,7794052,7826907
1709507597558,READ,/gpfs/aquamini2/nicolasl/lammps_workdir/restart.rst.40,7826908,7847627
1709507597559,READ,/gpfs/aquamini2/nicolasl/lammps_workdir/restart.rst.40,7847628,7867539
1709507597560,READ,/gpfs/aquamini2/nicolasl/lammps_workdir/restart.rst.40,7867540,7889803
1709507597561,READ,/gpfs/aquamini2/nicolasl/lammps_workdir/restart.rst.40,7889804,7920091
1709507597562,READ,/gpfs/aquamini2/nicolasl/lammps_workdir/restart.rst.40,7920092,7942763
1709507597563,READ,/gpfs/aquamini2/nicolasl/lammps_workdir/restart.rst.40,7942764,7964627
1709507597564,READ,/gpfs/aquamini2/nicolasl/lammps_workdir/restart.rst.40,7964628,7994787
1709507597565,READ,/gpfs/aquamini2/nicolasl/lammps_workdir/restart.rst.40,7994788,8015651
1709507597566,READ,/gpfs/aquamini2/nicolasl/lammps_workdir/restart.rst.40,8015652,8035083
1709507597567,READ,/gpfs/aquamini2/nicolasl/lammps_workdir/restart.rst.40,8035084,8055803
1709507597568,READ,/gpfs/aquamini2/nicolasl/lammps_workdir/restart.rst.40,8055804,8086571
1709507597569,READ,/gpfs/aquamini2/nicolasl/lammps_workdir/restart.rst.40,8086572,8108035
1709507597570,READ,/gpfs/aquamini2/nicolasl/lammps_workdir/restart.rst.40,8108036,8129899
1709507597571,READ,/gpfs/aquamini2/nicolasl/lammps_workdir/restart.rst.40,8129900,8150547
1709507597572,READ,/gpfs/aquamini2/nicolasl/lammps_workdir/restart.rst.40,8150548,8182995
1709507597573,READ,/gpfs/aquamini2/nicolasl/lammps_workdir/restart.rst.40,8182996,8203715
1709507597574,READ,/gpfs/aquamini2/nicolasl/lammps_workdir/restart.rst.40,8203716,8224771
1709507597575,READ,/gpfs/aquamini2/nicolasl/lammps_workdir/restart.rst.40,8224772,8258707
1709507597576,READ,/gpfs/aquamini2/nicolasl/lammps_workdir/restart.rst.40,8258708,8279419
1709507597577,READ,/gpfs/aquamini2/nicolasl/lammps_workdir/restart.rst.40,8279420,8314227
1709507597578,READ,/gpfs/aquamini2/nicolasl/lammps_workdir/restart.rst.40,8314228,8336563
1709507597579,READ,/gpfs/aquamini2/nicolasl/lammps_workdir/restart.rst.40,8336564,8358971
1709507597580,READ,/gpfs/aquamini2/nicolasl/lammps_workdir/restart.rst.40,8358972,8380699
1709507597581,READ,/gpfs/aquamini2/nicolasl/lammps_workdir/restart.rst.40,8380700,8414635
1709507597582,READ,/gpfs/aquamini2/nicolasl/lammps_workdir/restart.rst.40,8414636,8437779
1709507597583,READ,/gpfs/aquamini2/nicolasl/lammps_workdir/restart.rst.40,8437780,8458963
1709507597584,READ,/gpfs/aquamini2/nicolasl/lammps_workdir/restart.rst.40,8458964,8479747
1709507597585,READ,/gpfs/aquamini2/nicolasl/lammps_workdir/restart.rst.40,8479748,8510659
1709507597586,READ,/gpfs/aquamini2/nicolasl/lammps_workdir/restart.rst.40,8510660,8531243
1709507597587,READ,/gpfs/aquamini2/nicolasl/lammps_workdir/restart.rst.40,8531244,8551083
1709507597588,READ,/gpfs/aquamini2/nicolasl/lammps_workdir/restart.rst.40,8551084,8572203
1709507597589,READ,/gpfs/aquamini2/nicolasl/lammps_workdir/restart.rst.40,8572204,8605051
1709507597590,READ,/gpfs/aquamini2/nicolasl/lammps_workdir/restart.rst.40,8605052,8627931
1709507597591,READ,/gpfs/aquamini2/nicolasl/lammps_workdir/restart.rst.40,8627932,8648179
1709507597592,READ,/gpfs/aquamini2/nicolasl/lammps_workdir/restart.rst.40,8648180,8681851
1709507597593,READ,/gpfs/aquamini2/nicolasl/lammps_workdir/restart.rst.40,8681852,8702315
1709507597594,READ,/gpfs/aquamini2/nicolasl/lammps_workdir/restart.rst.40,8702316,8724715
1709507597595,READ,/gpfs/aquamini2/nicolasl/lammps_workdir/restart.rst.40,8724716,8747259
1709507597596,READ,/gpfs/aquamini2/nicolasl/lammps_workdir/restart.rst.40,8747260,8780859
1709507597597,READ,/gpfs/aquamini2/nicolasl/lammps_workdir/restart.rst.40,8780860,8802851
1709507597598,READ,/gpfs/aquamini2/nicolasl/lammps_workdir/restart.rst.40,8802852,8824843
1709507597599,READ,/gpfs/aquamini2/nicolasl/lammps_workdir/restart.rst.40,8824844,8859251
1709507597600,READ,/gpfs/aquamini2/nicolasl/lammps_workdir/restart.rst.40,8859252,8879555
1709507597601,READ,/gpfs/aquamini2/nicolasl/lammps_workdir/restart.rst.40,8879556,8900675
1709507597602,READ,/gpfs/aquamini2/nicolasl/lammps_workdir/restart.rst.40,8900676,8932059
1709507597603,READ,/gpfs/aquamini2/nicolasl/lammps_workdir/restart.rst.40,8932060,8953651
1709507597604,READ,/gpfs/aquamini2/nicolasl/lammps_workdir/restart.rst.40,8953652,8976051
1709507597605,READ,/gpfs/aquamini2/nicolasl/lammps_workdir/restart.rst.40,8976052,9008171
1709507597606,READ,/gpfs/aquamini2/nicolasl/lammps_workdir/restart.rst.40,9008172,9028963
1709507597607,READ,/gpfs/aquamini2/nicolasl/lammps_workdir/restart.rst.40,9028964,9050891
1709507597608,READ,/gpfs/aquamini2/nicolasl/lammps_workdir/restart.rst.40,9050892,9072139
1709507597609,READ,/gpfs/aquamini2/nicolasl/lammps_workdir/restart.rst.40,9072140,9102987
1709507597610,READ,/gpfs/aquamini2/nicolasl/lammps_workdir/restart.rst.40,9102988,9115867
1709507597611,READ,/gpfs/aquamini2/nicolasl/lammps_workdir/restart.rst.40,9115868,9150827
1709507597612,READ,/gpfs/aquamini2/nicolasl/lammps_workdir/restart.rst.40,9150828,9169459
1709507597613,READ,/gpfs/aquamini2/nicolasl/lammps_workdir/restart.rst.40,9169460,9189971
1709507597614,READ,/gpfs/aquamini2/nicolasl/lammps_workdir/restart.rst.40,9189972,9221555
1709507597615,READ,/gpfs/aquamini2/nicolasl/lammps_workdir/restart.rst.40,9221556,9241339
1709507597616,READ,/gpfs/aquamini2/nicolasl/lammps_workdir/restart.rst.40,9241340,9263947
1709507597617,READ,/gpfs/aquamini2/nicolasl/lammps_workdir/restart.rst.40,9263948,9298499
1709507597618,READ,/gpfs/aquamini2/nicolasl/lammps_workdir/restart.rst.40,9298500,9318603
1709507597619,READ,/gpfs/aquamini2/nicolasl/lammps_workdir/restart.rst.40,9318604,9341603
1709507597620,READ,/gpfs/aquamini2/nicolasl/lammps_workdir/restart.rst.40,9341604,9361171
1709507597621,READ,/gpfs/aquamini2/nicolasl/lammps_workdir/restart.rst.40,9361172,9383171
1709507597622,READ,/gpfs/aquamini2/nicolasl/lammps_workdir/restart.rst.40,9383172,9415091
1709507597623,READ,/gpfs/aquamini2/nicolasl/lammps_workdir/restart.rst.40,9415092,9437283
1709507597624,READ,/gpfs/aquamini2/nicolasl/lammps_workdir/restart.rst.40,9437284,9469267
1709507597625,READ,/gpfs/aquamini2/nicolasl/lammps_workdir/restart.rst.40,9469268,9488907
1709507597626,READ,/gpfs/aquamini2/nicolasl/lammps_workdir/restart.rst.40,9488908,9520155
1709507597627,READ,/gpfs/aquamini2/nicolasl/lammps_workdir/restart.rst.40,9520156,9540603
1709507597628,READ,/gpfs/aquamini2/nicolasl/lammps_workdir/restart.rst.40,9540604,9570555
1709507597629,READ,/gpfs/aquamini2/nicolasl/lammps_workdir/restart.rst.40,9570556,9591811
1709507597630,READ,/gpfs/aquamini2/nicolasl/lammps_workdir/restart.rst.40,9591812,9613539
1709507597631,READ,/gpfs/aquamini2/nicolasl/lammps_workdir/restart.rst.40,9613540,9637091
1709507597632,READ,/gpfs/aquamini2/nicolasl/lammps_workdir/restart.rst.40,9637092,9656059
1709507597633,READ,/gpfs/aquamini2/nicolasl/lammps_workdir/restart.rst.40,9656060,9689115
1709507597634,READ,/gpfs/aquamini2/nicolasl/lammps_workdir/restart.rst.40,9689116,9721307
1709507597635,READ,/gpfs/aquamini2/nicolasl/lammps_workdir/restart.rst.40,9721308,9743899
1709507597636,READ,/gpfs/aquamini2/nicolasl/lammps_workdir/restart.rst.40,9743900,9775691
1709507597637,READ,/gpfs/aquamini2/nicolasl/lammps_workdir/restart.rst.40,9775692,9796675
1709507597638,READ,/gpfs/aquamini2/nicolasl/lammps_workdir/restart.rst.40,9796676,9819083
1709507597639,READ,/gpfs/aquamini2/nicolasl/lammps_workdir/restart.rst.40,9819084,9849387
1709507597640,READ,/gpfs/aquamini2/nicolasl/lammps_workdir/restart.rst.40,9849388,9869219
1709507597641,READ,/gpfs/aquamini2/nicolasl/lammps_workdir/restart.rst.40,9869220,9888795
1709507597642,READ,/gpfs/aquamini2/nicolasl/lammps_workdir/restart.rst.40,9888796,9912131
1709507597643,READ,/gpfs/aquamini2/nicolasl/lammps_workdir/restart.rst.40,9912132,9945723
1709507597644,READ,/gpfs/aquamini2/nicolasl/lammps_workdir/restart.rst.40,9945724,9966587
1709507597645,READ,/gpfs/aquamini2/nicolasl/lammps_workdir/restart.rst.40,9966588,9988995
1709507597646,READ,/gpfs/aquamini2/nicolasl/lammps_workdir/restart.rst.40,9988996,10011531
1709507597647,READ,/gpfs/aquamini2/nicolasl/lammps_workdir/restart.rst.40,10011532,10030699
1709507597648,READ,/gpfs/aquamini2/nicolasl/lammps_workdir/restart.rst.40,10030700,10062475
1709507597649,READ,/gpfs/aquamini2/nicolasl/lammps_workdir/restart.rst.40,10062476,10083875
1709507597650,READ,/gpfs/aquamini2/nicolasl/lammps_workdir/restart.rst.40,10083876,10105331
1709507597651,READ,/gpfs/aquamini2/nicolasl/lammps_workdir/restart.rst.40,10105332,10136643
1709507597652,READ,/gpfs/aquamini2/nicolasl/lammps_workdir/restart.rst.40,10136644,10159107
1709507597653,READ,/gpfs/aquamini2/nicolasl/lammps_workdir/restart.rst.40,10159108,10190491
1709507597654,READ,/gpfs/aquamini2/nicolasl/lammps_workdir/restart.rst.40,10190492,10211011
1709507597655,READ,/gpfs/aquamini2/nicolasl/lammps_workdir/restart.rst.40,10211012,10232395
1709507597656,READ,/gpfs/aquamini2/nicolasl/lammps_workdir/restart.rst.40,10232396,10253739
1709507602748,READ,/gpfs/aquamini2/nicolasl/lammps_workdir/restart.rst.50,0,52611
1709507602749,READ,/gpfs/aquamini2/nicolasl/lammps_workdir/restart.rst.50,52612,114083
1709507602750,READ,/gpfs/aquamini2/nicolasl/lammps_workdir/restart.rst.50,114084,135411
1709507602751,READ,/gpfs/aquamini2/nicolasl/lammps_workdir/restart.rst.50,135412,186363
1709507602752,READ,/gpfs/aquamini2/nicolasl/lammps_workdir/restart.rst.50,186364,250595
1709507602753,READ,/gpfs/aquamini2/nicolasl/lammps_workdir/restart.rst.50,250596,316787
1709507602754,READ,/gpfs/aquamini2/nicolasl/lammps_workdir/restart.rst.50,316788,379627
1709507602755,READ,/gpfs/aquamini2/nicolasl/lammps_workdir/restart.rst.50,379628,443475
1709507602756,READ,/gpfs/aquamini2/nicolasl/lammps_workdir/restart.rst.50,443476,498787
1709507602757,READ,/gpfs/aquamini2/nicolasl/lammps_workdir/restart.rst.50,498788,565387
1709507602758,READ,/gpfs/aquamini2/nicolasl/lammps_workdir/restart.rst.50,565388,627347
1709507602759,READ,/gpfs/aquamini2/nicolasl/lammps_workdir/restart.rst.50,627348,690107
1709507602760,READ,/gpfs/aquamini2/nicolasl/lammps_workdir/restart.rst.50,690108,712243
1709507602761,READ,/gpfs/aquamini2/nicolasl/lammps_workdir/restart.rst.50,712244,744491
1709507602762,READ,/gpfs/aquamini2/nicolasl/lammps_workdir/restart.rst.50,744492,765211
1709507602763,READ,/gpfs/aquamini2/nicolasl/lammps_workdir/restart.rst.50,765212,796579
1709507602764,READ,/gpfs/aquamini2/nicolasl/lammps_workdir/restart.rst.50,796580,817163
1709507602765,READ,/gpfs/aquamini2/nicolasl/lammps_workdir/restart.rst.50,817164,849339
1709507602766,READ,/gpfs/aquamini2/nicolasl/lammps_workdir/restart.rst.50,849340,869451
1709507602767,READ,/gpfs/aquamini2/nicolasl/lammps_workdir/restart.rst.50,869452,889291
1709507602768,READ,/gpfs/aquamini2/nicolasl/lammps_workdir/restart.rst.50,889292,913443
1709507602769,READ,/gpfs/aquamini2/nicolasl/lammps_workdir/restart.rst.50,913444,943619
1709507602770,READ,/gpfs/aquamini2/nicolasl/lammps_workdir/restart.rst.50,943620,966499
1709507602771,READ,/gpfs/aquamini2/nicolasl/lammps_workdir/restart.rst.50,966500,987563
1709507602772,READ,/gpfs/aquamini2/nicolasl/lammps_workdir/restart.rst.50,987564,1009283
1709507602773,READ,/gpfs/aquamini2/nicolasl/lammps_workdir/restart.rst.50,1009284,1038907
1709507602774,READ,/gpfs/aquamini2/nicolasl/lammps_workdir/restart.rst.50,1038908,1060491
1709507602775,READ,/gpfs/aquamini2/nicolasl/lammps_workdir/restart.rst.50,1060492,1084643
1709507602776,READ,/gpfs/aquamini2/nicolasl/lammps_workdir/restart.rst.50,1084644,1116283
1709507602777,READ,/gpfs/aquamini2/nicolasl/lammps_workdir/restart.rst.50,1116284,1136131
1709507602778,READ,/gpfs/aquamini2/nicolasl/lammps_workdir/restart.rst.50,1136132,1158331
1709507602779,READ,/gpfs/aquamini2/nicolasl/lammps_workdir/restart.rst.50,1158332,1191675
1709507602780,READ,/gpfs/aquamini2/nicolasl/lammps_workdir/restart.rst.50,1191676,1212859
1709507602781,READ,/gpfs/aquamini2/nicolasl/lammps_workdir/restart.rst.50,1212860,1232499
1709507602782,READ,/gpfs/aquamini2/nicolasl/lammps_workdir/restart.rst.50,1232500,1265563
1709507602783,READ,/gpfs/aquamini2/nicolasl/lammps_workdir/restart.rst.50,1265564,1286203
1709507602784,READ,/gpfs/aquamini2/nicolasl/lammps_workdir/restart.rst.50,1286204,1308339
1709507602785,READ,/gpfs/aquamini2/nicolasl/lammps_workdir/restart.rst.50,1308340,1339179
1709507602786,READ,/gpfs/aquamini2/nicolasl/lammps_workdir/restart.rst.50,1339180,1361779
1709507602787,READ,/gpfs/aquamini2/nicolasl/lammps_workdir/restart.rst.50,1361780,1381819
1709507602788,READ,/gpfs/aquamini2/nicolasl/lammps_workdir/restart.rst.50,1381820,1404699
1709507602789,READ,/gpfs/aquamini2/nicolasl/lammps_workdir/restart.rst.50,1404700,1427091
1709507602790,READ,/gpfs/aquamini2/nicolasl/lammps_workdir/restart.rst.50,1427092,1457731
1709507602791,READ,/gpfs/aquamini2/nicolasl/lammps_workdir/restart.rst.50,1457732,1477907
1709507602792,READ,/gpfs/aquamini2/nicolasl/lammps_workdir/restart.rst.50,1477908,1499027
1709507602793,READ,/gpfs/aquamini2/nicolasl/lammps_workdir/restart.rst.50,1499028,1530683
1709507602794,READ,/gpfs/aquamini2/nicolasl/lammps_workdir/restart.rst.50,1530684,1551475
1709507602795,READ,/gpfs/aquamini2/nicolasl/lammps_workdir/restart.rst.50,1551476,1582043
1709507602796,READ,/gpfs/aquamini2/nicolasl/lammps_workdir/restart.rst.50,1582044,1603763
1709507602797,READ,/gpfs/aquamini2/nicolasl/lammps_workdir/restart.rst.50,1603764,1625155
1709507602798,READ,/gpfs/aquamini2/nicolasl/lammps_workdir/restart.rst.50,1625156,1655995
1709507602799,READ,/gpfs/aquamini2/nicolasl/lammps_workdir/restart.rst.50,1655996,1677651
1709507602800,READ,/gpfs/aquamini2/nicolasl/lammps_workdir/restart.rst.50,1677652,1699187
1709507602801,READ,/gpfs/aquamini2/nicolasl/lammps_workdir/restart.rst.50,1699188,1720979
1709507602802,READ,/gpfs/aquamini2/nicolasl/lammps_workdir/restart.rst.50,1720980,1739867
1709507602803,READ,/gpfs/aquamini2/nicolasl/lammps_workdir/restart.rst.50,1739868,1773859
1709507602804,READ,/gpfs/aquamini2/nicolasl/lammps_workdir/restart.rst.50,1773860,1793499
1709507602805,READ,/gpfs/aquamini2/nicolasl/lammps_workdir/restart.rst.50,1793500,1815971
1709507602806,READ,/gpfs/aquamini2/nicolasl/lammps_workdir/restart.rst.50,1815972,1846539
1709507602807,READ,/gpfs/aquamini2/nicolasl/lammps_workdir/restart.rst.50,1846540,1871683
1709507602808,READ,/gpfs/aquamini2/nicolasl/lammps_workdir/restart.rst.50,1871684,1894019
1709507602809,READ,/gpfs/aquamini2/nicolasl/lammps_workdir/restart.rst.50,1894020,1929435
1709507602810,READ,/gpfs/aquamini2/nicolasl/lammps_workdir/restart.rst.50,1929436,1948083
1709507602811,READ,/gpfs/aquamini2/nicolasl/lammps_workdir/restart.rst.50,1948084,1981971
1709507602812,READ,/gpfs/aquamini2/nicolasl/lammps_workdir/restart.rst.50,1981972,2004859
1709507602813,READ,/gpfs/aquamini2/nicolasl/lammps_workdir/restart.rst.50,2004860,2040139
1709507602814,READ,/gpfs/aquamini2/nicolasl/lammps_workdir/restart.rst.50,2040140,2060419
1709507602815,READ,/gpfs/aquamini2/nicolasl/lammps_workdir/restart.rst.50,2060420,2092323
1709507602816,READ,/gpfs/aquamini2/nicolasl/lammps_workdir/restart.rst.50,2092324,2116075
1709507602817,READ,/gpfs/aquamini2/nicolasl/lammps_workdir/restart.rst.50,2116076,2148123
1709507602818,READ,/gpfs/aquamini2/nicolasl/lammps_workdir/restart.rst.50,2148124,2170059
1709507602819,READ,/gpfs/aquamini2/nicolasl/lammps_workdir/restart.rst.50,2170060,2202443
1709507602820,READ,/gpfs/aquamini2/nicolasl/lammps_workdir/restart.rst.50,2202444,2223283
1709507602821,READ,/gpfs/aquamini2/nicolasl/lammps_workdir/restart.rst.50,2223284,2244139
1709507602822,READ,/gpfs/aquamini2/nicolasl/lammps_workdir/restart.rst.50,2244140,2275643
1709507602823,READ,/gpfs/aquamini2/nicolasl/lammps_workdir/restart.rst.50,2275644,2296763
1709507602824,READ,/gpfs/aquamini2/nicolasl/lammps_workdir/restart.rst.50,2296764,2328947
1709507602825,READ,/gpfs/aquamini2/nicolasl/lammps_workdir/restart.rst.50,2328948,2349403
1709507602826,READ,/gpfs/aquamini2/nicolasl/lammps_workdir/restart.rst.50,2349404,2380859
1709507602827,READ,/gpfs/aquamini2/nicolasl/lammps_workdir/restart.rst.50,2380860,2402315
1709507602828,READ,/gpfs/aquamini2/nicolasl/lammps_workdir/restart.rst.50,2402316,2423371
1709507602829,READ,/gpfs/aquamini2/nicolasl/lammps_workdir/restart.rst.50,2423372,2456643
1709507602830,READ,/gpfs/aquamini2/nicolasl/lammps_workdir/restart.rst.50,2456644,2479859
1709507602831,READ,/gpfs/aquamini2/nicolasl/lammps_workdir/restart.rst.50,2479860,2501131
1709507602832,READ,/gpfs/aquamini2/nicolasl/lammps_workdir/restart.rst.50,2501132,2532435
1709507602833,READ,/gpfs/aquamini2/nicolasl/lammps_workdir/restart.rst.50,2532436,2556259
1709507602834,READ,/gpfs/aquamini2/nicolasl/lammps_workdir/restart.rst.50,2556260,2588643
1709507602835,READ,/gpfs/aquamini2/nicolasl/lammps_workdir/restart.rst.50,2588644,2610707
1709507602836,READ,/gpfs/aquamini2/nicolasl/lammps_workdir/restart.rst.50,2610708,2631555
1709507602837,READ,/gpfs/aquamini2/nicolasl/lammps_workdir/restart.rst.50,2631556,2664355
1709507602838,READ,/gpfs/aquamini2/nicolasl/lammps_workdir/restart.rst.50,2664356,2687707
1709507602839,READ,/gpfs/aquamini2/nicolasl/lammps_workdir/restart.rst.50,2687708,2710451
1709507602840,READ,/gpfs/aquamini2/nicolasl/lammps_workdir/restart.rst.50,2710452,2730155
1709507602841,READ,/gpfs/aquamini2/nicolasl/lammps_workdir/restart.rst.50,2730156,2752083
1709507602842,READ,/gpfs/aquamini2/nicolasl/lammps_workdir/restart.rst.50,2752084,2783051
1709507602843,READ,/gpfs/aquamini2/nicolasl/lammps_workdir/restart.rst.50,2783052,2805451
1709507602844,READ,/gpfs/aquamini2/nicolasl/lammps_workdir/restart.rst.50,2805452,2837787
1709507602845,READ,/gpfs/aquamini2/nicolasl/lammps_workdir/restart.rst.50,2837788,2862963
1709507602846,READ,/gpfs/aquamini2/nicolasl/lammps_workdir/restart.rst.50,2862964,2884355
1709507602847,READ,/gpfs/aquamini2/nicolasl/lammps_workdir/restart.rst.50,2884356,2906155
1709507602848,READ,/gpfs/aquamini2/nicolasl/lammps_workdir/restart.rst.50,2906156,2931251
1709507602849,READ,/gpfs/aquamini2/nicolasl/lammps_workdir/restart.rst.50,2931252,2970211
1709507602850,READ,/gpfs/aquamini2/nicolasl/lammps_workdir/restart.rst.50,2970212,2991419
1709507602851,READ,/gpfs/aquamini2/nicolasl/lammps_workdir/restart.rst.50,2991420,3025155
1709507602852,READ,/gpfs/aquamini2/nicolasl/lammps_workdir/restart.rst.50,3025156,3039307
1709507602853,READ,/gpfs/aquamini2/nicolasl/lammps_workdir/restart.rst.50,3039308,3069835
1709507602854,READ,/gpfs/aquamini2/nicolasl/lammps_workdir/restart.rst.50,3069836,3092827
1709507602855,READ,/gpfs/aquamini2/nicolasl/lammps_workdir/restart.rst.50,3092828,3115827
1709507602856,READ,/gpfs/aquamini2/nicolasl/lammps_workdir/restart.rst.50,3115828,3161427
1709507602857,READ,/gpfs/aquamini2/nicolasl/lammps_workdir/restart.rst.50,3161428,3189747
1709507602858,READ,/gpfs/aquamini2/nicolasl/lammps_workdir/restart.rst.50,3189748,3210603
1709507602859,READ,/gpfs/aquamini2/nicolasl/lammps_workdir/restart.rst.50,3210604,3236835
1709507602860,READ,/gpfs/aquamini2/nicolasl/lammps_workdir/restart.rst.50,3236836,3280147
1709507602861,READ,/gpfs/aquamini2/nicolasl/lammps_workdir/restart.rst.50,3280148,3300467
1709507602862,READ,/gpfs/aquamini2/nicolasl/lammps_workdir/restart.rst.50,3300468,3330427
1709507602863,READ,/gpfs/aquamini2/nicolasl/lammps_workdir/restart.rst.50,3330428,3366227
1709507602864,READ,/gpfs/aquamini2/nicolasl/lammps_workdir/restart.rst.50,3366228,3386907
1709507602865,READ,/gpfs/aquamini2/nicolasl/lammps_workdir/restart.rst.50,3386908,3420115
1709507602866,READ,/gpfs/aquamini2/nicolasl/lammps_workdir/restart.rst.50,3420116,3440779
1709507602867,READ,/gpfs/aquamini2/nicolasl/lammps_workdir/restart.rst.50,3440780,3467163
1709507602868,READ,/gpfs/aquamini2/nicolasl/lammps_workdir/restart.rst.50,3467164,3489275
1709507602869,READ,/gpfs/aquamini2/nicolasl/lammps_workdir/restart.rst.50,3489276,3521051
1709507602870,READ,/gpfs/aquamini2/nicolasl/lammps_workdir/restart.rst.50,3521052,3545131
1709507602871,READ,/gpfs/aquamini2/nicolasl/lammps_workdir/restart.rst.50,3545132,3566995
1709507602872,READ,/gpfs/aquamini2/nicolasl/lammps_workdir/restart.rst.50,3566996,3598915
1709507602873,READ,/gpfs/aquamini2/nicolasl/lammps_workdir/restart.rst.50,3598916,3621587
1709507602874,READ,/gpfs/aquamini2/nicolasl/lammps_workdir/restart.rst.50,3621588,3654451
1709507602875,READ,/gpfs/aquamini2/nicolasl/lammps_workdir/restart.rst.50,3654452,3676315
1709507602876,READ,/gpfs/aquamini2/nicolasl/lammps_workdir/restart.rst.50,3676316,3695611
1709507602877,READ,/gpfs/aquamini2/nicolasl/lammps_workdir/restart.rst.50,3695612,3728123
1709507602878,READ,/gpfs/aquamini2/nicolasl/lammps_workdir/restart.rst.50,3728124,3749979
1709507602879,READ,/gpfs/aquamini2/nicolasl/lammps_workdir/restart.rst.50,3749980,3783171
1709507602880,READ,/gpfs/aquamini2/nicolasl/lammps_workdir/restart.rst.50,3783172,3803427
1709507602881,READ,/gpfs/aquamini2/nicolasl/lammps_workdir/restart.rst.50,3803428,3823003
1709507602882,READ,/gpfs/aquamini2/nicolasl/lammps_workdir/restart.rst.50,3823004,3844795
1709507602883,READ,/gpfs/aquamini2/nicolasl/lammps_workdir/restart.rst.50,3844796,3877579
1709507602884,READ,/gpfs/aquamini2/nicolasl/lammps_workdir/restart.rst.50,3877580,3899435
1709507602885,READ,/gpfs/aquamini2/nicolasl/lammps_workdir/restart.rst.50,3899436,3921699
1709507602886,READ,/gpfs/aquamini2/nicolasl/lammps_workdir/restart.rst.50,3921700,3953963
1709507602887,READ,/gpfs/aquamini2/nicolasl/lammps_workdir/restart.rst.50,3953964,3975635
1709507602888,READ,/gpfs/aquamini2/nicolasl/lammps_workdir/restart.rst.50,3975636,3996347
1709507602889,READ,/gpfs/aquamini2/nicolasl/lammps_workdir/restart.rst.50,3996348,4027459
1709507602890,READ,/gpfs/aquamini2/nicolasl/lammps_workdir/restart.rst.50,4027460,4048307
1709507602891,READ,/gpfs/aquamini2/nicolasl/lammps_workdir/restart.rst.50,4048308,4078475
1709507602892,READ,/gpfs/aquamini2/nicolasl/lammps_workdir/restart.rst.50,4078476,4088067
1709507602893,READ,/gpfs/aquamini2/nicolasl/lammps_workdir/restart.rst.50,4088068,4122307
1709507602894,READ,/gpfs/aquamini2/nicolasl/lammps_workdir/restart.rst.50,4122308,4142147
1709507602895,READ,/gpfs/aquamini2/nicolasl/lammps_workdir/restart.rst.50,4142148,4174707
1709507602918,READ,/gpfs/aquamini2/nicolasl/lammps_workdir/restart.rst.50,4174708,4216827
1709507602919,READ,/gpfs/aquamini2/nicolasl/lammps_workdir/restart.rst.50,4216828,4250419
1709507602920,READ,/gpfs/aquamini2/nicolasl/lammps_workdir/restart.rst.50,4250420,4273147
1709507602921,READ,/gpfs/aquamini2/nicolasl/lammps_workdir/restart.rst.50,4273148,4295827
1709507602922,READ,/gpfs/aquamini2/nicolasl/lammps_workdir/restart.rst.50,4295828,4335043
1709507602923,READ,/gpfs/aquamini2/nicolasl/lammps_workdir/restart.rst.50,4335044,4358243
1709507602924,READ,/gpfs/aquamini2/nicolasl/lammps_workdir/restart.rst.50,4358244,4389051
1709507602925,READ,/gpfs/aquamini2/nicolasl/lammps_workdir/restart.rst.50,4389052,4408811
1709507602926,READ,/gpfs/aquamini2/nicolasl/lammps_workdir/restart.rst.50,4408812,4455003
1709507602927,READ,/gpfs/aquamini2/nicolasl/lammps_workdir/restart.rst.50,4455004,4483179
1709507602928,READ,/gpfs/aquamini2/nicolasl/lammps_workdir/restart.rst.50,4483180,4494379
1709507602929,READ,/gpfs/aquamini2/nicolasl/lammps_workdir/restart.rst.50,4494380,4543667
1709507602930,READ,/gpfs/aquamini2/nicolasl/lammps_workdir/restart.rst.50,4543668,4562603
1709507602931,READ,/gpfs/aquamini2/nicolasl/lammps_workdir/restart.rst.50,4562604,4582003
1709507602932,READ,/gpfs/aquamini2/nicolasl/lammps_workdir/restart.rst.50,4582004,4631091
1709507602933,READ,/gpfs/aquamini2/nicolasl/lammps_workdir/restart.rst.50,4631092,4661579
1709507602934,READ,/gpfs/aquamini2/nicolasl/lammps_workdir/restart.rst.50,4661580,4683811
1709507602935,READ,/gpfs/aquamini2/nicolasl/lammps_workdir/restart.rst.50,4683812,4726659
1709507602936,READ,/gpfs/aquamini2/nicolasl/lammps_workdir/restart.rst.50,4726660,4750307
1709507602937,READ,/gpfs/aquamini2/nicolasl/lammps_workdir/restart.rst.50,4750308,4772043
1709507602938,READ,/gpfs/aquamini2/nicolasl/lammps_workdir/restart.rst.50,4772044,4795699
1709507602939,READ,/gpfs/aquamini2/nicolasl/lammps_workdir/restart.rst.50,4795700,4839323
1709507602940,READ,/gpfs/aquamini2/nicolasl/lammps_workdir/restart.rst.50,4839324,4874211
1709507602941,READ,/gpfs/aquamini2/nicolasl/lammps_workdir/restart.rst.50,4874212,4895339
1709507602942,READ,/gpfs/aquamini2/nicolasl/lammps_workdir/restart.rst.50,4895340,4928595
1709507602943,READ,/gpfs/aquamini2/nicolasl/lammps_workdir/restart.rst.50,4928596,4946835
1709507602944,READ,/gpfs/aquamini2/nicolasl/lammps_workdir/restart.rst.50,4946836,4967619
1709507602945,READ,/gpfs/aquamini2/nicolasl/lammps_workdir/restart.rst.50,4967620,4988739
1709507602946,READ,/gpfs/aquamini2/nicolasl/lammps_workdir/restart.rst.50,4988740,5020539
1709507602947,READ,/gpfs/aquamini2/nicolasl/lammps_workdir/restart.rst.50,5020540,5041451
1709507602948,READ,/gpfs/aquamini2/nicolasl/lammps_workdir/restart.rst.50,5041452,5074859
1709507602949,READ,/gpfs/aquamini2/nicolasl/lammps_workdir/restart.rst.50,5074860,5095843
1709507602950,READ,/gpfs/aquamini2/nicolasl/lammps_workdir/restart.rst.50,5095844,5118379
1709507602951,READ,/gpfs/aquamini2/nicolasl/lammps_workdir/restart.rst.50,5118380,5149419
1709507602952,READ,/gpfs/aquamini2/nicolasl/lammps_workdir/restart.rst.50,5149420,5170139
1709507602953,READ,/gpfs/aquamini2/nicolasl/lammps_workdir/restart.rst.50,5170140,5188499
1709507602954,READ,/gpfs/aquamini2/nicolasl/lammps_workdir/restart.rst.50,5188500,5219339
1709507602955,READ,/gpfs/aquamini2/nicolasl/lammps_workdir/restart.rst.50,5219340,5241475
1709507602956,READ,/gpfs/aquamini2/nicolasl/lammps_workdir/restart.rst.50,5241476,5272707
1709507602957,READ,/gpfs/aquamini2/nicolasl/lammps_workdir/restart.rst.50,5272708,5293483
1709507602958,READ,/gpfs/aquamini2/nicolasl/lammps_workdir/restart.rst.50,5293484,5316147
1709507602959,READ,/gpfs/aquamini2/nicolasl/lammps_workdir/restart.rst.50,5316148,5348203
1709507602960,READ,/gpfs/aquamini2/nicolasl/lammps_workdir/restart.rst.50,5348204,5370267
1709507602961,READ,/gpfs/aquamini2/nicolasl/lammps_workdir/restart.rst.50,5370268,5400979
1709507602962,READ,/gpfs/aquamini2/nicolasl/lammps_workdir/restart.rst.50,5400980,5420211
1709507602963,READ,/gpfs/aquamini2/nicolasl/lammps_workdir/restart.rst.50,5420212,5452267
1709507602964,READ,/gpfs/aquamini2/nicolasl/lammps_workdir/restart.rst.50,5452268,5475467
1709507602965,READ,/gpfs/aquamini2/nicolasl/lammps_workdir/restart.rst.50,5475468,5497131
1709507602966,READ,/gpfs/aquamini2/nicolasl/lammps_workdir/restart.rst.50,5497132,5519739
1709507602967,READ,/gpfs/aquamini2/nicolasl/lammps_workdir/restart.rst.50,5519740,5542675
1709507602968,READ,/gpfs/aquamini2/nicolasl/lammps_workdir/restart.rst.50,5542676,5573747
1709507602969,READ,/gpfs/aquamini2/nicolasl/lammps_workdir/restart.rst.50,5573748,5595875
1709507602970,READ,/gpfs/aquamini2/nicolasl/lammps_workdir/restart.rst.50,5595876,5618211
1709507602971,READ,/gpfs/aquamini2/nicolasl/lammps_workdir/restart.rst.50,5618212,5641939
1709507602972,READ,/gpfs/aquamini2/nicolasl/lammps_workdir/restart.rst.50,5641940,5681291
1709507602973,READ,/gpfs/aquamini2/nicolasl/lammps_workdir/restart.rst.50,5681292,5711611
1709507602974,READ,/gpfs/aquamini2/nicolasl/lammps_workdir/restart.rst.50,5711612,5737699
1709507602975,READ,/gpfs/aquamini2/nicolasl/lammps_workdir/restart.rst.50,5737700,5756091
1709507602976,READ,/gpfs/aquamini2/nicolasl/lammps_workdir/restart.rst.50,5756092,5788051
1709507602977,READ,/gpfs/aquamini2/nicolasl/lammps_workdir/restart.rst.50,5788052,5823099
1709507602978,READ,/gpfs/aquamini2/nicolasl/lammps_workdir/restart.rst.50,5823100,5845331
1709507602979,READ,/gpfs/aquamini2/nicolasl/lammps_workdir/restart.rst.50,5845332,5879499
1709507602980,READ,/gpfs/aquamini2/nicolasl/lammps_workdir/restart.rst.50,5879500,5908219
1709507602981,READ,/gpfs/aquamini2/nicolasl/lammps_workdir/restart.rst.50,5908220,5936571
1709507602982,READ,/gpfs/aquamini2/nicolasl/lammps_workdir/restart.rst.50,5936572,5961523
1709507602983,READ,/gpfs/aquamini2/nicolasl/lammps_workdir/restart.rst.50,5961524,5986403
1709507602984,READ,/gpfs/aquamini2/nicolasl/lammps_workdir/restart.rst.50,5986404,6034755
1709507602985,READ,/gpfs/aquamini2/nicolasl/lammps_workdir/restart.rst.50,6034756,6066123
1709507602986,READ,/gpfs/aquamini2/nicolasl/lammps_workdir/restart.rst.50,6066124,6088867
1709507602987,READ,/gpfs/aquamini2/nicolasl/lammps_workdir/restart.rst.50,6088868,6109587
1709507602988,READ,/gpfs/aquamini2/nicolasl/lammps_workdir/restart.rst.50,6109588,6149595
1709507602989,READ,/gpfs/aquamini2/nicolasl/lammps_workdir/restart.rst.50,6149596,6178211
1709507602990,READ,/gpfs/aquamini2/nicolasl/lammps_workdir/restart.rst.50,6178212,6200083
1709507602991,READ,/gpfs/aquamini2/nicolasl/lammps_workdir/restart.rst.50,6200084,6225579
1709507602992,READ,/gpfs/aquamini2/nicolasl/lammps_workdir/restart.rst.50,6225580,6255627
1709507602993,READ,/gpfs/aquamini2/nicolasl/lammps_workdir/restart.rst.50,6255628,6277227
1709507602994,READ,/gpfs/aquamini2/nicolasl/lammps_workdir/restart.rst.50,6277228,6297875
1709507602995,READ,/gpfs/aquamini2/nicolasl/lammps_workdir/restart.rst.50,6297876,6327979
1709507602996,READ,/gpfs/aquamini2/nicolasl/lammps_workdir/restart.rst.50,6327980,6345379
1709507602997,READ,/gpfs/aquamini2/nicolasl/lammps_workdir/restart.rst.50,6345380,6376691
1709507602998,READ,/gpfs/aquamini2/nicolasl/lammps_workdir/restart.rst.50,6376692,6399027
1709507602999,READ,/gpfs/aquamini2/nicolasl/lammps_workdir/restart.rst.50,6399028,6421147
1709507603000,READ,/gpfs/aquamini2/nicolasl/lammps_workdir/restart.rst.50,6421148,6454747
1709507603001,READ,/gpfs/aquamini2/nicolasl/lammps_workdir/restart.rst.50,6454748,6475867
1709507603002,READ,/gpfs/aquamini2/nicolasl/lammps_workdir/restart.rst.50,6475868,6496923
1709507603003,READ,/gpfs/aquamini2/nicolasl/lammps_workdir/restart.rst.50,6496924,6516363
1709507603004,READ,/gpfs/aquamini2/nicolasl/lammps_workdir/restart.rst.50,6516364,6547475
1709507603005,READ,/gpfs/aquamini2/nicolasl/lammps_workdir/restart.rst.50,6547476,6569259
1709507603006,READ,/gpfs/aquamini2/nicolasl/lammps_workdir/restart.rst.50,6569260,6589835
1709507603007,READ,/gpfs/aquamini2/nicolasl/lammps_workdir/restart.rst.50,6589836,6613323
1709507603008,READ,/gpfs/aquamini2/nicolasl/lammps_workdir/restart.rst.50,6613324,6645371
1709507603009,READ,/gpfs/aquamini2/nicolasl/lammps_workdir/restart.rst.50,6645372,6667227
1709507603010,READ,/gpfs/aquamini2/nicolasl/lammps_workdir/restart.rst.50,6667228,6688819
1709507603011,READ,/gpfs/aquamini2/nicolasl/lammps_workdir/restart.rst.50,6688820,6710547
1709507603012,READ,/gpfs/aquamini2/nicolasl/lammps_workdir/restart.rst.50,6710548,6742667
1709507603013,READ,/gpfs/aquamini2/nicolasl/lammps_workdir/restart.rst.50,6742668,6764131
1709507603014,READ,/gpfs/aquamini2/nicolasl/lammps_workdir/restart.rst.50,6764132,6795035
1709507603015,READ,/gpfs/aquamini2/nicolasl/lammps_workdir/restart.rst.50,6795036,6817771
1709507603016,READ,/gpfs/aquamini2/nicolasl/lammps_workdir/restart.rst.50,6817772,6840035
1709507603017,READ,/gpfs/aquamini2/nicolasl/lammps_workdir/restart.rst.50,6840036,6867779
1709507603018,READ,/gpfs/aquamini2/nicolasl/lammps_workdir/restart.rst.50,6867780,6889779
1709507603019,READ,/gpfs/aquamini2/nicolasl/lammps_workdir/restart.rst.50,6889780,6923059
1709507603020,READ,/gpfs/aquamini2/nicolasl/lammps_workdir/restart.rst.50,6923060,6945451
1709507603021,READ,/gpfs/aquamini2/nicolasl/lammps_workdir/restart.rst.50,6945452,6966579
1709507603022,READ,/gpfs/aquamini2/nicolasl/lammps_workdir/restart.rst.50,6966580,6986555
1709507603023,READ,/gpfs/aquamini2/nicolasl/lammps_workdir/restart.rst.50,6986556,7007467
1709507603024,READ,/gpfs/aquamini2/nicolasl/lammps_workdir/restart.rst.50,7007468,7038187
1709507603025,READ,/gpfs/aquamini2/nicolasl/lammps_workdir/restart.rst.50,7038188,7061251
1709507603026,READ,/gpfs/aquamini2/nicolasl/lammps_workdir/restart.rst.50,7061252,7095475
1709507603027,READ,/gpfs/aquamini2/nicolasl/lammps_workdir/restart.rst.50,7095476,7117947
1709507603028,READ,/gpfs/aquamini2/nicolasl/lammps_workdir/restart.rst.50,7117948,7152803
1709507603029,READ,/gpfs/aquamini2/nicolasl/lammps_workdir/restart.rst.50,7152804,7173051
1709507603030,READ,/gpfs/aquamini2/nicolasl/lammps_workdir/restart.rst.50,7173052,7193507
1709507603031,READ,/gpfs/aquamini2/nicolasl/lammps_workdir/restart.rst.50,7193508,7215699
1709507603032,READ,/gpfs/aquamini2/nicolasl/lammps_workdir/restart.rst.50,7215700,7241179
1709507603033,READ,/gpfs/aquamini2/nicolasl/lammps_workdir/restart.rst.50,7241180,7263115
1709507603034,READ,/gpfs/aquamini2/nicolasl/lammps_workdir/restart.rst.50,7263116,7298131
1709507603035,READ,/gpfs/aquamini2/nicolasl/lammps_workdir/restart.rst.50,7298132,7322907
1709507603036,READ,/gpfs/aquamini2/nicolasl/lammps_workdir/restart.rst.50,7322908,7354011
1709507603037,READ,/gpfs/aquamini2/nicolasl/lammps_workdir/restart.rst.50,7354012,7374587
1709507603038,READ,/gpfs/aquamini2/nicolasl/lammps_workdir/restart.rst.50,7374588,7394835
1709507603039,READ,/gpfs/aquamini2/nicolasl/lammps_workdir/restart.rst.50,7394836,7427699
1709507603040,READ,/gpfs/aquamini2/nicolasl/lammps_workdir/restart.rst.50,7427700,7450899
1709507603041,READ,/gpfs/aquamini2/nicolasl/lammps_workdir/restart.rst.50,7450900,7483683
1709507603042,READ,/gpfs/aquamini2/nicolasl/lammps_workdir/restart.rst.50,7483684,7504875
1709507603043,READ,/gpfs/aquamini2/nicolasl/lammps_workdir/restart.rst.50,7504876,7528155
1709507603044,READ,/gpfs/aquamini2/nicolasl/lammps_workdir/restart.rst.50,7528156,7549691
1709507603045,READ,/gpfs/aquamini2/nicolasl/lammps_workdir/restart.rst.50,7549692,7572571
1709507603046,READ,/gpfs/aquamini2/nicolasl/lammps_workdir/restart.rst.50,7572572,7594227
1709507603047,READ,/gpfs/aquamini2/nicolasl/lammps_workdir/restart.rst.50,7594228,7614555
1709507603048,READ,/gpfs/aquamini2/nicolasl/lammps_workdir/restart.rst.50,7614556,7634531
1709507603049,READ,/gpfs/aquamini2/nicolasl/lammps_workdir/restart.rst.50,7634532,7667339
1709507603050,READ,/gpfs/aquamini2/nicolasl/lammps_workdir/restart.rst.50,7667340,7688923
1709507603051,READ,/gpfs/aquamini2/nicolasl/lammps_workdir/restart.rst.50,7688924,7709043
1709507603052,READ,/gpfs/aquamini2/nicolasl/lammps_workdir/restart.rst.50,7709044,7731307
1709507603053,READ,/gpfs/aquamini2/nicolasl/lammps_workdir/restart.rst.50,7731308,7753571
1709507603054,READ,/gpfs/aquamini2/nicolasl/lammps_workdir/restart.rst.50,7753572,7784011
1709507603055,READ,/gpfs/aquamini2/nicolasl/lammps_workdir/restart.rst.50,7784012,7805939
1709507603056,READ,/gpfs/aquamini2/nicolasl/lammps_workdir/restart.rst.50,7805940,7838867
1709507603057,READ,/gpfs/aquamini2/nicolasl/lammps_workdir/restart.rst.50,7838868,7860931
1709507603058,READ,/gpfs/aquamini2/nicolasl/lammps_workdir/restart.rst.50,7860932,7880771
1709507603059,READ,/gpfs/aquamini2/nicolasl/lammps_workdir/restart.rst.50,7880772,7903499
1709507603060,READ,/gpfs/aquamini2/nicolasl/lammps_workdir/restart.rst.50,7903500,7923403
1709507603061,READ,/gpfs/aquamini2/nicolasl/lammps_workdir/restart.rst.50,7923404,7956459
1709507603062,READ,/gpfs/aquamini2/nicolasl/lammps_workdir/restart.rst.50,7956460,7976371
1709507603063,READ,/gpfs/aquamini2/nicolasl/lammps_workdir/restart.rst.50,7976372,7997355
1709507603064,READ,/gpfs/aquamini2/nicolasl/lammps_workdir/restart.rst.50,7997356,8027459
1709507603065,READ,/gpfs/aquamini2/nicolasl/lammps_workdir/restart.rst.50,8027460,8048179
1709507603066,READ,/gpfs/aquamini2/nicolasl/lammps_workdir/restart.rst.50,8048180,8068419
1709507603067,READ,/gpfs/aquamini2/nicolasl/lammps_workdir/restart.rst.50,8068420,8099459
1709507603068,READ,/gpfs/aquamini2/nicolasl/lammps_workdir/restart.rst.50,8099460,8120451
1709507603069,READ,/gpfs/aquamini2/nicolasl/lammps_workdir/restart.rst.50,8120452,8141443
1709507603070,READ,/gpfs/aquamini2/nicolasl/lammps_workdir/restart.rst.50,8141444,8163243
1709507603071,READ,/gpfs/aquamini2/nicolasl/lammps_workdir/restart.rst.50,8163244,8185099
1709507603072,READ,/gpfs/aquamini2/nicolasl/lammps_workdir/restart.rst.50,8185100,8214723
1709507603073,READ,/gpfs/aquamini2/nicolasl/lammps_workdir/restart.rst.50,8214724,8236987
1709507603074,READ,/gpfs/aquamini2/nicolasl/lammps_workdir/restart.rst.50,8236988,8270787
1709507603075,READ,/gpfs/aquamini2/nicolasl/lammps_workdir/restart.rst.50,8270788,8292307
1709507603076,READ,/gpfs/aquamini2/nicolasl/lammps_workdir/restart.rst.50,8292308,8326099
1709507603077,READ,/gpfs/aquamini2/nicolasl/lammps_workdir/restart.rst.50,8326100,8347563
1709507603078,READ,/gpfs/aquamini2/nicolasl/lammps_workdir/restart.rst.50,8347564,8371307
1709507603079,READ,/gpfs/aquamini2/nicolasl/lammps_workdir/restart.rst.50,8371308,8392299
1709507603080,READ,/gpfs/aquamini2/nicolasl/lammps_workdir/restart.rst.50,8392300,8427451
1709507603081,READ,/gpfs/aquamini2/nicolasl/lammps_workdir/restart.rst.50,8427452,8449459
1709507603082,READ,/gpfs/aquamini2/nicolasl/lammps_workdir/restart.rst.50,8449460,8469635
1709507603083,READ,/gpfs/aquamini2/nicolasl/lammps_workdir/restart.rst.50,8469636,8490219
1709507603084,READ,/gpfs/aquamini2/nicolasl/lammps_workdir/restart.rst.50,8490220,8521803
1709507603085,READ,/gpfs/aquamini2/nicolasl/lammps_workdir/restart.rst.50,8521804,8542523
1709507603086,READ,/gpfs/aquamini2/nicolasl/lammps_workdir/restart.rst.50,8542524,8562363
1709507603087,READ,/gpfs/aquamini2/nicolasl/lammps_workdir/restart.rst.50,8562364,8594131
1709507603088,READ,/gpfs/aquamini2/nicolasl/lammps_workdir/restart.rst.50,8594132,8615579
1709507603089,READ,/gpfs/aquamini2/nicolasl/lammps_workdir/restart.rst.50,8615580,8646491
1709507603090,READ,/gpfs/aquamini2/nicolasl/lammps_workdir/restart.rst.50,8646492,8668763
1709507603091,READ,/gpfs/aquamini2/nicolasl/lammps_workdir/restart.rst.50,8668764,8690771
1709507603092,READ,/gpfs/aquamini2/nicolasl/lammps_workdir/restart.rst.50,8690772,8712899
1709507603093,READ,/gpfs/aquamini2/nicolasl/lammps_workdir/restart.rst.50,8712900,8735107
1709507603094,READ,/gpfs/aquamini2/nicolasl/lammps_workdir/restart.rst.50,8735108,8757843
1709507603095,READ,/gpfs/aquamini2/nicolasl/lammps_workdir/restart.rst.50,8757844,8780043
1709507603096,READ,/gpfs/aquamini2/nicolasl/lammps_workdir/restart.rst.50,8780044,8812763
1709507603097,READ,/gpfs/aquamini2/nicolasl/lammps_workdir/restart.rst.50,8812764,8833811
1709507603098,READ,/gpfs/aquamini2/nicolasl/lammps_workdir/restart.rst.50,8833812,8858707
1709507603099,READ,/gpfs/aquamini2/nicolasl/lammps_workdir/restart.rst.50,8858708,8890747
1709507603100,READ,/gpfs/aquamini2/nicolasl/lammps_workdir/restart.rst.50,8890748,8911667
1709507603101,READ,/gpfs/aquamini2/nicolasl/lammps_workdir/restart.rst.50,8911668,8932795
1709507603102,READ,/gpfs/aquamini2/nicolasl/lammps_workdir/restart.rst.50,8932796,8966131
1709507603103,READ,/gpfs/aquamini2/nicolasl/lammps_workdir/restart.rst.50,8966132,8985899
1709507603104,READ,/gpfs/aquamini2/nicolasl/lammps_workdir/restart.rst.50,8985900,9018027
1709507603105,READ,/gpfs/aquamini2/nicolasl/lammps_workdir/restart.rst.50,9018028,9039227
1709507603106,READ,/gpfs/aquamini2/nicolasl/lammps_workdir/restart.rst.50,9039228,9060747
1709507603107,READ,/gpfs/aquamini2/nicolasl/lammps_workdir/restart.rst.50,9060748,9092467
1709507603108,READ,/gpfs/aquamini2/nicolasl/lammps_workdir/restart.rst.50,9092468,9114667
1709507603109,READ,/gpfs/aquamini2/nicolasl/lammps_workdir/restart.rst.50,9114668,9137819
1709507603110,READ,/gpfs/aquamini2/nicolasl/lammps_workdir/restart.rst.50,9137820,9168395
1709507603111,READ,/gpfs/aquamini2/nicolasl/lammps_workdir/restart.rst.50,9168396,9189443
1709507603112,READ,/gpfs/aquamini2/nicolasl/lammps_workdir/restart.rst.50,9189444,9211315
1709507603113,READ,/gpfs/aquamini2/nicolasl/lammps_workdir/restart.rst.50,9211316,9231227
1709507603114,READ,/gpfs/aquamini2/nicolasl/lammps_workdir/restart.rst.50,9231228,9262811
1709507603115,READ,/gpfs/aquamini2/nicolasl/lammps_workdir/restart.rst.50,9262812,9286963
1709507603116,READ,/gpfs/aquamini2/nicolasl/lammps_workdir/restart.rst.50,9286964,9308955
1709507603117,READ,/gpfs/aquamini2/nicolasl/lammps_workdir/restart.rst.50,9308956,9329331
1709507603118,READ,/gpfs/aquamini2/nicolasl/lammps_workdir/restart.rst.50,9329332,9349843
1709507603119,READ,/gpfs/aquamini2/nicolasl/lammps_workdir/restart.rst.50,9349844,9370027
1709507603120,READ,/gpfs/aquamini2/nicolasl/lammps_workdir/restart.rst.50,9370028,9404171
1709507603121,READ,/gpfs/aquamini2/nicolasl/lammps_workdir/restart.rst.50,9404172,9426371
1709507603122,READ,/gpfs/aquamini2/nicolasl/lammps_workdir/restart.rst.50,9426372,9447683
1709507603123,READ,/gpfs/aquamini2/nicolasl/lammps_workdir/restart.rst.50,9447684,9479883
1709507603124,READ,/gpfs/aquamini2/nicolasl/lammps_workdir/restart.rst.50,9479884,9500059
1709507603125,READ,/gpfs/aquamini2/nicolasl/lammps_workdir/restart.rst.50,9500060,9529491
1709507603126,READ,/gpfs/aquamini2/nicolasl/lammps_workdir/restart.rst.50,9529492,9551747
1709507603127,READ,/gpfs/aquamini2/nicolasl/lammps_workdir/restart.rst.50,9551748,9570771
1709507603128,READ,/gpfs/aquamini2/nicolasl/lammps_workdir/restart.rst.50,9570772,9602683
1709507603129,READ,/gpfs/aquamini2/nicolasl/lammps_workdir/restart.rst.50,9602684,9627115
1709507603130,READ,/gpfs/aquamini2/nicolasl/lammps_workdir/restart.rst.50,9627116,9647283
1709507603131,READ,/gpfs/aquamini2/nicolasl/lammps_workdir/restart.rst.50,9647284,9669019
1709507603132,READ,/gpfs/aquamini2/nicolasl/lammps_workdir/restart.rst.50,9669020,9700659
1709507603133,READ,/gpfs/aquamini2/nicolasl/lammps_workdir/restart.rst.50,9700660,9721171
1709507603134,READ,/gpfs/aquamini2/nicolasl/lammps_workdir/restart.rst.50,9721172,9753683
1709507603135,READ,/gpfs/aquamini2/nicolasl/lammps_workdir/restart.rst.50,9753684,9774675
1709507603136,READ,/gpfs/aquamini2/nicolasl/lammps_workdir/restart.rst.50,9774676,9795795
1709507603137,READ,/gpfs/aquamini2/nicolasl/lammps_workdir/restart.rst.50,9795796,9818267
1709507603138,READ,/gpfs/aquamini2/nicolasl/lammps_workdir/restart.rst.50,9818268,9840139
1709507603139,READ,/gpfs/aquamini2/nicolasl/lammps_workdir/restart.rst.50,9840140,9869427
1709507603140,READ,/gpfs/aquamini2/nicolasl/lammps_workdir/restart.rst.50,9869428,9889203
1709507603141,READ,/gpfs/aquamini2/nicolasl/lammps_workdir/restart.rst.50,9889204,9911603
1709507603142,READ,/gpfs/aquamini2/nicolasl/lammps_workdir/restart.rst.50,9911604,9944523
1709507603143,READ,/gpfs/aquamini2/nicolasl/lammps_workdir/restart.rst.50,9944524,9956675
1709507603144,READ,/gpfs/aquamini2/nicolasl/lammps_workdir/restart.rst.50,9956676,9987923
1709507603145,READ,/gpfs/aquamini2/nicolasl/lammps_workdir/restart.rst.50,9987924,10010459
1709507603146,READ,/gpfs/aquamini2/nicolasl/lammps_workdir/restart.rst.50,10010460,10029691
1709507603147,READ,/gpfs/aquamini2/nicolasl/lammps_workdir/restart.rst.50,10029692,10051483
1709507603148,READ,/gpfs/aquamini2/nicolasl/lammps_workdir/restart.rst.50,10051484,10083547
1709507603149,READ,/gpfs/aquamini2/nicolasl/lammps_workdir/restart.rst.50,10083548,10105339
1709507603150,READ,/gpfs/aquamini2/nicolasl/lammps_workdir/restart.rst.50,10105340,10126459
1709507603151,READ,/gpfs/aquamini2/nicolasl/lammps_workdir/restart.rst.50,10126460,10159115
1709507603152,READ,/gpfs/aquamini2/nicolasl/lammps_workdir/restart.rst.50,10159116,10178891
1709507603153,READ,/gpfs/aquamini2/nicolasl/lammps_workdir/restart.rst.50,10178892,10210275
1709507603154,READ,/gpfs/aquamini2/nicolasl/lammps_workdir/restart.rst.50,10210276,10232131
1709507603155,READ,/gpfs/aquamini2/nicolasl/lammps_workdir/restart.rst.50,10232132,10253739
1709507607338,READ,/gpfs/aquamini2/nicolasl/lammps_workdir/restart.rst.60,0,51803
1709507607339,READ,/gpfs/aquamini2/nicolasl/lammps_workdir/restart.rst.60,51804,113755
1709507607340,READ,/gpfs/aquamini2/nicolasl/lammps_workdir/restart.rst.60,113756,135963
1709507607341,READ,/gpfs/aquamini2/nicolasl/lammps_workdir/restart.rst.60,135964,187251
1709507607342,READ,/gpfs/aquamini2/nicolasl/lammps_workdir/restart.rst.60,187252,251075
1709507607343,READ,/gpfs/aquamini2/nicolasl/lammps_workdir/restart.rst.60,251076,316931
1709507607344,READ,/gpfs/aquamini2/nicolasl/lammps_workdir/restart.rst.60,316932,370787
1709507607345,READ,/gpfs/aquamini2/nicolasl/lammps_workdir/restart.rst.60,370788,434099
1709507607346,READ,/gpfs/aquamini2/nicolasl/lammps_workdir/restart.rst.60,434100,499539
1709507607347,READ,/gpfs/aquamini2/nicolasl/lammps_workdir/restart.rst.60,499540,554331
1709507607348,READ,/gpfs/aquamini2/nicolasl/lammps_workdir/restart.rst.60,554332,616419
1709507607349,READ,/gpfs/aquamini2/nicolasl/lammps_workdir/restart.rst.60,616420,670611
1709507607350,READ,/gpfs/aquamini2/nicolasl/lammps_workdir/restart.rst.60,670612,712859
1709507607351,READ,/gpfs/aquamini2/nicolasl/lammps_workdir/restart.rst.60,712860,734915
1709507607352,READ,/gpfs/aquamini2/nicolasl/lammps_workdir/restart.rst.60,734916,765219
1709507607353,READ,/gpfs/aquamini2/nicolasl/lammps_workdir/restart.rst.60,765220,787139
1709507607354,READ,/gpfs/aquamini2/nicolasl/lammps_workdir/restart.rst.60,787140,817915
1709507607355,READ,/gpfs/aquamini2/nicolasl/lammps_workdir/restart.rst.60,817916,839635
1709507607356,READ,/gpfs/aquamini2/nicolasl/lammps_workdir/restart.rst.60,839636,860355
1709507607357,READ,/gpfs/aquamini2/nicolasl/lammps_workdir/restart.rst.60,860356,890315
1709507607358,READ,/gpfs/aquamini2/nicolasl/lammps_workdir/restart.rst.60,890316,913923
1709507607359,READ,/gpfs/aquamini2/nicolasl/lammps_workdir/restart.rst.60,913924,944027
1709507607360,READ,/gpfs/aquamini2/nicolasl/lammps_workdir/restart.rst.60,944028,966235
1709507607361,READ,/gpfs/aquamini2/nicolasl/lammps_workdir/restart.rst.60,966236,987091
1709507607362,READ,/gpfs/aquamini2/nicolasl/lammps_workdir/restart.rst.60,987092,1020483
1709507607363,READ,/gpfs/aquamini2/nicolasl/lammps_workdir/restart.rst.60,1020484,1039043
1709507607364,READ,/gpfs/aquamini2/nicolasl/lammps_workdir/restart.rst.60,1039044,1061371
1709507607365,READ,/gpfs/aquamini2/nicolasl/lammps_workdir/restart.rst.60,1061372,1085251
1709507607366,READ,/gpfs/aquamini2/nicolasl/lammps_workdir/restart.rst.60,1085252,1116291
1709507607367,READ,/gpfs/aquamini2/nicolasl/lammps_workdir/restart.rst.60,1116292,1136003
1709507607368,READ,/gpfs/aquamini2/nicolasl/lammps_workdir/restart.rst.60,1136004,1168595
1709507607369,READ,/gpfs/aquamini2/nicolasl/lammps_workdir/restart.rst.60,1168596,1190259
1709507607370,READ,/gpfs/aquamini2/nicolasl/lammps_workdir/restart.rst.60,1190260,1212259
1709507607371,READ,/gpfs/aquamini2/nicolasl/lammps_workdir/restart.rst.60,1212260,1243907
1709507607372,READ,/gpfs/aquamini2/nicolasl/lammps_workdir/restart.rst.60,1243908,1265163
1709507607373,READ,/gpfs/aquamini2/nicolasl/lammps_workdir/restart.rst.60,1265164,1285667
1709507607374,READ,/gpfs/aquamini2/nicolasl/lammps_workdir/restart.rst.60,1285668,1306379
1709507607375,READ,/gpfs/aquamini2/nicolasl/lammps_workdir/restart.rst.60,1306380,1337355
1709507607376,READ,/gpfs/aquamini2/nicolasl/lammps_workdir/restart.rst.60,1337356,1360899
1709507607377,READ,/gpfs/aquamini2/nicolasl/lammps_workdir/restart.rst.60,1360900,1370755
1709507607378,READ,/gpfs/aquamini2/nicolasl/lammps_workdir/restart.rst.60,1370756,1404699
1709507607379,READ,/gpfs/aquamini2/nicolasl/lammps_workdir/restart.rst.60,1404700,1427091
1709507607380,READ,/gpfs/aquamini2/nicolasl/lammps_workdir/restart.rst.60,1427092,1446803
1709507607381,READ,/gpfs/aquamini2/nicolasl/lammps_workdir/restart.rst.60,1446804,1468459
1709507607382,READ,/gpfs/aquamini2/nicolasl/lammps_workdir/restart.rst.60,1468460,1498483
1709507607383,READ,/gpfs/aquamini2/nicolasl/lammps_workdir/restart.rst.60,1498484,1517651
1709507607384,READ,/gpfs/aquamini2/nicolasl/lammps_workdir/restart.rst.60,1517652,1538979
1709507607385,READ,/gpfs/aquamini2/nicolasl/lammps_workdir/restart.rst.60,1538980,1569891
1709507607386,READ,/gpfs/aquamini2/nicolasl/lammps_workdir/restart.rst.60,1569892,1590611
1709507607387,READ,/gpfs/aquamini2/nicolasl/lammps_workdir/restart.rst.60,1590612,1622659
1709507607388,READ,/gpfs/aquamini2/nicolasl/lammps_workdir/restart.rst.60,1622660,1641747
1709507607389,READ,/gpfs/aquamini2/nicolasl/lammps_workdir/restart.rst.60,1641748,1664283
1709507607390,READ,/gpfs/aquamini2/nicolasl/lammps_workdir/restart.rst.60,1664284,1684523
1709507607391,READ,/gpfs/aquamini2/nicolasl/lammps_workdir/restart.rst.60,1684524,1717987
1709507607392,READ,/gpfs/aquamini2/nicolasl/lammps_workdir/restart.rst.60,1717988,1737347
1709507607393,READ,/gpfs/aquamini2/nicolasl/lammps_workdir/restart.rst.60,1737348,1770011
1709507607394,READ,/gpfs/aquamini2/nicolasl/lammps_workdir/restart.rst.60,1770012,1789987
1709507607395,READ,/gpfs/aquamini2/nicolasl/lammps_workdir/restart.rst.60,1789988,1813275
1709507607396,READ,/gpfs/aquamini2/nicolasl/lammps_workdir/restart.rst.60,1813276,1845539
1709507607397,READ,/gpfs/aquamini2/nicolasl/lammps_workdir/restart.rst.60,1845540,1870547
1709507607398,READ,/gpfs/aquamini2/nicolasl/lammps_workdir/restart.rst.60,1870548,1892211
1709507607399,READ,/gpfs/aquamini2/nicolasl/lammps_workdir/restart.rst.60,1892212,1927147
1709507607400,READ,/gpfs/aquamini2/nicolasl/lammps_workdir/restart.rst.60,1927148,1958555
1709507607401,READ,/gpfs/aquamini2/nicolasl/lammps_workdir/restart.rst.60,1958556,1980547
1709507607402,READ,/gpfs/aquamini2/nicolasl/lammps_workdir/restart.rst.60,1980548,2013147
1709507607403,READ,/gpfs/aquamini2/nicolasl/lammps_workdir/restart.rst.60,2013148,2036235
1709507607404,READ,/gpfs/aquamini2/nicolasl/lammps_workdir/restart.rst.60,2036236,2057323
1709507607405,READ,/gpfs/aquamini2/nicolasl/lammps_workdir/restart.rst.60,2057324,2089299
1709507607406,READ,/gpfs/aquamini2/nicolasl/lammps_workdir/restart.rst.60,2089300,2113523
1709507607407,READ,/gpfs/aquamini2/nicolasl/lammps_workdir/restart.rst.60,2113524,2135451
1709507607408,READ,/gpfs/aquamini2/nicolasl/lammps_workdir/restart.rst.60,2135452,2167915
1709507607409,READ,/gpfs/aquamini2/nicolasl/lammps_workdir/restart.rst.60,2167916,2189571
1709507607410,READ,/gpfs/aquamini2/nicolasl/lammps_workdir/restart.rst.60,2189572,2221683
1709507607411,READ,/gpfs/aquamini2/nicolasl/lammps_workdir/restart.rst.60,2221684,2241867
1709507607412,READ,/gpfs/aquamini2/nicolasl/lammps_workdir/restart.rst.60,2241868,2262715
1709507607413,READ,/gpfs/aquamini2/nicolasl/lammps_workdir/restart.rst.60,2262716,2294899
1709507607414,READ,/gpfs/aquamini2/nicolasl/lammps_workdir/restart.rst.60,2294900,2315819
1709507607415,READ,/gpfs/aquamini2/nicolasl/lammps_workdir/restart.rst.60,2315820,2347331
1709507607416,READ,/gpfs/aquamini2/nicolasl/lammps_workdir/restart.rst.60,2347332,2367787
1709507607417,READ,/gpfs/aquamini2/nicolasl/lammps_workdir/restart.rst.60,2367788,2389987
1709507607418,READ,/gpfs/aquamini2/nicolasl/lammps_workdir/restart.rst.60,2389988,2421371
1709507607419,READ,/gpfs/aquamini2/nicolasl/lammps_workdir/restart.rst.60,2421372,2444243
1709507607420,READ,/gpfs/aquamini2/nicolasl/lammps_workdir/restart.rst.60,2444244,2476635
1709507607421,READ,/gpfs/aquamini2/nicolasl/lammps_workdir/restart.rst.60,2476636,2498307
1709507607422,READ,/gpfs/aquamini2/nicolasl/lammps_workdir/restart.rst.60,2498308,2518611
1709507607423,READ,/gpfs/aquamini2/nicolasl/lammps_workdir/restart.rst.60,2518612,2554235
1709507607424,READ,/gpfs/aquamini2/nicolasl/lammps_workdir/restart.rst.60,2554236,2576643
1709507607425,READ,/gpfs/aquamini2/nicolasl/lammps_workdir/restart.rst.60,2576644,2607947
1709507607426,READ,/gpfs/aquamini2/nicolasl/lammps_workdir/restart.rst.60,2607948,2628659
1709507607427,READ,/gpfs/aquamini2/nicolasl/lammps_workdir/restart.rst.60,2628660,2650659
1709507607428,READ,/gpfs/aquamini2/nicolasl/lammps_workdir/restart.rst.60,2650660,2673875
1709507607429,READ,/gpfs/aquamini2/nicolasl/lammps_workdir/restart.rst.60,2673876,2706947
1709507607430,READ,/gpfs/aquamini2/nicolasl/lammps_workdir/restart.rst.60,2706948,2726795
1709507607431,READ,/gpfs/aquamini2/nicolasl/lammps_workdir/restart.rst.60,2726796,2749059
1709507607432,READ,/gpfs/aquamini2/nicolasl/lammps_workdir/restart.rst.60,2749060,2769987
1709507607433,READ,/gpfs/aquamini2/nicolasl/lammps_workdir/restart.rst.60,2769988,2792315
1709507607434,READ,/gpfs/aquamini2/nicolasl/lammps_workdir/restart.rst.60,2792316,2823683
1709507607435,READ,/gpfs/aquamini2/nicolasl/lammps_workdir/restart.rst.60,2823684,2849363
1709507607436,READ,/gpfs/aquamini2/nicolasl/lammps_workdir/restart.rst.60,2849364,2881755
1709507607437,READ,/gpfs/aquamini2/nicolasl/lammps_workdir/restart.rst.60,2881756,2904027
1709507607438,READ,/gpfs/aquamini2/nicolasl/lammps_workdir/restart.rst.60,2904028,2928987
1709507607439,READ,/gpfs/aquamini2/nicolasl/lammps_workdir/restart.rst.60,2928988,2957339
1709507607440,READ,/gpfs/aquamini2/nicolasl/lammps_workdir/restart.rst.60,2957340,2977179
1709507607441,READ,/gpfs/aquamini2/nicolasl/lammps_workdir/restart.rst.60,2977180,3005347
1709507607442,READ,/gpfs/aquamini2/nicolasl/lammps_workdir/restart.rst.60,3005348,3039099
1709507607443,READ,/gpfs/aquamini2/nicolasl/lammps_workdir/restart.rst.60,3039100,3058347
1709507607444,READ,/gpfs/aquamini2/nicolasl/lammps_workdir/restart.rst.60,3058348,3080939
1709507607445,READ,/gpfs/aquamini2/nicolasl/lammps_workdir/restart.rst.60,3080940,3115931
1709507607446,READ,/gpfs/aquamini2/nicolasl/lammps_workdir/restart.rst.60,3115932,3140027
1709507607447,READ,/gpfs/aquamini2/nicolasl/lammps_workdir/restart.rst.60,3140028,3170635
1709507607448,READ,/gpfs/aquamini2/nicolasl/lammps_workdir/restart.rst.60,3170636,3198755
1709507607449,READ,/gpfs/aquamini2/nicolasl/lammps_workdir/restart.rst.60,3198756,3235403
1709507607450,READ,/gpfs/aquamini2/nicolasl/lammps_workdir/restart.rst.60,3235404,3260067
1709507607451,READ,/gpfs/aquamini2/nicolasl/lammps_workdir/restart.rst.60,3260068,3291323
1709507607452,READ,/gpfs/aquamini2/nicolasl/lammps_workdir/restart.rst.60,3291324,3321619
1709507607453,READ,/gpfs/aquamini2/nicolasl/lammps_workdir/restart.rst.60,3321620,3343539
1709507607454,READ,/gpfs/aquamini2/nicolasl/lammps_workdir/restart.rst.60,3343540,3366331
1709507607455,READ,/gpfs/aquamini2/nicolasl/lammps_workdir/restart.rst.60,3366332,3407595
1709507607456,READ,/gpfs/aquamini2/nicolasl/lammps_workdir/restart.rst.60,3407596,3431019
1709507607457,READ,/gpfs/aquamini2/nicolasl/lammps_workdir/restart.rst.60,3431020,3454211
1709507607458,READ,/gpfs/aquamini2/nicolasl/lammps_workdir/restart.rst.60,3454212,3478107
1709507607459,READ,/gpfs/aquamini2/nicolasl/lammps_workdir/restart.rst.60,3478108,3512715
1709507607460,READ,/gpfs/aquamini2/nicolasl/lammps_workdir/restart.rst.60,3512716,3533963
1709507607461,READ,/gpfs/aquamini2/nicolasl/lammps_workdir/restart.rst.60,3533964,3556843
1709507607462,READ,/gpfs/aquamini2/nicolasl/lammps_workdir/restart.rst.60,3556844,3588955
1709507607463,READ,/gpfs/aquamini2/nicolasl/lammps_workdir/restart.rst.60,3588956,3610819
1709507607464,READ,/gpfs/aquamini2/nicolasl/lammps_workdir/restart.rst.60,3610820,3644219
1709507607465,READ,/gpfs/aquamini2/nicolasl/lammps_workdir/restart.rst.60,3644220,3665275
1709507607466,READ,/gpfs/aquamini2/nicolasl/lammps_workdir/restart.rst.60,3665276,3686395
1709507607467,READ,/gpfs/aquamini2/nicolasl/lammps_workdir/restart.rst.60,3686396,3718491
1709507607468,READ,/gpfs/aquamini2/nicolasl/lammps_workdir/restart.rst.60,3718492,3739147
1709507607469,READ,/gpfs/aquamini2/nicolasl/lammps_workdir/restart.rst.60,3739148,3761675
1709507607470,READ,/gpfs/aquamini2/nicolasl/lammps_workdir/restart.rst.60,3761676,3783747
1709507607471,READ,/gpfs/aquamini2/nicolasl/lammps_workdir/restart.rst.60,3783748,3814795
1709507607472,READ,/gpfs/aquamini2/nicolasl/lammps_workdir/restart.rst.60,3814796,3835523
1709507607473,READ,/gpfs/aquamini2/nicolasl/lammps_workdir/restart.rst.60,3835524,3869787
1709507607474,READ,/gpfs/aquamini2/nicolasl/lammps_workdir/restart.rst.60,3869788,3891307
1709507607475,READ,/gpfs/aquamini2/nicolasl/lammps_workdir/restart.rst.60,3891308,3912763
1709507607476,READ,/gpfs/aquamini2/nicolasl/lammps_workdir/restart.rst.60,3912764,3935571
1709507607477,READ,/gpfs/aquamini2/nicolasl/lammps_workdir/restart.rst.60,3935572,3966547
1709507607478,READ,/gpfs/aquamini2/nicolasl/lammps_workdir/restart.rst.60,3966548,3988211
1709507607479,READ,/gpfs/aquamini2/nicolasl/lammps_workdir/restart.rst.60,3988212,4008795
1709507607480,READ,/gpfs/aquamini2/nicolasl/lammps_workdir/restart.rst.60,4008796,4040371
1709507607481,READ,/gpfs/aquamini2/nicolasl/lammps_workdir/restart.rst.60,4040372,4059875
1709507607482,READ,/gpfs/aquamini2/nicolasl/lammps_workdir/restart.rst.60,4059876,4080459
1709507607483,READ,/gpfs/aquamini2/nicolasl/lammps_workdir/restart.rst.60,4080460,4114227
1709507607484,READ,/gpfs/aquamini2/nicolasl/lammps_workdir/restart.rst.60,4114228,4134603
1709507607485,READ,/gpfs/aquamini2/nicolasl/lammps_workdir/restart.rst.60,4134604,4164915
1709507607486,READ,/gpfs/aquamini2/nicolasl/lammps_workdir/restart.rst.60,4164916,4176355
1709507607521,READ,/gpfs/aquamini2/nicolasl/lammps_workdir/restart.rst.60,4176356,4218475
1709507607522,READ,/gpfs/aquamini2/nicolasl/lammps_workdir/restart.rst.60,4218476,4252539
1709507607523,READ,/gpfs/aquamini2/nicolasl/lammps_workdir/restart.rst.60,4252540,4274859
1709507607524,READ,/gpfs/aquamini2/nicolasl/lammps_workdir/restart.rst.60,4274860,4296963
1709507607525,READ,/gpfs/aquamini2/nicolasl/lammps_workdir/restart.rst.60,4296964,4336883
1709507607526,READ,/gpfs/aquamini2/nicolasl/lammps_workdir/restart.rst.60,4336884,4359339
1709507607527,READ,/gpfs/aquamini2/nicolasl/lammps_workdir/restart.rst.60,4359340,4390147
1709507607528,READ,/gpfs/aquamini2/nicolasl/lammps_workdir/restart.rst.60,4390148,4436171
1709507607529,READ,/gpfs/aquamini2/nicolasl/lammps_workdir/restart.rst.60,4436172,4457027
1709507607530,READ,/gpfs/aquamini2/nicolasl/lammps_workdir/restart.rst.60,4457028,4484803
1709507607531,READ,/gpfs/aquamini2/nicolasl/lammps_workdir/restart.rst.60,4484804,4495939
1709507607532,READ,/gpfs/aquamini2/nicolasl/lammps_workdir/restart.rst.60,4495940,4521955
1709507607533,READ,/gpfs/aquamini2/nicolasl/lammps_workdir/restart.rst.60,4521956,4544195
1709507607534,READ,/gpfs/aquamini2/nicolasl/lammps_workdir/restart.rst.60,4544196,4583155
1709507607535,READ,/gpfs/aquamini2/nicolasl/lammps_workdir/restart.rst.60,4583156,4621915
1709507607536,READ,/gpfs/aquamini2/nicolasl/lammps_workdir/restart.rst.60,4621916,4643899
1709507607537,READ,/gpfs/aquamini2/nicolasl/lammps_workdir/restart.rst.60,4643900,4662459
1709507607538,READ,/gpfs/aquamini2/nicolasl/lammps_workdir/restart.rst.60,4662460,4714571
1709507607539,READ,/gpfs/aquamini2/nicolasl/lammps_workdir/restart.rst.60,4714572,4751715
1709507607540,READ,/gpfs/aquamini2/nicolasl/lammps_workdir/restart.rst.60,4751716,4773043
1709507607541,READ,/gpfs/aquamini2/nicolasl/lammps_workdir/restart.rst.60,4773044,4796595
1709507607542,READ,/gpfs/aquamini2/nicolasl/lammps_workdir/restart.rst.60,4796596,4841051
1709507607543,READ,/gpfs/aquamini2/nicolasl/lammps_workdir/restart.rst.60,4841052,4876003
1709507607544,READ,/gpfs/aquamini2/nicolasl/lammps_workdir/restart.rst.60,4876004,4898075
1709507607545,READ,/gpfs/aquamini2/nicolasl/lammps_workdir/restart.rst.60,4898076,4931259
1709507607546,READ,/gpfs/aquamini2/nicolasl/lammps_workdir/restart.rst.60,4931260,4948739
1709507607547,READ,/gpfs/aquamini2/nicolasl/lammps_workdir/restart.rst.60,4948740,4969387
1709507607548,READ,/gpfs/aquamini2/nicolasl/lammps_workdir/restart.rst.60,4969388,5002115
1709507607549,READ,/gpfs/aquamini2/nicolasl/lammps_workdir/restart.rst.60,5002116,5022515
1709507607550,READ,/gpfs/aquamini2/nicolasl/lammps_workdir/restart.rst.60,5022516,5043699
1709507607551,READ,/gpfs/aquamini2/nicolasl/lammps_workdir/restart.rst.60,5043700,5076163
1709507607552,READ,/gpfs/aquamini2/nicolasl/lammps_workdir/restart.rst.60,5076164,5096603
1709507607553,READ,/gpfs/aquamini2/nicolasl/lammps_workdir/restart.rst.60,5096604,5119003
1709507607554,READ,/gpfs/aquamini2/nicolasl/lammps_workdir/restart.rst.60,5119004,5149571
1709507607555,READ,/gpfs/aquamini2/nicolasl/lammps_workdir/restart.rst.60,5149572,5169547
1709507607556,READ,/gpfs/aquamini2/nicolasl/lammps_workdir/restart.rst.60,5169548,5189123
1709507607557,READ,/gpfs/aquamini2/nicolasl/lammps_workdir/restart.rst.60,5189124,5219091
1709507607558,READ,/gpfs/aquamini2/nicolasl/lammps_workdir/restart.rst.60,5219092,5241019
1709507607559,READ,/gpfs/aquamini2/nicolasl/lammps_workdir/restart.rst.60,5241020,5272459
1709507607560,READ,/gpfs/aquamini2/nicolasl/lammps_workdir/restart.rst.60,5272460,5293371
1709507607561,READ,/gpfs/aquamini2/nicolasl/lammps_workdir/restart.rst.60,5293372,5325891
1709507607562,READ,/gpfs/aquamini2/nicolasl/lammps_workdir/restart.rst.60,5325892,5346811
1709507607563,READ,/gpfs/aquamini2/nicolasl/lammps_workdir/restart.rst.60,5346812,5379411
1709507607564,READ,/gpfs/aquamini2/nicolasl/lammps_workdir/restart.rst.60,5379412,5399459
1709507607565,READ,/gpfs/aquamini2/nicolasl/lammps_workdir/restart.rst.60,5399460,5429627
1709507607566,READ,/gpfs/aquamini2/nicolasl/lammps_workdir/restart.rst.60,5429628,5451083
1709507607567,READ,/gpfs/aquamini2/nicolasl/lammps_workdir/restart.rst.60,5451084,5485219
1709507607568,READ,/gpfs/aquamini2/nicolasl/lammps_workdir/restart.rst.60,5485220,5506747
1709507607569,READ,/gpfs/aquamini2/nicolasl/lammps_workdir/restart.rst.60,5506748,5529147
1709507607570,READ,/gpfs/aquamini2/nicolasl/lammps_workdir/restart.rst.60,5529148,5549251
1709507607571,READ,/gpfs/aquamini2/nicolasl/lammps_workdir/restart.rst.60,5549252,5571419
1709507607572,READ,/gpfs/aquamini2/nicolasl/lammps_workdir/restart.rst.60,5571420,5604611
1709507607573,READ,/gpfs/aquamini2/nicolasl/lammps_workdir/restart.rst.60,5604612,5627467
1709507607574,READ,/gpfs/aquamini2/nicolasl/lammps_workdir/restart.rst.60,5627468,5663371
1709507607575,READ,/gpfs/aquamini2/nicolasl/lammps_workdir/restart.rst.60,5663372,5688867
1709507607576,READ,/gpfs/aquamini2/nicolasl/lammps_workdir/restart.rst.60,5688868,5719875
1709507607577,READ,/gpfs/aquamini2/nicolasl/lammps_workdir/restart.rst.60,5719876,5734699
1709507607578,READ,/gpfs/aquamini2/nicolasl/lammps_workdir/restart.rst.60,5734700,5774507
1709507607579,READ,/gpfs/aquamini2/nicolasl/lammps_workdir/restart.rst.60,5774508,5795795
1709507607580,READ,/gpfs/aquamini2/nicolasl/lammps_workdir/restart.rst.60,5795796,5819323
1709507607581,READ,/gpfs/aquamini2/nicolasl/lammps_workdir/restart.rst.60,5819324,5860315
1709507607582,READ,/gpfs/aquamini2/nicolasl/lammps_workdir/restart.rst.60,5860316,5877051
1709507607583,READ,/gpfs/aquamini2/nicolasl/lammps_workdir/restart.rst.60,5877052,5923659
1709507607584,READ,/gpfs/aquamini2/nicolasl/lammps_workdir/restart.rst.60,5923660,5944915
1709507607585,READ,/gpfs/aquamini2/nicolasl/lammps_workdir/restart.rst.60,5944916,5959739
1709507607586,READ,/gpfs/aquamini2/nicolasl/lammps_workdir/restart.rst.60,5959740,5983547
1709507607587,READ,/gpfs/aquamini2/nicolasl/lammps_workdir/restart.rst.60,5983548,6030867
1709507607588,READ,/gpfs/aquamini2/nicolasl/lammps_workdir/restart.rst.60,6030868,6062843
1709507607589,READ,/gpfs/aquamini2/nicolasl/lammps_workdir/restart.rst.60,6062844,6085115
1709507607590,READ,/gpfs/aquamini2/nicolasl/lammps_workdir/restart.rst.60,6085116,6106243
1709507607591,READ,/gpfs/aquamini2/nicolasl/lammps_workdir/restart.rst.60,6106244,6145843
1709507607592,READ,/gpfs/aquamini2/nicolasl/lammps_workdir/restart.rst.60,6145844,6174531
1709507607593,READ,/gpfs/aquamini2/nicolasl/lammps_workdir/restart.rst.60,6174532,6196267
1709507607594,READ,/gpfs/aquamini2/nicolasl/lammps_workdir/restart.rst.60,6196268,6220659
1709507607595,READ,/gpfs/aquamini2/nicolasl/lammps_workdir/restart.rst.60,6220660,6251243
1709507607596,READ,/gpfs/aquamini2/nicolasl/lammps_workdir/restart.rst.60,6251244,6272763
1709507607597,READ,/gpfs/aquamini2/nicolasl/lammps_workdir/restart.rst.60,6272764,6304419
1709507607598,READ,/gpfs/aquamini2/nicolasl/lammps_workdir/restart.rst.60,6304420,6324803
1709507607599,READ,/gpfs/aquamini2/nicolasl/lammps_workdir/restart.rst.60,6324804,6352195
1709507607600,READ,/gpfs/aquamini2/nicolasl/lammps_workdir/restart.rst.60,6352196,6373523
1709507607601,READ,/gpfs/aquamini2/nicolasl/lammps_workdir/restart.rst.60,6373524,6408539
1709507607602,READ,/gpfs/aquamini2/nicolasl/lammps_workdir/restart.rst.60,6408540,6431267
1709507607603,READ,/gpfs/aquamini2/nicolasl/lammps_workdir/restart.rst.60,6431268,6463643
1709507607604,READ,/gpfs/aquamini2/nicolasl/lammps_workdir/restart.rst.60,6463644,6482819
1709507607605,READ,/gpfs/aquamini2/nicolasl/lammps_workdir/restart.rst.60,6482820,6502859
1709507607606,READ,/gpfs/aquamini2/nicolasl/lammps_workdir/restart.rst.60,6502860,6534051
1709507607607,READ,/gpfs/aquamini2/nicolasl/lammps_workdir/restart.rst.60,6534052,6554091
1709507607608,READ,/gpfs/aquamini2/nicolasl/lammps_workdir/restart.rst.60,6554092,6586275
1709507607609,READ,/gpfs/aquamini2/nicolasl/lammps_workdir/restart.rst.60,6586276,6609827
1709507607610,READ,/gpfs/aquamini2/nicolasl/lammps_workdir/restart.rst.60,6609828,6632019
1709507607611,READ,/gpfs/aquamini2/nicolasl/lammps_workdir/restart.rst.60,6632020,6653339
1709507607612,READ,/gpfs/aquamini2/nicolasl/lammps_workdir/restart.rst.60,6653340,6676675
1709507607613,READ,/gpfs/aquamini2/nicolasl/lammps_workdir/restart.rst.60,6676676,6697051
1709507607614,READ,/gpfs/aquamini2/nicolasl/lammps_workdir/restart.rst.60,6697052,6729987
1709507607615,READ,/gpfs/aquamini2/nicolasl/lammps_workdir/restart.rst.60,6729988,6751179
1709507607616,READ,/gpfs/aquamini2/nicolasl/lammps_workdir/restart.rst.60,6751180,6773323
1709507607617,READ,/gpfs/aquamini2/nicolasl/lammps_workdir/restart.rst.60,6773324,6794371
1709507607618,READ,/gpfs/aquamini2/nicolasl/lammps_workdir/restart.rst.60,6794372,6827963
1709507607619,READ,/gpfs/aquamini2/nicolasl/lammps_workdir/restart.rst.60,6827964,6849227
1709507607620,READ,/gpfs/aquamini2/nicolasl/lammps_workdir/restart.rst.60,6849228,6878723
1709507607621,READ,/gpfs/aquamini2/nicolasl/lammps_workdir/restart.rst.60,6878724,6900651
1709507607622,READ,/gpfs/aquamini2/nicolasl/lammps_workdir/restart.rst.60,6900652,6922859
1709507607623,READ,/gpfs/aquamini2/nicolasl/lammps_workdir/restart.rst.60,6922860,6955579
1709507607624,READ,/gpfs/aquamini2/nicolasl/lammps_workdir/restart.rst.60,6955580,6975827
1709507607625,READ,/gpfs/aquamini2/nicolasl/lammps_workdir/restart.rst.60,6975828,6995931
1709507607626,READ,/gpfs/aquamini2/nicolasl/lammps_workdir/restart.rst.60,6995932,7019155
1709507607627,READ,/gpfs/aquamini2/nicolasl/lammps_workdir/restart.rst.60,7019156,7051267
1709507607628,READ,/gpfs/aquamini2/nicolasl/lammps_workdir/restart.rst.60,7051268,7072603
1709507607629,READ,/gpfs/aquamini2/nicolasl/lammps_workdir/restart.rst.60,7072604,7096227
1709507607630,READ,/gpfs/aquamini2/nicolasl/lammps_workdir/restart.rst.60,7096228,7130291
1709507607631,READ,/gpfs/aquamini2/nicolasl/lammps_workdir/restart.rst.60,7130292,7153619
1709507607632,READ,/gpfs/aquamini2/nicolasl/lammps_workdir/restart.rst.60,7153620,7173043
1709507607633,READ,/gpfs/aquamini2/nicolasl/lammps_workdir/restart.rst.60,7173044,7192763
1709507607634,READ,/gpfs/aquamini2/nicolasl/lammps_workdir/restart.rst.60,7192764,7228899
1709507607635,READ,/gpfs/aquamini2/nicolasl/lammps_workdir/restart.rst.60,7228900,7250699
1709507607636,READ,/gpfs/aquamini2/nicolasl/lammps_workdir/restart.rst.60,7250700,7273707
1709507607637,READ,/gpfs/aquamini2/nicolasl/lammps_workdir/restart.rst.60,7273708,7310995
1709507607638,READ,/gpfs/aquamini2/nicolasl/lammps_workdir/restart.rst.60,7310996,7334179
1709507607639,READ,/gpfs/aquamini2/nicolasl/lammps_workdir/restart.rst.60,7334180,7365963
1709507607640,READ,/gpfs/aquamini2/nicolasl/lammps_workdir/restart.rst.60,7365964,7384795
1709507607641,READ,/gpfs/aquamini2/nicolasl/lammps_workdir/restart.rst.60,7384796,7407723
1709507607642,READ,/gpfs/aquamini2/nicolasl/lammps_workdir/restart.rst.60,7407724,7439899
1709507607643,READ,/gpfs/aquamini2/nicolasl/lammps_workdir/restart.rst.60,7439900,7460875
1709507607644,READ,/gpfs/aquamini2/nicolasl/lammps_workdir/restart.rst.60,7460876,7483339
1709507607645,READ,/gpfs/aquamini2/nicolasl/lammps_workdir/restart.rst.60,7483340,7515803
1709507607646,READ,/gpfs/aquamini2/nicolasl/lammps_workdir/restart.rst.60,7515804,7536859
1709507607647,READ,/gpfs/aquamini2/nicolasl/lammps_workdir/restart.rst.60,7536860,7560147
1709507607648,READ,/gpfs/aquamini2/nicolasl/lammps_workdir/restart.rst.60,7560148,7581475
1709507607649,READ,/gpfs/aquamini2/nicolasl/lammps_workdir/restart.rst.60,7581476,7604411
1709507607650,READ,/gpfs/aquamini2/nicolasl/lammps_workdir/restart.rst.60,7604412,7623715
1709507607651,READ,/gpfs/aquamini2/nicolasl/lammps_workdir/restart.rst.60,7623716,7644571
1709507607652,READ,/gpfs/aquamini2/nicolasl/lammps_workdir/restart.rst.60,7644572,7667043
1709507607653,READ,/gpfs/aquamini2/nicolasl/lammps_workdir/restart.rst.60,7667044,7688899
1709507607654,READ,/gpfs/aquamini2/nicolasl/lammps_workdir/restart.rst.60,7688900,7718467
1709507607655,READ,/gpfs/aquamini2/nicolasl/lammps_workdir/restart.rst.60,7718468,7741475
1709507607656,READ,/gpfs/aquamini2/nicolasl/lammps_workdir/restart.rst.60,7741476,7771299
1709507607657,READ,/gpfs/aquamini2/nicolasl/lammps_workdir/restart.rst.60,7771300,7793899
1709507607658,READ,/gpfs/aquamini2/nicolasl/lammps_workdir/restart.rst.60,7793900,7827307
1709507607659,READ,/gpfs/aquamini2/nicolasl/lammps_workdir/restart.rst.60,7827308,7848635
1709507607660,READ,/gpfs/aquamini2/nicolasl/lammps_workdir/restart.rst.60,7848636,7868675
1709507607661,READ,/gpfs/aquamini2/nicolasl/lammps_workdir/restart.rst.60,7868676,7902203
1709507607662,READ,/gpfs/aquamini2/nicolasl/lammps_workdir/restart.rst.60,7902204,7923051
1709507607663,READ,/gpfs/aquamini2/nicolasl/lammps_workdir/restart.rst.60,7923052,7955571
1709507607664,READ,/gpfs/aquamini2/nicolasl/lammps_workdir/restart.rst.60,7955572,7975275
1709507607665,READ,/gpfs/aquamini2/nicolasl/lammps_workdir/restart.rst.60,7975276,7996259
1709507607666,READ,/gpfs/aquamini2/nicolasl/lammps_workdir/restart.rst.60,7996260,8026699
1709507607667,READ,/gpfs/aquamini2/nicolasl/lammps_workdir/restart.rst.60,8026700,8046811
1709507607668,READ,/gpfs/aquamini2/nicolasl/lammps_workdir/restart.rst.60,8046812,8067931
1709507607669,READ,/gpfs/aquamini2/nicolasl/lammps_workdir/restart.rst.60,8067932,8087971
1709507607670,READ,/gpfs/aquamini2/nicolasl/lammps_workdir/restart.rst.60,8087972,8119619
1709507607671,READ,/gpfs/aquamini2/nicolasl/lammps_workdir/restart.rst.60,8119620,8140619
1709507607672,READ,/gpfs/aquamini2/nicolasl/lammps_workdir/restart.rst.60,8140620,8162083
1709507607673,READ,/gpfs/aquamini2/nicolasl/lammps_workdir/restart.rst.60,8162084,8193459
1709507607674,READ,/gpfs/aquamini2/nicolasl/lammps_workdir/restart.rst.60,8193460,8213363
1709507607675,READ,/gpfs/aquamini2/nicolasl/lammps_workdir/restart.rst.60,8213364,8246563
1709507607676,READ,/gpfs/aquamini2/nicolasl/lammps_workdir/restart.rst.60,8246564,8268619
1709507607677,READ,/gpfs/aquamini2/nicolasl/lammps_workdir/restart.rst.60,8268620,8290203
1709507607678,READ,/gpfs/aquamini2/nicolasl/lammps_workdir/restart.rst.60,8290204,8323531
1709507607679,READ,/gpfs/aquamini2/nicolasl/lammps_workdir/restart.rst.60,8323532,8345803
1709507607680,READ,/gpfs/aquamini2/nicolasl/lammps_workdir/restart.rst.60,8345804,8380019
1709507607681,READ,/gpfs/aquamini2/nicolasl/lammps_workdir/restart.rst.60,8380020,8390211
1709507607682,READ,/gpfs/aquamini2/nicolasl/lammps_workdir/restart.rst.60,8390212,8425419
1709507607683,READ,/gpfs/aquamini2/nicolasl/lammps_workdir/restart.rst.60,8425420,8447355
1709507607684,READ,/gpfs/aquamini2/nicolasl/lammps_workdir/restart.rst.60,8447356,8467123
1709507607685,READ,/gpfs/aquamini2/nicolasl/lammps_workdir/restart.rst.60,8467124,8488043
1709507607686,READ,/gpfs/aquamini2/nicolasl/lammps_workdir/restart.rst.60,8488044,8508763
1709507607687,READ,/gpfs/aquamini2/nicolasl/lammps_workdir/restart.rst.60,8508764,8540011
1709507607688,READ,/gpfs/aquamini2/nicolasl/lammps_workdir/restart.rst.60,8540012,8560387
1709507607689,READ,/gpfs/aquamini2/nicolasl/lammps_workdir/restart.rst.60,8560388,8591963
1709507607690,READ,/gpfs/aquamini2/nicolasl/lammps_workdir/restart.rst.60,8591964,8613547
1709507607691,READ,/gpfs/aquamini2/nicolasl/lammps_workdir/restart.rst.60,8613548,8633403
1709507607692,READ,/gpfs/aquamini2/nicolasl/lammps_workdir/restart.rst.60,8633404,8666731
1709507607693,READ,/gpfs/aquamini2/nicolasl/lammps_workdir/restart.rst.60,8666732,8688131
1709507607694,READ,/gpfs/aquamini2/nicolasl/lammps_workdir/restart.rst.60,8688132,8720931
1709507607695,READ,/gpfs/aquamini2/nicolasl/lammps_workdir/restart.rst.60,8720932,8732267
1709507607696,READ,/gpfs/aquamini2/nicolasl/lammps_workdir/restart.rst.60,8732268,8767219
1709507607697,READ,/gpfs/aquamini2/nicolasl/lammps_workdir/restart.rst.60,8767220,8789011
1709507607698,READ,/gpfs/aquamini2/nicolasl/lammps_workdir/restart.rst.60,8789012,8810947
1709507607699,READ,/gpfs/aquamini2/nicolasl/lammps_workdir/restart.rst.60,8810948,8844467
1709507607700,READ,/gpfs/aquamini2/nicolasl/lammps_workdir/restart.rst.60,8844468,8866667
1709507607701,READ,/gpfs/aquamini2/nicolasl/lammps_workdir/restart.rst.60,8866668,8888187
1709507607702,READ,/gpfs/aquamini2/nicolasl/lammps_workdir/restart.rst.60,8888188,8920379
1709507607703,READ,/gpfs/aquamini2/nicolasl/lammps_workdir/restart.rst.60,8920380,8940819
1709507607704,READ,/gpfs/aquamini2/nicolasl/lammps_workdir/restart.rst.60,8940820,8973283
1709507607705,READ,/gpfs/aquamini2/nicolasl/lammps_workdir/restart.rst.60,8973284,8993243
1709507607706,READ,/gpfs/aquamini2/nicolasl/lammps_workdir/restart.rst.60,8993244,9015051
1709507607707,READ,/gpfs/aquamini2/nicolasl/lammps_workdir/restart.rst.60,9015052,9047579
1709507607708,READ,/gpfs/aquamini2/nicolasl/lammps_workdir/restart.rst.60,9047580,9068827
1709507607709,READ,/gpfs/aquamini2/nicolasl/lammps_workdir/restart.rst.60,9068828,9090155
1709507607710,READ,/gpfs/aquamini2/nicolasl/lammps_workdir/restart.rst.60,9090156,9111891
1709507607711,READ,/gpfs/aquamini2/nicolasl/lammps_workdir/restart.rst.60,9111892,9134371
1709507607712,READ,/gpfs/aquamini2/nicolasl/lammps_workdir/restart.rst.60,9134372,9165011
1709507607713,READ,/gpfs/aquamini2/nicolasl/lammps_workdir/restart.rst.60,9165012,9185651
1709507607714,READ,/gpfs/aquamini2/nicolasl/lammps_workdir/restart.rst.60,9185652,9217963
1709507607715,READ,/gpfs/aquamini2/nicolasl/lammps_workdir/restart.rst.60,9217964,9238019
1709507607716,READ,/gpfs/aquamini2/nicolasl/lammps_workdir/restart.rst.60,9238020,9272499
1709507607717,READ,/gpfs/aquamini2/nicolasl/lammps_workdir/restart.rst.60,9272500,9295579
1709507607718,READ,/gpfs/aquamini2/nicolasl/lammps_workdir/restart.rst.60,9295580,9315347
1709507607719,READ,/gpfs/aquamini2/nicolasl/lammps_workdir/restart.rst.60,9315348,9337811
1709507607720,READ,/gpfs/aquamini2/nicolasl/lammps_workdir/restart.rst.60,9337812,9357115
1709507607721,READ,/gpfs/aquamini2/nicolasl/lammps_workdir/restart.rst.60,9357116,9389643
1709507607722,READ,/gpfs/aquamini2/nicolasl/lammps_workdir/restart.rst.60,9389644,9410699
1709507607723,READ,/gpfs/aquamini2/nicolasl/lammps_workdir/restart.rst.60,9410700,9433227
1709507607724,READ,/gpfs/aquamini2/nicolasl/lammps_workdir/restart.rst.60,9433228,9465955
1709507607725,READ,/gpfs/aquamini2/nicolasl/lammps_workdir/restart.rst.60,9465956,9485667
1709507607726,READ,/gpfs/aquamini2/nicolasl/lammps_workdir/restart.rst.60,9485668,9517123
1709507607727,READ,/gpfs/aquamini2/nicolasl/lammps_workdir/restart.rst.60,9517124,9538243
1709507607728,READ,/gpfs/aquamini2/nicolasl/lammps_workdir/restart.rst.60,9538244,9567923
1709507607729,READ,/gpfs/aquamini2/nicolasl/lammps_workdir/restart.rst.60,9567924,9589451
1709507607730,READ,/gpfs/aquamini2/nicolasl/lammps_workdir/restart.rst.60,9589452,9624339
1709507607731,READ,/gpfs/aquamini2/nicolasl/lammps_workdir/restart.rst.60,9624340,9645187
1709507607732,READ,/gpfs/aquamini2/nicolasl/lammps_workdir/restart.rst.60,9645188,9667195
1709507607733,READ,/gpfs/aquamini2/nicolasl/lammps_workdir/restart.rst.60,9667196,9698699
1709507607734,READ,/gpfs/aquamini2/nicolasl/lammps_workdir/restart.rst.60,9698700,9719339
1709507607735,READ,/gpfs/aquamini2/nicolasl/lammps_workdir/restart.rst.60,9719340,9752931
1709507607736,READ,/gpfs/aquamini2/nicolasl/lammps_workdir/restart.rst.60,9752932,9773787
1709507607737,READ,/gpfs/aquamini2/nicolasl/lammps_workdir/restart.rst.60,9773788,9795179
1709507607738,READ,/gpfs/aquamini2/nicolasl/lammps_workdir/restart.rst.60,9795180,9817387
1709507607739,READ,/gpfs/aquamini2/nicolasl/lammps_workdir/restart.rst.60,9817388,9837907
1709507607740,READ,/gpfs/aquamini2/nicolasl/lammps_workdir/restart.rst.60,9837908,9867059
1709507607741,READ,/gpfs/aquamini2/nicolasl/lammps_workdir/restart.rst.60,9867060,9887707
1709507607742,READ,/gpfs/aquamini2/nicolasl/lammps_workdir/restart.rst.60,9887708,9909771
1709507607743,READ,/gpfs/aquamini2/nicolasl/lammps_workdir/restart.rst.60,9909772,9943435
1709507607744,READ,/gpfs/aquamini2/nicolasl/lammps_workdir/restart.rst.60,9943436,9965243
1709507607745,READ,/gpfs/aquamini2/nicolasl/lammps_workdir/restart.rst.60,9965244,9986699
1709507607746,READ,/gpfs/aquamini2/nicolasl/lammps_workdir/restart.rst.60,9986700,10020843
1709507607747,READ,/gpfs/aquamini2/nicolasl/lammps_workdir/restart.rst.60,10020844,10040155
1709507607748,READ,/gpfs/aquamini2/nicolasl/lammps_workdir/restart.rst.60,10040156,10071939
1709507607749,READ,/gpfs/aquamini2/nicolasl/lammps_workdir/restart.rst.60,10071940,10093123
1709507607750,READ,/gpfs/aquamini2/nicolasl/lammps_workdir/restart.rst.60,10093124,10113835
1709507607751,READ,/gpfs/aquamini2/nicolasl/lammps_workdir/restart.rst.60,10113836,10146699
1709507607752,READ,/gpfs/aquamini2/nicolasl/lammps_workdir/restart.rst.60,10146700,10169779
1709507607753,READ,/gpfs/aquamini2/nicolasl/lammps_workdir/restart.rst.60,10169780,10189835
1709507607754,READ,/gpfs/aquamini2/nicolasl/lammps_workdir/restart.rst.60,10189836,10222019
1709507607755,READ,/gpfs/aquamini2/nicolasl/lammps_workdir/restart.rst.60,10222020,10243403
1709507607756,READ,/gpfs/aquamini2/nicolasl/lammps_workdir/restart.rst.60,10243404,10253739
1709507611617,READ,/gpfs/aquamini2/nicolasl/lammps_workdir/restart.rst.70,0,40059
1709507611618,READ,/gpfs/aquamini2/nicolasl/lammps_workdir/restart.rst.70,40060,102275
1709507611619,READ,/gpfs/aquamini2/nicolasl/lammps_workdir/restart.rst.70,102276,125155
1709507611620,READ,/gpfs/aquamini2/nicolasl/lammps_workdir/restart.rst.70,125156,177723
1709507611621,READ,/gpfs/aquamini2/nicolasl/lammps_workdir/restart.rst.70,177724,251187
1709507611622,READ,/gpfs/aquamini2/nicolasl/lammps_workdir/restart.rst.70,251188,304427
1709507611623,READ,/gpfs/aquamini2/nicolasl/lammps_workdir/restart.rst.70,304428,370163
1709507611624,READ,/gpfs/aquamini2/nicolasl/lammps_workdir/restart.rst.70,370164,433603
1709507611625,READ,/gpfs/aquamini2/nicolasl/lammps_workdir/restart.rst.70,433604,488395
1709507611626,READ,/gpfs/aquamini2/nicolasl/lammps_workdir/restart.rst.70,488396,553715
1709507611627,READ,/gpfs/aquamini2/nicolasl/lammps_workdir/restart.rst.70,553716,606347
1709507611628,READ,/gpfs/aquamini2/nicolasl/lammps_workdir/restart.rst.70,606348,669579
1709507611629,READ,/gpfs/aquamini2/nicolasl/lammps_workdir/restart.rst.70,669580,711147
1709507611630,READ,/gpfs/aquamini2/nicolasl/lammps_workdir/restart.rst.70,711148,733067
1709507611631,READ,/gpfs/aquamini2/nicolasl/lammps_workdir/restart.rst.70,733068,752707
1709507611632,READ,/gpfs/aquamini2/nicolasl/lammps_workdir/restart.rst.70,752708,784883
1709507611633,READ,/gpfs/aquamini2/nicolasl/lammps_workdir/restart.rst.70,784884,805803
1709507611634,READ,/gpfs/aquamini2/nicolasl/lammps_workdir/restart.rst.70,805804,838931
1709507611635,READ,/gpfs/aquamini2/nicolasl/lammps_workdir/restart.rst.70,838932,859515
1709507611636,READ,/gpfs/aquamini2/nicolasl/lammps_workdir/restart.rst.70,859516,879827
1709507611637,READ,/gpfs/aquamini2/nicolasl/lammps_workdir/restart.rst.70,879828,901483
1709507611638,READ,/gpfs/aquamini2/nicolasl/lammps_workdir/restart.rst.70,901484,934483
1709507611639,READ,/gpfs/aquamini2/nicolasl/lammps_workdir/restart.rst.70,934484,955131
1709507611640,READ,/gpfs/aquamini2/nicolasl/lammps_workdir/restart.rst.70,955132,987267
1709507611641,READ,/gpfs/aquamini2/nicolasl/lammps_workdir/restart.rst.70,987268,1009395
1709507611642,READ,/gpfs/aquamini2/nicolasl/lammps_workdir/restart.rst.70,1009396,1030651
1709507611643,READ,/gpfs/aquamini2/nicolasl/lammps_workdir/restart.rst.70,1030652,1062507
1709507611644,READ,/gpfs/aquamini2/nicolasl/lammps_workdir/restart.rst.70,1062508,1086787
1709507611645,READ,/gpfs/aquamini2/nicolasl/lammps_workdir/restart.rst.70,1086788,1106899
1709507611646,READ,/gpfs/aquamini2/nicolasl/lammps_workdir/restart.rst.70,1106900,1127891
1709507611647,READ,/gpfs/aquamini2/nicolasl/lammps_workdir/restart.rst.70,1127892,1159803
1709507611648,READ,/gpfs/aquamini2/nicolasl/lammps_workdir/restart.rst.70,1159804,1181803
1709507611649,READ,/gpfs/aquamini2/nicolasl/lammps_workdir/restart.rst.70,1181804,1214331
1709507611650,READ,/gpfs/aquamini2/nicolasl/lammps_workdir/restart.rst.70,1214332,1234715
1709507611651,READ,/gpfs/aquamini2/nicolasl/lammps_workdir/restart.rst.70,1234716,1256907
1709507611652,READ,/gpfs/aquamini2/nicolasl/lammps_workdir/restart.rst.70,1256908,1277819
1709507611653,READ,/gpfs/aquamini2/nicolasl/lammps_workdir/restart.rst.70,1277820,1300219
1709507611654,READ,/gpfs/aquamini2/nicolasl/lammps_workdir/restart.rst.70,1300220,1327627
1709507611655,READ,/gpfs/aquamini2/nicolasl/lammps_workdir/restart.rst.70,1327628,1350771
1709507611656,READ,/gpfs/aquamini2/nicolasl/lammps_workdir/restart.rst.70,1350772,1371963
1709507611657,READ,/gpfs/aquamini2/nicolasl/lammps_workdir/restart.rst.70,1371964,1394163
1709507611658,READ,/gpfs/aquamini2/nicolasl/lammps_workdir/restart.rst.70,1394164,1416891
1709507611659,READ,/gpfs/aquamini2/nicolasl/lammps_workdir/restart.rst.70,1416892,1436131
1709507611660,READ,/gpfs/aquamini2/nicolasl/lammps_workdir/restart.rst.70,1436132,1457387
1709507611661,READ,/gpfs/aquamini2/nicolasl/lammps_workdir/restart.rst.70,1457388,1487139
1709507611662,READ,/gpfs/aquamini2/nicolasl/lammps_workdir/restart.rst.70,1487140,1507931
1709507611663,READ,/gpfs/aquamini2/nicolasl/lammps_workdir/restart.rst.70,1507932,1539043
1709507611664,READ,/gpfs/aquamini2/nicolasl/lammps_workdir/restart.rst.70,1539044,1559755
1709507611665,READ,/gpfs/aquamini2/nicolasl/lammps_workdir/restart.rst.70,1559756,1579267
1709507611666,READ,/gpfs/aquamini2/nicolasl/lammps_workdir/restart.rst.70,1579268,1611315
1709507611667,READ,/gpfs/aquamini2/nicolasl/lammps_workdir/restart.rst.70,1611316,1633435
1709507611668,READ,/gpfs/aquamini2/nicolasl/lammps_workdir/restart.rst.70,1633436,1652531
1709507611669,READ,/gpfs/aquamini2/nicolasl/lammps_workdir/restart.rst.70,1652532,1673643
1709507611670,READ,/gpfs/aquamini2/nicolasl/lammps_workdir/restart.rst.70,1673644,1695707
1709507611671,READ,/gpfs/aquamini2/nicolasl/lammps_workdir/restart.rst.70,1695708,1718107
1709507611672,READ,/gpfs/aquamini2/nicolasl/lammps_workdir/restart.rst.70,1718108,1750251
1709507611673,READ,/gpfs/aquamini2/nicolasl/lammps_workdir/restart.rst.70,1750252,1771603
1709507611674,READ,/gpfs/aquamini2/nicolasl/lammps_workdir/restart.rst.70,1771604,1791307
1709507611675,READ,/gpfs/aquamini2/nicolasl/lammps_workdir/restart.rst.70,1791308,1814251
1709507611676,READ,/gpfs/aquamini2/nicolasl/lammps_workdir/restart.rst.70,1814252,1846787
1709507611677,READ,/gpfs/aquamini2/nicolasl/lammps_workdir/restart.rst.70,1846788,1872203
1709507611678,READ,/gpfs/aquamini2/nicolasl/lammps_workdir/restart.rst.70,1872204,1893931
1709507611679,READ,/gpfs/aquamini2/nicolasl/lammps_workdir/restart.rst.70,1893932,1928467
1709507611680,READ,/gpfs/aquamini2/nicolasl/lammps_workdir/restart.rst.70,1928468,1947715
1709507611681,READ,/gpfs/aquamini2/nicolasl/lammps_workdir/restart.rst.70,1947716,1969331
1709507611682,READ,/gpfs/aquamini2/nicolasl/lammps_workdir/restart.rst.70,1969332,2002403
1709507611683,READ,/gpfs/aquamini2/nicolasl/lammps_workdir/restart.rst.70,2002404,2024715
1709507611684,READ,/gpfs/aquamini2/nicolasl/lammps_workdir/restart.rst.70,2024716,2058307
1709507611685,READ,/gpfs/aquamini2/nicolasl/lammps_workdir/restart.rst.70,2058308,2080291
1709507611686,READ,/gpfs/aquamini2/nicolasl/lammps_workdir/restart.rst.70,2080292,2102427
1709507611687,READ,/gpfs/aquamini2/nicolasl/lammps_workdir/restart.rst.70,2102428,2136035
1709507611688,READ,/gpfs/aquamini2/nicolasl/lammps_workdir/restart.rst.70,2136036,2156355
1709507611689,READ,/gpfs/aquamini2/nicolasl/lammps_workdir/restart.rst.70,2156356,2178147
1709507611690,READ,/gpfs/aquamini2/nicolasl/lammps_workdir/restart.rst.70,2178148,2211531
1709507611691,READ,/gpfs/aquamini2/nicolasl/lammps_workdir/restart.rst.70,2211532,2233939
1709507611692,READ,/gpfs/aquamini2/nicolasl/lammps_workdir/restart.rst.70,2233940,2253779
1709507611693,READ,/gpfs/aquamini2/nicolasl/lammps_workdir/restart.rst.70,2253780,2274971
1709507611694,READ,/gpfs/aquamini2/nicolasl/lammps_workdir/restart.rst.70,2274972,2306275
1709507611695,READ,/gpfs/aquamini2/nicolasl/lammps_workdir/restart.rst.70,2306276,2327731
1709507611696,READ,/gpfs/aquamini2/nicolasl/lammps_workdir/restart.rst.70,2327732,2359715
1709507611697,READ,/gpfs/aquamini2/nicolasl/lammps_workdir/restart.rst.70,2359716,2380307
1709507611698,READ,/gpfs/aquamini2/nicolasl/lammps_workdir/restart.rst.70,2380308,2401227
1709507611699,READ,/gpfs/aquamini2/nicolasl/lammps_workdir/restart.rst.70,2401228,2421955
1709507611700,READ,/gpfs/aquamini2/nicolasl/lammps_workdir/restart.rst.70,2421956,2454139
1709507611701,READ,/gpfs/aquamini2/nicolasl/lammps_workdir/restart.rst.70,2454140,2476275
1709507611702,READ,/gpfs/aquamini2/nicolasl/lammps_workdir/restart.rst.70,2476276,2509211
1709507611703,READ,/gpfs/aquamini2/nicolasl/lammps_workdir/restart.rst.70,2509212,2530939
1709507611704,READ,/gpfs/aquamini2/nicolasl/lammps_workdir/restart.rst.70,2530940,2556499
1709507611705,READ,/gpfs/aquamini2/nicolasl/lammps_workdir/restart.rst.70,2556500,2588483
1709507611706,READ,/gpfs/aquamini2/nicolasl/lammps_workdir/restart.rst.70,2588484,2610411
1709507611707,READ,/gpfs/aquamini2/nicolasl/lammps_workdir/restart.rst.70,2610412,2642875
1709507611708,READ,/gpfs/aquamini2/nicolasl/lammps_workdir/restart.rst.70,2642876,2664611
1709507611709,READ,/gpfs/aquamini2/nicolasl/lammps_workdir/restart.rst.70,2664612,2687619
1709507611710,READ,/gpfs/aquamini2/nicolasl/lammps_workdir/restart.rst.70,2687620,2719747
1709507611711,READ,/gpfs/aquamini2/nicolasl/lammps_workdir/restart.rst.70,2719748,2740931
1709507611712,READ,/gpfs/aquamini2/nicolasl/lammps_workdir/restart.rst.70,2740932,2761579
1709507611713,READ,/gpfs/aquamini2/nicolasl/lammps_workdir/restart.rst.70,2761580,2782427
1709507611714,READ,/gpfs/aquamini2/nicolasl/lammps_workdir/restart.rst.70,2782428,2803683
1709507611715,READ,/gpfs/aquamini2/nicolasl/lammps_workdir/restart.rst.70,2803684,2836291
1709507611716,READ,/gpfs/aquamini2/nicolasl/lammps_workdir/restart.rst.70,2836292,2861203
1709507611717,READ,/gpfs/aquamini2/nicolasl/lammps_workdir/restart.rst.70,2861204,2883067
1709507611718,READ,/gpfs/aquamini2/nicolasl/lammps_workdir/restart.rst.70,2883068,2915347
1709507611719,READ,/gpfs/aquamini2/nicolasl/lammps_workdir/restart.rst.70,2915348,2929371
1709507611720,READ,/gpfs/aquamini2/nicolasl/lammps_workdir/restart.rst.70,2929372,2958179
1709507611721,READ,/gpfs/aquamini2/nicolasl/lammps_workdir/restart.rst.70,2958180,2978219
1709507611722,READ,/gpfs/aquamini2/nicolasl/lammps_workdir/restart.rst.70,2978220,3005867
1709507611723,READ,/gpfs/aquamini2/nicolasl/lammps_workdir/restart.rst.70,3005868,3038275
1709507611724,READ,/gpfs/aquamini2/nicolasl/lammps_workdir/restart.rst.70,3038276,3069787
1709507611725,READ,/gpfs/aquamini2/nicolasl/lammps_workdir/restart.rst.70,3069788,3080451
1709507611726,READ,/gpfs/aquamini2/nicolasl/lammps_workdir/restart.rst.70,3080452,3114883
1709507611727,READ,/gpfs/aquamini2/nicolasl/lammps_workdir/restart.rst.70,3114884,3139115
1709507611728,READ,/gpfs/aquamini2/nicolasl/lammps_workdir/restart.rst.70,3139116,3169723
1709507611729,READ,/gpfs/aquamini2/nicolasl/lammps_workdir/restart.rst.70,3169724,3198723
1709507611730,READ,/gpfs/aquamini2/nicolasl/lammps_workdir/restart.rst.70,3198724,3220531
1709507611731,READ,/gpfs/aquamini2/nicolasl/lammps_workdir/restart.rst.70,3220532,3259715
1709507611732,READ,/gpfs/aquamini2/nicolasl/lammps_workdir/restart.rst.70,3259716,3291611
1709507611733,READ,/gpfs/aquamini2/nicolasl/lammps_workdir/restart.rst.70,3291612,3323331
1709507611734,READ,/gpfs/aquamini2/nicolasl/lammps_workdir/restart.rst.70,3323332,3345787
1709507611735,READ,/gpfs/aquamini2/nicolasl/lammps_workdir/restart.rst.70,3345788,3368987
1709507611736,READ,/gpfs/aquamini2/nicolasl/lammps_workdir/restart.rst.70,3368988,3409203
1709507611737,READ,/gpfs/aquamini2/nicolasl/lammps_workdir/restart.rst.70,3409204,3432219
1709507611738,READ,/gpfs/aquamini2/nicolasl/lammps_workdir/restart.rst.70,3432220,3456491
1709507611739,READ,/gpfs/aquamini2/nicolasl/lammps_workdir/restart.rst.70,3456492,3480523
1709507611740,READ,/gpfs/aquamini2/nicolasl/lammps_workdir/restart.rst.70,3480524,3505419
1709507611741,READ,/gpfs/aquamini2/nicolasl/lammps_workdir/restart.rst.70,3505420,3536451
1709507611742,READ,/gpfs/aquamini2/nicolasl/lammps_workdir/restart.rst.70,3536452,3558251
1709507611743,READ,/gpfs/aquamini2/nicolasl/lammps_workdir/restart.rst.70,3558252,3589547
1709507611744,READ,/gpfs/aquamini2/nicolasl/lammps_workdir/restart.rst.70,3589548,3610939
1709507611745,READ,/gpfs/aquamini2/nicolasl/lammps_workdir/restart.rst.70,3610940,3633611
1709507611746,READ,/gpfs/aquamini2/nicolasl/lammps_workdir/restart.rst.70,3633612,3655067
1709507611747,READ,/gpfs/aquamini2/nicolasl/lammps_workdir/restart.rst.70,3655068,3686715
1709507611748,READ,/gpfs/aquamini2/nicolasl/lammps_workdir/restart.rst.70,3686716,3706811
1709507611749,READ,/gpfs/aquamini2/nicolasl/lammps_workdir/restart.rst.70,3706812,3739875
1709507611750,READ,/gpfs/aquamini2/nicolasl/lammps_workdir/restart.rst.70,3739876,3762275
1709507611751,READ,/gpfs/aquamini2/nicolasl/lammps_workdir/restart.rst.70,3762276,3783803
1709507611752,READ,/gpfs/aquamini2/nicolasl/lammps_workdir/restart.rst.70,3783804,3814851
1709507611753,READ,/gpfs/aquamini2/nicolasl/lammps_workdir/restart.rst.70,3814852,3835243
1709507611754,READ,/gpfs/aquamini2/nicolasl/lammps_workdir/restart.rst.70,3835244,3869707
1709507611755,READ,/gpfs/aquamini2/nicolasl/lammps_workdir/restart.rst.70,3869708,3891835
1709507611756,READ,/gpfs/aquamini2/nicolasl/lammps_workdir/restart.rst.70,3891836,3912483
1709507611757,READ,/gpfs/aquamini2/nicolasl/lammps_workdir/restart.rst.70,3912484,3946563
1709507611758,READ,/gpfs/aquamini2/nicolasl/lammps_workdir/restart.rst.70,3946564,3965603
1709507611759,READ,/gpfs/aquamini2/nicolasl/lammps_workdir/restart.rst.70,3965604,3987459
1709507611760,READ,/gpfs/aquamini2/nicolasl/lammps_workdir/restart.rst.70,3987460,4018507
1709507611761,READ,/gpfs/aquamini2/nicolasl/lammps_workdir/restart.rst.70,4018508,4040171
1709507611762,READ,/gpfs/aquamini2/nicolasl/lammps_workdir/restart.rst.70,4040172,4059947
1709507611763,READ,/gpfs/aquamini2/nicolasl/lammps_workdir/restart.rst.70,4059948,4080595
1709507611764,READ,/gpfs/aquamini2/nicolasl/lammps_workdir/restart.rst.70,4080596,4114635
1709507611765,READ,/gpfs/aquamini2/nicolasl/lammps_workdir/restart.rst.70,4114636,4135755
1709507611766,READ,/gpfs/aquamini2/nicolasl/lammps_workdir/restart.rst.70,4135756,4166739
1709507611767,READ,/gpfs/aquamini2/nicolasl/lammps_workdir/restart.rst.70,4166740,4177771
1709507611790,READ,/gpfs/aquamini2/nicolasl/lammps_workdir/restart.rst.70,4177772,4219155
1709507611791,READ,/gpfs/aquamini2/nicolasl/lammps_workdir/restart.rst.70,4219156,4242227
1709507611792,READ,/gpfs/aquamini2/nicolasl/lammps_workdir/restart.rst.70,4242228,4275475
1709507611793,READ,/gpfs/aquamini2/nicolasl/lammps_workdir/restart.rst.70,4275476,4297323
1709507611794,READ,/gpfs/aquamini2/nicolasl/lammps_workdir/restart.rst.70,4297324,4320251
1709507611795,READ,/gpfs/aquamini2/nicolasl/lammps_workdir/restart.rst.70,4320252,4349491
1709507611796,READ,/gpfs/aquamini2/nicolasl/lammps_workdir/restart.rst.70,4349492,4375995
1709507611797,READ,/gpfs/aquamini2/nicolasl/lammps_workdir/restart.rst.70,4375996,4392099
1709507611798,READ,/gpfs/aquamini2/nicolasl/lammps_workdir/restart.rst.70,4392100,4438747
1709507611799,READ,/gpfs/aquamini2/nicolasl/lammps_workdir/restart.rst.70,4438748,4477675
1709507611800,READ,/gpfs/aquamini2/nicolasl/lammps_workdir/restart.rst.70,4477676,4486451
1709507611801,READ,/gpfs/aquamini2/nicolasl/lammps_workdir/restart.rst.70,4486452,4523147
1709507611802,READ,/gpfs/aquamini2/nicolasl/lammps_workdir/restart.rst.70,4523148,4545523
1709507611803,READ,/gpfs/aquamini2/nicolasl/lammps_workdir/restart.rst.70,4545524,4584419
1709507611804,READ,/gpfs/aquamini2/nicolasl/lammps_workdir/restart.rst.70,4584420,4611219
1709507611805,READ,/gpfs/aquamini2/nicolasl/lammps_workdir/restart.rst.70,4611220,4634027
1709507611806,READ,/gpfs/aquamini2/nicolasl/lammps_workdir/restart.rst.70,4634028,4664643
1709507611807,READ,/gpfs/aquamini2/nicolasl/lammps_workdir/restart.rst.70,4664644,4688731
1709507611808,READ,/gpfs/aquamini2/nicolasl/lammps_workdir/restart.rst.70,4688732,4742251
1709507611809,READ,/gpfs/aquamini2/nicolasl/lammps_workdir/restart.rst.70,4742252,4764923
1709507611810,READ,/gpfs/aquamini2/nicolasl/lammps_workdir/restart.rst.70,4764924,4798675
1709507611811,READ,/gpfs/aquamini2/nicolasl/lammps_workdir/restart.rst.70,4798676,4821139
1709507611812,READ,/gpfs/aquamini2/nicolasl/lammps_workdir/restart.rst.70,4821140,4857547
1709507611813,READ,/gpfs/aquamini2/nicolasl/lammps_workdir/restart.rst.70,4857548,4890195
1709507611814,READ,/gpfs/aquamini2/nicolasl/lammps_workdir/restart.rst.70,4890196,4901267
1709507611815,READ,/gpfs/aquamini2/nicolasl/lammps_workdir/restart.rst.70,4901268,4932491
1709507611816,READ,/gpfs/aquamini2/nicolasl/lammps_workdir/restart.rst.70,4932492,4958507
1709507611817,READ,/gpfs/aquamini2/nicolasl/lammps_workdir/restart.rst.70,4958508,4980307
1709507611818,READ,/gpfs/aquamini2/nicolasl/lammps_workdir/restart.rst.70,4980308,5012483
1709507611819,READ,/gpfs/aquamini2/nicolasl/lammps_workdir/restart.rst.70,5012484,5033875
1709507611820,READ,/gpfs/aquamini2/nicolasl/lammps_workdir/restart.rst.70,5033876,5067411
1709507611821,READ,/gpfs/aquamini2/nicolasl/lammps_workdir/restart.rst.70,5067412,5089411
1709507611822,READ,/gpfs/aquamini2/nicolasl/lammps_workdir/restart.rst.70,5089412,5111203
1709507611823,READ,/gpfs/aquamini2/nicolasl/lammps_workdir/restart.rst.70,5111204,5140771
1709507611824,READ,/gpfs/aquamini2/nicolasl/lammps_workdir/restart.rst.70,5140772,5162019
1709507611825,READ,/gpfs/aquamini2/nicolasl/lammps_workdir/restart.rst.70,5162020,5180779
1709507611826,READ,/gpfs/aquamini2/nicolasl/lammps_workdir/restart.rst.70,5180780,5212019
1709507611827,READ,/gpfs/aquamini2/nicolasl/lammps_workdir/restart.rst.70,5212020,5230859
1709507611828,READ,/gpfs/aquamini2/nicolasl/lammps_workdir/restart.rst.70,5230860,5263851
1709507611829,READ,/gpfs/aquamini2/nicolasl/lammps_workdir/restart.rst.70,5263852,5284419
1709507611830,READ,/gpfs/aquamini2/nicolasl/lammps_workdir/restart.rst.70,5284420,5306347
1709507611831,READ,/gpfs/aquamini2/nicolasl/lammps_workdir/restart.rst.70,5306348,5337115
1709507611832,READ,/gpfs/aquamini2/nicolasl/lammps_workdir/restart.rst.70,5337116,5359387
1709507611833,READ,/gpfs/aquamini2/nicolasl/lammps_workdir/restart.rst.70,5359388,5380787
1709507611834,READ,/gpfs/aquamini2/nicolasl/lammps_workdir/restart.rst.70,5380788,5410483
1709507611835,READ,/gpfs/aquamini2/nicolasl/lammps_workdir/restart.rst.70,5410484,5430867
1709507611836,READ,/gpfs/aquamini2/nicolasl/lammps_workdir/restart.rst.70,5430868,5462571
1709507611837,READ,/gpfs/aquamini2/nicolasl/lammps_workdir/restart.rst.70,5462572,5486115
1709507611838,READ,/gpfs/aquamini2/nicolasl/lammps_workdir/restart.rst.70,5486116,5508523
1709507611839,READ,/gpfs/aquamini2/nicolasl/lammps_workdir/restart.rst.70,5508524,5530987
1709507611840,READ,/gpfs/aquamini2/nicolasl/lammps_workdir/restart.rst.70,5530988,5562139
1709507611841,READ,/gpfs/aquamini2/nicolasl/lammps_workdir/restart.rst.70,5562140,5583579
1709507611842,READ,/gpfs/aquamini2/nicolasl/lammps_workdir/restart.rst.70,5583580,5605643
1709507611843,READ,/gpfs/aquamini2/nicolasl/lammps_workdir/restart.rst.70,5605644,5639355
1709507611844,READ,/gpfs/aquamini2/nicolasl/lammps_workdir/restart.rst.70,5639356,5663163
1709507611845,READ,/gpfs/aquamini2/nicolasl/lammps_workdir/restart.rst.70,5663164,5688459
1709507611846,READ,/gpfs/aquamini2/nicolasl/lammps_workdir/restart.rst.70,5688460,5719203
1709507611847,READ,/gpfs/aquamini2/nicolasl/lammps_workdir/restart.rst.70,5719204,5734227
1709507611848,READ,/gpfs/aquamini2/nicolasl/lammps_workdir/restart.rst.70,5734228,5774811
1709507611849,READ,/gpfs/aquamini2/nicolasl/lammps_workdir/restart.rst.70,5774812,5796491
1709507611850,READ,/gpfs/aquamini2/nicolasl/lammps_workdir/restart.rst.70,5796492,5820659
1709507611851,READ,/gpfs/aquamini2/nicolasl/lammps_workdir/restart.rst.70,5820660,5843307
1709507611852,READ,/gpfs/aquamini2/nicolasl/lammps_workdir/restart.rst.70,5843308,5879323
1709507611853,READ,/gpfs/aquamini2/nicolasl/lammps_workdir/restart.rst.70,5879324,5906915
1709507611854,READ,/gpfs/aquamini2/nicolasl/lammps_workdir/restart.rst.70,5906916,5935067
1709507611855,READ,/gpfs/aquamini2/nicolasl/lammps_workdir/restart.rst.70,5935068,5960243
1709507611856,READ,/gpfs/aquamini2/nicolasl/lammps_workdir/restart.rst.70,5960244,5984339
1709507611857,READ,/gpfs/aquamini2/nicolasl/lammps_workdir/restart.rst.70,5984340,6032011
1709507611858,READ,/gpfs/aquamini2/nicolasl/lammps_workdir/restart.rst.70,6032012,6064459
1709507611859,READ,/gpfs/aquamini2/nicolasl/lammps_workdir/restart.rst.70,6064460,6086403
1709507611860,READ,/gpfs/aquamini2/nicolasl/lammps_workdir/restart.rst.70,6086404,6107259
1709507611861,READ,/gpfs/aquamini2/nicolasl/lammps_workdir/restart.rst.70,6107260,6146771
1709507611862,READ,/gpfs/aquamini2/nicolasl/lammps_workdir/restart.rst.70,6146772,6161947
1709507611863,READ,/gpfs/aquamini2/nicolasl/lammps_workdir/restart.rst.70,6161948,6186651
1709507611864,READ,/gpfs/aquamini2/nicolasl/lammps_workdir/restart.rst.70,6186652,6208507
1709507611865,READ,/gpfs/aquamini2/nicolasl/lammps_workdir/restart.rst.70,6208508,6233099
1709507611866,READ,/gpfs/aquamini2/nicolasl/lammps_workdir/restart.rst.70,6233100,6274043
1709507611867,READ,/gpfs/aquamini2/nicolasl/lammps_workdir/restart.rst.70,6274044,6294227
1709507611868,READ,/gpfs/aquamini2/nicolasl/lammps_workdir/restart.rst.70,6294228,6314883
1709507611869,READ,/gpfs/aquamini2/nicolasl/lammps_workdir/restart.rst.70,6314884,6342003
1709507611870,READ,/gpfs/aquamini2/nicolasl/lammps_workdir/restart.rst.70,6342004,6361979
1709507611871,READ,/gpfs/aquamini2/nicolasl/lammps_workdir/restart.rst.70,6361980,6384987
1709507611872,READ,/gpfs/aquamini2/nicolasl/lammps_workdir/restart.rst.70,6384988,6408467
1709507611873,READ,/gpfs/aquamini2/nicolasl/lammps_workdir/restart.rst.70,6408468,6441931
1709507611874,READ,/gpfs/aquamini2/nicolasl/lammps_workdir/restart.rst.70,6441932,6463723
1709507611875,READ,/gpfs/aquamini2/nicolasl/lammps_workdir/restart.rst.70,6463724,6482891
1709507611876,READ,/gpfs/aquamini2/nicolasl/lammps_workdir/restart.rst.70,6482892,6503739
1709507611877,READ,/gpfs/aquamini2/nicolasl/lammps_workdir/restart.rst.70,6503740,6535459
1709507611878,READ,/gpfs/aquamini2/nicolasl/lammps_workdir/restart.rst.70,6535460,6556243
1709507611879,READ,/gpfs/aquamini2/nicolasl/lammps_workdir/restart.rst.70,6556244,6576419
1709507611880,READ,/gpfs/aquamini2/nicolasl/lammps_workdir/restart.rst.70,6576420,6598963
1709507611881,READ,/gpfs/aquamini2/nicolasl/lammps_workdir/restart.rst.70,6598964,6632491
1709507611882,READ,/gpfs/aquamini2/nicolasl/lammps_workdir/restart.rst.70,6632492,6653203
1709507611883,READ,/gpfs/aquamini2/nicolasl/lammps_workdir/restart.rst.70,6653204,6676883
1709507611884,READ,/gpfs/aquamini2/nicolasl/lammps_workdir/restart.rst.70,6676884,6697803
1709507611885,READ,/gpfs/aquamini2/nicolasl/lammps_workdir/restart.rst.70,6697804,6719459
1709507611886,READ,/gpfs/aquamini2/nicolasl/lammps_workdir/restart.rst.70,6719460,6751587
1709507611887,READ,/gpfs/aquamini2/nicolasl/lammps_workdir/restart.rst.70,6751588,6773115
1709507611888,READ,/gpfs/aquamini2/nicolasl/lammps_workdir/restart.rst.70,6773116,6793755
1709507611889,READ,/gpfs/aquamini2/nicolasl/lammps_workdir/restart.rst.70,6793756,6816627
1709507611890,READ,/gpfs/aquamini2/nicolasl/lammps_workdir/restart.rst.70,6816628,6848955
1709507611891,READ,/gpfs/aquamini2/nicolasl/lammps_workdir/restart.rst.70,6848956,6858067
1709507611892,READ,/gpfs/aquamini2/nicolasl/lammps_workdir/restart.rst.70,6858068,6899099
1709507611893,READ,/gpfs/aquamini2/nicolasl/lammps_workdir/restart.rst.70,6899100,6921099
1709507611894,READ,/gpfs/aquamini2/nicolasl/lammps_workdir/restart.rst.70,6921100,6944371
1709507611895,READ,/gpfs/aquamini2/nicolasl/lammps_workdir/restart.rst.70,6944372,6966515
1709507611896,READ,/gpfs/aquamini2/nicolasl/lammps_workdir/restart.rst.70,6966516,6994859
1709507611897,READ,/gpfs/aquamini2/nicolasl/lammps_workdir/restart.rst.70,6994860,7018011
1709507611898,READ,/gpfs/aquamini2/nicolasl/lammps_workdir/restart.rst.70,7018012,7037043
1709507611899,READ,/gpfs/aquamini2/nicolasl/lammps_workdir/restart.rst.70,7037044,7070907
1709507611900,READ,/gpfs/aquamini2/nicolasl/lammps_workdir/restart.rst.70,7070908,7093387
1709507611901,READ,/gpfs/aquamini2/nicolasl/lammps_workdir/restart.rst.70,7093388,7115787
1709507611902,READ,/gpfs/aquamini2/nicolasl/lammps_workdir/restart.rst.70,7115788,7139715
1709507611903,READ,/gpfs/aquamini2/nicolasl/lammps_workdir/restart.rst.70,7139716,7170483
1709507611904,READ,/gpfs/aquamini2/nicolasl/lammps_workdir/restart.rst.70,7170484,7190267
1709507611905,READ,/gpfs/aquamini2/nicolasl/lammps_workdir/restart.rst.70,7190268,7212459
1709507611906,READ,/gpfs/aquamini2/nicolasl/lammps_workdir/restart.rst.70,7212460,7237667
1709507611907,READ,/gpfs/aquamini2/nicolasl/lammps_workdir/restart.rst.70,7237668,7260675
1709507611908,READ,/gpfs/aquamini2/nicolasl/lammps_workdir/restart.rst.70,7260676,7284827
1709507611909,READ,/gpfs/aquamini2/nicolasl/lammps_workdir/restart.rst.70,7284828,7309571
1709507611910,READ,/gpfs/aquamini2/nicolasl/lammps_workdir/restart.rst.70,7309572,7343019
1709507611911,READ,/gpfs/aquamini2/nicolasl/lammps_workdir/restart.rst.70,7343020,7364067
1709507611912,READ,/gpfs/aquamini2/nicolasl/lammps_workdir/restart.rst.70,7364068,7393539
1709507611913,READ,/gpfs/aquamini2/nicolasl/lammps_workdir/restart.rst.70,7393540,7415811
1709507611914,READ,/gpfs/aquamini2/nicolasl/lammps_workdir/restart.rst.70,7415812,7438603
1709507611915,READ,/gpfs/aquamini2/nicolasl/lammps_workdir/restart.rst.70,7438604,7460059
1709507611916,READ,/gpfs/aquamini2/nicolasl/lammps_workdir/restart.rst.70,7460060,7493595
1709507611917,READ,/gpfs/aquamini2/nicolasl/lammps_workdir/restart.rst.70,7493596,7515803
1709507611918,READ,/gpfs/aquamini2/nicolasl/lammps_workdir/restart.rst.70,7515804,7536595
1709507611919,READ,/gpfs/aquamini2/nicolasl/lammps_workdir/restart.rst.70,7536596,7559203
1709507611920,READ,/gpfs/aquamini2/nicolasl/lammps_workdir/restart.rst.70,7559204,7580259
1709507611921,READ,/gpfs/aquamini2/nicolasl/lammps_workdir/restart.rst.70,7580260,7602323
1709507611922,READ,/gpfs/aquamini2/nicolasl/lammps_workdir/restart.rst.70,7602324,7622235
1709507611923,READ,/gpfs/aquamini2/nicolasl/lammps_workdir/restart.rst.70,7622236,7643363
1709507611924,READ,/gpfs/aquamini2/nicolasl/lammps_workdir/restart.rst.70,7643364,7666307
1709507611925,READ,/gpfs/aquamini2/nicolasl/lammps_workdir/restart.rst.70,7666308,7688499
1709507611926,READ,/gpfs/aquamini2/nicolasl/lammps_workdir/restart.rst.70,7688500,7707747
1709507611927,READ,/gpfs/aquamini2/nicolasl/lammps_workdir/restart.rst.70,7707748,7741075
1709507611928,READ,/gpfs/aquamini2/nicolasl/lammps_workdir/restart.rst.70,7741076,7761043
1709507611929,READ,/gpfs/aquamini2/nicolasl/lammps_workdir/restart.rst.70,7761044,7792755
1709507611930,READ,/gpfs/aquamini2/nicolasl/lammps_workdir/restart.rst.70,7792756,7814339
1709507611931,READ,/gpfs/aquamini2/nicolasl/lammps_workdir/restart.rst.70,7814340,7847211
1709507611932,READ,/gpfs/aquamini2/nicolasl/lammps_workdir/restart.rst.70,7847212,7858547
1709507611933,READ,/gpfs/aquamini2/nicolasl/lammps_workdir/restart.rst.70,7858548,7890595
1709507611934,READ,/gpfs/aquamini2/nicolasl/lammps_workdir/restart.rst.70,7890596,7911571
1709507611935,READ,/gpfs/aquamini2/nicolasl/lammps_workdir/restart.rst.70,7911572,7943483
1709507611936,READ,/gpfs/aquamini2/nicolasl/lammps_workdir/restart.rst.70,7943484,7964803
1709507611937,READ,/gpfs/aquamini2/nicolasl/lammps_workdir/restart.rst.70,7964804,7984715
1709507611938,READ,/gpfs/aquamini2/nicolasl/lammps_workdir/restart.rst.70,7984716,8015755
1709507611939,READ,/gpfs/aquamini2/nicolasl/lammps_workdir/restart.rst.70,8015756,8035667
1709507611940,READ,/gpfs/aquamini2/nicolasl/lammps_workdir/restart.rst.70,8035668,8057131
1709507611941,READ,/gpfs/aquamini2/nicolasl/lammps_workdir/restart.rst.70,8057132,8078187
1709507611942,READ,/gpfs/aquamini2/nicolasl/lammps_workdir/restart.rst.70,8078188,8098699
1709507611943,READ,/gpfs/aquamini2/nicolasl/lammps_workdir/restart.rst.70,8098700,8130691
1709507611944,READ,/gpfs/aquamini2/nicolasl/lammps_workdir/restart.rst.70,8130692,8150875
1709507611945,READ,/gpfs/aquamini2/nicolasl/lammps_workdir/restart.rst.70,8150876,8172267
1709507611946,READ,/gpfs/aquamini2/nicolasl/lammps_workdir/restart.rst.70,8172268,8193387
1709507611947,READ,/gpfs/aquamini2/nicolasl/lammps_workdir/restart.rst.70,8193388,8225171
1709507611948,READ,/gpfs/aquamini2/nicolasl/lammps_workdir/restart.rst.70,8225172,8248179
1709507611949,READ,/gpfs/aquamini2/nicolasl/lammps_workdir/restart.rst.70,8248180,8270307
1709507611950,READ,/gpfs/aquamini2/nicolasl/lammps_workdir/restart.rst.70,8270308,8303499
1709507611951,READ,/gpfs/aquamini2/nicolasl/lammps_workdir/restart.rst.70,8303500,8325971
1709507611952,READ,/gpfs/aquamini2/nicolasl/lammps_workdir/restart.rst.70,8325972,8360451
1709507611953,READ,/gpfs/aquamini2/nicolasl/lammps_workdir/restart.rst.70,8360452,8382315
1709507611954,READ,/gpfs/aquamini2/nicolasl/lammps_workdir/restart.rst.70,8382316,8404507
1709507611955,READ,/gpfs/aquamini2/nicolasl/lammps_workdir/restart.rst.70,8404508,8428115
1709507611956,READ,/gpfs/aquamini2/nicolasl/lammps_workdir/restart.rst.70,8428116,8460307
1709507611957,READ,/gpfs/aquamini2/nicolasl/lammps_workdir/restart.rst.70,8460308,8481435
1709507611958,READ,/gpfs/aquamini2/nicolasl/lammps_workdir/restart.rst.70,8481436,8501883
1709507611959,READ,/gpfs/aquamini2/nicolasl/lammps_workdir/restart.rst.70,8501884,8532243
1709507611960,READ,/gpfs/aquamini2/nicolasl/lammps_workdir/restart.rst.70,8532244,8553227
1709507611961,READ,/gpfs/aquamini2/nicolasl/lammps_workdir/restart.rst.70,8553228,8573475
1709507611962,READ,/gpfs/aquamini2/nicolasl/lammps_workdir/restart.rst.70,8573476,8594259
1709507611963,READ,/gpfs/aquamini2/nicolasl/lammps_workdir/restart.rst.70,8594260,8628203
1709507611964,READ,/gpfs/aquamini2/nicolasl/lammps_workdir/restart.rst.70,8628204,8647763
1709507611965,READ,/gpfs/aquamini2/nicolasl/lammps_workdir/restart.rst.70,8647764,8670235
1709507611966,READ,/gpfs/aquamini2/nicolasl/lammps_workdir/restart.rst.70,8670236,8701827
1709507611967,READ,/gpfs/aquamini2/nicolasl/lammps_workdir/restart.rst.70,8701828,8723827
1709507611968,READ,/gpfs/aquamini2/nicolasl/lammps_workdir/restart.rst.70,8723828,8746907
1709507611969,READ,/gpfs/aquamini2/nicolasl/lammps_workdir/restart.rst.70,8746908,8770795
1709507611970,READ,/gpfs/aquamini2/nicolasl/lammps_workdir/restart.rst.70,8770796,8792115
1709507611971,READ,/gpfs/aquamini2/nicolasl/lammps_workdir/restart.rst.70,8792116,8824635
1709507611972,READ,/gpfs/aquamini2/nicolasl/lammps_workdir/restart.rst.70,8824636,8846899
1709507611973,READ,/gpfs/aquamini2/nicolasl/lammps_workdir/restart.rst.70,8846900,8868755
1709507611974,READ,/gpfs/aquamini2/nicolasl/lammps_workdir/restart.rst.70,8868756,8890411
1709507611975,READ,/gpfs/aquamini2/nicolasl/lammps_workdir/restart.rst.70,8890412,8923411
1709507611976,READ,/gpfs/aquamini2/nicolasl/lammps_workdir/restart.rst.70,8923412,8943579
1709507611977,READ,/gpfs/aquamini2/nicolasl/lammps_workdir/restart.rst.70,8943580,8976315
1709507611978,READ,/gpfs/aquamini2/nicolasl/lammps_workdir/restart.rst.70,8976316,8997227
1709507611979,READ,/gpfs/aquamini2/nicolasl/lammps_workdir/restart.rst.70,8997228,9030443
1709507611980,READ,/gpfs/aquamini2/nicolasl/lammps_workdir/restart.rst.70,9030444,9052299
1709507611981,READ,/gpfs/aquamini2/nicolasl/lammps_workdir/restart.rst.70,9052300,9073819
1709507611982,READ,/gpfs/aquamini2/nicolasl/lammps_workdir/restart.rst.70,9073820,9095619
1709507611983,READ,/gpfs/aquamini2/nicolasl/lammps_workdir/restart.rst.70,9095620,9117355
1709507611984,READ,/gpfs/aquamini2/nicolasl/lammps_workdir/restart.rst.70,9117356,9140179
1709507611985,READ,/gpfs/aquamini2/nicolasl/lammps_workdir/restart.rst.70,9140180,9170283
1709507611986,READ,/gpfs/aquamini2/nicolasl/lammps_workdir/restart.rst.70,9170284,9190923
1709507611987,READ,/gpfs/aquamini2/nicolasl/lammps_workdir/restart.rst.70,9190924,9223443
1709507611988,READ,/gpfs/aquamini2/nicolasl/lammps_workdir/restart.rst.70,9223444,9243563
1709507611989,READ,/gpfs/aquamini2/nicolasl/lammps_workdir/restart.rst.70,9243564,9266643
1709507611990,READ,/gpfs/aquamini2/nicolasl/lammps_workdir/restart.rst.70,9266644,9290731
1709507611991,READ,/gpfs/aquamini2/nicolasl/lammps_workdir/restart.rst.70,9290732,9312251
1709507611992,READ,/gpfs/aquamini2/nicolasl/lammps_workdir/restart.rst.70,9312252,9343083
1709507611993,READ,/gpfs/aquamini2/nicolasl/lammps_workdir/restart.rst.70,9343084,9351659
1709507611994,READ,/gpfs/aquamini2/nicolasl/lammps_workdir/restart.rst.70,9351660,9384459
1709507611995,READ,/gpfs/aquamini2/nicolasl/lammps_workdir/restart.rst.70,9384460,9406659
1709507611996,READ,/gpfs/aquamini2/nicolasl/lammps_workdir/restart.rst.70,9406660,9428587
1709507611997,READ,/gpfs/aquamini2/nicolasl/lammps_workdir/restart.rst.70,9428588,9460699
1709507611998,READ,/gpfs/aquamini2/nicolasl/lammps_workdir/restart.rst.70,9460700,9482235
1709507611999,READ,/gpfs/aquamini2/nicolasl/lammps_workdir/restart.rst.70,9482236,9501739
1709507612000,READ,/gpfs/aquamini2/nicolasl/lammps_workdir/restart.rst.70,9501740,9531099
1709507612001,READ,/gpfs/aquamini2/nicolasl/lammps_workdir/restart.rst.70,9531100,9553563
1709507612002,READ,/gpfs/aquamini2/nicolasl/lammps_workdir/restart.rst.70,9553564,9573331
1709507612003,READ,/gpfs/aquamini2/nicolasl/lammps_workdir/restart.rst.70,9573332,9605187
1709507612004,READ,/gpfs/aquamini2/nicolasl/lammps_workdir/restart.rst.70,9605188,9629347
1709507612005,READ,/gpfs/aquamini2/nicolasl/lammps_workdir/restart.rst.70,9629348,9649659
1709507612006,READ,/gpfs/aquamini2/nicolasl/lammps_workdir/restart.rst.70,9649660,9681579
1709507612007,READ,/gpfs/aquamini2/nicolasl/lammps_workdir/restart.rst.70,9681580,9703035
1709507612008,READ,/gpfs/aquamini2/nicolasl/lammps_workdir/restart.rst.70,9703036,9736427
1709507612009,READ,/gpfs/aquamini2/nicolasl/lammps_workdir/restart.rst.70,9736428,9758419
1709507612010,READ,/gpfs/aquamini2/nicolasl/lammps_workdir/restart.rst.70,9758420,9779139
1709507612011,READ,/gpfs/aquamini2/nicolasl/lammps_workdir/restart.rst.70,9779140,9811059
1709507612012,READ,/gpfs/aquamini2/nicolasl/lammps_workdir/restart.rst.70,9811060,9831851
1709507612013,READ,/gpfs/aquamini2/nicolasl/lammps_workdir/restart.rst.70,9831852,9851827
1709507612014,READ,/gpfs/aquamini2/nicolasl/lammps_workdir/restart.rst.70,9851828,9870987
1709507612015,READ,/gpfs/aquamini2/nicolasl/lammps_workdir/restart.rst.70,9870988,9891563
1709507612016,READ,/gpfs/aquamini2/nicolasl/lammps_workdir/restart.rst.70,9891564,9923947
1709507612017,READ,/gpfs/aquamini2/nicolasl/lammps_workdir/restart.rst.70,9923948,9946411
1709507612018,READ,/gpfs/aquamini2/nicolasl/lammps_workdir/restart.rst.70,9946412,9968083
1709507612019,READ,/gpfs/aquamini2/nicolasl/lammps_workdir/restart.rst.70,9968084,9989747
1709507612020,READ,/gpfs/aquamini2/nicolasl/lammps_workdir/restart.rst.70,9989748,10012619
1709507612021,READ,/gpfs/aquamini2/nicolasl/lammps_workdir/restart.rst.70,10012620,10023283
1709507612022,READ,/gpfs/aquamini2/nicolasl/lammps_workdir/restart.rst.70,10023284,10062563
1709507612023,READ,/gpfs/aquamini2/nicolasl/lammps_workdir/restart.rst.70,10062564,10084163
1709507612024,READ,/gpfs/aquamini2/nicolasl/lammps_workdir/restart.rst.70,10084164,10105075
1709507612025,READ,/gpfs/aquamini2/nicolasl/lammps_workdir/restart.rst.70,10105076,10125859
1709507612026,READ,/gpfs/aquamini2/nicolasl/lammps_workdir/restart.rst.70,10125860,10158779
1709507612027,READ,/gpfs/aquamini2/nicolasl/lammps_workdir/restart.rst.70,10158780,10178355
1709507612028,READ,/gpfs/aquamini2/nicolasl/lammps_workdir/restart.rst.70,10178356,10199955
1709507612029,READ,/gpfs/aquamini2/nicolasl/lammps_workdir/restart.rst.70,10199956,10231931
1709507612030,READ,/gpfs/aquamini2/nicolasl/lammps_workdir/restart.rst.70,10231932,10253739
1709507614571,READ,/gpfs/aquamini2/nicolasl/lammps_workdir/restart.rst.80,0,51075
1709507614572,READ,/gpfs/aquamini2/nicolasl/lammps_workdir/restart.rst.80,51076,113627
1709507614573,READ,/gpfs/aquamini2/nicolasl/lammps_workdir/restart.rst.80,113628,124219
1709507614574,READ,/gpfs/aquamini2/nicolasl/lammps_workdir/restart.rst.80,124220,186971
1709507614575,READ,/gpfs/aquamini2/nicolasl/lammps_workdir/restart.rst.80,186972,250867
1709507614576,READ,/gpfs/aquamini2/nicolasl/lammps_workdir/restart.rst.80,250868,304579
1709507614577,READ,/gpfs/aquamini2/nicolasl/lammps_workdir/restart.rst.80,304580,357619
1709507614578,READ,/gpfs/aquamini2/nicolasl/lammps_workdir/restart.rst.80,357620,420851
1709507614579,READ,/gpfs/aquamini2/nicolasl/lammps_workdir/restart.rst.80,420852,475843
1709507614580,READ,/gpfs/aquamini2/nicolasl/lammps_workdir/restart.rst.80,475844,530643
1709507614581,READ,/gpfs/aquamini2/nicolasl/lammps_workdir/restart.rst.80,530644,594803
1709507614582,READ,/gpfs/aquamini2/nicolasl/lammps_workdir/restart.rst.80,594804,646235
1709507614583,READ,/gpfs/aquamini2/nicolasl/lammps_workdir/restart.rst.80,646236,696851
1709507614584,READ,/gpfs/aquamini2/nicolasl/lammps_workdir/restart.rst.80,696852,719579
1709507614585,READ,/gpfs/aquamini2/nicolasl/lammps_workdir/restart.rst.80,719580,749603
1709507614586,READ,/gpfs/aquamini2/nicolasl/lammps_workdir/restart.rst.80,749604,772067
1709507614587,READ,/gpfs/aquamini2/nicolasl/lammps_workdir/restart.rst.80,772068,792779
1709507614588,READ,/gpfs/aquamini2/nicolasl/lammps_workdir/restart.rst.80,792780,813699
1709507614589,READ,/gpfs/aquamini2/nicolasl/lammps_workdir/restart.rst.80,813700,846019
1709507614590,READ,/gpfs/aquamini2/nicolasl/lammps_workdir/restart.rst.80,846020,867411
1709507614591,READ,/gpfs/aquamini2/nicolasl/lammps_workdir/restart.rst.80,867412,898851
1709507614592,READ,/gpfs/aquamini2/nicolasl/lammps_workdir/restart.rst.80,898852,922339
1709507614593,READ,/gpfs/aquamini2/nicolasl/lammps_workdir/restart.rst.80,922340,941507
1709507614594,READ,/gpfs/aquamini2/nicolasl/lammps_workdir/restart.rst.80,941508,974579
1709507614595,READ,/gpfs/aquamini2/nicolasl/lammps_workdir/restart.rst.80,974580,994555
1709507614596,READ,/gpfs/aquamini2/nicolasl/lammps_workdir/restart.rst.80,994556,1018163
1709507614597,READ,/gpfs/aquamini2/nicolasl/lammps_workdir/restart.rst.80,1018164,1037267
1709507614598,READ,/gpfs/aquamini2/nicolasl/lammps_workdir/restart.rst.80,1037268,1059675
1709507614599,READ,/gpfs/aquamini2/nicolasl/lammps_workdir/restart.rst.80,1059676,1084291
1709507614600,READ,/gpfs/aquamini2/nicolasl/lammps_workdir/restart.rst.80,1084292,1114451
1709507614601,READ,/gpfs/aquamini2/nicolasl/lammps_workdir/restart.rst.80,1114452,1134155
1709507614602,READ,/gpfs/aquamini2/nicolasl/lammps_workdir/restart.rst.80,1134156,1156955
1709507614603,READ,/gpfs/aquamini2/nicolasl/lammps_workdir/restart.rst.80,1156956,1189827
1709507614604,READ,/gpfs/aquamini2/nicolasl/lammps_workdir/restart.rst.80,1189828,1211691
1709507614605,READ,/gpfs/aquamini2/nicolasl/lammps_workdir/restart.rst.80,1211692,1232075
1709507614606,READ,/gpfs/aquamini2/nicolasl/lammps_workdir/restart.rst.80,1232076,1265267
1709507614607,READ,/gpfs/aquamini2/nicolasl/lammps_workdir/restart.rst.80,1265268,1286043
1709507614608,READ,/gpfs/aquamini2/nicolasl/lammps_workdir/restart.rst.80,1286044,1306211
1709507614609,READ,/gpfs/aquamini2/nicolasl/lammps_workdir/restart.rst.80,1306212,1325051
1709507614610,READ,/gpfs/aquamini2/nicolasl/lammps_workdir/restart.rst.80,1325052,1347315
1709507614611,READ,/gpfs/aquamini2/nicolasl/lammps_workdir/restart.rst.80,1347316,1368371
1709507614612,READ,/gpfs/aquamini2/nicolasl/lammps_workdir/restart.rst.80,1368372,1391187
1709507614613,READ,/gpfs/aquamini2/nicolasl/lammps_workdir/restart.rst.80,1391188,1414459
1709507614614,READ,/gpfs/aquamini2/nicolasl/lammps_workdir/restart.rst.80,1414460,1442803
1709507614615,READ,/gpfs/aquamini2/nicolasl/lammps_workdir/restart.rst.80,1442804,1464323
1709507614616,READ,/gpfs/aquamini2/nicolasl/lammps_workdir/restart.rst.80,1464324,1483891
1709507614617,READ,/gpfs/aquamini2/nicolasl/lammps_workdir/restart.rst.80,1483892,1515339
1709507614618,READ,/gpfs/aquamini2/nicolasl/lammps_workdir/restart.rst.80,1515340,1536731
1709507614619,READ,/gpfs/aquamini2/nicolasl/lammps_workdir/restart.rst.80,1536732,1566955
1709507614620,READ,/gpfs/aquamini2/nicolasl/lammps_workdir/restart.rst.80,1566956,1587811
1709507614621,READ,/gpfs/aquamini2/nicolasl/lammps_workdir/restart.rst.80,1587812,1609075
1709507614622,READ,/gpfs/aquamini2/nicolasl/lammps_workdir/restart.rst.80,1609076,1639907
1709507614623,READ,/gpfs/aquamini2/nicolasl/lammps_workdir/restart.rst.80,1639908,1662171
1709507614624,READ,/gpfs/aquamini2/nicolasl/lammps_workdir/restart.rst.80,1662172,1683019
1709507614625,READ,/gpfs/aquamini2/nicolasl/lammps_workdir/restart.rst.80,1683020,1705683
1709507614626,READ,/gpfs/aquamini2/nicolasl/lammps_workdir/restart.rst.80,1705684,1728091
1709507614627,READ,/gpfs/aquamini2/nicolasl/lammps_workdir/restart.rst.80,1728092,1749763
1709507614628,READ,/gpfs/aquamini2/nicolasl/lammps_workdir/restart.rst.80,1749764,1781043
1709507614629,READ,/gpfs/aquamini2/nicolasl/lammps_workdir/restart.rst.80,1781044,1801627
1709507614630,READ,/gpfs/aquamini2/nicolasl/lammps_workdir/restart.rst.80,1801628,1824827
1709507614631,READ,/gpfs/aquamini2/nicolasl/lammps_workdir/restart.rst.80,1824828,1858771
1709507614632,READ,/gpfs/aquamini2/nicolasl/lammps_workdir/restart.rst.80,1858772,1880427
1709507614633,READ,/gpfs/aquamini2/nicolasl/lammps_workdir/restart.rst.80,1880428,1914779
1709507614634,READ,/gpfs/aquamini2/nicolasl/lammps_workdir/restart.rst.80,1914780,1948827
1709507614635,READ,/gpfs/aquamini2/nicolasl/lammps_workdir/restart.rst.80,1948828,1971299
1709507614636,READ,/gpfs/aquamini2/nicolasl/lammps_workdir/restart.rst.80,1971300,1993499
1709507614637,READ,/gpfs/aquamini2/nicolasl/lammps_workdir/restart.rst.80,1993500,2025867
1709507614638,READ,/gpfs/aquamini2/nicolasl/lammps_workdir/restart.rst.80,2025868,2047027
1709507614639,READ,/gpfs/aquamini2/nicolasl/lammps_workdir/restart.rst.80,2047028,2079139
1709507614640,READ,/gpfs/aquamini2/nicolasl/lammps_workdir/restart.rst.80,2079140,2101139
1709507614641,READ,/gpfs/aquamini2/nicolasl/lammps_workdir/restart.rst.80,2101140,2135627
1709507614642,READ,/gpfs/aquamini2/nicolasl/lammps_workdir/restart.rst.80,2135628,2156411
1709507614643,READ,/gpfs/aquamini2/nicolasl/lammps_workdir/restart.rst.80,2156412,2178475
1709507614644,READ,/gpfs/aquamini2/nicolasl/lammps_workdir/restart.rst.80,2178476,2211051
1709507614645,READ,/gpfs/aquamini2/nicolasl/lammps_workdir/restart.rst.80,2211052,2232787
1709507614646,READ,/gpfs/aquamini2/nicolasl/lammps_workdir/restart.rst.80,2232788,2251947
1709507614647,READ,/gpfs/aquamini2/nicolasl/lammps_workdir/restart.rst.80,2251948,2283723
1709507614648,READ,/gpfs/aquamini2/nicolasl/lammps_workdir/restart.rst.80,2283724,2304707
1709507614649,READ,/gpfs/aquamini2/nicolasl/lammps_workdir/restart.rst.80,2304708,2337635
1709507614650,READ,/gpfs/aquamini2/nicolasl/lammps_workdir/restart.rst.80,2337636,2359499
1709507614651,READ,/gpfs/aquamini2/nicolasl/lammps_workdir/restart.rst.80,2359500,2391427
1709507614652,READ,/gpfs/aquamini2/nicolasl/lammps_workdir/restart.rst.80,2391428,2412355
1709507614653,READ,/gpfs/aquamini2/nicolasl/lammps_workdir/restart.rst.80,2412356,2445483
1709507614654,READ,/gpfs/aquamini2/nicolasl/lammps_workdir/restart.rst.80,2445484,2466675
1709507614655,READ,/gpfs/aquamini2/nicolasl/lammps_workdir/restart.rst.80,2466676,2487939
1709507614656,READ,/gpfs/aquamini2/nicolasl/lammps_workdir/restart.rst.80,2487940,2520259
1709507614657,READ,/gpfs/aquamini2/nicolasl/lammps_workdir/restart.rst.80,2520260,2544075
1709507614658,READ,/gpfs/aquamini2/nicolasl/lammps_workdir/restart.rst.80,2544076,2568699
1709507614659,READ,/gpfs/aquamini2/nicolasl/lammps_workdir/restart.rst.80,2568700,2602235
1709507614660,READ,/gpfs/aquamini2/nicolasl/lammps_workdir/restart.rst.80,2602236,2622955
1709507614661,READ,/gpfs/aquamini2/nicolasl/lammps_workdir/restart.rst.80,2622956,2644483
1709507614662,READ,/gpfs/aquamini2/nicolasl/lammps_workdir/restart.rst.80,2644484,2678363
1709507614663,READ,/gpfs/aquamini2/nicolasl/lammps_workdir/restart.rst.80,2678364,2700291
1709507614664,READ,/gpfs/aquamini2/nicolasl/lammps_workdir/restart.rst.80,2700292,2721419
1709507614665,READ,/gpfs/aquamini2/nicolasl/lammps_workdir/restart.rst.80,2721420,2741323
1709507614666,READ,/gpfs/aquamini2/nicolasl/lammps_workdir/restart.rst.80,2741324,2762171
1709507614667,READ,/gpfs/aquamini2/nicolasl/lammps_workdir/restart.rst.80,2762172,2782747
1709507614668,READ,/gpfs/aquamini2/nicolasl/lammps_workdir/restart.rst.80,2782748,2814867
1709507614669,READ,/gpfs/aquamini2/nicolasl/lammps_workdir/restart.rst.80,2814868,2837155
1709507614670,READ,/gpfs/aquamini2/nicolasl/lammps_workdir/restart.rst.80,2837156,2862739
1709507614671,READ,/gpfs/aquamini2/nicolasl/lammps_workdir/restart.rst.80,2862740,2895739
1709507614672,READ,/gpfs/aquamini2/nicolasl/lammps_workdir/restart.rst.80,2895740,2907075
1709507614673,READ,/gpfs/aquamini2/nicolasl/lammps_workdir/restart.rst.80,2907076,2931883
1709507614674,READ,/gpfs/aquamini2/nicolasl/lammps_workdir/restart.rst.80,2931884,2948939
1709507614675,READ,/gpfs/aquamini2/nicolasl/lammps_workdir/restart.rst.80,2948940,2979763
1709507614676,READ,/gpfs/aquamini2/nicolasl/lammps_workdir/restart.rst.80,2979764,3005595
1709507614677,READ,/gpfs/aquamini2/nicolasl/lammps_workdir/restart.rst.80,3005596,3025155
1709507614678,READ,/gpfs/aquamini2/nicolasl/lammps_workdir/restart.rst.80,3025156,3059467
1709507614679,READ,/gpfs/aquamini2/nicolasl/lammps_workdir/restart.rst.80,3059468,3081387
1709507614680,READ,/gpfs/aquamini2/nicolasl/lammps_workdir/restart.rst.80,3081388,3093115
1709507614681,READ,/gpfs/aquamini2/nicolasl/lammps_workdir/restart.rst.80,3093116,3141123
1709507614682,READ,/gpfs/aquamini2/nicolasl/lammps_workdir/restart.rst.80,3141124,3170851
1709507614683,READ,/gpfs/aquamini2/nicolasl/lammps_workdir/restart.rst.80,3170852,3199515
1709507614684,READ,/gpfs/aquamini2/nicolasl/lammps_workdir/restart.rst.80,3199516,3221787
1709507614685,READ,/gpfs/aquamini2/nicolasl/lammps_workdir/restart.rst.80,3221788,3260411
1709507614686,READ,/gpfs/aquamini2/nicolasl/lammps_workdir/restart.rst.80,3260412,3280243
1709507614687,READ,/gpfs/aquamini2/nicolasl/lammps_workdir/restart.rst.80,3280244,3313387
1709507614688,READ,/gpfs/aquamini2/nicolasl/lammps_workdir/restart.rst.80,3313388,3333963
1709507614689,READ,/gpfs/aquamini2/nicolasl/lammps_workdir/restart.rst.80,3333964,3369699
1709507614690,READ,/gpfs/aquamini2/nicolasl/lammps_workdir/restart.rst.80,3369700,3410323
1709507614691,READ,/gpfs/aquamini2/nicolasl/lammps_workdir/restart.rst.80,3410324,3433339
1709507614692,READ,/gpfs/aquamini2/nicolasl/lammps_workdir/restart.rst.80,3433340,3457139
1709507614693,READ,/gpfs/aquamini2/nicolasl/lammps_workdir/restart.rst.80,3457140,3481099
1709507614694,READ,/gpfs/aquamini2/nicolasl/lammps_workdir/restart.rst.80,3481100,3504915
1709507614695,READ,/gpfs/aquamini2/nicolasl/lammps_workdir/restart.rst.80,3504916,3536083
1709507614696,READ,/gpfs/aquamini2/nicolasl/lammps_workdir/restart.rst.80,3536084,3558075
1709507614697,READ,/gpfs/aquamini2/nicolasl/lammps_workdir/restart.rst.80,3558076,3578995
1709507614698,READ,/gpfs/aquamini2/nicolasl/lammps_workdir/restart.rst.80,3578996,3612131
1709507614699,READ,/gpfs/aquamini2/nicolasl/lammps_workdir/restart.rst.80,3612132,3635419
1709507614700,READ,/gpfs/aquamini2/nicolasl/lammps_workdir/restart.rst.80,3635420,3656675
1709507614701,READ,/gpfs/aquamini2/nicolasl/lammps_workdir/restart.rst.80,3656676,3687715
1709507614702,READ,/gpfs/aquamini2/nicolasl/lammps_workdir/restart.rst.80,3687716,3708011
1709507614703,READ,/gpfs/aquamini2/nicolasl/lammps_workdir/restart.rst.80,3708012,3740459
1709507614704,READ,/gpfs/aquamini2/nicolasl/lammps_workdir/restart.rst.80,3740460,3762659
1709507614705,READ,/gpfs/aquamini2/nicolasl/lammps_workdir/restart.rst.80,3762660,3783851
1709507614706,READ,/gpfs/aquamini2/nicolasl/lammps_workdir/restart.rst.80,3783852,3814627
1709507614707,READ,/gpfs/aquamini2/nicolasl/lammps_workdir/restart.rst.80,3814628,3835083
1709507614708,READ,/gpfs/aquamini2/nicolasl/lammps_workdir/restart.rst.80,3835084,3857611
1709507614709,READ,/gpfs/aquamini2/nicolasl/lammps_workdir/restart.rst.80,3857612,3891203
1709507614710,READ,/gpfs/aquamini2/nicolasl/lammps_workdir/restart.rst.80,3891204,3911923
1709507614711,READ,/gpfs/aquamini2/nicolasl/lammps_workdir/restart.rst.80,3911924,3934723
1709507614712,READ,/gpfs/aquamini2/nicolasl/lammps_workdir/restart.rst.80,3934724,3964491
1709507614713,READ,/gpfs/aquamini2/nicolasl/lammps_workdir/restart.rst.80,3964492,3986755
1709507614714,READ,/gpfs/aquamini2/nicolasl/lammps_workdir/restart.rst.80,3986756,4017331
1709507614715,READ,/gpfs/aquamini2/nicolasl/lammps_workdir/restart.rst.80,4017332,4038795
1709507614716,READ,/gpfs/aquamini2/nicolasl/lammps_workdir/restart.rst.80,4038796,4069779
1709507614717,READ,/gpfs/aquamini2/nicolasl/lammps_workdir/restart.rst.80,4069780,4079835
1709507614718,READ,/gpfs/aquamini2/nicolasl/lammps_workdir/restart.rst.80,4079836,4103171
1709507614719,READ,/gpfs/aquamini2/nicolasl/lammps_workdir/restart.rst.80,4103172,4134779
1709507614720,READ,/gpfs/aquamini2/nicolasl/lammps_workdir/restart.rst.80,4134780,4154275
1709507614721,READ,/gpfs/aquamini2/nicolasl/lammps_workdir/restart.rst.80,4154276,4177123
1709507614744,READ,/gpfs/aquamini2/nicolasl/lammps_workdir/restart.rst.80,4177124,4217051
1709507614745,READ,/gpfs/aquamini2/nicolasl/lammps_workdir/restart.rst.80,4217052,4240331
1709507614746,READ,/gpfs/aquamini2/nicolasl/lammps_workdir/restart.rst.80,4240332,4273531
1709507614747,READ,/gpfs/aquamini2/nicolasl/lammps_workdir/restart.rst.80,4273532,4294971
1709507614748,READ,/gpfs/aquamini2/nicolasl/lammps_workdir/restart.rst.80,4294972,4318771
1709507614749,READ,/gpfs/aquamini2/nicolasl/lammps_workdir/restart.rst.80,4318772,4349211
1709507614750,READ,/gpfs/aquamini2/nicolasl/lammps_workdir/restart.rst.80,4349212,4375307
1709507614751,READ,/gpfs/aquamini2/nicolasl/lammps_workdir/restart.rst.80,4375308,4412219
1709507614752,READ,/gpfs/aquamini2/nicolasl/lammps_workdir/restart.rst.80,4412220,4458923
1709507614753,READ,/gpfs/aquamini2/nicolasl/lammps_workdir/restart.rst.80,4458924,4477579
1709507614754,READ,/gpfs/aquamini2/nicolasl/lammps_workdir/restart.rst.80,4477580,4498027
1709507614755,READ,/gpfs/aquamini2/nicolasl/lammps_workdir/restart.rst.80,4498028,4523651
1709507614756,READ,/gpfs/aquamini2/nicolasl/lammps_workdir/restart.rst.80,4523652,4564899
1709507614757,READ,/gpfs/aquamini2/nicolasl/lammps_workdir/restart.rst.80,4564900,4584683
1709507614758,READ,/gpfs/aquamini2/nicolasl/lammps_workdir/restart.rst.80,4584684,4611347
1709507614759,READ,/gpfs/aquamini2/nicolasl/lammps_workdir/restart.rst.80,4611348,4634427
1709507614760,READ,/gpfs/aquamini2/nicolasl/lammps_workdir/restart.rst.80,4634428,4665403
1709507614761,READ,/gpfs/aquamini2/nicolasl/lammps_workdir/restart.rst.80,4665404,4688699
1709507614762,READ,/gpfs/aquamini2/nicolasl/lammps_workdir/restart.rst.80,4688700,4729883
1709507614763,READ,/gpfs/aquamini2/nicolasl/lammps_workdir/restart.rst.80,4729884,4752995
1709507614764,READ,/gpfs/aquamini2/nicolasl/lammps_workdir/restart.rst.80,4752996,4774059
1709507614765,READ,/gpfs/aquamini2/nicolasl/lammps_workdir/restart.rst.80,4774060,4818491
1709507614766,READ,/gpfs/aquamini2/nicolasl/lammps_workdir/restart.rst.80,4818492,4854979
1709507614767,READ,/gpfs/aquamini2/nicolasl/lammps_workdir/restart.rst.80,4854980,4887627
1709507614768,READ,/gpfs/aquamini2/nicolasl/lammps_workdir/restart.rst.80,4887628,4898155
1709507614769,READ,/gpfs/aquamini2/nicolasl/lammps_workdir/restart.rst.80,4898156,4930763
1709507614770,READ,/gpfs/aquamini2/nicolasl/lammps_workdir/restart.rst.80,4930764,4957259
1709507614771,READ,/gpfs/aquamini2/nicolasl/lammps_workdir/restart.rst.80,4957260,4978651
1709507614772,READ,/gpfs/aquamini2/nicolasl/lammps_workdir/restart.rst.80,4978652,5000643
1709507614773,READ,/gpfs/aquamini2/nicolasl/lammps_workdir/restart.rst.80,5000644,5032139
1709507614774,READ,/gpfs/aquamini2/nicolasl/lammps_workdir/restart.rst.80,5032140,5054067
1709507614775,READ,/gpfs/aquamini2/nicolasl/lammps_workdir/restart.rst.80,5054068,5076947
1709507614776,READ,/gpfs/aquamini2/nicolasl/lammps_workdir/restart.rst.80,5076948,5110083
1709507614777,READ,/gpfs/aquamini2/nicolasl/lammps_workdir/restart.rst.80,5110084,5129187
1709507614778,READ,/gpfs/aquamini2/nicolasl/lammps_workdir/restart.rst.80,5129188,5150035
1709507614779,READ,/gpfs/aquamini2/nicolasl/lammps_workdir/restart.rst.80,5150036,5179859
1709507614780,READ,/gpfs/aquamini2/nicolasl/lammps_workdir/restart.rst.80,5179860,5200915
1709507614781,READ,/gpfs/aquamini2/nicolasl/lammps_workdir/restart.rst.80,5200916,5219739
1709507614782,READ,/gpfs/aquamini2/nicolasl/lammps_workdir/restart.rst.80,5219740,5252267
1709507614783,READ,/gpfs/aquamini2/nicolasl/lammps_workdir/restart.rst.80,5252268,5272979
1709507614784,READ,/gpfs/aquamini2/nicolasl/lammps_workdir/restart.rst.80,5272980,5305091
1709507614785,READ,/gpfs/aquamini2/nicolasl/lammps_workdir/restart.rst.80,5305092,5326355
1709507614786,READ,/gpfs/aquamini2/nicolasl/lammps_workdir/restart.rst.80,5326356,5347811
1709507614787,READ,/gpfs/aquamini2/nicolasl/lammps_workdir/restart.rst.80,5347812,5379051
1709507614788,READ,/gpfs/aquamini2/nicolasl/lammps_workdir/restart.rst.80,5379052,5399027
1709507614789,READ,/gpfs/aquamini2/nicolasl/lammps_workdir/restart.rst.80,5399028,5429531
1709507614790,READ,/gpfs/aquamini2/nicolasl/lammps_workdir/restart.rst.80,5429532,5452203
1709507614791,READ,/gpfs/aquamini2/nicolasl/lammps_workdir/restart.rst.80,5452204,5474395
1709507614792,READ,/gpfs/aquamini2/nicolasl/lammps_workdir/restart.rst.80,5474396,5496795
1709507614793,READ,/gpfs/aquamini2/nicolasl/lammps_workdir/restart.rst.80,5496796,5529787
1709507614794,READ,/gpfs/aquamini2/nicolasl/lammps_workdir/restart.rst.80,5529788,5549555
1709507614795,READ,/gpfs/aquamini2/nicolasl/lammps_workdir/restart.rst.80,5549556,5572843
1709507614796,READ,/gpfs/aquamini2/nicolasl/lammps_workdir/restart.rst.80,5572844,5594091
1709507614797,READ,/gpfs/aquamini2/nicolasl/lammps_workdir/restart.rst.80,5594092,5627283
1709507614798,READ,/gpfs/aquamini2/nicolasl/lammps_workdir/restart.rst.80,5627284,5660435
1709507614799,READ,/gpfs/aquamini2/nicolasl/lammps_workdir/restart.rst.80,5660436,5685323
1709507614800,READ,/gpfs/aquamini2/nicolasl/lammps_workdir/restart.rst.80,5685324,5705731
1709507614801,READ,/gpfs/aquamini2/nicolasl/lammps_workdir/restart.rst.80,5705732,5731427
1709507614802,READ,/gpfs/aquamini2/nicolasl/lammps_workdir/restart.rst.80,5731428,5750019
1709507614803,READ,/gpfs/aquamini2/nicolasl/lammps_workdir/restart.rst.80,5750020,5785635
1709507614804,READ,/gpfs/aquamini2/nicolasl/lammps_workdir/restart.rst.80,5785636,5819339
1709507614805,READ,/gpfs/aquamini2/nicolasl/lammps_workdir/restart.rst.80,5819340,5841515
1709507614806,READ,/gpfs/aquamini2/nicolasl/lammps_workdir/restart.rst.80,5841516,5877123
1709507614807,READ,/gpfs/aquamini2/nicolasl/lammps_workdir/restart.rst.80,5877124,5905259
1709507614808,READ,/gpfs/aquamini2/nicolasl/lammps_workdir/restart.rst.80,5905260,5933147
1709507614809,READ,/gpfs/aquamini2/nicolasl/lammps_workdir/restart.rst.80,5933148,5958651
1709507614810,READ,/gpfs/aquamini2/nicolasl/lammps_workdir/restart.rst.80,5958652,5982611
1709507614811,READ,/gpfs/aquamini2/nicolasl/lammps_workdir/restart.rst.80,5982612,6030147
1709507614812,READ,/gpfs/aquamini2/nicolasl/lammps_workdir/restart.rst.80,6030148,6048699
1709507614813,READ,/gpfs/aquamini2/nicolasl/lammps_workdir/restart.rst.80,6048700,6073059
1709507614814,READ,/gpfs/aquamini2/nicolasl/lammps_workdir/restart.rst.80,6073060,6105203
1709507614815,READ,/gpfs/aquamini2/nicolasl/lammps_workdir/restart.rst.80,6105204,6145547
1709507614816,READ,/gpfs/aquamini2/nicolasl/lammps_workdir/restart.rst.80,6145548,6174027
1709507614817,READ,/gpfs/aquamini2/nicolasl/lammps_workdir/restart.rst.80,6174028,6196155
1709507614818,READ,/gpfs/aquamini2/nicolasl/lammps_workdir/restart.rst.80,6196156,6220811
1709507614819,READ,/gpfs/aquamini2/nicolasl/lammps_workdir/restart.rst.80,6220812,6250939
1709507614820,READ,/gpfs/aquamini2/nicolasl/lammps_workdir/restart.rst.80,6250940,6272395
1709507614821,READ,/gpfs/aquamini2/nicolasl/lammps_workdir/restart.rst.80,6272396,6293795
1709507614822,READ,/gpfs/aquamini2/nicolasl/lammps_workdir/restart.rst.80,6293796,6314851
1709507614823,READ,/gpfs/aquamini2/nicolasl/lammps_workdir/restart.rst.80,6314852,6342579
1709507614824,READ,/gpfs/aquamini2/nicolasl/lammps_workdir/restart.rst.80,6342580,6363235
1709507614825,READ,/gpfs/aquamini2/nicolasl/lammps_workdir/restart.rst.80,6363236,6398395
1709507614826,READ,/gpfs/aquamini2/nicolasl/lammps_workdir/restart.rst.80,6398396,6420251
1709507614827,READ,/gpfs/aquamini2/nicolasl/lammps_workdir/restart.rst.80,6420252,6453643
1709507614828,READ,/gpfs/aquamini2/nicolasl/lammps_workdir/restart.rst.80,6453644,6474419
1709507614829,READ,/gpfs/aquamini2/nicolasl/lammps_workdir/restart.rst.80,6474420,6495339
1709507614830,READ,/gpfs/aquamini2/nicolasl/lammps_workdir/restart.rst.80,6495340,6514571
1709507614831,READ,/gpfs/aquamini2/nicolasl/lammps_workdir/restart.rst.80,6514572,6546291
1709507614832,READ,/gpfs/aquamini2/nicolasl/lammps_workdir/restart.rst.80,6546292,6569219
1709507614833,READ,/gpfs/aquamini2/nicolasl/lammps_workdir/restart.rst.80,6569220,6588531
1709507614834,READ,/gpfs/aquamini2/nicolasl/lammps_workdir/restart.rst.80,6588532,6622003
1709507614835,READ,/gpfs/aquamini2/nicolasl/lammps_workdir/restart.rst.80,6622004,6643459
1709507614836,READ,/gpfs/aquamini2/nicolasl/lammps_workdir/restart.rst.80,6643460,6664643
1709507614837,READ,/gpfs/aquamini2/nicolasl/lammps_workdir/restart.rst.80,6664644,6687051
1709507614838,READ,/gpfs/aquamini2/nicolasl/lammps_workdir/restart.rst.80,6687052,6721123
1709507614839,READ,/gpfs/aquamini2/nicolasl/lammps_workdir/restart.rst.80,6721124,6741635
1709507614840,READ,/gpfs/aquamini2/nicolasl/lammps_workdir/restart.rst.80,6741636,6763707
1709507614841,READ,/gpfs/aquamini2/nicolasl/lammps_workdir/restart.rst.80,6763708,6795011
1709507614842,READ,/gpfs/aquamini2/nicolasl/lammps_workdir/restart.rst.80,6795012,6818427
1709507614843,READ,/gpfs/aquamini2/nicolasl/lammps_workdir/restart.rst.80,6818428,6850627
1709507614844,READ,/gpfs/aquamini2/nicolasl/lammps_workdir/restart.rst.80,6850628,6859467
1709507614845,READ,/gpfs/aquamini2/nicolasl/lammps_workdir/restart.rst.80,6859468,6890307
1709507614846,READ,/gpfs/aquamini2/nicolasl/lammps_workdir/restart.rst.80,6890308,6922091
1709507614847,READ,/gpfs/aquamini2/nicolasl/lammps_workdir/restart.rst.80,6922092,6945227
1709507614848,READ,/gpfs/aquamini2/nicolasl/lammps_workdir/restart.rst.80,6945228,6966827
1709507614849,READ,/gpfs/aquamini2/nicolasl/lammps_workdir/restart.rst.80,6966828,6995443
1709507614850,READ,/gpfs/aquamini2/nicolasl/lammps_workdir/restart.rst.80,6995444,7018939
1709507614851,READ,/gpfs/aquamini2/nicolasl/lammps_workdir/restart.rst.80,7018940,7038715
1709507614852,READ,/gpfs/aquamini2/nicolasl/lammps_workdir/restart.rst.80,7038716,7061779
1709507614853,READ,/gpfs/aquamini2/nicolasl/lammps_workdir/restart.rst.80,7061780,7095331
1709507614854,READ,/gpfs/aquamini2/nicolasl/lammps_workdir/restart.rst.80,7095332,7117451
1709507614855,READ,/gpfs/aquamini2/nicolasl/lammps_workdir/restart.rst.80,7117452,7152579
1709507614856,READ,/gpfs/aquamini2/nicolasl/lammps_workdir/restart.rst.80,7152580,7172347
1709507614857,READ,/gpfs/aquamini2/nicolasl/lammps_workdir/restart.rst.80,7172348,7191859
1709507614858,READ,/gpfs/aquamini2/nicolasl/lammps_workdir/restart.rst.80,7191860,7214059
1709507614859,READ,/gpfs/aquamini2/nicolasl/lammps_workdir/restart.rst.80,7214060,7239339
1709507614860,READ,/gpfs/aquamini2/nicolasl/lammps_workdir/restart.rst.80,7239340,7262075
1709507614861,READ,/gpfs/aquamini2/nicolasl/lammps_workdir/restart.rst.80,7262076,7287507
1709507614862,READ,/gpfs/aquamini2/nicolasl/lammps_workdir/restart.rst.80,7287508,7324443
1709507614863,READ,/gpfs/aquamini2/nicolasl/lammps_workdir/restart.rst.80,7324444,7345691
1709507614864,READ,/gpfs/aquamini2/nicolasl/lammps_workdir/restart.rst.80,7345692,7375051
1709507614865,READ,/gpfs/aquamini2/nicolasl/lammps_workdir/restart.rst.80,7375052,7395619
1709507614866,READ,/gpfs/aquamini2/nicolasl/lammps_workdir/restart.rst.80,7395620,7418691
1709507614867,READ,/gpfs/aquamini2/nicolasl/lammps_workdir/restart.rst.80,7418692,7441899
1709507614868,READ,/gpfs/aquamini2/nicolasl/lammps_workdir/restart.rst.80,7441900,7463011
1709507614869,READ,/gpfs/aquamini2/nicolasl/lammps_workdir/restart.rst.80,7463012,7486827
1709507614870,READ,/gpfs/aquamini2/nicolasl/lammps_workdir/restart.rst.80,7486828,7519019
1709507614871,READ,/gpfs/aquamini2/nicolasl/lammps_workdir/restart.rst.80,7519020,7540019
1709507614872,READ,/gpfs/aquamini2/nicolasl/lammps_workdir/restart.rst.80,7540020,7562427
1709507614873,READ,/gpfs/aquamini2/nicolasl/lammps_workdir/restart.rst.80,7562428,7582803
1709507614874,READ,/gpfs/aquamini2/nicolasl/lammps_workdir/restart.rst.80,7582804,7604323
1709507614875,READ,/gpfs/aquamini2/nicolasl/lammps_workdir/restart.rst.80,7604324,7624163
1709507614876,READ,/gpfs/aquamini2/nicolasl/lammps_workdir/restart.rst.80,7624164,7655219
1709507614877,READ,/gpfs/aquamini2/nicolasl/lammps_workdir/restart.rst.80,7655220,7678971
1709507614878,READ,/gpfs/aquamini2/nicolasl/lammps_workdir/restart.rst.80,7678972,7700571
1709507614879,READ,/gpfs/aquamini2/nicolasl/lammps_workdir/restart.rst.80,7700572,7720211
1709507614880,READ,/gpfs/aquamini2/nicolasl/lammps_workdir/restart.rst.80,7720212,7753739
1709507614881,READ,/gpfs/aquamini2/nicolasl/lammps_workdir/restart.rst.80,7753740,7772707
1709507614882,READ,/gpfs/aquamini2/nicolasl/lammps_workdir/restart.rst.80,7772708,7806443
1709507614883,READ,/gpfs/aquamini2/nicolasl/lammps_workdir/restart.rst.80,7806444,7828579
1709507614884,READ,/gpfs/aquamini2/nicolasl/lammps_workdir/restart.rst.80,7828580,7860499
1709507614885,READ,/gpfs/aquamini2/nicolasl/lammps_workdir/restart.rst.80,7860500,7880267
1709507614886,READ,/gpfs/aquamini2/nicolasl/lammps_workdir/restart.rst.80,7880268,7902659
1709507614887,READ,/gpfs/aquamini2/nicolasl/lammps_workdir/restart.rst.80,7902660,7922971
1709507614888,READ,/gpfs/aquamini2/nicolasl/lammps_workdir/restart.rst.80,7922972,7955763
1709507614889,READ,/gpfs/aquamini2/nicolasl/lammps_workdir/restart.rst.80,7955764,7975403
1709507614890,READ,/gpfs/aquamini2/nicolasl/lammps_workdir/restart.rst.80,7975404,7996995
1709507614891,READ,/gpfs/aquamini2/nicolasl/lammps_workdir/restart.rst.80,7996996,8027099
1709507614892,READ,/gpfs/aquamini2/nicolasl/lammps_workdir/restart.rst.80,8027100,8047819
1709507614893,READ,/gpfs/aquamini2/nicolasl/lammps_workdir/restart.rst.80,8047820,8069483
1709507614894,READ,/gpfs/aquamini2/nicolasl/lammps_workdir/restart.rst.80,8069484,8090003
1709507614895,READ,/gpfs/aquamini2/nicolasl/lammps_workdir/restart.rst.80,8090004,8122251
1709507614896,READ,/gpfs/aquamini2/nicolasl/lammps_workdir/restart.rst.80,8122252,8143315
1709507614897,READ,/gpfs/aquamini2/nicolasl/lammps_workdir/restart.rst.80,8143316,8164235
1709507614898,READ,/gpfs/aquamini2/nicolasl/lammps_workdir/restart.rst.80,8164236,8185555
1709507614899,READ,/gpfs/aquamini2/nicolasl/lammps_workdir/restart.rst.80,8185556,8216267
1709507614900,READ,/gpfs/aquamini2/nicolasl/lammps_workdir/restart.rst.80,8216268,8238395
1709507614901,READ,/gpfs/aquamini2/nicolasl/lammps_workdir/restart.rst.80,8238396,8259651
1709507614902,READ,/gpfs/aquamini2/nicolasl/lammps_workdir/restart.rst.80,8259652,8292427
1709507614903,READ,/gpfs/aquamini2/nicolasl/lammps_workdir/restart.rst.80,8292428,8315907
1709507614904,READ,/gpfs/aquamini2/nicolasl/lammps_workdir/restart.rst.80,8315908,8349443
1709507614905,READ,/gpfs/aquamini2/nicolasl/lammps_workdir/restart.rst.80,8349444,8373195
1709507614906,READ,/gpfs/aquamini2/nicolasl/lammps_workdir/restart.rst.80,8373196,8394523
1709507614907,READ,/gpfs/aquamini2/nicolasl/lammps_workdir/restart.rst.80,8394524,8418875
1709507614908,READ,/gpfs/aquamini2/nicolasl/lammps_workdir/restart.rst.80,8418876,8441211
1709507614909,READ,/gpfs/aquamini2/nicolasl/lammps_workdir/restart.rst.80,8441212,8472387
1709507614910,READ,/gpfs/aquamini2/nicolasl/lammps_workdir/restart.rst.80,8472388,8492491
1709507614911,READ,/gpfs/aquamini2/nicolasl/lammps_workdir/restart.rst.80,8492492,8513755
1709507614912,READ,/gpfs/aquamini2/nicolasl/lammps_workdir/restart.rst.80,8513756,8544323
1709507614913,READ,/gpfs/aquamini2/nicolasl/lammps_workdir/restart.rst.80,8544324,8564907
1709507614914,READ,/gpfs/aquamini2/nicolasl/lammps_workdir/restart.rst.80,8564908,8585691
1709507614915,READ,/gpfs/aquamini2/nicolasl/lammps_workdir/restart.rst.80,8585692,8617467
1709507614916,READ,/gpfs/aquamini2/nicolasl/lammps_workdir/restart.rst.80,8617468,8637115
1709507614917,READ,/gpfs/aquamini2/nicolasl/lammps_workdir/restart.rst.80,8637116,8659379
1709507614918,READ,/gpfs/aquamini2/nicolasl/lammps_workdir/restart.rst.80,8659380,8691571
1709507614919,READ,/gpfs/aquamini2/nicolasl/lammps_workdir/restart.rst.80,8691572,8713843
1709507614920,READ,/gpfs/aquamini2/nicolasl/lammps_workdir/restart.rst.80,8713844,8734627
1709507614921,READ,/gpfs/aquamini2/nicolasl/lammps_workdir/restart.rst.80,8734628,8758107
1709507614922,READ,/gpfs/aquamini2/nicolasl/lammps_workdir/restart.rst.80,8758108,8790363
1709507614923,READ,/gpfs/aquamini2/nicolasl/lammps_workdir/restart.rst.80,8790364,8813107
1709507614924,READ,/gpfs/aquamini2/nicolasl/lammps_workdir/restart.rst.80,8813108,8833339
1709507614925,READ,/gpfs/aquamini2/nicolasl/lammps_workdir/restart.rst.80,8833340,8857427
1709507614926,READ,/gpfs/aquamini2/nicolasl/lammps_workdir/restart.rst.80,8857428,8888379
1709507614927,READ,/gpfs/aquamini2/nicolasl/lammps_workdir/restart.rst.80,8888380,8909907
1709507614928,READ,/gpfs/aquamini2/nicolasl/lammps_workdir/restart.rst.80,8909908,8941683
1709507614929,READ,/gpfs/aquamini2/nicolasl/lammps_workdir/restart.rst.80,8941684,8963819
1709507614930,READ,/gpfs/aquamini2/nicolasl/lammps_workdir/restart.rst.80,8963820,8983803
1709507614931,READ,/gpfs/aquamini2/nicolasl/lammps_workdir/restart.rst.80,8983804,9016667
1709507614932,READ,/gpfs/aquamini2/nicolasl/lammps_workdir/restart.rst.80,9016668,9037795
1709507614933,READ,/gpfs/aquamini2/nicolasl/lammps_workdir/restart.rst.80,9037796,9059579
1709507614934,READ,/gpfs/aquamini2/nicolasl/lammps_workdir/restart.rst.80,9059580,9093051
1709507614935,READ,/gpfs/aquamini2/nicolasl/lammps_workdir/restart.rst.80,9093052,9115387
1709507614936,READ,/gpfs/aquamini2/nicolasl/lammps_workdir/restart.rst.80,9115388,9138675
1709507614937,READ,/gpfs/aquamini2/nicolasl/lammps_workdir/restart.rst.80,9138676,9168571
1709507614938,READ,/gpfs/aquamini2/nicolasl/lammps_workdir/restart.rst.80,9168572,9189011
1709507614939,READ,/gpfs/aquamini2/nicolasl/lammps_workdir/restart.rst.80,9189012,9210131
1709507614940,READ,/gpfs/aquamini2/nicolasl/lammps_workdir/restart.rst.80,9210132,9241251
1709507614941,READ,/gpfs/aquamini2/nicolasl/lammps_workdir/restart.rst.80,9241252,9263451
1709507614942,READ,/gpfs/aquamini2/nicolasl/lammps_workdir/restart.rst.80,9263452,9286995
1709507614943,READ,/gpfs/aquamini2/nicolasl/lammps_workdir/restart.rst.80,9286996,9308715
1709507614944,READ,/gpfs/aquamini2/nicolasl/lammps_workdir/restart.rst.80,9308716,9328891
1709507614945,READ,/gpfs/aquamini2/nicolasl/lammps_workdir/restart.rst.80,9328892,9349139
1709507614946,READ,/gpfs/aquamini2/nicolasl/lammps_workdir/restart.rst.80,9349140,9382075
1709507614947,READ,/gpfs/aquamini2/nicolasl/lammps_workdir/restart.rst.80,9382076,9404947
1709507614948,READ,/gpfs/aquamini2/nicolasl/lammps_workdir/restart.rst.80,9404948,9426067
1709507614949,READ,/gpfs/aquamini2/nicolasl/lammps_workdir/restart.rst.80,9426068,9458787
1709507614950,READ,/gpfs/aquamini2/nicolasl/lammps_workdir/restart.rst.80,9458788,9479515
1709507614951,READ,/gpfs/aquamini2/nicolasl/lammps_workdir/restart.rst.80,9479516,9508131
1709507614952,READ,/gpfs/aquamini2/nicolasl/lammps_workdir/restart.rst.80,9508132,9528243
1709507614953,READ,/gpfs/aquamini2/nicolasl/lammps_workdir/restart.rst.80,9528244,9550979
1709507614954,READ,/gpfs/aquamini2/nicolasl/lammps_workdir/restart.rst.80,9550980,9581411
1709507614955,READ,/gpfs/aquamini2/nicolasl/lammps_workdir/restart.rst.80,9581412,9603003
1709507614956,READ,/gpfs/aquamini2/nicolasl/lammps_workdir/restart.rst.80,9603004,9626627
1709507614957,READ,/gpfs/aquamini2/nicolasl/lammps_workdir/restart.rst.80,9626628,9646267
1709507614958,READ,/gpfs/aquamini2/nicolasl/lammps_workdir/restart.rst.80,9646268,9677443
1709507614959,READ,/gpfs/aquamini2/nicolasl/lammps_workdir/restart.rst.80,9677444,9710299
1709507614960,READ,/gpfs/aquamini2/nicolasl/lammps_workdir/restart.rst.80,9710300,9734379
1709507614961,READ,/gpfs/aquamini2/nicolasl/lammps_workdir/restart.rst.80,9734380,9756579
1709507614962,READ,/gpfs/aquamini2/nicolasl/lammps_workdir/restart.rst.80,9756580,9787691
1709507614963,READ,/gpfs/aquamini2/nicolasl/lammps_workdir/restart.rst.80,9787692,9809491
1709507614964,READ,/gpfs/aquamini2/nicolasl/lammps_workdir/restart.rst.80,9809492,9829739
1709507614965,READ,/gpfs/aquamini2/nicolasl/lammps_workdir/restart.rst.80,9829740,9860107
1709507614966,READ,/gpfs/aquamini2/nicolasl/lammps_workdir/restart.rst.80,9860108,9880083
1709507614967,READ,/gpfs/aquamini2/nicolasl/lammps_workdir/restart.rst.80,9880084,9901403
1709507614968,READ,/gpfs/aquamini2/nicolasl/lammps_workdir/restart.rst.80,9901404,9934259
1709507614969,READ,/gpfs/aquamini2/nicolasl/lammps_workdir/restart.rst.80,9934260,9957747
1709507614970,READ,/gpfs/aquamini2/nicolasl/lammps_workdir/restart.rst.80,9957748,9978803
1709507614971,READ,/gpfs/aquamini2/nicolasl/lammps_workdir/restart.rst.80,9978804,10000867
1709507614972,READ,/gpfs/aquamini2/nicolasl/lammps_workdir/restart.rst.80,10000868,10022731
1709507614973,READ,/gpfs/aquamini2/nicolasl/lammps_workdir/restart.rst.80,10022732,10052963
1709507614974,READ,/gpfs/aquamini2/nicolasl/lammps_workdir/restart.rst.80,10052964,10073355
1709507614975,READ,/gpfs/aquamini2/nicolasl/lammps_workdir/restart.rst.80,10073356,10105339
1709507614976,READ,/gpfs/aquamini2/nicolasl/lammps_workdir/restart.rst.80,10105340,10126531
1709507614977,READ,/gpfs/aquamini2/nicolasl/lammps_workdir/restart.rst.80,10126532,10159259
1709507614978,READ,/gpfs/aquamini2/nicolasl/lammps_workdir/restart.rst.80,10159260,10178627
1709507614979,READ,/gpfs/aquamini2/nicolasl/lammps_workdir/restart.rst.80,10178628,10200163
1709507614980,READ,/gpfs/aquamini2/nicolasl/lammps_workdir/restart.rst.80,10200164,10221075
1709507614981,READ,/gpfs/aquamini2/nicolasl/lammps_workdir/restart.rst.80,10221076,10242595
1709507614982,READ,/gpfs/aquamini2/nicolasl/lammps_workdir/restart.rst.80,10242596,10253739
1709507618896,READ,/gpfs/aquamini2/nicolasl/lammps_workdir/restart.rst.90,0,60715
1709507618897,READ,/gpfs/aquamini2/nicolasl/lammps_workdir/restart.rst.90,60716,123875
1709507618898,READ,/gpfs/aquamini2/nicolasl/lammps_workdir/restart.rst.90,123876,145675
1709507618899,READ,/gpfs/aquamini2/nicolasl/lammps_workdir/restart.rst.90,145676,196827
1709507618900,READ,/gpfs/aquamini2/nicolasl/lammps_workdir/restart.rst.90,196828,260051
1709507618901,READ,/gpfs/aquamini2/nicolasl/lammps_workdir/restart.rst.90,260052,323691
1709507618902,READ,/gpfs/aquamini2/nicolasl/lammps_workdir/restart.rst.90,323692,387523
1709507618903,READ,/gpfs/aquamini2/nicolasl/lammps_workdir/restart.rst.90,387524,441979
1709507618904,READ,/gpfs/aquamini2/nicolasl/lammps_workdir/restart.rst.90,441980,507627
1709507618905,READ,/gpfs/aquamini2/nicolasl/lammps_workdir/restart.rst.90,507628,574627
1709507618906,READ,/gpfs/aquamini2/nicolasl/lammps_workdir/restart.rst.90,574628,636515
1709507618907,READ,/gpfs/aquamini2/nicolasl/lammps_workdir/restart.rst.90,636516,697523
1709507618908,READ,/gpfs/aquamini2/nicolasl/lammps_workdir/restart.rst.90,697524,720723
1709507618909,READ,/gpfs/aquamini2/nicolasl/lammps_workdir/restart.rst.90,720724,741171
1709507618910,READ,/gpfs/aquamini2/nicolasl/lammps_workdir/restart.rst.90,741172,773075
1709507618911,READ,/gpfs/aquamini2/nicolasl/lammps_workdir/restart.rst.90,773076,793315
1709507618912,READ,/gpfs/aquamini2/nicolasl/lammps_workdir/restart.rst.90,793316,824819
1709507618913,READ,/gpfs/aquamini2/nicolasl/lammps_workdir/restart.rst.90,824820,847355
1709507618914,READ,/gpfs/aquamini2/nicolasl/lammps_workdir/restart.rst.90,847356,878059
1709507618915,READ,/gpfs/aquamini2/nicolasl/lammps_workdir/restart.rst.90,878060,887643
1709507618916,READ,/gpfs/aquamini2/nicolasl/lammps_workdir/restart.rst.90,887644,921859
1709507618917,READ,/gpfs/aquamini2/nicolasl/lammps_workdir/restart.rst.90,921860,941363
1709507618918,READ,/gpfs/aquamini2/nicolasl/lammps_workdir/restart.rst.90,941364,975379
1709507618919,READ,/gpfs/aquamini2/nicolasl/lammps_workdir/restart.rst.90,975380,995899
1709507618920,READ,/gpfs/aquamini2/nicolasl/lammps_workdir/restart.rst.90,995900,1018635
1709507618921,READ,/gpfs/aquamini2/nicolasl/lammps_workdir/restart.rst.90,1018636,1038203
1709507618922,READ,/gpfs/aquamini2/nicolasl/lammps_workdir/restart.rst.90,1038204,1059323
1709507618923,READ,/gpfs/aquamini2/nicolasl/lammps_workdir/restart.rst.90,1059324,1093995
1709507618924,READ,/gpfs/aquamini2/nicolasl/lammps_workdir/restart.rst.90,1093996,1115051
1709507618925,READ,/gpfs/aquamini2/nicolasl/lammps_workdir/restart.rst.90,1115052,1135027
1709507618926,READ,/gpfs/aquamini2/nicolasl/lammps_workdir/restart.rst.90,1135028,1158099
1709507618927,READ,/gpfs/aquamini2/nicolasl/lammps_workdir/restart.rst.90,1158100,1180307
1709507618928,READ,/gpfs/aquamini2/nicolasl/lammps_workdir/restart.rst.90,1180308,1213315
1709507618929,READ,/gpfs/aquamini2/nicolasl/lammps_workdir/restart.rst.90,1213316,1233835
1709507618930,READ,/gpfs/aquamini2/nicolasl/lammps_workdir/restart.rst.90,1233836,1256971
1709507618931,READ,/gpfs/aquamini2/nicolasl/lammps_workdir/restart.rst.90,1256972,1288747
1709507618932,READ,/gpfs/aquamini2/nicolasl/lammps_workdir/restart.rst.90,1288748,1308171
1709507618933,READ,/gpfs/aquamini2/nicolasl/lammps_workdir/restart.rst.90,1308172,1327211
1709507618934,READ,/gpfs/aquamini2/nicolasl/lammps_workdir/restart.rst.90,1327212,1350219
1709507618935,READ,/gpfs/aquamini2/nicolasl/lammps_workdir/restart.rst.90,1350220,1371347
1709507618936,READ,/gpfs/aquamini2/nicolasl/lammps_workdir/restart.rst.90,1371348,1394427
1709507618937,READ,/gpfs/aquamini2/nicolasl/lammps_workdir/restart.rst.90,1394428,1417763
1709507618938,READ,/gpfs/aquamini2/nicolasl/lammps_workdir/restart.rst.90,1417764,1436859
1709507618939,READ,/gpfs/aquamini2/nicolasl/lammps_workdir/restart.rst.90,1436860,1468507
1709507618940,READ,/gpfs/aquamini2/nicolasl/lammps_workdir/restart.rst.90,1468508,1488211
1709507618941,READ,/gpfs/aquamini2/nicolasl/lammps_workdir/restart.rst.90,1488212,1520195
1709507618942,READ,/gpfs/aquamini2/nicolasl/lammps_workdir/restart.rst.90,1520196,1541187
1709507618943,READ,/gpfs/aquamini2/nicolasl/lammps_workdir/restart.rst.90,1541188,1561635
1709507618944,READ,/gpfs/aquamini2/nicolasl/lammps_workdir/restart.rst.90,1561636,1593011
1709507618945,READ,/gpfs/aquamini2/nicolasl/lammps_workdir/restart.rst.90,1593012,1614275
1709507618946,READ,/gpfs/aquamini2/nicolasl/lammps_workdir/restart.rst.90,1614276,1636467
1709507618947,READ,/gpfs/aquamini2/nicolasl/lammps_workdir/restart.rst.90,1636468,1667227
1709507618948,READ,/gpfs/aquamini2/nicolasl/lammps_workdir/restart.rst.90,1667228,1689027
1709507618949,READ,/gpfs/aquamini2/nicolasl/lammps_workdir/restart.rst.90,1689028,1711219
1709507618950,READ,/gpfs/aquamini2/nicolasl/lammps_workdir/restart.rst.90,1711220,1733083
1709507618951,READ,/gpfs/aquamini2/nicolasl/lammps_workdir/restart.rst.90,1733084,1764883
1709507618952,READ,/gpfs/aquamini2/nicolasl/lammps_workdir/restart.rst.90,1764884,1784451
1709507618953,READ,/gpfs/aquamini2/nicolasl/lammps_workdir/restart.rst.90,1784452,1816227
1709507618954,READ,/gpfs/aquamini2/nicolasl/lammps_workdir/restart.rst.90,1816228,1827963
1709507618955,READ,/gpfs/aquamini2/nicolasl/lammps_workdir/restart.rst.90,1827964,1874571
1709507618956,READ,/gpfs/aquamini2/nicolasl/lammps_workdir/restart.rst.90,1874572,1896435
1709507618957,READ,/gpfs/aquamini2/nicolasl/lammps_workdir/restart.rst.90,1896436,1919107
1709507618958,READ,/gpfs/aquamini2/nicolasl/lammps_workdir/restart.rst.90,1919108,1951971
1709507618959,READ,/gpfs/aquamini2/nicolasl/lammps_workdir/restart.rst.90,1951972,1973971
1709507618960,READ,/gpfs/aquamini2/nicolasl/lammps_workdir/restart.rst.90,1973972,1995827
1709507618961,READ,/gpfs/aquamini2/nicolasl/lammps_workdir/restart.rst.90,1995828,2028411
1709507618962,READ,/gpfs/aquamini2/nicolasl/lammps_workdir/restart.rst.90,2028412,2050547
1709507618963,READ,/gpfs/aquamini2/nicolasl/lammps_workdir/restart.rst.90,2050548,2072403
1709507618964,READ,/gpfs/aquamini2/nicolasl/lammps_workdir/restart.rst.90,2072404,2104723
1709507618965,READ,/gpfs/aquamini2/nicolasl/lammps_workdir/restart.rst.90,2104724,2127739
1709507618966,READ,/gpfs/aquamini2/nicolasl/lammps_workdir/restart.rst.90,2127740,2150003
1709507618967,READ,/gpfs/aquamini2/nicolasl/lammps_workdir/restart.rst.90,2150004,2181859
1709507618968,READ,/gpfs/aquamini2/nicolasl/lammps_workdir/restart.rst.90,2181860,2203171
1709507618969,READ,/gpfs/aquamini2/nicolasl/lammps_workdir/restart.rst.90,2203172,2236307
1709507618970,READ,/gpfs/aquamini2/nicolasl/lammps_workdir/restart.rst.90,2236308,2256347
1709507618971,READ,/gpfs/aquamini2/nicolasl/lammps_workdir/restart.rst.90,2256348,2277931
1709507618972,READ,/gpfs/aquamini2/nicolasl/lammps_workdir/restart.rst.90,2277932,2299387
1709507618973,READ,/gpfs/aquamini2/nicolasl/lammps_workdir/restart.rst.90,2299388,2330963
1709507618974,READ,/gpfs/aquamini2/nicolasl/lammps_workdir/restart.rst.90,2330964,2351139
1709507618975,READ,/gpfs/aquamini2/nicolasl/lammps_workdir/restart.rst.90,2351140,2372195
1709507618976,READ,/gpfs/aquamini2/nicolasl/lammps_workdir/restart.rst.90,2372196,2404659
1709507618977,READ,/gpfs/aquamini2/nicolasl/lammps_workdir/restart.rst.90,2404660,2424363
1709507618978,READ,/gpfs/aquamini2/nicolasl/lammps_workdir/restart.rst.90,2424364,2447427
1709507618979,READ,/gpfs/aquamini2/nicolasl/lammps_workdir/restart.rst.90,2447428,2479691
1709507618980,READ,/gpfs/aquamini2/nicolasl/lammps_workdir/restart.rst.90,2479692,2500075
1709507618981,READ,/gpfs/aquamini2/nicolasl/lammps_workdir/restart.rst.90,2500076,2532939
1709507618982,READ,/gpfs/aquamini2/nicolasl/lammps_workdir/restart.rst.90,2532940,2558507
1709507618983,READ,/gpfs/aquamini2/nicolasl/lammps_workdir/restart.rst.90,2558508,2580571
1709507618984,READ,/gpfs/aquamini2/nicolasl/lammps_workdir/restart.rst.90,2580572,2602499
1709507618985,READ,/gpfs/aquamini2/nicolasl/lammps_workdir/restart.rst.90,2602500,2633003
1709507618986,READ,/gpfs/aquamini2/nicolasl/lammps_workdir/restart.rst.90,2633004,2654731
1709507618987,READ,/gpfs/aquamini2/nicolasl/lammps_workdir/restart.rst.90,2654732,2687795
1709507618988,READ,/gpfs/aquamini2/nicolasl/lammps_workdir/restart.rst.90,2687796,2709395
1709507618989,READ,/gpfs/aquamini2/nicolasl/lammps_workdir/restart.rst.90,2709396,2729307
1709507618990,READ,/gpfs/aquamini2/nicolasl/lammps_workdir/restart.rst.90,2729308,2750827
1709507618991,READ,/gpfs/aquamini2/nicolasl/lammps_workdir/restart.rst.90,2750828,2771547
1709507618992,READ,/gpfs/aquamini2/nicolasl/lammps_workdir/restart.rst.90,2771548,2794027
1709507618993,READ,/gpfs/aquamini2/nicolasl/lammps_workdir/restart.rst.90,2794028,2824859
1709507618994,READ,/gpfs/aquamini2/nicolasl/lammps_workdir/restart.rst.90,2824860,2849699
1709507618995,READ,/gpfs/aquamini2/nicolasl/lammps_workdir/restart.rst.90,2849700,2882763
1709507618996,READ,/gpfs/aquamini2/nicolasl/lammps_workdir/restart.rst.90,2882764,2904627
1709507618997,READ,/gpfs/aquamini2/nicolasl/lammps_workdir/restart.rst.90,2904628,2928827
1709507618998,READ,/gpfs/aquamini2/nicolasl/lammps_workdir/restart.rst.90,2928828,2946307
1709507618999,READ,/gpfs/aquamini2/nicolasl/lammps_workdir/restart.rst.90,2946308,2976731
1709507619000,READ,/gpfs/aquamini2/nicolasl/lammps_workdir/restart.rst.90,2976732,3003891
1709507619001,READ,/gpfs/aquamini2/nicolasl/lammps_workdir/restart.rst.90,3003892,3038395
1709507619002,READ,/gpfs/aquamini2/nicolasl/lammps_workdir/restart.rst.90,3038396,3057355
1709507619003,READ,/gpfs/aquamini2/nicolasl/lammps_workdir/restart.rst.90,3057356,3079747
1709507619004,READ,/gpfs/aquamini2/nicolasl/lammps_workdir/restart.rst.90,3079748,3092131
1709507619005,READ,/gpfs/aquamini2/nicolasl/lammps_workdir/restart.rst.90,3092132,3140275
1709507619006,READ,/gpfs/aquamini2/nicolasl/lammps_workdir/restart.rst.90,3140276,3169555
1709507619007,READ,/gpfs/aquamini2/nicolasl/lammps_workdir/restart.rst.90,3169556,3198291
1709507619008,READ,/gpfs/aquamini2/nicolasl/lammps_workdir/restart.rst.90,3198292,3220563
1709507619009,READ,/gpfs/aquamini2/nicolasl/lammps_workdir/restart.rst.90,3220564,3259283
1709507619010,READ,/gpfs/aquamini2/nicolasl/lammps_workdir/restart.rst.90,3259284,3289507
1709507619011,READ,/gpfs/aquamini2/nicolasl/lammps_workdir/restart.rst.90,3289508,3310699
1709507619012,READ,/gpfs/aquamini2/nicolasl/lammps_workdir/restart.rst.90,3310700,3332763
1709507619013,READ,/gpfs/aquamini2/nicolasl/lammps_workdir/restart.rst.90,3332764,3369867
1709507619014,READ,/gpfs/aquamini2/nicolasl/lammps_workdir/restart.rst.90,3369868,3399731
1709507619015,READ,/gpfs/aquamini2/nicolasl/lammps_workdir/restart.rst.90,3399732,3433331
1709507619016,READ,/gpfs/aquamini2/nicolasl/lammps_workdir/restart.rst.90,3433332,3456587
1709507619017,READ,/gpfs/aquamini2/nicolasl/lammps_workdir/restart.rst.90,3456588,3479083
1709507619018,READ,/gpfs/aquamini2/nicolasl/lammps_workdir/restart.rst.90,3479084,3513363
1709507619019,READ,/gpfs/aquamini2/nicolasl/lammps_workdir/restart.rst.90,3513364,3533867
1709507619020,READ,/gpfs/aquamini2/nicolasl/lammps_workdir/restart.rst.90,3533868,3565987
1709507619021,READ,/gpfs/aquamini2/nicolasl/lammps_workdir/restart.rst.90,3565988,3587851
1709507619022,READ,/gpfs/aquamini2/nicolasl/lammps_workdir/restart.rst.90,3587852,3609515
1709507619023,READ,/gpfs/aquamini2/nicolasl/lammps_workdir/restart.rst.90,3609516,3642851
1709507619024,READ,/gpfs/aquamini2/nicolasl/lammps_workdir/restart.rst.90,3642852,3664243
1709507619025,READ,/gpfs/aquamini2/nicolasl/lammps_workdir/restart.rst.90,3664244,3685027
1709507619026,READ,/gpfs/aquamini2/nicolasl/lammps_workdir/restart.rst.90,3685028,3717739
1709507619027,READ,/gpfs/aquamini2/nicolasl/lammps_workdir/restart.rst.90,3717740,3738459
1709507619028,READ,/gpfs/aquamini2/nicolasl/lammps_workdir/restart.rst.90,3738460,3760187
1709507619029,READ,/gpfs/aquamini2/nicolasl/lammps_workdir/restart.rst.90,3760188,3781043
1709507619030,READ,/gpfs/aquamini2/nicolasl/lammps_workdir/restart.rst.90,3781044,3812235
1709507619031,READ,/gpfs/aquamini2/nicolasl/lammps_workdir/restart.rst.90,3812236,3832627
1709507619032,READ,/gpfs/aquamini2/nicolasl/lammps_workdir/restart.rst.90,3832628,3866763
1709507619033,READ,/gpfs/aquamini2/nicolasl/lammps_workdir/restart.rst.90,3866764,3888555
1709507619034,READ,/gpfs/aquamini2/nicolasl/lammps_workdir/restart.rst.90,3888556,3909947
1709507619035,READ,/gpfs/aquamini2/nicolasl/lammps_workdir/restart.rst.90,3909948,3943139
1709507619036,READ,/gpfs/aquamini2/nicolasl/lammps_workdir/restart.rst.90,3943140,3962243
1709507619037,READ,/gpfs/aquamini2/nicolasl/lammps_workdir/restart.rst.90,3962244,3984843
1709507619038,READ,/gpfs/aquamini2/nicolasl/lammps_workdir/restart.rst.90,3984844,4015347
1709507619039,READ,/gpfs/aquamini2/nicolasl/lammps_workdir/restart.rst.90,4015348,4036947
1709507619040,READ,/gpfs/aquamini2/nicolasl/lammps_workdir/restart.rst.90,4036948,4068603
1709507619041,READ,/gpfs/aquamini2/nicolasl/lammps_workdir/restart.rst.90,4068604,4078387
1709507619042,READ,/gpfs/aquamini2/nicolasl/lammps_workdir/restart.rst.90,4078388,4112155
1709507619043,READ,/gpfs/aquamini2/nicolasl/lammps_workdir/restart.rst.90,4112156,4132523
1709507619044,READ,/gpfs/aquamini2/nicolasl/lammps_workdir/restart.rst.90,4132524,4164171
1709507619045,READ,/gpfs/aquamini2/nicolasl/lammps_workdir/restart.rst.90,4164172,4175611
1709507619066,READ,/gpfs/aquamini2/nicolasl/lammps_workdir/restart.rst.90,4175612,4199699
1709507619067,READ,/gpfs/aquamini2/nicolasl/lammps_workdir/restart.rst.90,4199700,4238587
1709507619068,READ,/gpfs/aquamini2/nicolasl/lammps_workdir/restart.rst.90,4238588,4258563
1709507619069,READ,/gpfs/aquamini2/nicolasl/lammps_workdir/restart.rst.90,4258564,4271515
1709507619070,READ,/gpfs/aquamini2/nicolasl/lammps_workdir/restart.rst.90,4271516,4316291
1709507619071,READ,/gpfs/aquamini2/nicolasl/lammps_workdir/restart.rst.90,4316292,4347363
1709507619072,READ,/gpfs/aquamini2/nicolasl/lammps_workdir/restart.rst.90,4347364,4358019
1709507619073,READ,/gpfs/aquamini2/nicolasl/lammps_workdir/restart.rst.90,4358020,4389211
1709507619074,READ,/gpfs/aquamini2/nicolasl/lammps_workdir/restart.rst.90,4389212,4435235
1709507619075,READ,/gpfs/aquamini2/nicolasl/lammps_workdir/restart.rst.90,4435236,4474635
1709507619076,READ,/gpfs/aquamini2/nicolasl/lammps_workdir/restart.rst.90,4474636,4484283
1709507619077,READ,/gpfs/aquamini2/nicolasl/lammps_workdir/restart.rst.90,4484284,4521003
1709507619078,READ,/gpfs/aquamini2/nicolasl/lammps_workdir/restart.rst.90,4521004,4543379
1709507619079,READ,/gpfs/aquamini2/nicolasl/lammps_workdir/restart.rst.90,4543380,4582571
1709507619080,READ,/gpfs/aquamini2/nicolasl/lammps_workdir/restart.rst.90,4582572,4609507
1709507619081,READ,/gpfs/aquamini2/nicolasl/lammps_workdir/restart.rst.90,4609508,4642827
1709507619082,READ,/gpfs/aquamini2/nicolasl/lammps_workdir/restart.rst.90,4642828,4662411
1709507619083,READ,/gpfs/aquamini2/nicolasl/lammps_workdir/restart.rst.90,4662412,4711739
1709507619084,READ,/gpfs/aquamini2/nicolasl/lammps_workdir/restart.rst.90,4711740,4738771
1709507619085,READ,/gpfs/aquamini2/nicolasl/lammps_workdir/restart.rst.90,4738772,4770435
1709507619086,READ,/gpfs/aquamini2/nicolasl/lammps_workdir/restart.rst.90,4770436,4793715
1709507619087,READ,/gpfs/aquamini2/nicolasl/lammps_workdir/restart.rst.90,4793716,4816587
1709507619088,READ,/gpfs/aquamini2/nicolasl/lammps_workdir/restart.rst.90,4816588,4864651
1709507619089,READ,/gpfs/aquamini2/nicolasl/lammps_workdir/restart.rst.90,4864652,4886107
1709507619090,READ,/gpfs/aquamini2/nicolasl/lammps_workdir/restart.rst.90,4886108,4915043
1709507619091,READ,/gpfs/aquamini2/nicolasl/lammps_workdir/restart.rst.90,4915044,4945531
1709507619092,READ,/gpfs/aquamini2/nicolasl/lammps_workdir/restart.rst.90,4945532,4965507
1709507619093,READ,/gpfs/aquamini2/nicolasl/lammps_workdir/restart.rst.90,4965508,4987291
1709507619094,READ,/gpfs/aquamini2/nicolasl/lammps_workdir/restart.rst.90,4987292,5019403
1709507619095,READ,/gpfs/aquamini2/nicolasl/lammps_workdir/restart.rst.90,5019404,5041859
1709507619096,READ,/gpfs/aquamini2/nicolasl/lammps_workdir/restart.rst.90,5041860,5074667
1709507619097,READ,/gpfs/aquamini2/nicolasl/lammps_workdir/restart.rst.90,5074668,5094843
1709507619098,READ,/gpfs/aquamini2/nicolasl/lammps_workdir/restart.rst.90,5094844,5117787
1709507619099,READ,/gpfs/aquamini2/nicolasl/lammps_workdir/restart.rst.90,5117788,5147411
1709507619100,READ,/gpfs/aquamini2/nicolasl/lammps_workdir/restart.rst.90,5147412,5167795
1709507619101,READ,/gpfs/aquamini2/nicolasl/lammps_workdir/restart.rst.90,5167796,5187363
1709507619102,READ,/gpfs/aquamini2/nicolasl/lammps_workdir/restart.rst.90,5187364,5218523
1709507619103,READ,/gpfs/aquamini2/nicolasl/lammps_workdir/restart.rst.90,5218524,5241331
1709507619104,READ,/gpfs/aquamini2/nicolasl/lammps_workdir/restart.rst.90,5241332,5262179
1709507619105,READ,/gpfs/aquamini2/nicolasl/lammps_workdir/restart.rst.90,5262180,5291995
1709507619106,READ,/gpfs/aquamini2/nicolasl/lammps_workdir/restart.rst.90,5291996,5313851
1709507619107,READ,/gpfs/aquamini2/nicolasl/lammps_workdir/restart.rst.90,5313852,5335315
1709507619108,READ,/gpfs/aquamini2/nicolasl/lammps_workdir/restart.rst.90,5335316,5368043
1709507619109,READ,/gpfs/aquamini2/nicolasl/lammps_workdir/restart.rst.90,5368044,5388355
1709507619110,READ,/gpfs/aquamini2/nicolasl/lammps_workdir/restart.rst.90,5388356,5417435
1709507619111,READ,/gpfs/aquamini2/nicolasl/lammps_workdir/restart.rst.90,5417436,5440179
1709507619112,READ,/gpfs/aquamini2/nicolasl/lammps_workdir/restart.rst.90,5440180,5473243
1709507619113,READ,/gpfs/aquamini2/nicolasl/lammps_workdir/restart.rst.90,5473244,5495579
1709507619114,READ,/gpfs/aquamini2/nicolasl/lammps_workdir/restart.rst.90,5495580,5518715
1709507619115,READ,/gpfs/aquamini2/nicolasl/lammps_workdir/restart.rst.90,5518716,5540371
1709507619116,READ,/gpfs/aquamini2/nicolasl/lammps_workdir/restart.rst.90,5540372,5571955
1709507619117,READ,/gpfs/aquamini2/nicolasl/lammps_workdir/restart.rst.90,5571956,5593811
1709507619118,READ,/gpfs/aquamini2/nicolasl/lammps_workdir/restart.rst.90,5593812,5616019
1709507619119,READ,/gpfs/aquamini2/nicolasl/lammps_workdir/restart.rst.90,5616020,5639147
1709507619120,READ,/gpfs/aquamini2/nicolasl/lammps_workdir/restart.rst.90,5639148,5675611
1709507619121,READ,/gpfs/aquamini2/nicolasl/lammps_workdir/restart.rst.90,5675612,5705123
1709507619122,READ,/gpfs/aquamini2/nicolasl/lammps_workdir/restart.rst.90,5705124,5730883
1709507619123,READ,/gpfs/aquamini2/nicolasl/lammps_workdir/restart.rst.90,5730884,5749203
1709507619124,READ,/gpfs/aquamini2/nicolasl/lammps_workdir/restart.rst.90,5749204,5784475
1709507619125,READ,/gpfs/aquamini2/nicolasl/lammps_workdir/restart.rst.90,5784476,5818635
1709507619126,READ,/gpfs/aquamini2/nicolasl/lammps_workdir/restart.rst.90,5818636,5840443
1709507619127,READ,/gpfs/aquamini2/nicolasl/lammps_workdir/restart.rst.90,5840444,5859179
1709507619128,READ,/gpfs/aquamini2/nicolasl/lammps_workdir/restart.rst.90,5859180,5904635
1709507619129,READ,/gpfs/aquamini2/nicolasl/lammps_workdir/restart.rst.90,5904636,5922123
1709507619130,READ,/gpfs/aquamini2/nicolasl/lammps_workdir/restart.rst.90,5922124,5942915
1709507619131,READ,/gpfs/aquamini2/nicolasl/lammps_workdir/restart.rst.90,5942916,5981795
1709507619132,READ,/gpfs/aquamini2/nicolasl/lammps_workdir/restart.rst.90,5981796,6005211
1709507619133,READ,/gpfs/aquamini2/nicolasl/lammps_workdir/restart.rst.90,6005212,6046699
1709507619134,READ,/gpfs/aquamini2/nicolasl/lammps_workdir/restart.rst.90,6046700,6071059
1709507619135,READ,/gpfs/aquamini2/nicolasl/lammps_workdir/restart.rst.90,6071060,6103947
1709507619136,READ,/gpfs/aquamini2/nicolasl/lammps_workdir/restart.rst.90,6103948,6122643
1709507619137,READ,/gpfs/aquamini2/nicolasl/lammps_workdir/restart.rst.90,6122644,6159819
1709507619138,READ,/gpfs/aquamini2/nicolasl/lammps_workdir/restart.rst.90,6159820,6184659
1709507619139,READ,/gpfs/aquamini2/nicolasl/lammps_workdir/restart.rst.90,6184660,6207123
1709507619140,READ,/gpfs/aquamini2/nicolasl/lammps_workdir/restart.rst.90,6207124,6231715
1709507619141,READ,/gpfs/aquamini2/nicolasl/lammps_workdir/restart.rst.90,6231716,6262203
1709507619142,READ,/gpfs/aquamini2/nicolasl/lammps_workdir/restart.rst.90,6262204,6294395
1709507619143,READ,/gpfs/aquamini2/nicolasl/lammps_workdir/restart.rst.90,6294396,6304451
1709507619144,READ,/gpfs/aquamini2/nicolasl/lammps_workdir/restart.rst.90,6304452,6325563
1709507619145,READ,/gpfs/aquamini2/nicolasl/lammps_workdir/restart.rst.90,6325564,6363395
1709507619146,READ,/gpfs/aquamini2/nicolasl/lammps_workdir/restart.rst.90,6363396,6385875
1709507619147,READ,/gpfs/aquamini2/nicolasl/lammps_workdir/restart.rst.90,6385876,6409963
1709507619148,READ,/gpfs/aquamini2/nicolasl/lammps_workdir/restart.rst.90,6409964,6443291
1709507619149,READ,/gpfs/aquamini2/nicolasl/lammps_workdir/restart.rst.90,6443292,6465411
1709507619150,READ,/gpfs/aquamini2/nicolasl/lammps_workdir/restart.rst.90,6465412,6483635
1709507619151,READ,/gpfs/aquamini2/nicolasl/lammps_workdir/restart.rst.90,6483636,6514811
1709507619152,READ,/gpfs/aquamini2/nicolasl/lammps_workdir/restart.rst.90,6514812,6536483
1709507619153,READ,/gpfs/aquamini2/nicolasl/lammps_workdir/restart.rst.90,6536484,6558067
1709507619154,READ,/gpfs/aquamini2/nicolasl/lammps_workdir/restart.rst.90,6558068,6570411
1709507619155,READ,/gpfs/aquamini2/nicolasl/lammps_workdir/restart.rst.90,6570412,6600523
1709507619156,READ,/gpfs/aquamini2/nicolasl/lammps_workdir/restart.rst.90,6600524,6622587
1709507619157,READ,/gpfs/aquamini2/nicolasl/lammps_workdir/restart.rst.90,6622588,6644315
1709507619158,READ,/gpfs/aquamini2/nicolasl/lammps_workdir/restart.rst.90,6644316,6666451
1709507619159,READ,/gpfs/aquamini2/nicolasl/lammps_workdir/restart.rst.90,6666452,6688923
1709507619160,READ,/gpfs/aquamini2/nicolasl/lammps_workdir/restart.rst.90,6688924,6722115
1709507619161,READ,/gpfs/aquamini2/nicolasl/lammps_workdir/restart.rst.90,6722116,6743099
1709507619162,READ,/gpfs/aquamini2/nicolasl/lammps_workdir/restart.rst.90,6743100,6774411
1709507619163,READ,/gpfs/aquamini2/nicolasl/lammps_workdir/restart.rst.90,6774412,6795659
1709507619164,READ,/gpfs/aquamini2/nicolasl/lammps_workdir/restart.rst.90,6795660,6819147
1709507619165,READ,/gpfs/aquamini2/nicolasl/lammps_workdir/restart.rst.90,6819148,6851011
1709507619166,READ,/gpfs/aquamini2/nicolasl/lammps_workdir/restart.rst.90,6851012,6879491
1709507619167,READ,/gpfs/aquamini2/nicolasl/lammps_workdir/restart.rst.90,6879492,6900611
1709507619168,READ,/gpfs/aquamini2/nicolasl/lammps_workdir/restart.rst.90,6900612,6933875
1709507619169,READ,/gpfs/aquamini2/nicolasl/lammps_workdir/restart.rst.90,6933876,6955267
1709507619170,READ,/gpfs/aquamini2/nicolasl/lammps_workdir/restart.rst.90,6955268,6976059
1709507619171,READ,/gpfs/aquamini2/nicolasl/lammps_workdir/restart.rst.90,6976060,6995963
1709507619172,READ,/gpfs/aquamini2/nicolasl/lammps_workdir/restart.rst.90,6995964,7029843
1709507619173,READ,/gpfs/aquamini2/nicolasl/lammps_workdir/restart.rst.90,7029844,7051491
1709507619174,READ,/gpfs/aquamini2/nicolasl/lammps_workdir/restart.rst.90,7051492,7073027
1709507619175,READ,/gpfs/aquamini2/nicolasl/lammps_workdir/restart.rst.90,7073028,7107635
1709507619176,READ,/gpfs/aquamini2/nicolasl/lammps_workdir/restart.rst.90,7107636,7130827
1709507619177,READ,/gpfs/aquamini2/nicolasl/lammps_workdir/restart.rst.90,7130828,7163603
1709507619178,READ,/gpfs/aquamini2/nicolasl/lammps_workdir/restart.rst.90,7163604,7183851
1709507619179,READ,/gpfs/aquamini2/nicolasl/lammps_workdir/restart.rst.90,7183852,7205107
1709507619180,READ,/gpfs/aquamini2/nicolasl/lammps_workdir/restart.rst.90,7205108,7230211
1709507619181,READ,/gpfs/aquamini2/nicolasl/lammps_workdir/restart.rst.90,7230212,7252611
1709507619182,READ,/gpfs/aquamini2/nicolasl/lammps_workdir/restart.rst.90,7252612,7275475
1709507619183,READ,/gpfs/aquamini2/nicolasl/lammps_workdir/restart.rst.90,7275476,7312835
1709507619184,READ,/gpfs/aquamini2/nicolasl/lammps_workdir/restart.rst.90,7312836,7336763
1709507619185,READ,/gpfs/aquamini2/nicolasl/lammps_workdir/restart.rst.90,7336764,7356875
1709507619186,READ,/gpfs/aquamini2/nicolasl/lammps_workdir/restart.rst.90,7356876,7386291
1709507619187,READ,/gpfs/aquamini2/nicolasl/lammps_workdir/restart.rst.90,7386292,7408435
1709507619188,READ,/gpfs/aquamini2/nicolasl/lammps_workdir/restart.rst.90,7408436,7430971
1709507619189,READ,/gpfs/aquamini2/nicolasl/lammps_workdir/restart.rst.90,7430972,7453299
1709507619190,READ,/gpfs/aquamini2/nicolasl/lammps_workdir/restart.rst.90,7453300,7473275
1709507619191,READ,/gpfs/aquamini2/nicolasl/lammps_workdir/restart.rst.90,7473276,7507411
1709507619192,READ,/gpfs/aquamini2/nicolasl/lammps_workdir/restart.rst.90,7507412,7530219
1709507619193,READ,/gpfs/aquamini2/nicolasl/lammps_workdir/restart.rst.90,7530220,7551963
1709507619194,READ,/gpfs/aquamini2/nicolasl/lammps_workdir/restart.rst.90,7551964,7574363
1709507619195,READ,/gpfs/aquamini2/nicolasl/lammps_workdir/restart.rst.90,7574364,7595011
1709507619196,READ,/gpfs/aquamini2/nicolasl/lammps_workdir/restart.rst.90,7595012,7615251
1709507619197,READ,/gpfs/aquamini2/nicolasl/lammps_workdir/restart.rst.90,7615252,7635563
1709507619198,READ,/gpfs/aquamini2/nicolasl/lammps_workdir/restart.rst.90,7635564,7656155
1709507619199,READ,/gpfs/aquamini2/nicolasl/lammps_workdir/restart.rst.90,7656156,7690635
1709507619200,READ,/gpfs/aquamini2/nicolasl/lammps_workdir/restart.rst.90,7690636,7709811
1709507619201,READ,/gpfs/aquamini2/nicolasl/lammps_workdir/restart.rst.90,7709812,7731867
1709507619202,READ,/gpfs/aquamini2/nicolasl/lammps_workdir/restart.rst.90,7731868,7763707
1709507619203,READ,/gpfs/aquamini2/nicolasl/lammps_workdir/restart.rst.90,7763708,7784227
1709507619204,READ,/gpfs/aquamini2/nicolasl/lammps_workdir/restart.rst.90,7784228,7817691
1709507619205,READ,/gpfs/aquamini2/nicolasl/lammps_workdir/restart.rst.90,7817692,7839227
1709507619206,READ,/gpfs/aquamini2/nicolasl/lammps_workdir/restart.rst.90,7839228,7861299
1709507619207,READ,/gpfs/aquamini2/nicolasl/lammps_workdir/restart.rst.90,7861300,7881611
1709507619208,READ,/gpfs/aquamini2/nicolasl/lammps_workdir/restart.rst.90,7881612,7904547
1709507619209,READ,/gpfs/aquamini2/nicolasl/lammps_workdir/restart.rst.90,7904548,7935867
1709507619210,READ,/gpfs/aquamini2/nicolasl/lammps_workdir/restart.rst.90,7935868,7957115
1709507619211,READ,/gpfs/aquamini2/nicolasl/lammps_workdir/restart.rst.90,7957116,7987147
1709507619212,READ,/gpfs/aquamini2/nicolasl/lammps_workdir/restart.rst.90,7987148,8008267
1709507619213,READ,/gpfs/aquamini2/nicolasl/lammps_workdir/restart.rst.90,8008268,8028515
1709507619214,READ,/gpfs/aquamini2/nicolasl/lammps_workdir/restart.rst.90,8028516,8049571
1709507619215,READ,/gpfs/aquamini2/nicolasl/lammps_workdir/restart.rst.90,8049572,8082307
1709507619216,READ,/gpfs/aquamini2/nicolasl/lammps_workdir/restart.rst.90,8082308,8102955
1709507619217,READ,/gpfs/aquamini2/nicolasl/lammps_workdir/restart.rst.90,8102956,8134459
1709507619218,READ,/gpfs/aquamini2/nicolasl/lammps_workdir/restart.rst.90,8134460,8155379
1709507619219,READ,/gpfs/aquamini2/nicolasl/lammps_workdir/restart.rst.90,8155380,8176971
1709507619220,READ,/gpfs/aquamini2/nicolasl/lammps_workdir/restart.rst.90,8176972,8197955
1709507619221,READ,/gpfs/aquamini2/nicolasl/lammps_workdir/restart.rst.90,8197956,8228251
1709507619222,READ,/gpfs/aquamini2/nicolasl/lammps_workdir/restart.rst.90,8228252,8249915
1709507619223,READ,/gpfs/aquamini2/nicolasl/lammps_workdir/restart.rst.90,8249916,8281763
1709507619224,READ,/gpfs/aquamini2/nicolasl/lammps_workdir/restart.rst.90,8281764,8304099
1709507619225,READ,/gpfs/aquamini2/nicolasl/lammps_workdir/restart.rst.90,8304100,8337763
1709507619226,READ,/gpfs/aquamini2/nicolasl/lammps_workdir/restart.rst.90,8337764,8361915
1709507619227,READ,/gpfs/aquamini2/nicolasl/lammps_workdir/restart.rst.90,8361916,8383371
1709507619228,READ,/gpfs/aquamini2/nicolasl/lammps_workdir/restart.rst.90,8383372,8405235
1709507619229,READ,/gpfs/aquamini2/nicolasl/lammps_workdir/restart.rst.90,8405236,8428299
1709507619230,READ,/gpfs/aquamini2/nicolasl/lammps_workdir/restart.rst.90,8428300,8460883
1709507619231,READ,/gpfs/aquamini2/nicolasl/lammps_workdir/restart.rst.90,8460884,8481875
1709507619232,READ,/gpfs/aquamini2/nicolasl/lammps_workdir/restart.rst.90,8481876,8502931
1709507619233,READ,/gpfs/aquamini2/nicolasl/lammps_workdir/restart.rst.90,8502932,8522971
1709507619234,READ,/gpfs/aquamini2/nicolasl/lammps_workdir/restart.rst.90,8522972,8543347
1709507619235,READ,/gpfs/aquamini2/nicolasl/lammps_workdir/restart.rst.90,8543348,8573723
1709507619236,READ,/gpfs/aquamini2/nicolasl/lammps_workdir/restart.rst.90,8573724,8594435
1709507619237,READ,/gpfs/aquamini2/nicolasl/lammps_workdir/restart.rst.90,8594436,8617235
1709507619238,READ,/gpfs/aquamini2/nicolasl/lammps_workdir/restart.rst.90,8617236,8647475
1709507619239,READ,/gpfs/aquamini2/nicolasl/lammps_workdir/restart.rst.90,8647476,8670555
1709507619240,READ,/gpfs/aquamini2/nicolasl/lammps_workdir/restart.rst.90,8670556,8691611
1709507619241,READ,/gpfs/aquamini2/nicolasl/lammps_workdir/restart.rst.90,8691612,8722787
1709507619242,READ,/gpfs/aquamini2/nicolasl/lammps_workdir/restart.rst.90,8722788,8745723
1709507619243,READ,/gpfs/aquamini2/nicolasl/lammps_workdir/restart.rst.90,8745724,8769275
1709507619244,READ,/gpfs/aquamini2/nicolasl/lammps_workdir/restart.rst.90,8769276,8789859
1709507619245,READ,/gpfs/aquamini2/nicolasl/lammps_workdir/restart.rst.90,8789860,8812539
1709507619246,READ,/gpfs/aquamini2/nicolasl/lammps_workdir/restart.rst.90,8812540,8845523
1709507619247,READ,/gpfs/aquamini2/nicolasl/lammps_workdir/restart.rst.90,8845524,8867515
1709507619248,READ,/gpfs/aquamini2/nicolasl/lammps_workdir/restart.rst.90,8867516,8887955
1709507619249,READ,/gpfs/aquamini2/nicolasl/lammps_workdir/restart.rst.90,8887956,8921035
1709507619250,READ,/gpfs/aquamini2/nicolasl/lammps_workdir/restart.rst.90,8921036,8942283
1709507619251,READ,/gpfs/aquamini2/nicolasl/lammps_workdir/restart.rst.90,8942284,8975763
1709507619252,READ,/gpfs/aquamini2/nicolasl/lammps_workdir/restart.rst.90,8975764,8995123
1709507619253,READ,/gpfs/aquamini2/nicolasl/lammps_workdir/restart.rst.90,8995124,9027523
1709507619254,READ,/gpfs/aquamini2/nicolasl/lammps_workdir/restart.rst.90,9027524,9047955
1709507619255,READ,/gpfs/aquamini2/nicolasl/lammps_workdir/restart.rst.90,9047956,9071227
1709507619256,READ,/gpfs/aquamini2/nicolasl/lammps_workdir/restart.rst.90,9071228,9093355
1709507619257,READ,/gpfs/aquamini2/nicolasl/lammps_workdir/restart.rst.90,9093356,9115955
1709507619258,READ,/gpfs/aquamini2/nicolasl/lammps_workdir/restart.rst.90,9115956,9149771
1709507619259,READ,/gpfs/aquamini2/nicolasl/lammps_workdir/restart.rst.90,9149772,9168131
1709507619260,READ,/gpfs/aquamini2/nicolasl/lammps_workdir/restart.rst.90,9168132,9199507
1709507619261,READ,/gpfs/aquamini2/nicolasl/lammps_workdir/restart.rst.90,9199508,9221299
1709507619262,READ,/gpfs/aquamini2/nicolasl/lammps_workdir/restart.rst.90,9221300,9241275
1709507619263,READ,/gpfs/aquamini2/nicolasl/lammps_workdir/restart.rst.90,9241276,9275011
1709507619264,READ,/gpfs/aquamini2/nicolasl/lammps_workdir/restart.rst.90,9275012,9298091
1709507619265,READ,/gpfs/aquamini2/nicolasl/lammps_workdir/restart.rst.90,9298092,9318195
1709507619266,READ,/gpfs/aquamini2/nicolasl/lammps_workdir/restart.rst.90,9318196,9340395
1709507619267,READ,/gpfs/aquamini2/nicolasl/lammps_workdir/restart.rst.90,9340396,9360099
1709507619268,READ,/gpfs/aquamini2/nicolasl/lammps_workdir/restart.rst.90,9360100,9391963
1709507619269,READ,/gpfs/aquamini2/nicolasl/lammps_workdir/restart.rst.90,9391964,9414235
1709507619270,READ,/gpfs/aquamini2/nicolasl/lammps_workdir/restart.rst.90,9414236,9435547
1709507619271,READ,/gpfs/aquamini2/nicolasl/lammps_workdir/restart.rst.90,9435548,9457211
1709507619272,READ,/gpfs/aquamini2/nicolasl/lammps_workdir/restart.rst.90,9457212,9487659
1709507619273,READ,/gpfs/aquamini2/nicolasl/lammps_workdir/restart.rst.90,9487660,9508179
1709507619274,READ,/gpfs/aquamini2/nicolasl/lammps_workdir/restart.rst.90,9508180,9540979
1709507619275,READ,/gpfs/aquamini2/nicolasl/lammps_workdir/restart.rst.90,9540980,9563171
1709507619276,READ,/gpfs/aquamini2/nicolasl/lammps_workdir/restart.rst.90,9563172,9582475
1709507619277,READ,/gpfs/aquamini2/nicolasl/lammps_workdir/restart.rst.90,9582476,9616027
1709507619278,READ,/gpfs/aquamini2/nicolasl/lammps_workdir/restart.rst.90,9616028,9638571
1709507619279,READ,/gpfs/aquamini2/nicolasl/lammps_workdir/restart.rst.90,9638572,9658003
1709507619280,READ,/gpfs/aquamini2/nicolasl/lammps_workdir/restart.rst.90,9658004,9690795
1709507619281,READ,/gpfs/aquamini2/nicolasl/lammps_workdir/restart.rst.90,9690796,9711643
1709507619282,READ,/gpfs/aquamini2/nicolasl/lammps_workdir/restart.rst.90,9711644,9746179
1709507619283,READ,/gpfs/aquamini2/nicolasl/lammps_workdir/restart.rst.90,9746180,9766291
1709507619284,READ,/gpfs/aquamini2/nicolasl/lammps_workdir/restart.rst.90,9766292,9788091
1709507619285,READ,/gpfs/aquamini2/nicolasl/lammps_workdir/restart.rst.90,9788092,9809619
1709507619286,READ,/gpfs/aquamini2/nicolasl/lammps_workdir/restart.rst.90,9809620,9841275
1709507619287,READ,/gpfs/aquamini2/nicolasl/lammps_workdir/restart.rst.90,9841276,9861115
1709507619288,READ,/gpfs/aquamini2/nicolasl/lammps_workdir/restart.rst.90,9861116,9880611
1709507619289,READ,/gpfs/aquamini2/nicolasl/lammps_workdir/restart.rst.90,9880612,9901931
1709507619290,READ,/gpfs/aquamini2/nicolasl/lammps_workdir/restart.rst.90,9901932,9934579
1709507619291,READ,/gpfs/aquamini2/nicolasl/lammps_workdir/restart.rst.90,9934580,9958075
1709507619292,READ,/gpfs/aquamini2/nicolasl/lammps_workdir/restart.rst.90,9958076,9979267
1709507619293,READ,/gpfs/aquamini2/nicolasl/lammps_workdir/restart.rst.90,9979268,10001203
1709507619294,READ,/gpfs/aquamini2/nicolasl/lammps_workdir/restart.rst.90,10001204,10023003
1709507619295,READ,/gpfs/aquamini2/nicolasl/lammps_workdir/restart.rst.90,10023004,10053299
1709507619296,READ,/gpfs/aquamini2/nicolasl/lammps_workdir/restart.rst.90,10053300,10073955
1709507619297,READ,/gpfs/aquamini2/nicolasl/lammps_workdir/restart.rst.90,10073956,10095283
1709507619298,READ,/gpfs/aquamini2/nicolasl/lammps_workdir/restart.rst.90,10095284,10126995
1709507619299,READ,/gpfs/aquamini2/nicolasl/lammps_workdir/restart.rst.90,10126996,10148395
1709507619300,READ,/gpfs/aquamini2/nicolasl/lammps_workdir/restart.rst.90,10148396,10170587
1709507619301,READ,/gpfs/aquamini2/nicolasl/lammps_workdir/restart.rst.90,10170588,10199747
1709507619302,READ,/gpfs/aquamini2/nicolasl/lammps_workdir/restart.rst.90,10199748,10220939
1709507619303,READ,/gpfs/aquamini2/nicolasl/lammps_workdir/restart.rst.90,10220940,10242595
1709507619304,READ,/gpfs/aquamini2/nicolasl/lammps_workdir/restart.rst.90,10242596,10253739
1709507623030,READ,/gpfs/aquamini2/nicolasl/lammps_workdir/restart.rst.100,0,50251
1709507623031,READ,/gpfs/aquamini2/nicolasl/lammps_workdir/restart.rst.100,50252,124875
1709507623032,READ,/gpfs/aquamini2/nicolasl/lammps_workdir/restart.rst.100,124876,146403
1709507623033,READ,/gpfs/aquamini2/nicolasl/lammps_workdir/restart.rst.100,146404,208691
1709507623034,READ,/gpfs/aquamini2/nicolasl/lammps_workdir/restart.rst.100,208692,261179
1709507623035,READ,/gpfs/aquamini2/nicolasl/lammps_workdir/restart.rst.100,261180,324563
1709507623036,READ,/gpfs/aquamini2/nicolasl/lammps_workdir/restart.rst.100,324564,378395
1709507623037,READ,/gpfs/aquamini2/nicolasl/lammps_workdir/restart.rst.100,378396,443115
1709507623038,READ,/gpfs/aquamini2/nicolasl/lammps_workdir/restart.rst.100,443116,508027
1709507623039,READ,/gpfs/aquamini2/nicolasl/lammps_workdir/restart.rst.100,508028,563611
1709507623040,READ,/gpfs/aquamini2/nicolasl/lammps_workdir/restart.rst.100,563612,624819
1709507623041,READ,/gpfs/aquamini2/nicolasl/lammps_workdir/restart.rst.100,624820,678875
1709507623042,READ,/gpfs/aquamini2/nicolasl/lammps_workdir/restart.rst.100,678876,709043
1709507623043,READ,/gpfs/aquamini2/nicolasl/lammps_workdir/restart.rst.100,709044,741763
1709507623044,READ,/gpfs/aquamini2/nicolasl/lammps_workdir/restart.rst.100,741764,762339
1709507623045,READ,/gpfs/aquamini2/nicolasl/lammps_workdir/restart.rst.100,762340,784595
1709507623046,READ,/gpfs/aquamini2/nicolasl/lammps_workdir/restart.rst.100,784596,815027
1709507623047,READ,/gpfs/aquamini2/nicolasl/lammps_workdir/restart.rst.100,815028,837835
1709507623048,READ,/gpfs/aquamini2/nicolasl/lammps_workdir/restart.rst.100,837836,858755
1709507623049,READ,/gpfs/aquamini2/nicolasl/lammps_workdir/restart.rst.100,858756,879803
1709507623050,READ,/gpfs/aquamini2/nicolasl/lammps_workdir/restart.rst.100,879804,913947
1709507623051,READ,/gpfs/aquamini2/nicolasl/lammps_workdir/restart.rst.100,913948,934403
1709507623052,READ,/gpfs/aquamini2/nicolasl/lammps_workdir/restart.rst.100,934404,956131
1709507623053,READ,/gpfs/aquamini2/nicolasl/lammps_workdir/restart.rst.100,956132,978275
1709507623054,READ,/gpfs/aquamini2/nicolasl/lammps_workdir/restart.rst.100,978276,1010867
1709507623055,READ,/gpfs/aquamini2/nicolasl/lammps_workdir/restart.rst.100,1010868,1031779
1709507623056,READ,/gpfs/aquamini2/nicolasl/lammps_workdir/restart.rst.100,1031780,1052491
1709507623057,READ,/gpfs/aquamini2/nicolasl/lammps_workdir/restart.rst.100,1052492,1087499
1709507623058,READ,/gpfs/aquamini2/nicolasl/lammps_workdir/restart.rst.100,1087500,1107067
1709507623059,READ,/gpfs/aquamini2/nicolasl/lammps_workdir/restart.rst.100,1107068,1127931
1709507623060,READ,/gpfs/aquamini2/nicolasl/lammps_workdir/restart.rst.100,1127932,1161603
1709507623061,READ,/gpfs/aquamini2/nicolasl/lammps_workdir/restart.rst.100,1161604,1183939
1709507623062,READ,/gpfs/aquamini2/nicolasl/lammps_workdir/restart.rst.100,1183940,1205411
1709507623063,READ,/gpfs/aquamini2/nicolasl/lammps_workdir/restart.rst.100,1205412,1226331
1709507623064,READ,/gpfs/aquamini2/nicolasl/lammps_workdir/restart.rst.100,1226332,1247659
1709507623065,READ,/gpfs/aquamini2/nicolasl/lammps_workdir/restart.rst.100,1247660,1279763
1709507623066,READ,/gpfs/aquamini2/nicolasl/lammps_workdir/restart.rst.100,1279764,1300747
1709507623067,READ,/gpfs/aquamini2/nicolasl/lammps_workdir/restart.rst.100,1300748,1318707
1709507623068,READ,/gpfs/aquamini2/nicolasl/lammps_workdir/restart.rst.100,1318708,1339563
1709507623069,READ,/gpfs/aquamini2/nicolasl/lammps_workdir/restart.rst.100,1339564,1372155
1709507623070,READ,/gpfs/aquamini2/nicolasl/lammps_workdir/restart.rst.100,1372156,1395435
1709507623071,READ,/gpfs/aquamini2/nicolasl/lammps_workdir/restart.rst.100,1395436,1418707
1709507623072,READ,/gpfs/aquamini2/nicolasl/lammps_workdir/restart.rst.100,1418708,1438547
1709507623073,READ,/gpfs/aquamini2/nicolasl/lammps_workdir/restart.rst.100,1438548,1470123
1709507623074,READ,/gpfs/aquamini2/nicolasl/lammps_workdir/restart.rst.100,1470124,1489891
1709507623075,READ,/gpfs/aquamini2/nicolasl/lammps_workdir/restart.rst.100,1489892,1522147
1709507623076,READ,/gpfs/aquamini2/nicolasl/lammps_workdir/restart.rst.100,1522148,1543211
1709507623077,READ,/gpfs/aquamini2/nicolasl/lammps_workdir/restart.rst.100,1543212,1563923
1709507623078,READ,/gpfs/aquamini2/nicolasl/lammps_workdir/restart.rst.100,1563924,1594763
1709507623079,READ,/gpfs/aquamini2/nicolasl/lammps_workdir/restart.rst.100,1594764,1616963
1709507623080,READ,/gpfs/aquamini2/nicolasl/lammps_workdir/restart.rst.100,1616964,1638611
1709507623081,READ,/gpfs/aquamini2/nicolasl/lammps_workdir/restart.rst.100,1638612,1657771
1709507623082,READ,/gpfs/aquamini2/nicolasl/lammps_workdir/restart.rst.100,1657772,1690355
1709507623083,READ,/gpfs/aquamini2/nicolasl/lammps_workdir/restart.rst.100,1690356,1712555
1709507623084,READ,/gpfs/aquamini2/nicolasl/lammps_workdir/restart.rst.100,1712556,1734427
1709507623085,READ,/gpfs/aquamini2/nicolasl/lammps_workdir/restart.rst.100,1734428,1767027
1709507623086,READ,/gpfs/aquamini2/nicolasl/lammps_workdir/restart.rst.100,1767028,1786187
1709507623087,READ,/gpfs/aquamini2/nicolasl/lammps_workdir/restart.rst.100,1786188,1807107
1709507623088,READ,/gpfs/aquamini2/nicolasl/lammps_workdir/restart.rst.100,1807108,1830379
1709507623089,READ,/gpfs/aquamini2/nicolasl/lammps_workdir/restart.rst.100,1830380,1864179
1709507623090,READ,/gpfs/aquamini2/nicolasl/lammps_workdir/restart.rst.100,1864180,1886515
1709507623091,READ,/gpfs/aquamini2/nicolasl/lammps_workdir/restart.rst.100,1886516,1920251
1709507623092,READ,/gpfs/aquamini2/nicolasl/lammps_workdir/restart.rst.100,1920252,1932507
1709507623093,READ,/gpfs/aquamini2/nicolasl/lammps_workdir/restart.rst.100,1932508,1962443
1709507623094,READ,/gpfs/aquamini2/nicolasl/lammps_workdir/restart.rst.100,1962444,1995235
1709507623095,READ,/gpfs/aquamini2/nicolasl/lammps_workdir/restart.rst.100,1995236,2016971
1709507623096,READ,/gpfs/aquamini2/nicolasl/lammps_workdir/restart.rst.100,2016972,2040451
1709507623097,READ,/gpfs/aquamini2/nicolasl/lammps_workdir/restart.rst.100,2040452,2072939
1709507623098,READ,/gpfs/aquamini2/nicolasl/lammps_workdir/restart.rst.100,2072940,2093587
1709507623099,READ,/gpfs/aquamini2/nicolasl/lammps_workdir/restart.rst.100,2093588,2127731
1709507623100,READ,/gpfs/aquamini2/nicolasl/lammps_workdir/restart.rst.100,2127732,2149723
1709507623101,READ,/gpfs/aquamini2/nicolasl/lammps_workdir/restart.rst.100,2149724,2171115
1709507623102,READ,/gpfs/aquamini2/nicolasl/lammps_workdir/restart.rst.100,2171116,2203099
1709507623103,READ,/gpfs/aquamini2/nicolasl/lammps_workdir/restart.rst.100,2203100,2225299
1709507623104,READ,/gpfs/aquamini2/nicolasl/lammps_workdir/restart.rst.100,2225300,2245755
1709507623105,READ,/gpfs/aquamini2/nicolasl/lammps_workdir/restart.rst.100,2245756,2277667
1709507623106,READ,/gpfs/aquamini2/nicolasl/lammps_workdir/restart.rst.100,2277668,2299323
1709507623107,READ,/gpfs/aquamini2/nicolasl/lammps_workdir/restart.rst.100,2299324,2331371
1709507623108,READ,/gpfs/aquamini2/nicolasl/lammps_workdir/restart.rst.100,2331372,2351075
1709507623109,READ,/gpfs/aquamini2/nicolasl/lammps_workdir/restart.rst.100,2351076,2383803
1709507623110,READ,/gpfs/aquamini2/nicolasl/lammps_workdir/restart.rst.100,2383804,2404187
1709507623111,READ,/gpfs/aquamini2/nicolasl/lammps_workdir/restart.rst.100,2404188,2424971
1709507623112,READ,/gpfs/aquamini2/nicolasl/lammps_workdir/restart.rst.100,2424972,2448243
1709507623113,READ,/gpfs/aquamini2/nicolasl/lammps_workdir/restart.rst.100,2448244,2480979
1709507623114,READ,/gpfs/aquamini2/nicolasl/lammps_workdir/restart.rst.100,2480980,2502171
1709507623115,READ,/gpfs/aquamini2/nicolasl/lammps_workdir/restart.rst.100,2502172,2522955
1709507623116,READ,/gpfs/aquamini2/nicolasl/lammps_workdir/restart.rst.100,2522956,2558979
1709507623117,READ,/gpfs/aquamini2/nicolasl/lammps_workdir/restart.rst.100,2558980,2581587
1709507623118,READ,/gpfs/aquamini2/nicolasl/lammps_workdir/restart.rst.100,2581588,2602979
1709507623119,READ,/gpfs/aquamini2/nicolasl/lammps_workdir/restart.rst.100,2602980,2634155
1709507623120,READ,/gpfs/aquamini2/nicolasl/lammps_workdir/restart.rst.100,2634156,2655611
1709507623121,READ,/gpfs/aquamini2/nicolasl/lammps_workdir/restart.rst.100,2655612,2678627
1709507623122,READ,/gpfs/aquamini2/nicolasl/lammps_workdir/restart.rst.100,2678628,2701027
1709507623123,READ,/gpfs/aquamini2/nicolasl/lammps_workdir/restart.rst.100,2701028,2730323
1709507623124,READ,/gpfs/aquamini2/nicolasl/lammps_workdir/restart.rst.100,2730324,2741387
1709507623125,READ,/gpfs/aquamini2/nicolasl/lammps_workdir/restart.rst.100,2741388,2773035
1709507623126,READ,/gpfs/aquamini2/nicolasl/lammps_workdir/restart.rst.100,2773036,2796051
1709507623127,READ,/gpfs/aquamini2/nicolasl/lammps_workdir/restart.rst.100,2796052,2816491
1709507623128,READ,/gpfs/aquamini2/nicolasl/lammps_workdir/restart.rst.100,2816492,2851675
1709507623129,READ,/gpfs/aquamini2/nicolasl/lammps_workdir/restart.rst.100,2851676,2872459
1709507623130,READ,/gpfs/aquamini2/nicolasl/lammps_workdir/restart.rst.100,2872460,2893987
1709507623131,READ,/gpfs/aquamini2/nicolasl/lammps_workdir/restart.rst.100,2893988,2914787
1709507623132,READ,/gpfs/aquamini2/nicolasl/lammps_workdir/restart.rst.100,2914788,2947571
1709507623133,READ,/gpfs/aquamini2/nicolasl/lammps_workdir/restart.rst.100,2947572,2969827
1709507623134,READ,/gpfs/aquamini2/nicolasl/lammps_workdir/restart.rst.100,2969828,2991171
1709507623135,READ,/gpfs/aquamini2/nicolasl/lammps_workdir/restart.rst.100,2991172,3025587
1709507623136,READ,/gpfs/aquamini2/nicolasl/lammps_workdir/restart.rst.100,3025588,3060371
1709507623137,READ,/gpfs/aquamini2/nicolasl/lammps_workdir/restart.rst.100,3060372,3082491
1709507623138,READ,/gpfs/aquamini2/nicolasl/lammps_workdir/restart.rst.100,3082492,3094627
1709507623139,READ,/gpfs/aquamini2/nicolasl/lammps_workdir/restart.rst.100,3094628,3117539
1709507623140,READ,/gpfs/aquamini2/nicolasl/lammps_workdir/restart.rst.100,3117540,3162259
1709507623141,READ,/gpfs/aquamini2/nicolasl/lammps_workdir/restart.rst.100,3162260,3189771
1709507623142,READ,/gpfs/aquamini2/nicolasl/lammps_workdir/restart.rst.100,3189772,3210955
1709507623143,READ,/gpfs/aquamini2/nicolasl/lammps_workdir/restart.rst.100,3210956,3236827
1709507623144,READ,/gpfs/aquamini2/nicolasl/lammps_workdir/restart.rst.100,3236828,3282059
1709507623145,READ,/gpfs/aquamini2/nicolasl/lammps_workdir/restart.rst.100,3282060,3304059
1709507623146,READ,/gpfs/aquamini2/nicolasl/lammps_workdir/restart.rst.100,3304060,3325107
1709507623147,READ,/gpfs/aquamini2/nicolasl/lammps_workdir/restart.rst.100,3325108,3349211
1709507623148,READ,/gpfs/aquamini2/nicolasl/lammps_workdir/restart.rst.100,3349212,3392219
1709507623149,READ,/gpfs/aquamini2/nicolasl/lammps_workdir/restart.rst.100,3392220,3412395
1709507623150,READ,/gpfs/aquamini2/nicolasl/lammps_workdir/restart.rst.100,3412396,3444787
1709507623151,READ,/gpfs/aquamini2/nicolasl/lammps_workdir/restart.rst.100,3444788,3472251
1709507623152,READ,/gpfs/aquamini2/nicolasl/lammps_workdir/restart.rst.100,3472252,3494299
1709507623153,READ,/gpfs/aquamini2/nicolasl/lammps_workdir/restart.rst.100,3494300,3515691
1709507623154,READ,/gpfs/aquamini2/nicolasl/lammps_workdir/restart.rst.100,3515692,3536531
1709507623155,READ,/gpfs/aquamini2/nicolasl/lammps_workdir/restart.rst.100,3536532,3568451
1709507623156,READ,/gpfs/aquamini2/nicolasl/lammps_workdir/restart.rst.100,3568452,3590043
1709507623157,READ,/gpfs/aquamini2/nicolasl/lammps_workdir/restart.rst.100,3590044,3611571
1709507623158,READ,/gpfs/aquamini2/nicolasl/lammps_workdir/restart.rst.100,3611572,3634851
1709507623159,READ,/gpfs/aquamini2/nicolasl/lammps_workdir/restart.rst.100,3634852,3666843
1709507623160,READ,/gpfs/aquamini2/nicolasl/lammps_workdir/restart.rst.100,3666844,3688235
1709507623161,READ,/gpfs/aquamini2/nicolasl/lammps_workdir/restart.rst.100,3688236,3708875
1709507623162,READ,/gpfs/aquamini2/nicolasl/lammps_workdir/restart.rst.100,3708876,3730939
1709507623163,READ,/gpfs/aquamini2/nicolasl/lammps_workdir/restart.rst.100,3730940,3763195
1709507623164,READ,/gpfs/aquamini2/nicolasl/lammps_workdir/restart.rst.100,3763196,3784051
1709507623165,READ,/gpfs/aquamini2/nicolasl/lammps_workdir/restart.rst.100,3784052,3804307
1709507623166,READ,/gpfs/aquamini2/nicolasl/lammps_workdir/restart.rst.100,3804308,3835627
1709507623167,READ,/gpfs/aquamini2/nicolasl/lammps_workdir/restart.rst.100,3835628,3857491
1709507623168,READ,/gpfs/aquamini2/nicolasl/lammps_workdir/restart.rst.100,3857492,3879283
1709507623169,READ,/gpfs/aquamini2/nicolasl/lammps_workdir/restart.rst.100,3879284,3900475
1709507623170,READ,/gpfs/aquamini2/nicolasl/lammps_workdir/restart.rst.100,3900476,3933595
1709507623171,READ,/gpfs/aquamini2/nicolasl/lammps_workdir/restart.rst.100,3933596,3954979
1709507623172,READ,/gpfs/aquamini2/nicolasl/lammps_workdir/restart.rst.100,3954980,3977515
1709507623173,READ,/gpfs/aquamini2/nicolasl/lammps_workdir/restart.rst.100,3977516,4008283
1709507623174,READ,/gpfs/aquamini2/nicolasl/lammps_workdir/restart.rst.100,4008284,4027995
1709507623175,READ,/gpfs/aquamini2/nicolasl/lammps_workdir/restart.rst.100,4027996,4049459
1709507623176,READ,/gpfs/aquamini2/nicolasl/lammps_workdir/restart.rst.100,4049460,4069835
1709507623177,READ,/gpfs/aquamini2/nicolasl/lammps_workdir/restart.rst.100,4069836,4090083
1709507623178,READ,/gpfs/aquamini2/nicolasl/lammps_workdir/restart.rst.100,4090084,4113395
1709507623179,READ,/gpfs/aquamini2/nicolasl/lammps_workdir/restart.rst.100,4113396,4143091
1709507623180,READ,/gpfs/aquamini2/nicolasl/lammps_workdir/restart.rst.100,4143092,4164411
1709507623181,READ,/gpfs/aquamini2/nicolasl/lammps_workdir/restart.rst.100,4164412,4176259
1709507623207,READ,/gpfs/aquamini2/nicolasl/lammps_workdir/restart.rst.100,4176260,4214747
1709507623208,READ,/gpfs/aquamini2/nicolasl/lammps_workdir/restart.rst.100,4214748,4238771
1709507623209,READ,/gpfs/aquamini2/nicolasl/lammps_workdir/restart.rst.100,4238772,4272307
1709507623210,READ,/gpfs/aquamini2/nicolasl/lammps_workdir/restart.rst.100,4272308,4294387
1709507623211,READ,/gpfs/aquamini2/nicolasl/lammps_workdir/restart.rst.100,4294388,4339075
1709507623212,READ,/gpfs/aquamini2/nicolasl/lammps_workdir/restart.rst.100,4339076,4360531
1709507623213,READ,/gpfs/aquamini2/nicolasl/lammps_workdir/restart.rst.100,4360532,4375499
1709507623214,READ,/gpfs/aquamini2/nicolasl/lammps_workdir/restart.rst.100,4375500,4411923
1709507623215,READ,/gpfs/aquamini2/nicolasl/lammps_workdir/restart.rst.100,4411924,4437155
1709507623216,READ,/gpfs/aquamini2/nicolasl/lammps_workdir/restart.rst.100,4437156,4475995
1709507623217,READ,/gpfs/aquamini2/nicolasl/lammps_workdir/restart.rst.100,4475996,4497251
1709507623218,READ,/gpfs/aquamini2/nicolasl/lammps_workdir/restart.rst.100,4497252,4523251
1709507623219,READ,/gpfs/aquamini2/nicolasl/lammps_workdir/restart.rst.100,4523252,4565115
1709507623220,READ,/gpfs/aquamini2/nicolasl/lammps_workdir/restart.rst.100,4565116,4585123
1709507623221,READ,/gpfs/aquamini2/nicolasl/lammps_workdir/restart.rst.100,4585124,4626347
1709507623222,READ,/gpfs/aquamini2/nicolasl/lammps_workdir/restart.rst.100,4626348,4647259
1709507623223,READ,/gpfs/aquamini2/nicolasl/lammps_workdir/restart.rst.100,4647260,4688555
1709507623224,READ,/gpfs/aquamini2/nicolasl/lammps_workdir/restart.rst.100,4688556,4715827
1709507623225,READ,/gpfs/aquamini2/nicolasl/lammps_workdir/restart.rst.100,4715828,4751651
1709507623226,READ,/gpfs/aquamini2/nicolasl/lammps_workdir/restart.rst.100,4751652,4772315
1709507623227,READ,/gpfs/aquamini2/nicolasl/lammps_workdir/restart.rst.100,4772316,4795499
1709507623228,READ,/gpfs/aquamini2/nicolasl/lammps_workdir/restart.rst.100,4795500,4842843
1709507623229,READ,/gpfs/aquamini2/nicolasl/lammps_workdir/restart.rst.100,4842844,4867075
1709507623230,READ,/gpfs/aquamini2/nicolasl/lammps_workdir/restart.rst.100,4867076,4899595
1709507623231,READ,/gpfs/aquamini2/nicolasl/lammps_workdir/restart.rst.100,4899596,4917459
1709507623232,READ,/gpfs/aquamini2/nicolasl/lammps_workdir/restart.rst.100,4917460,4948147
1709507623233,READ,/gpfs/aquamini2/nicolasl/lammps_workdir/restart.rst.100,4948148,4968595
1709507623234,READ,/gpfs/aquamini2/nicolasl/lammps_workdir/restart.rst.100,4968596,4990723
1709507623235,READ,/gpfs/aquamini2/nicolasl/lammps_workdir/restart.rst.100,4990724,5012643
1709507623236,READ,/gpfs/aquamini2/nicolasl/lammps_workdir/restart.rst.100,5012644,5045363
1709507623237,READ,/gpfs/aquamini2/nicolasl/lammps_workdir/restart.rst.100,5045364,5067971
1709507623238,READ,/gpfs/aquamini2/nicolasl/lammps_workdir/restart.rst.100,5067972,5099291
1709507623239,READ,/gpfs/aquamini2/nicolasl/lammps_workdir/restart.rst.100,5099292,5121491
1709507623240,READ,/gpfs/aquamini2/nicolasl/lammps_workdir/restart.rst.100,5121492,5140795
1709507623241,READ,/gpfs/aquamini2/nicolasl/lammps_workdir/restart.rst.100,5140796,5162051
1709507623242,READ,/gpfs/aquamini2/nicolasl/lammps_workdir/restart.rst.100,5162052,5191411
1709507623243,READ,/gpfs/aquamini2/nicolasl/lammps_workdir/restart.rst.100,5191412,5213051
1709507623244,READ,/gpfs/aquamini2/nicolasl/lammps_workdir/restart.rst.100,5213052,5232963
1709507623245,READ,/gpfs/aquamini2/nicolasl/lammps_workdir/restart.rst.100,5232964,5264739
1709507623246,READ,/gpfs/aquamini2/nicolasl/lammps_workdir/restart.rst.100,5264740,5285179
1709507623247,READ,/gpfs/aquamini2/nicolasl/lammps_workdir/restart.rst.100,5285180,5306499
1709507623248,READ,/gpfs/aquamini2/nicolasl/lammps_workdir/restart.rst.100,5306500,5338699
1709507623249,READ,/gpfs/aquamini2/nicolasl/lammps_workdir/restart.rst.100,5338700,5361979
1709507623250,READ,/gpfs/aquamini2/nicolasl/lammps_workdir/restart.rst.100,5361980,5392883
1709507623251,READ,/gpfs/aquamini2/nicolasl/lammps_workdir/restart.rst.100,5392884,5412315
1709507623252,READ,/gpfs/aquamini2/nicolasl/lammps_workdir/restart.rst.100,5412316,5432771
1709507623253,READ,/gpfs/aquamini2/nicolasl/lammps_workdir/restart.rst.100,5432772,5454435
1709507623254,READ,/gpfs/aquamini2/nicolasl/lammps_workdir/restart.rst.100,5454436,5487899
1709507623255,READ,/gpfs/aquamini2/nicolasl/lammps_workdir/restart.rst.100,5487900,5510427
1709507623256,READ,/gpfs/aquamini2/nicolasl/lammps_workdir/restart.rst.100,5510428,5532691
1709507623257,READ,/gpfs/aquamini2/nicolasl/lammps_workdir/restart.rst.100,5532692,5553067
1709507623258,READ,/gpfs/aquamini2/nicolasl/lammps_workdir/restart.rst.100,5553068,5587067
1709507623259,READ,/gpfs/aquamini2/nicolasl/lammps_workdir/restart.rst.100,5587068,5609803
1709507623260,READ,/gpfs/aquamini2/nicolasl/lammps_workdir/restart.rst.100,5609804,5631867
1709507623261,READ,/gpfs/aquamini2/nicolasl/lammps_workdir/restart.rst.100,5631868,5665291
1709507623262,READ,/gpfs/aquamini2/nicolasl/lammps_workdir/restart.rst.100,5665292,5690731
1709507623263,READ,/gpfs/aquamini2/nicolasl/lammps_workdir/restart.rst.100,5690732,5721523
1709507623264,READ,/gpfs/aquamini2/nicolasl/lammps_workdir/restart.rst.100,5721524,5737011
1709507623265,READ,/gpfs/aquamini2/nicolasl/lammps_workdir/restart.rst.100,5737012,5778107
1709507623266,READ,/gpfs/aquamini2/nicolasl/lammps_workdir/restart.rst.100,5778108,5799923
1709507623267,READ,/gpfs/aquamini2/nicolasl/lammps_workdir/restart.rst.100,5799924,5823907
1709507623268,READ,/gpfs/aquamini2/nicolasl/lammps_workdir/restart.rst.100,5823908,5864115
1709507623269,READ,/gpfs/aquamini2/nicolasl/lammps_workdir/restart.rst.100,5864116,5882043
1709507623270,READ,/gpfs/aquamini2/nicolasl/lammps_workdir/restart.rst.100,5882044,5909723
1709507623271,READ,/gpfs/aquamini2/nicolasl/lammps_workdir/restart.rst.100,5909724,5937115
1709507623272,READ,/gpfs/aquamini2/nicolasl/lammps_workdir/restart.rst.100,5937116,5961323
1709507623273,READ,/gpfs/aquamini2/nicolasl/lammps_workdir/restart.rst.100,5961324,5985163
1709507623274,READ,/gpfs/aquamini2/nicolasl/lammps_workdir/restart.rst.100,5985164,6032491
1709507623275,READ,/gpfs/aquamini2/nicolasl/lammps_workdir/restart.rst.100,6032492,6065275
1709507623276,READ,/gpfs/aquamini2/nicolasl/lammps_workdir/restart.rst.100,6065276,6086875
1709507623277,READ,/gpfs/aquamini2/nicolasl/lammps_workdir/restart.rst.100,6086876,6126715
1709507623278,READ,/gpfs/aquamini2/nicolasl/lammps_workdir/restart.rst.100,6126716,6148731
1709507623279,READ,/gpfs/aquamini2/nicolasl/lammps_workdir/restart.rst.100,6148732,6177467
1709507623280,READ,/gpfs/aquamini2/nicolasl/lammps_workdir/restart.rst.100,6177468,6211667
1709507623281,READ,/gpfs/aquamini2/nicolasl/lammps_workdir/restart.rst.100,6211668,6235515
1709507623282,READ,/gpfs/aquamini2/nicolasl/lammps_workdir/restart.rst.100,6235516,6266003
1709507623283,READ,/gpfs/aquamini2/nicolasl/lammps_workdir/restart.rst.100,6266004,6287195
1709507623284,READ,/gpfs/aquamini2/nicolasl/lammps_workdir/restart.rst.100,6287196,6307643
1709507623285,READ,/gpfs/aquamini2/nicolasl/lammps_workdir/restart.rst.100,6307644,6328891
1709507623286,READ,/gpfs/aquamini2/nicolasl/lammps_workdir/restart.rst.100,6328892,6356195
1709507623287,READ,/gpfs/aquamini2/nicolasl/lammps_workdir/restart.rst.100,6356196,6378131
1709507623288,READ,/gpfs/aquamini2/nicolasl/lammps_workdir/restart.rst.100,6378132,6401547
1709507623289,READ,/gpfs/aquamini2/nicolasl/lammps_workdir/restart.rst.100,6401548,6435411
1709507623290,READ,/gpfs/aquamini2/nicolasl/lammps_workdir/restart.rst.100,6435412,6457003
1709507623291,READ,/gpfs/aquamini2/nicolasl/lammps_workdir/restart.rst.100,6457004,6477715
1709507623292,READ,/gpfs/aquamini2/nicolasl/lammps_workdir/restart.rst.100,6477716,6507811
1709507623293,READ,/gpfs/aquamini2/nicolasl/lammps_workdir/restart.rst.100,6507812,6528467
1709507623294,READ,/gpfs/aquamini2/nicolasl/lammps_workdir/restart.rst.100,6528468,6549795
1709507623295,READ,/gpfs/aquamini2/nicolasl/lammps_workdir/restart.rst.100,6549796,6572931
1709507623296,READ,/gpfs/aquamini2/nicolasl/lammps_workdir/restart.rst.100,6572932,6602699
1709507623297,READ,/gpfs/aquamini2/nicolasl/lammps_workdir/restart.rst.100,6602700,6624763
1709507623298,READ,/gpfs/aquamini2/nicolasl/lammps_workdir/restart.rst.100,6624764,6646627
1709507623299,READ,/gpfs/aquamini2/nicolasl/lammps_workdir/restart.rst.100,6646628,6668083
1709507623300,READ,/gpfs/aquamini2/nicolasl/lammps_workdir/restart.rst.100,6668084,6691499
1709507623301,READ,/gpfs/aquamini2/nicolasl/lammps_workdir/restart.rst.100,6691500,6723139
1709507623302,READ,/gpfs/aquamini2/nicolasl/lammps_workdir/restart.rst.100,6723140,6744803
1709507623303,READ,/gpfs/aquamini2/nicolasl/lammps_workdir/restart.rst.100,6744804,6774963
1709507623304,READ,/gpfs/aquamini2/nicolasl/lammps_workdir/restart.rst.100,6774964,6796619
1709507623305,READ,/gpfs/aquamini2/nicolasl/lammps_workdir/restart.rst.100,6796620,6819699
1709507623306,READ,/gpfs/aquamini2/nicolasl/lammps_workdir/restart.rst.100,6819700,6851691
1709507623307,READ,/gpfs/aquamini2/nicolasl/lammps_workdir/restart.rst.100,6851692,6868771
1709507623308,READ,/gpfs/aquamini2/nicolasl/lammps_workdir/restart.rst.100,6868772,6891379
1709507623309,READ,/gpfs/aquamini2/nicolasl/lammps_workdir/restart.rst.100,6891380,6924107
1709507623310,READ,/gpfs/aquamini2/nicolasl/lammps_workdir/restart.rst.100,6924108,6946235
1709507623311,READ,/gpfs/aquamini2/nicolasl/lammps_workdir/restart.rst.100,6946236,6968107
1709507623312,READ,/gpfs/aquamini2/nicolasl/lammps_workdir/restart.rst.100,6968108,6987683
1709507623313,READ,/gpfs/aquamini2/nicolasl/lammps_workdir/restart.rst.100,6987684,7009403
1709507623314,READ,/gpfs/aquamini2/nicolasl/lammps_workdir/restart.rst.100,7009404,7040587
1709507623315,READ,/gpfs/aquamini2/nicolasl/lammps_workdir/restart.rst.100,7040588,7063387
1709507623316,READ,/gpfs/aquamini2/nicolasl/lammps_workdir/restart.rst.100,7063388,7085387
1709507623317,READ,/gpfs/aquamini2/nicolasl/lammps_workdir/restart.rst.100,7085388,7119731
1709507623318,READ,/gpfs/aquamini2/nicolasl/lammps_workdir/restart.rst.100,7119732,7143363
1709507623319,READ,/gpfs/aquamini2/nicolasl/lammps_workdir/restart.rst.100,7143364,7164555
1709507623320,READ,/gpfs/aquamini2/nicolasl/lammps_workdir/restart.rst.100,7164556,7184867
1709507623321,READ,/gpfs/aquamini2/nicolasl/lammps_workdir/restart.rst.100,7184868,7206587
1709507623322,READ,/gpfs/aquamini2/nicolasl/lammps_workdir/restart.rst.100,7206588,7243155
1709507623323,READ,/gpfs/aquamini2/nicolasl/lammps_workdir/restart.rst.100,7243156,7265683
1709507623324,READ,/gpfs/aquamini2/nicolasl/lammps_workdir/restart.rst.100,7265684,7290171
1709507623325,READ,/gpfs/aquamini2/nicolasl/lammps_workdir/restart.rst.100,7290172,7325635
1709507623326,READ,/gpfs/aquamini2/nicolasl/lammps_workdir/restart.rst.100,7325636,7347091
1709507623327,READ,/gpfs/aquamini2/nicolasl/lammps_workdir/restart.rst.100,7347092,7368755
1709507623328,READ,/gpfs/aquamini2/nicolasl/lammps_workdir/restart.rst.100,7368756,7397771
1709507623329,READ,/gpfs/aquamini2/nicolasl/lammps_workdir/restart.rst.100,7397772,7421251
1709507623330,READ,/gpfs/aquamini2/nicolasl/lammps_workdir/restart.rst.100,7421252,7444259
1709507623331,READ,/gpfs/aquamini2/nicolasl/lammps_workdir/restart.rst.100,7444260,7475163
1709507623332,READ,/gpfs/aquamini2/nicolasl/lammps_workdir/restart.rst.100,7475164,7499715
1709507623333,READ,/gpfs/aquamini2/nicolasl/lammps_workdir/restart.rst.100,7499716,7520699
1709507623334,READ,/gpfs/aquamini2/nicolasl/lammps_workdir/restart.rst.100,7520700,7542907
1709507623335,READ,/gpfs/aquamini2/nicolasl/lammps_workdir/restart.rst.100,7542908,7564635
1709507623336,READ,/gpfs/aquamini2/nicolasl/lammps_workdir/restart.rst.100,7564636,7585763
1709507623337,READ,/gpfs/aquamini2/nicolasl/lammps_workdir/restart.rst.100,7585764,7607819
1709507623338,READ,/gpfs/aquamini2/nicolasl/lammps_workdir/restart.rst.100,7607820,7627323
1709507623339,READ,/gpfs/aquamini2/nicolasl/lammps_workdir/restart.rst.100,7627324,7658307
1709507623340,READ,/gpfs/aquamini2/nicolasl/lammps_workdir/restart.rst.100,7658308,7681723
1709507623341,READ,/gpfs/aquamini2/nicolasl/lammps_workdir/restart.rst.100,7681724,7703387
1709507623342,READ,/gpfs/aquamini2/nicolasl/lammps_workdir/restart.rst.100,7703388,7722619
1709507623343,READ,/gpfs/aquamini2/nicolasl/lammps_workdir/restart.rst.100,7722620,7745755
1709507623344,READ,/gpfs/aquamini2/nicolasl/lammps_workdir/restart.rst.100,7745756,7775443
1709507623345,READ,/gpfs/aquamini2/nicolasl/lammps_workdir/restart.rst.100,7775444,7797779
1709507623346,READ,/gpfs/aquamini2/nicolasl/lammps_workdir/restart.rst.100,7797780,7830707
1709507623347,READ,/gpfs/aquamini2/nicolasl/lammps_workdir/restart.rst.100,7830708,7851971
1709507623348,READ,/gpfs/aquamini2/nicolasl/lammps_workdir/restart.rst.100,7851972,7872347
1709507623349,READ,/gpfs/aquamini2/nicolasl/lammps_workdir/restart.rst.100,7872348,7905683
1709507623350,READ,/gpfs/aquamini2/nicolasl/lammps_workdir/restart.rst.100,7905684,7925859
1709507623351,READ,/gpfs/aquamini2/nicolasl/lammps_workdir/restart.rst.100,7925860,7957227
1709507623352,READ,/gpfs/aquamini2/nicolasl/lammps_workdir/restart.rst.100,7957228,7976531
1709507623353,READ,/gpfs/aquamini2/nicolasl/lammps_workdir/restart.rst.100,7976532,8007843
1709507623354,READ,/gpfs/aquamini2/nicolasl/lammps_workdir/restart.rst.100,8007844,8028227
1709507623355,READ,/gpfs/aquamini2/nicolasl/lammps_workdir/restart.rst.100,8028228,8049555
1709507623356,READ,/gpfs/aquamini2/nicolasl/lammps_workdir/restart.rst.100,8049556,8071219
1709507623357,READ,/gpfs/aquamini2/nicolasl/lammps_workdir/restart.rst.100,8071220,8092075
1709507623358,READ,/gpfs/aquamini2/nicolasl/lammps_workdir/restart.rst.100,8092076,8123507
1709507623359,READ,/gpfs/aquamini2/nicolasl/lammps_workdir/restart.rst.100,8123508,8145107
1709507623360,READ,/gpfs/aquamini2/nicolasl/lammps_workdir/restart.rst.100,8145108,8166699
1709507623361,READ,/gpfs/aquamini2/nicolasl/lammps_workdir/restart.rst.100,8166700,8188763
1709507623362,READ,/gpfs/aquamini2/nicolasl/lammps_workdir/restart.rst.100,8188764,8218395
1709507623363,READ,/gpfs/aquamini2/nicolasl/lammps_workdir/restart.rst.100,8218396,8239379
1709507623364,READ,/gpfs/aquamini2/nicolasl/lammps_workdir/restart.rst.100,8239380,8270755
1709507623365,READ,/gpfs/aquamini2/nicolasl/lammps_workdir/restart.rst.100,8270756,8292883
1709507623366,READ,/gpfs/aquamini2/nicolasl/lammps_workdir/restart.rst.100,8292884,8314947
1709507623367,READ,/gpfs/aquamini2/nicolasl/lammps_workdir/restart.rst.100,8314948,8337147
1709507623368,READ,/gpfs/aquamini2/nicolasl/lammps_workdir/restart.rst.100,8337148,8371619
1709507623369,READ,/gpfs/aquamini2/nicolasl/lammps_workdir/restart.rst.100,8371620,8382211
1709507623370,READ,/gpfs/aquamini2/nicolasl/lammps_workdir/restart.rst.100,8382212,8417299
1709507623371,READ,/gpfs/aquamini2/nicolasl/lammps_workdir/restart.rst.100,8417300,8439363
1709507623372,READ,/gpfs/aquamini2/nicolasl/lammps_workdir/restart.rst.100,8439364,8461363
1709507623373,READ,/gpfs/aquamini2/nicolasl/lammps_workdir/restart.rst.100,8461364,8482155
1709507623374,READ,/gpfs/aquamini2/nicolasl/lammps_workdir/restart.rst.100,8482156,8503011
1709507623375,READ,/gpfs/aquamini2/nicolasl/lammps_workdir/restart.rst.100,8503012,8532771
1709507623376,READ,/gpfs/aquamini2/nicolasl/lammps_workdir/restart.rst.100,8532772,8552611
1709507623377,READ,/gpfs/aquamini2/nicolasl/lammps_workdir/restart.rst.100,8552612,8584131
1709507623378,READ,/gpfs/aquamini2/nicolasl/lammps_workdir/restart.rst.100,8584132,8604979
1709507623379,READ,/gpfs/aquamini2/nicolasl/lammps_workdir/restart.rst.100,8604980,8627315
1709507623380,READ,/gpfs/aquamini2/nicolasl/lammps_workdir/restart.rst.100,8627316,8658283
1709507623381,READ,/gpfs/aquamini2/nicolasl/lammps_workdir/restart.rst.100,8658284,8680419
1709507623382,READ,/gpfs/aquamini2/nicolasl/lammps_workdir/restart.rst.100,8680420,8700875
1709507623383,READ,/gpfs/aquamini2/nicolasl/lammps_workdir/restart.rst.100,8700876,8721659
1709507623384,READ,/gpfs/aquamini2/nicolasl/lammps_workdir/restart.rst.100,8721660,8745003
1709507623385,READ,/gpfs/aquamini2/nicolasl/lammps_workdir/restart.rst.100,8745004,8779083
1709507623386,READ,/gpfs/aquamini2/nicolasl/lammps_workdir/restart.rst.100,8779084,8800203
1709507623387,READ,/gpfs/aquamini2/nicolasl/lammps_workdir/restart.rst.100,8800204,8821659
1709507623388,READ,/gpfs/aquamini2/nicolasl/lammps_workdir/restart.rst.100,8821660,8856267
1709507623389,READ,/gpfs/aquamini2/nicolasl/lammps_workdir/restart.rst.100,8856268,8876971
1709507623390,READ,/gpfs/aquamini2/nicolasl/lammps_workdir/restart.rst.100,8876972,8898627
1709507623391,READ,/gpfs/aquamini2/nicolasl/lammps_workdir/restart.rst.100,8898628,8930483
1709507623392,READ,/gpfs/aquamini2/nicolasl/lammps_workdir/restart.rst.100,8930484,8952347
1709507623393,READ,/gpfs/aquamini2/nicolasl/lammps_workdir/restart.rst.100,8952348,8973275
1709507623394,READ,/gpfs/aquamini2/nicolasl/lammps_workdir/restart.rst.100,8973276,9003371
1709507623395,READ,/gpfs/aquamini2/nicolasl/lammps_workdir/restart.rst.100,9003372,9024699
1709507623396,READ,/gpfs/aquamini2/nicolasl/lammps_workdir/restart.rst.100,9024700,9046619
1709507623397,READ,/gpfs/aquamini2/nicolasl/lammps_workdir/restart.rst.100,9046620,9080419
1709507623398,READ,/gpfs/aquamini2/nicolasl/lammps_workdir/restart.rst.100,9080420,9099995
1709507623399,READ,/gpfs/aquamini2/nicolasl/lammps_workdir/restart.rst.100,9099996,9125227
1709507623400,READ,/gpfs/aquamini2/nicolasl/lammps_workdir/restart.rst.100,9125228,9148779
1709507623401,READ,/gpfs/aquamini2/nicolasl/lammps_workdir/restart.rst.100,9148780,9178331
1709507623402,READ,/gpfs/aquamini2/nicolasl/lammps_workdir/restart.rst.100,9178332,9199867
1709507623403,READ,/gpfs/aquamini2/nicolasl/lammps_workdir/restart.rst.100,9199868,9221787
1709507623404,READ,/gpfs/aquamini2/nicolasl/lammps_workdir/restart.rst.100,9221788,9242043
1709507623405,READ,/gpfs/aquamini2/nicolasl/lammps_workdir/restart.rst.100,9242044,9275435
1709507623406,READ,/gpfs/aquamini2/nicolasl/lammps_workdir/restart.rst.100,9275436,9298987
1709507623407,READ,/gpfs/aquamini2/nicolasl/lammps_workdir/restart.rst.100,9298988,9329827
1709507623408,READ,/gpfs/aquamini2/nicolasl/lammps_workdir/restart.rst.100,9329828,9350619
1709507623409,READ,/gpfs/aquamini2/nicolasl/lammps_workdir/restart.rst.100,9350620,9362083
1709507623410,READ,/gpfs/aquamini2/nicolasl/lammps_workdir/restart.rst.100,9362084,9393875
1709507623411,READ,/gpfs/aquamini2/nicolasl/lammps_workdir/restart.rst.100,9393876,9416139
1709507623412,READ,/gpfs/aquamini2/nicolasl/lammps_workdir/restart.rst.100,9416140,9437043
1709507623413,READ,/gpfs/aquamini2/nicolasl/lammps_workdir/restart.rst.100,9437044,9470051
1709507623414,READ,/gpfs/aquamini2/nicolasl/lammps_workdir/restart.rst.100,9470052,9489699
1709507623415,READ,/gpfs/aquamini2/nicolasl/lammps_workdir/restart.rst.100,9489700,9520883
1709507623416,READ,/gpfs/aquamini2/nicolasl/lammps_workdir/restart.rst.100,9520884,9541939
1709507623417,READ,/gpfs/aquamini2/nicolasl/lammps_workdir/restart.rst.100,9541940,9564467
1709507623418,READ,/gpfs/aquamini2/nicolasl/lammps_workdir/restart.rst.100,9564468,9594435
1709507623419,READ,/gpfs/aquamini2/nicolasl/lammps_workdir/restart.rst.100,9594436,9616643
1709507623420,READ,/gpfs/aquamini2/nicolasl/lammps_workdir/restart.rst.100,9616644,9639051
1709507623421,READ,/gpfs/aquamini2/nicolasl/lammps_workdir/restart.rst.100,9639052,9670227
1709507623422,READ,/gpfs/aquamini2/nicolasl/lammps_workdir/restart.rst.100,9670228,9691883
1709507623423,READ,/gpfs/aquamini2/nicolasl/lammps_workdir/restart.rst.100,9691884,9724667
1709507623424,READ,/gpfs/aquamini2/nicolasl/lammps_workdir/restart.rst.100,9724668,9747267
1709507623425,READ,/gpfs/aquamini2/nicolasl/lammps_workdir/restart.rst.100,9747268,9767523
1709507623426,READ,/gpfs/aquamini2/nicolasl/lammps_workdir/restart.rst.100,9767524,9800387
1709507623427,READ,/gpfs/aquamini2/nicolasl/lammps_workdir/restart.rst.100,9800388,9822731
1709507623428,READ,/gpfs/aquamini2/nicolasl/lammps_workdir/restart.rst.100,9822732,9843451
1709507623429,READ,/gpfs/aquamini2/nicolasl/lammps_workdir/restart.rst.100,9843452,9862539
1709507623430,READ,/gpfs/aquamini2/nicolasl/lammps_workdir/restart.rst.100,9862540,9882307
1709507623431,READ,/gpfs/aquamini2/nicolasl/lammps_workdir/restart.rst.100,9882308,9913611
1709507623432,READ,/gpfs/aquamini2/nicolasl/lammps_workdir/restart.rst.100,9913612,9934723
1709507623433,READ,/gpfs/aquamini2/nicolasl/lammps_workdir/restart.rst.100,9934724,9958147
1709507623434,READ,/gpfs/aquamini2/nicolasl/lammps_workdir/restart.rst.100,9958148,9989875
1709507623435,READ,/gpfs/aquamini2/nicolasl/lammps_workdir/restart.rst.100,9989876,10012539
1709507623436,READ,/gpfs/aquamini2/nicolasl/lammps_workdir/restart.rst.100,10012540,10022867
1709507623437,READ,/gpfs/aquamini2/nicolasl/lammps_workdir/restart.rst.100,10022868,10053099
1709507623438,READ,/gpfs/aquamini2/nicolasl/lammps_workdir/restart.rst.100,10053100,10085771
1709507623439,READ,/gpfs/aquamini2/nicolasl/lammps_workdir/restart.rst.100,10085772,10106619
1709507623440,READ,/gpfs/aquamini2/nicolasl/lammps_workdir/restart.rst.100,10106620,10127475
1709507623441,READ,/gpfs/aquamini2/nicolasl/lammps_workdir/restart.rst.100,10127476,10148595
1709507623442,READ,/gpfs/aquamini2/nicolasl/lammps_workdir/restart.rst.100,10148596,10171331
1709507623443,READ,/gpfs/aquamini2/nicolasl/lammps_workdir/restart.rst.100,10171332,10200627
1709507623444,READ,/gpfs/aquamini2/nicolasl/lammps_workdir/restart.rst.100,10200628,10221547
1709507623445,READ,/gpfs/aquamini2/nicolasl/lammps_workdir/restart.rst.100,10221548,10242731
1709507623446,READ,/gpfs/aquamini2/nicolasl/lammps_workdir/restart.rst.100,10242732,10253739
1709507623454,READ,log.lammps,3635,4055
1709507623494,READ,log.lammps,4056,5348
1709507623502,READ,log.lammps,5349,5373
1709508526661,READ,/gpfs/aquamini2/nicolasl/lammps_workdir/benchmark.data,0,8191
1709508526709,READ,/gpfs/aquamini2/nicolasl/lammps_workdir/benchmark.data,8192,16383
1709508526710,READ,/gpfs/aquamini2/nicolasl/lammps_workdir/benchmark.data,16384,49151
1709508526711,READ,/gpfs/aquamini2/nicolasl/lammps_workdir/benchmark.data,49152,131071
1709508526728,READ,/gpfs/aquamini2/nicolasl/lammps_workdir/benchmark.data,131072,155647
1709508526743,READ,/gpfs/aquamini2/nicolasl/lammps_workdir/benchmark.data,155648,212991
1709508526744,READ,/gpfs/aquamini2/nicolasl/lammps_workdir/benchmark.data,212992,245759
1709508526750,READ,/gpfs/aquamini2/nicolasl/lammps_workdir/benchmark.data,245760,253951
1709508526751,READ,/gpfs/aquamini2/nicolasl/lammps_workdir/benchmark.data,253952,360447
1709508526754,READ,/gpfs/aquamini2/nicolasl/lammps_workdir/benchmark.data,360448,368639
1709508526761,READ,/gpfs/aquamini2/nicolasl/lammps_workdir/benchmark.data,368640,442367
1709508526762,READ,/gpfs/aquamini2/nicolasl/lammps_workdir/benchmark.data,442368,483327
1709508526769,READ,/gpfs/aquamini2/nicolasl/lammps_workdir/benchmark.data,483328,565247
1709508526770,READ,/gpfs/aquamini2/nicolasl/lammps_workdir/benchmark.data,565248,598015
1709508526776,READ,/gpfs/aquamini2/nicolasl/lammps_workdir/benchmark.data,598016,606207
1709508526777,READ,/gpfs/aquamini2/nicolasl/lammps_workdir/benchmark.data,606208,712703
1709508526784,READ,/gpfs/aquamini2/nicolasl/lammps_workdir/benchmark.data,712704,770047
1709508526785,READ,/gpfs/aquamini2/nicolasl/lammps_workdir/benchmark.data,770048,835583
1709508526792,READ,/gpfs/aquamini2/nicolasl/lammps_workdir/benchmark.data,835584,925695
1709508526793,READ,/gpfs/aquamini2/nicolasl/lammps_workdir/benchmark.data,925696,950271
1709508526799,READ,/gpfs/aquamini2/nicolasl/lammps_workdir/benchmark.data,950272,983039
1709508526800,READ,/gpfs/aquamini2/nicolasl/lammps_workdir/benchmark.data,983040,1064959
1709508526807,READ,/gpfs/aquamini2/nicolasl/lammps_workdir/benchmark.data,1064960,1130495
1709508526808,READ,/gpfs/aquamini2/nicolasl/lammps_workdir/benchmark.data,1130496,1187839
1709508526815,READ,/gpfs/aquamini2/nicolasl/lammps_workdir/benchmark.data,1187840,1269759
1709508526816,READ,/gpfs/aquamini2/nicolasl/lammps_workdir/benchmark.data,1269760,1302527
1709508526822,READ,/gpfs/aquamini2/nicolasl/lammps_workdir/benchmark.data,1302528,1310719
1709508526823,READ,/gpfs/aquamini2/nicolasl/lammps_workdir/benchmark.data,1310720,1417215
1709508526830,READ,/gpfs/aquamini2/nicolasl/lammps_workdir/benchmark.data,1417216,1441791
1709508526831,READ,/gpfs/aquamini2/nicolasl/lammps_workdir/benchmark.data,1441792,1531903
1709508526838,READ,/gpfs/aquamini2/nicolasl/lammps_workdir/benchmark.data,1531904,1630207
1709508526839,READ,/gpfs/aquamini2/nicolasl/lammps_workdir/benchmark.data,1630208,1646591
1709508526846,READ,/gpfs/aquamini2/nicolasl/lammps_workdir/benchmark.data,1646592,1744895
1709508526847,READ,/gpfs/aquamini2/nicolasl/lammps_workdir/benchmark.data,1744896,1769471
1709508526854,READ,/gpfs/aquamini2/nicolasl/lammps_workdir/benchmark.data,1769472,1818623
1709508526855,READ,/gpfs/aquamini2/nicolasl/lammps_workdir/benchmark.data,1818624,1884159
1709508526862,READ,/gpfs/aquamini2/nicolasl/lammps_workdir/benchmark.data,1884160,1957887
1709508526863,READ,/gpfs/aquamini2/nicolasl/lammps_workdir/benchmark.data,1957888,1998847
1709508526870,READ,/gpfs/aquamini2/nicolasl/lammps_workdir/benchmark.data,1998848,2080767
1709508526871,READ,/gpfs/aquamini2/nicolasl/lammps_workdir/benchmark.data,2080768,2121727
1709508526877,READ,/gpfs/aquamini2/nicolasl/lammps_workdir/benchmark.data,2121728,2138111
1709508526878,READ,/gpfs/aquamini2/nicolasl/lammps_workdir/benchmark.data,2138112,2236415
1709508526885,READ,/gpfs/aquamini2/nicolasl/lammps_workdir/benchmark.data,2236416,2301951
1709508526886,READ,/gpfs/aquamini2/nicolasl/lammps_workdir/benchmark.data,2301952,2351103
1709508526892,READ,/gpfs/aquamini2/nicolasl/lammps_workdir/benchmark.data,2351104,2359295
1709508526893,READ,/gpfs/aquamini2/nicolasl/lammps_workdir/benchmark.data,2359296,2465791
1709508526900,READ,/gpfs/aquamini2/nicolasl/lammps_workdir/benchmark.data,2465792,2514943
1709508526901,READ,/gpfs/aquamini2/nicolasl/lammps_workdir/benchmark.data,2514944,2580479
1709508526908,READ,/gpfs/aquamini2/nicolasl/lammps_workdir/benchmark.data,2580480,2662399
1709508526909,READ,/gpfs/aquamini2/nicolasl/lammps_workdir/benchmark.data,2662400,2703359
1709508526915,READ,/gpfs/aquamini2/nicolasl/lammps_workdir/benchmark.data,2703360,2711551
1709508526916,READ,/gpfs/aquamini2/nicolasl/lammps_workdir/benchmark.data,2711552,2818047
1709508526926,READ,/gpfs/aquamini2/nicolasl/lammps_workdir/benchmark.data,2818048,2867199
1709508526927,READ,/gpfs/aquamini2/nicolasl/lammps_workdir/benchmark.data,2867200,2932735
1709508526940,READ,/gpfs/aquamini2/nicolasl/lammps_workdir/benchmark.data,2932736,3022847
1709508526941,READ,/gpfs/aquamini2/nicolasl/lammps_workdir/benchmark.data,3022848,3047423
1709508526947,READ,/gpfs/aquamini2/nicolasl/lammps_workdir/benchmark.data,3047424,3055615
1709508526948,READ,/gpfs/aquamini2/nicolasl/lammps_workdir/benchmark.data,3055616,3162111
1709508526955,READ,/gpfs/aquamini2/nicolasl/lammps_workdir/benchmark.data,3162112,3235839
1709508526956,READ,/gpfs/aquamini2/nicolasl/lammps_workdir/benchmark.data,3235840,3276799
1709508526962,READ,/gpfs/aquamini2/nicolasl/lammps_workdir/benchmark.data,3276800,3301375
1709508526963,READ,/gpfs/aquamini2/nicolasl/lammps_workdir/benchmark.data,3301376,3399679
1709508526970,READ,/gpfs/aquamini2/nicolasl/lammps_workdir/benchmark.data,3399680,3432447
1709508526971,READ,/gpfs/aquamini2/nicolasl/lammps_workdir/benchmark.data,3432448,3514367
1709508526978,READ,/gpfs/aquamini2/nicolasl/lammps_workdir/benchmark.data,3514368,3538943
1709508526979,READ,/gpfs/aquamini2/nicolasl/lammps_workdir/benchmark.data,3538944,3629055
1709508526986,READ,/gpfs/aquamini2/nicolasl/lammps_workdir/benchmark.data,3629056,3645439
1709508526987,READ,/gpfs/aquamini2/nicolasl/lammps_workdir/benchmark.data,3645440,3743743
1709508526994,READ,/gpfs/aquamini2/nicolasl/lammps_workdir/benchmark.data,3743744,3768319
1709508526995,READ,/gpfs/aquamini2/nicolasl/lammps_workdir/benchmark.data,3768320,3858431
1709508527002,READ,/gpfs/aquamini2/nicolasl/lammps_workdir/benchmark.data,3858432,3907583
1709508527003,READ,/gpfs/aquamini2/nicolasl/lammps_workdir/benchmark.data,3907584,3973119
1709508527010,READ,/gpfs/aquamini2/nicolasl/lammps_workdir/benchmark.data,3973120,4014079
1709508527011,READ,/gpfs/aquamini2/nicolasl/lammps_workdir/benchmark.data,4014080,4087807
1709508527018,READ,/gpfs/aquamini2/nicolasl/lammps_workdir/benchmark.data,4087808,4177919
1709508527019,READ,/gpfs/aquamini2/nicolasl/lammps_workdir/benchmark.data,4177920,4202495
1709508527025,READ,/gpfs/aquamini2/nicolasl/lammps_workdir/benchmark.data,4202496,4235263
1709508527026,READ,/gpfs/aquamini2/nicolasl/lammps_workdir/benchmark.data,4235264,4317183
1709508527033,READ,/gpfs/aquamini2/nicolasl/lammps_workdir/benchmark.data,4317184,4415487
1709508527034,READ,/gpfs/aquamini2/nicolasl/lammps_workdir/benchmark.data,4415488,4440063
1709508527040,READ,/gpfs/aquamini2/nicolasl/lammps_workdir/benchmark.data,4440064,4464639
1709508527041,READ,/gpfs/aquamini2/nicolasl/lammps_workdir/benchmark.data,4464640,4554751
1709508527048,READ,/gpfs/aquamini2/nicolasl/lammps_workdir/benchmark.data,4554752,4628479
1709508527049,READ,/gpfs/aquamini2/nicolasl/lammps_workdir/benchmark.data,4628480,4669439
1709508527056,READ,/gpfs/aquamini2/nicolasl/lammps_workdir/benchmark.data,4669440,4784127
1709508527063,READ,/gpfs/aquamini2/nicolasl/lammps_workdir/benchmark.data,4784128,4857855
1709508527064,READ,/gpfs/aquamini2/nicolasl/lammps_workdir/benchmark.data,4857856,4898815
1709508527070,READ,/gpfs/aquamini2/nicolasl/lammps_workdir/benchmark.data,4898816,4931583
1709508527071,READ,/gpfs/aquamini2/nicolasl/lammps_workdir/benchmark.data,4931584,5013503
1709508527078,READ,/gpfs/aquamini2/nicolasl/lammps_workdir/benchmark.data,5013504,5111807
1709508527079,READ,/gpfs/aquamini2/nicolasl/lammps_workdir/benchmark.data,5111808,5128191
1709508527085,READ,/gpfs/aquamini2/nicolasl/lammps_workdir/benchmark.data,5128192,5193727
1709508527086,READ,/gpfs/aquamini2/nicolasl/lammps_workdir/benchmark.data,5193728,5251071
1709508527093,READ,/gpfs/aquamini2/nicolasl/lammps_workdir/benchmark.data,5251072,5357567
1709508527094,READ,/gpfs/aquamini2/nicolasl/lammps_workdir/benchmark.data,5357568,5365759
1709508527100,READ,/gpfs/aquamini2/nicolasl/lammps_workdir/benchmark.data,5365760,5373951
1709508527101,READ,/gpfs/aquamini2/nicolasl/lammps_workdir/benchmark.data,5373952,5480447
1709508527108,READ,/gpfs/aquamini2/nicolasl/lammps_workdir/benchmark.data,5480448,5505023
1709508527109,READ,/gpfs/aquamini2/nicolasl/lammps_workdir/benchmark.data,5505024,5595135
1709508527116,READ,/gpfs/aquamini2/nicolasl/lammps_workdir/benchmark.data,5595136,5652479
1709508527117,READ,/gpfs/aquamini2/nicolasl/lammps_workdir/benchmark.data,5652480,5709823
1709508527124,READ,/gpfs/aquamini2/nicolasl/lammps_workdir/benchmark.data,5709824,5808127
1709508527125,READ,/gpfs/aquamini2/nicolasl/lammps_workdir/benchmark.data,5808128,5824511
1709508527131,READ,/gpfs/aquamini2/nicolasl/lammps_workdir/benchmark.data,5824512,5849087
1709508527132,READ,/gpfs/aquamini2/nicolasl/lammps_workdir/benchmark.data,5849088,5947391
1709508527139,READ,/gpfs/aquamini2/nicolasl/lammps_workdir/benchmark.data,5947392,6029311
1709508527140,READ,/gpfs/aquamini2/nicolasl/lammps_workdir/benchmark.data,6029312,6062079
1709508527146,READ,/gpfs/aquamini2/nicolasl/lammps_workdir/benchmark.data,6062080,6086655
1709508527147,READ,/gpfs/aquamini2/nicolasl/lammps_workdir/benchmark.data,6086656,6176767
1709508527154,READ,/gpfs/aquamini2/nicolasl/lammps_workdir/benchmark.data,6176768,6266879
1709508527155,READ,/gpfs/aquamini2/nicolasl/lammps_workdir/benchmark.data,6266880,6291455
1709508527161,READ,/gpfs/aquamini2/nicolasl/lammps_workdir/benchmark.data,6291456,6316031
1709508527162,READ,/gpfs/aquamini2/nicolasl/lammps_workdir/benchmark.data,6316032,6406143
1709508527169,READ,/gpfs/aquamini2/nicolasl/lammps_workdir/benchmark.data,6406144,6471679
1709508527170,READ,/gpfs/aquamini2/nicolasl/lammps_workdir/benchmark.data,6471680,6529023
1709508527176,READ,/gpfs/aquamini2/nicolasl/lammps_workdir/benchmark.data,6529024,6537215
1709508527177,READ,/gpfs/aquamini2/nicolasl/lammps_workdir/benchmark.data,6537216,6643711
1709508527184,READ,/gpfs/aquamini2/nicolasl/lammps_workdir/benchmark.data,6643712,6692863
1709508527185,READ,/gpfs/aquamini2/nicolasl/lammps_workdir/benchmark.data,6692864,6758399
1709508527191,READ,/gpfs/aquamini2/nicolasl/lammps_workdir/benchmark.data,6758400,6766591
1709508527192,READ,/gpfs/aquamini2/nicolasl/lammps_workdir/benchmark.data,6766592,6873087
1709508527199,READ,/gpfs/aquamini2/nicolasl/lammps_workdir/benchmark.data,6873088,6938623
1709508527200,READ,/gpfs/aquamini2/nicolasl/lammps_workdir/benchmark.data,6938624,6955007
1709508527212,READ,/gpfs/aquamini2/nicolasl/lammps_workdir/benchmark.data,6955008,7004159
1709508527213,READ,/gpfs/aquamini2/nicolasl/lammps_workdir/benchmark.data,7004160,7036927
1709508527218,READ,/gpfs/aquamini2/nicolasl/lammps_workdir/benchmark.data,7036928,7110655
1709508527223,READ,/gpfs/aquamini2/nicolasl/lammps_workdir/benchmark.data,7110656,7176191
1709508527224,READ,/gpfs/aquamini2/nicolasl/lammps_workdir/benchmark.data,7176192,7192575
1709508527229,READ,/gpfs/aquamini2/nicolasl/lammps_workdir/benchmark.data,7192576,7266303
1709508527234,READ,/gpfs/aquamini2/nicolasl/lammps_workdir/benchmark.data,7266304,7340031
1709508527235,READ,/gpfs/aquamini2/nicolasl/lammps_workdir/benchmark.data,7340032,7348223
1709508527239,READ,/gpfs/aquamini2/nicolasl/lammps_workdir/benchmark.data,7348224,7380991
1709508527240,READ,/gpfs/aquamini2/nicolasl/lammps_workdir/benchmark.data,7380992,7421951
1709508527245,READ,/gpfs/aquamini2/nicolasl/lammps_workdir/benchmark.data,7421952,7503871
1709508527250,READ,/gpfs/aquamini2/nicolasl/lammps_workdir/benchmark.data,7503872,7561215
1709508527251,READ,/gpfs/aquamini2/nicolasl/lammps_workdir/benchmark.data,7561216,7585791
1709508527255,READ,/gpfs/aquamini2/nicolasl/lammps_workdir/benchmark.data,7585792,7610367
1709508527256,READ,/gpfs/aquamini2/nicolasl/lammps_workdir/benchmark.data,7610368,7659519
1709508527260,READ,/gpfs/aquamini2/nicolasl/lammps_workdir/benchmark.data,7659520,7667711
1709508527261,READ,/gpfs/aquamini2/nicolasl/lammps_workdir/benchmark.data,7667712,7741439
1709508527266,READ,/gpfs/aquamini2/nicolasl/lammps_workdir/benchmark.data,7741440,7815167
1709508527271,READ,/gpfs/aquamini2/nicolasl/lammps_workdir/benchmark.data,7815168,7864319
1709508527272,READ,/gpfs/aquamini2/nicolasl/lammps_workdir/benchmark.data,7864320,7897087
1709508527276,READ,/gpfs/aquamini2/nicolasl/lammps_workdir/benchmark.data,7897088,7905279
1709508527277,READ,/gpfs/aquamini2/nicolasl/lammps_workdir/benchmark.data,7905280,7970815
1709508527282,READ,/gpfs/aquamini2/nicolasl/lammps_workdir/benchmark.data,7970816,8052735
1709508527287,READ,/gpfs/aquamini2/nicolasl/lammps_workdir/benchmark.data,8052736,8101887
1709508527288,READ,/gpfs/aquamini2/nicolasl/lammps_workdir/benchmark.data,8101888,8126463
1709508527292,READ,/gpfs/aquamini2/nicolasl/lammps_workdir/benchmark.data,8126464,8142847
1709508527293,READ,/gpfs/aquamini2/nicolasl/lammps_workdir/benchmark.data,8142848,8208383
1709508527298,READ,/gpfs/aquamini2/nicolasl/lammps_workdir/benchmark.data,8208384,8282111
1709508527305,READ,/gpfs/aquamini2/nicolasl/lammps_workdir/benchmark.data,8282112,8364031
1709508527310,READ,/gpfs/aquamini2/nicolasl/lammps_workdir/benchmark.data,8364032,8429567
1709508527311,READ,/gpfs/aquamini2/nicolasl/lammps_workdir/benchmark.data,8429568,8445951
1709508527315,READ,/gpfs/aquamini2/nicolasl/lammps_workdir/benchmark.data,8445952,8478719
1709508527316,READ,/gpfs/aquamini2/nicolasl/lammps_workdir/benchmark.data,8478720,8519679
1709508527321,READ,/gpfs/aquamini2/nicolasl/lammps_workdir/benchmark.data,8519680,8577023
1709508527322,READ,/gpfs/aquamini2/nicolasl/lammps_workdir/benchmark.data,8577024,8601599
1709508527327,READ,/gpfs/aquamini2/nicolasl/lammps_workdir/benchmark.data,8601600,8675327
1709508527332,READ,/gpfs/aquamini2/nicolasl/lammps_workdir/benchmark.data,8675328,8749055
1709508527333,READ,/gpfs/aquamini2/nicolasl/lammps_workdir/benchmark.data,8749056,8757247
1709508527337,READ,/gpfs/aquamini2/nicolasl/lammps_workdir/benchmark.data,8757248,8798207
1709508527338,READ,/gpfs/aquamini2/nicolasl/lammps_workdir/benchmark.data,8798208,8830975
1709508527342,READ,/gpfs/aquamini2/nicolasl/lammps_workdir/benchmark.data,8830976,8847359
1709508527343,READ,/gpfs/aquamini2/nicolasl/lammps_workdir/benchmark.data,8847360,8912895
1709508527348,READ,/gpfs/aquamini2/nicolasl/lammps_workdir/benchmark.data,8912896,8986623
1709508527353,READ,/gpfs/aquamini2/nicolasl/lammps_workdir/benchmark.data,8986624,9060351
1709508527354,READ,/gpfs/aquamini2/nicolasl/lammps_workdir/benchmark.data,9060352,9068543
1709508527358,READ,/gpfs/aquamini2/nicolasl/lammps_workdir/benchmark.data,9068544,9093119
1709508527359,READ,/gpfs/aquamini2/nicolasl/lammps_workdir/benchmark.data,9093120,9142271
1709508527364,READ,/gpfs/aquamini2/nicolasl/lammps_workdir/benchmark.data,9142272,9224191
1709508527369,READ,/gpfs/aquamini2/nicolasl/lammps_workdir/benchmark.data,9224192,9265151
1709508527370,READ,/gpfs/aquamini2/nicolasl/lammps_workdir/benchmark.data,9265152,9297919
1709508527375,READ,/gpfs/aquamini2/nicolasl/lammps_workdir/benchmark.data,9297920,9379839
1709508527380,READ,/gpfs/aquamini2/nicolasl/lammps_workdir/benchmark.data,9379840,9453567
1709508527385,READ,/gpfs/aquamini2/nicolasl/lammps_workdir/benchmark.data,9453568,9502719
1709508527386,READ,/gpfs/aquamini2/nicolasl/lammps_workdir/benchmark.data,9502720,9535487
1709508527390,READ,/gpfs/aquamini2/nicolasl/lammps_workdir/benchmark.data,9535488,9543679
1709508527391,READ,/gpfs/aquamini2/nicolasl/lammps_workdir/benchmark.data,9543680,9609215
1709508527396,READ,/gpfs/aquamini2/nicolasl/lammps_workdir/benchmark.data,9609216,9691135
1709508527401,READ,/gpfs/aquamini2/nicolasl/lammps_workdir/benchmark.data,9691136,9723903
1709508527402,READ,/gpfs/aquamini2/nicolasl/lammps_workdir/benchmark.data,9723904,9764863
1709508527407,READ,/gpfs/aquamini2/nicolasl/lammps_workdir/benchmark.data,9764864,9846783
1709508527412,READ,/gpfs/aquamini2/nicolasl/lammps_workdir/benchmark.data,9846784,9904127
1709508527413,READ,/gpfs/aquamini2/nicolasl/lammps_workdir/benchmark.data,9904128,9928703
1709508527417,READ,/gpfs/aquamini2/nicolasl/lammps_workdir/benchmark.data,9928704,9953279
1709508527418,READ,/gpfs/aquamini2/nicolasl/lammps_workdir/benchmark.data,9953280,10002431
1709508527423,READ,/gpfs/aquamini2/nicolasl/lammps_workdir/benchmark.data,10002432,10084351
1709508527428,READ,/gpfs/aquamini2/nicolasl/lammps_workdir/benchmark.data,10084352,10149887
1709508527429,READ,/gpfs/aquamini2/nicolasl/lammps_workdir/benchmark.data,10149888,10158079
1709508527433,READ,/gpfs/aquamini2/nicolasl/lammps_workdir/benchmark.data,10158080,10174463
1709508527434,READ,/gpfs/aquamini2/nicolasl/lammps_workdir/benchmark.data,10174464,10239999
1709508527439,READ,/gpfs/aquamini2/nicolasl/lammps_workdir/benchmark.data,10240000,10313727
1709508527444,READ,/gpfs/aquamini2/nicolasl/lammps_workdir/benchmark.data,10313728,10354687
1709508527445,READ,/gpfs/aquamini2/nicolasl/lammps_workdir/benchmark.data,10354688,10395647
1709508527450,READ,/gpfs/aquamini2/nicolasl/lammps_workdir/benchmark.data,10395648,10469375
1709508527455,READ,/gpfs/aquamini2/nicolasl/lammps_workdir/benchmark.data,10469376,10502143
1709508527456,READ,/gpfs/aquamini2/nicolasl/lammps_workdir/benchmark.data,10502144,10551295
1709508527461,READ,/gpfs/aquamini2/nicolasl/lammps_workdir/benchmark.data,10551296,10625023
1709508527466,READ,/gpfs/aquamini2/nicolasl/lammps_workdir/benchmark.data,10625024,10690559
1709508527467,READ,/gpfs/aquamini2/nicolasl/lammps_workdir/benchmark.data,10690560,10706943
1709508527471,READ,/gpfs/aquamini2/nicolasl/lammps_workdir/benchmark.data,10706944,10731519
1709508527472,READ,/gpfs/aquamini2/nicolasl/lammps_workdir/benchmark.data,10731520,10788863
1709508527477,READ,/gpfs/aquamini2/nicolasl/lammps_workdir/benchmark.data,10788864,10862591
1709508527482,READ,/gpfs/aquamini2/nicolasl/lammps_workdir/benchmark.data,10862592,10936319
1709508527483,READ,/gpfs/aquamini2/nicolasl/lammps_workdir/benchmark.data,10936320,10944511
1709508527487,READ,/gpfs/aquamini2/nicolasl/lammps_workdir/benchmark.data,10944512,10969087
1709508527488,READ,/gpfs/aquamini2/nicolasl/lammps_workdir/benchmark.data,10969088,11018239
1709508527493,READ,/gpfs/aquamini2/nicolasl/lammps_workdir/benchmark.data,11018240,11100159
1709508527498,READ,/gpfs/aquamini2/nicolasl/lammps_workdir/benchmark.data,11100160,11132927
1709508527499,READ,/gpfs/aquamini2/nicolasl/lammps_workdir/benchmark.data,11132928,11173887
1709508527504,READ,/gpfs/aquamini2/nicolasl/lammps_workdir/benchmark.data,11173888,11255807
1709508527509,READ,/gpfs/aquamini2/nicolasl/lammps_workdir/benchmark.data,11255808,11313151
1709508527510,READ,/gpfs/aquamini2/nicolasl/lammps_workdir/benchmark.data,11313152,11329535
1709508527514,READ,/gpfs/aquamini2/nicolasl/lammps_workdir/benchmark.data,11329536,11337727
1709508527515,READ,/gpfs/aquamini2/nicolasl/lammps_workdir/benchmark.data,11337728,11411455
1709508527520,READ,/gpfs/aquamini2/nicolasl/lammps_workdir/benchmark.data,11411456,11476991
1709508527521,READ,/gpfs/aquamini2/nicolasl/lammps_workdir/benchmark.data,11476992,11485183
1709508527525,READ,/gpfs/aquamini2/nicolasl/lammps_workdir/benchmark.data,11485184,11509759
1709508527526,READ,/gpfs/aquamini2/nicolasl/lammps_workdir/benchmark.data,11509760,11567103
1709508527531,READ,/gpfs/aquamini2/nicolasl/lammps_workdir/benchmark.data,11567104,11624447
1709508527536,READ,/gpfs/aquamini2/nicolasl/lammps_workdir/benchmark.data,11624448,11640831
1709508527540,READ,/gpfs/aquamini2/nicolasl/lammps_workdir/benchmark.data,11640832,11665407
1709508527544,READ,/gpfs/aquamini2/nicolasl/lammps_workdir/benchmark.data,11665408,11681791
1709508527548,READ,/gpfs/aquamini2/nicolasl/lammps_workdir/benchmark.data,11681792,11706367
1709508527553,READ,/gpfs/aquamini2/nicolasl/lammps_workdir/benchmark.data,11706368,11722751
1709508527557,READ,/gpfs/aquamini2/nicolasl/lammps_workdir/benchmark.data,11722752,11747327
1709508527561,READ,/gpfs/aquamini2/nicolasl/lammps_workdir/benchmark.data,11747328,11763711
1709508527565,READ,/gpfs/aquamini2/nicolasl/lammps_workdir/benchmark.data,11763712,11788287
1709508527569,READ,/gpfs/aquamini2/nicolasl/lammps_workdir/benchmark.data,11788288,11804671
1709508527574,READ,/gpfs/aquamini2/nicolasl/lammps_workdir/benchmark.data,11804672,11821055
1709508527579,READ,/gpfs/aquamini2/nicolasl/lammps_workdir/benchmark.data,11821056,11845631
1709508527583,READ,/gpfs/aquamini2/nicolasl/lammps_workdir/benchmark.data,11845632,11870207
1709508527587,READ,/gpfs/aquamini2/nicolasl/lammps_workdir/benchmark.data,11870208,11886591
1709508527591,READ,/gpfs/aquamini2/nicolasl/lammps_workdir/benchmark.data,11886592,11911167
1709508527596,READ,/gpfs/aquamini2/nicolasl/lammps_workdir/benchmark.data,11911168,11927551
1709508527600,READ,/gpfs/aquamini2/nicolasl/lammps_workdir/benchmark.data,11927552,11952127
1709508527604,READ,/gpfs/aquamini2/nicolasl/lammps_workdir/benchmark.data,11952128,11968511
1709508527608,READ,/gpfs/aquamini2/nicolasl/lammps_workdir/benchmark.data,11968512,11993087
1709508527612,READ,/gpfs/aquamini2/nicolasl/lammps_workdir/benchmark.data,11993088,12009471
1709508527616,READ,/gpfs/aquamini2/nicolasl/lammps_workdir/benchmark.data,12009472,12034047
1709508527620,READ,/gpfs/aquamini2/nicolasl/lammps_workdir/benchmark.data,12034048,12050431
1709508527624,READ,/gpfs/aquamini2/nicolasl/lammps_workdir/benchmark.data,12050432,12066815
1709508527625,READ,/gpfs/aquamini2/nicolasl/lammps_workdir/benchmark.data,12066816,12075007
1709508527628,READ,/gpfs/aquamini2/nicolasl/lammps_workdir/benchmark.data,12075008,12083199
1709508527629,READ,/gpfs/aquamini2/nicolasl/lammps_workdir/benchmark.data,12083200,12091391
1709508527633,READ,/gpfs/aquamini2/nicolasl/lammps_workdir/benchmark.data,12091392,12115967
1709508527637,READ,/gpfs/aquamini2/nicolasl/lammps_workdir/benchmark.data,12115968,12132351
1709508527641,READ,/gpfs/aquamini2/nicolasl/lammps_workdir/benchmark.data,12132352,12156927
1709508527645,READ,/gpfs/aquamini2/nicolasl/lammps_workdir/benchmark.data,12156928,12181503
1709508527650,READ,/gpfs/aquamini2/nicolasl/lammps_workdir/benchmark.data,12181504,12197887
1709508527654,READ,/gpfs/aquamini2/nicolasl/lammps_workdir/benchmark.data,12197888,12222463
1709508527658,READ,/gpfs/aquamini2/nicolasl/lammps_workdir/benchmark.data,12222464,12238847
1709508527662,READ,/gpfs/aquamini2/nicolasl/lammps_workdir/benchmark.data,12238848,12263423
1709508527666,READ,/gpfs/aquamini2/nicolasl/lammps_workdir/benchmark.data,12263424,12287999
1709508527670,READ,/gpfs/aquamini2/nicolasl/lammps_workdir/benchmark.data,12288000,12296191
1709508527671,READ,/gpfs/aquamini2/nicolasl/lammps_workdir/benchmark.data,12296192,12304383
1709508527674,READ,/gpfs/aquamini2/nicolasl/lammps_workdir/benchmark.data,12304384,12312575
1709508527675,READ,/gpfs/aquamini2/nicolasl/lammps_workdir/benchmark.data,12312576,12328959
1709508527679,READ,/gpfs/aquamini2/nicolasl/lammps_workdir/benchmark.data,12328960,12345343
1709508527683,READ,/gpfs/aquamini2/nicolasl/lammps_workdir/benchmark.data,12345344,12369919
1709508527687,READ,/gpfs/aquamini2/nicolasl/lammps_workdir/benchmark.data,12369920,12394495
1709508527691,READ,/gpfs/aquamini2/nicolasl/lammps_workdir/benchmark.data,12394496,12410879
1709508527695,READ,/gpfs/aquamini2/nicolasl/lammps_workdir/benchmark.data,12410880,12435455
1709508527699,READ,/gpfs/aquamini2/nicolasl/lammps_workdir/benchmark.data,12435456,12451839
1709508527703,READ,/gpfs/aquamini2/nicolasl/lammps_workdir/benchmark.data,12451840,12476415
1709508527708,READ,/gpfs/aquamini2/nicolasl/lammps_workdir/benchmark.data,12476416,12500991
1709508527712,READ,/gpfs/aquamini2/nicolasl/lammps_workdir/benchmark.data,12500992,12517375
1709508527713,READ,/gpfs/aquamini2/nicolasl/lammps_workdir/benchmark.data,12517376,12525567
1709508527717,READ,/gpfs/aquamini2/nicolasl/lammps_workdir/benchmark.data,12525568,12558335
1709508527722,READ,/gpfs/aquamini2/nicolasl/lammps_workdir/benchmark.data,12558336,12566527
1709508527723,READ,/gpfs/aquamini2/nicolasl/lammps_workdir/benchmark.data,12566528,12582911
1709508527727,READ,/gpfs/aquamini2/nicolasl/lammps_workdir/benchmark.data,12582912,12607487
1709508527732,READ,/gpfs/aquamini2/nicolasl/lammps_workdir/benchmark.data,12607488,12640255
1709508527737,READ,/gpfs/aquamini2/nicolasl/lammps_workdir/benchmark.data,12640256,12664831
1709508527741,READ,/gpfs/aquamini2/nicolasl/lammps_workdir/benchmark.data,12664832,12689407
1709508527745,READ,/gpfs/aquamini2/nicolasl/lammps_workdir/benchmark.data,12689408,12705791
1709508527746,READ,/gpfs/aquamini2/nicolasl/lammps_workdir/benchmark.data,12705792,12713983
1709508527750,READ,/gpfs/aquamini2/nicolasl/lammps_workdir/benchmark.data,12713984,12738559
1709508527754,READ,/gpfs/aquamini2/nicolasl/lammps_workdir/benchmark.data,12738560,12763135
1709508527759,READ,/gpfs/aquamini2/nicolasl/lammps_workdir/benchmark.data,12763136,12787711
1709508527763,READ,/gpfs/aquamini2/nicolasl/lammps_workdir/benchmark.data,12787712,12812287
1709508527768,READ,/gpfs/aquamini2/nicolasl/lammps_workdir/benchmark.data,12812288,12845055
1709508527772,READ,/gpfs/aquamini2/nicolasl/lammps_workdir/benchmark.data,12845056,12869631
1709508527777,READ,/gpfs/aquamini2/nicolasl/lammps_workdir/benchmark.data,12869632,12894207
1709508527781,READ,/gpfs/aquamini2/nicolasl/lammps_workdir/benchmark.data,12894208,12918783
1709508527785,READ,/gpfs/aquamini2/nicolasl/lammps_workdir/benchmark.data,12918784,12926975
1709508527786,READ,/gpfs/aquamini2/nicolasl/lammps_workdir/benchmark.data,12926976,12943359
1709508527790,READ,/gpfs/aquamini2/nicolasl/lammps_workdir/benchmark.data,12943360,12976127
1709508527794,READ,/gpfs/aquamini2/nicolasl/lammps_workdir/benchmark.data,12976128,12992511
1709508527795,READ,/gpfs/aquamini2/nicolasl/lammps_workdir/benchmark.data,12992512,13000703
1709508527799,READ,/gpfs/aquamini2/nicolasl/lammps_workdir/benchmark.data,13000704,13033471
1709508527803,READ,/gpfs/aquamini2/nicolasl/lammps_workdir/benchmark.data,13033472,13058047
1709508527807,READ,/gpfs/aquamini2/nicolasl/lammps_workdir/benchmark.data,13058048,13082623
1709508527808,READ,/gpfs/aquamini2/nicolasl/lammps_workdir/benchmark.data,13082624,13090815
1709508527812,READ,/gpfs/aquamini2/nicolasl/lammps_workdir/benchmark.data,13090816,13115391
1709508527816,READ,/gpfs/aquamini2/nicolasl/lammps_workdir/benchmark.data,13115392,13139967
1709508527817,READ,/gpfs/aquamini2/nicolasl/lammps_workdir/benchmark.data,13139968,13148159
1709508527822,READ,/gpfs/aquamini2/nicolasl/lammps_workdir/benchmark.data,13148160,13172735
1709508527827,READ,/gpfs/aquamini2/nicolasl/lammps_workdir/benchmark.data,13172736,13205503
1709508527831,READ,/gpfs/aquamini2/nicolasl/lammps_workdir/benchmark.data,13205504,13230079
1709508527836,READ,/gpfs/aquamini2/nicolasl/lammps_workdir/benchmark.data,13230080,13262847
1709508527840,READ,/gpfs/aquamini2/nicolasl/lammps_workdir/benchmark.data,13262848,13271039
1709508527841,READ,/gpfs/aquamini2/nicolasl/lammps_workdir/benchmark.data,13271040,13287423
1709508527845,READ,/gpfs/aquamini2/nicolasl/lammps_workdir/benchmark.data,13287424,13311999
1709508527849,READ,/gpfs/aquamini2/nicolasl/lammps_workdir/benchmark.data,13312000,13344767
1709508527859,READ,/gpfs/aquamini2/nicolasl/lammps_workdir/benchmark.data,13344768,13369343
1709508527868,READ,/gpfs/aquamini2/nicolasl/lammps_workdir/benchmark.data,13369344,13402111
1709508527872,READ,/gpfs/aquamini2/nicolasl/lammps_workdir/benchmark.data,13402112,13418495
1709508527877,READ,/gpfs/aquamini2/nicolasl/lammps_workdir/benchmark.data,13418496,13427244
1709508527881,READ,/gpfs/aquamini2/nicolasl/lammps_workdir/benchmark.data,13427245,13427245
1709508527895,READ,/gpfs/aquamini2/nicolasl/lammps_workdir/benchmark.data,0,8191
1709508527896,READ,/gpfs/aquamini2/nicolasl/lammps_workdir/benchmark.data,8192,16383
1709508527897,READ,/gpfs/aquamini2/nicolasl/lammps_workdir/benchmark.data,16384,131071
1709508527898,READ,/gpfs/aquamini2/nicolasl/lammps_workdir/benchmark.data,131072,253951
1709508527899,READ,/gpfs/aquamini2/nicolasl/lammps_workdir/benchmark.data,253952,385023
1709508527900,READ,/gpfs/aquamini2/nicolasl/lammps_workdir/benchmark.data,385024,499711
1709508527901,READ,/gpfs/aquamini2/nicolasl/lammps_workdir/benchmark.data,499712,622591
1709508527902,READ,/gpfs/aquamini2/nicolasl/lammps_workdir/benchmark.data,622592,745471
1709508527903,READ,/gpfs/aquamini2/nicolasl/lammps_workdir/benchmark.data,745472,868351
1709508527904,READ,/gpfs/aquamini2/nicolasl/lammps_workdir/benchmark.data,868352,983039
1709508527905,READ,/gpfs/aquamini2/nicolasl/lammps_workdir/benchmark.data,983040,1105919
1709508527906,READ,/gpfs/aquamini2/nicolasl/lammps_workdir/benchmark.data,1105920,1228799
1709508527907,READ,/gpfs/aquamini2/nicolasl/lammps_workdir/benchmark.data,1228800,1343487
1709508527908,READ,/gpfs/aquamini2/nicolasl/lammps_workdir/benchmark.data,1343488,1466367
1709508527909,READ,/gpfs/aquamini2/nicolasl/lammps_workdir/benchmark.data,1466368,1589247
1709508527910,READ,/gpfs/aquamini2/nicolasl/lammps_workdir/benchmark.data,1589248,1703935
1709508527911,READ,/gpfs/aquamini2/nicolasl/lammps_workdir/benchmark.data,1703936,1826815
1709508527912,READ,/gpfs/aquamini2/nicolasl/lammps_workdir/benchmark.data,1826816,1949695
1709508527913,READ,/gpfs/aquamini2/nicolasl/lammps_workdir/benchmark.data,1949696,2064383
1709508527914,READ,/gpfs/aquamini2/nicolasl/lammps_workdir/benchmark.data,2064384,2187263
1709508527915,READ,/gpfs/aquamini2/nicolasl/lammps_workdir/benchmark.data,2187264,2301951
1709508527916,READ,/gpfs/aquamini2/nicolasl/lammps_workdir/benchmark.data,2301952,2424831
1709508527917,READ,/gpfs/aquamini2/nicolasl/lammps_workdir/benchmark.data,2424832,2539519
1709508527918,READ,/gpfs/aquamini2/nicolasl/lammps_workdir/benchmark.data,2539520,2662399
1709508527919,READ,/gpfs/aquamini2/nicolasl/lammps_workdir/benchmark.data,2662400,2777087
1709508527920,READ,/gpfs/aquamini2/nicolasl/lammps_workdir/benchmark.data,2777088,2899967
1709508527921,READ,/gpfs/aquamini2/nicolasl/lammps_workdir/benchmark.data,2899968,3022847
1709508527922,READ,/gpfs/aquamini2/nicolasl/lammps_workdir/benchmark.data,3022848,3121151
1709508527923,READ,/gpfs/aquamini2/nicolasl/lammps_workdir/benchmark.data,3121152,3235839
1709508527924,READ,/gpfs/aquamini2/nicolasl/lammps_workdir/benchmark.data,3235840,3350527
1709508527925,READ,/gpfs/aquamini2/nicolasl/lammps_workdir/benchmark.data,3350528,3465215
1709508527926,READ,/gpfs/aquamini2/nicolasl/lammps_workdir/benchmark.data,3465216,3579903
1709508527927,READ,/gpfs/aquamini2/nicolasl/lammps_workdir/benchmark.data,3579904,3702783
1709508527928,READ,/gpfs/aquamini2/nicolasl/lammps_workdir/benchmark.data,3702784,3817471
1709508527929,READ,/gpfs/aquamini2/nicolasl/lammps_workdir/benchmark.data,3817472,3932159
1709508527930,READ,/gpfs/aquamini2/nicolasl/lammps_workdir/benchmark.data,3932160,4046847
1709508527931,READ,/gpfs/aquamini2/nicolasl/lammps_workdir/benchmark.data,4046848,4161535
1709508527932,READ,/gpfs/aquamini2/nicolasl/lammps_workdir/benchmark.data,4161536,4276223
1709508527933,READ,/gpfs/aquamini2/nicolasl/lammps_workdir/benchmark.data,4276224,4399103
1709508527934,READ,/gpfs/aquamini2/nicolasl/lammps_workdir/benchmark.data,4399104,4513791
1709508527935,READ,/gpfs/aquamini2/nicolasl/lammps_workdir/benchmark.data,4513792,4628479
1709508527936,READ,/gpfs/aquamini2/nicolasl/lammps_workdir/benchmark.data,4628480,4743167
1709508527937,READ,/gpfs/aquamini2/nicolasl/lammps_workdir/benchmark.data,4743168,4866047
1709508527938,READ,/gpfs/aquamini2/nicolasl/lammps_workdir/benchmark.data,4866048,4980735
1709508527939,READ,/gpfs/aquamini2/nicolasl/lammps_workdir/benchmark.data,4980736,5095423
1709508527940,READ,/gpfs/aquamini2/nicolasl/lammps_workdir/benchmark.data,5095424,5210111
1709508527941,READ,/gpfs/aquamini2/nicolasl/lammps_workdir/benchmark.data,5210112,5324799
1709508527942,READ,/gpfs/aquamini2/nicolasl/lammps_workdir/benchmark.data,5324800,5447679
1709508527943,READ,/gpfs/aquamini2/nicolasl/lammps_workdir/benchmark.data,5447680,5562367
1709508527944,READ,/gpfs/aquamini2/nicolasl/lammps_workdir/benchmark.data,5562368,5677055
1709508527945,READ,/gpfs/aquamini2/nicolasl/lammps_workdir/benchmark.data,5677056,5799935
1709508527946,READ,/gpfs/aquamini2/nicolasl/lammps_workdir/benchmark.data,5799936,5914623
1709508527947,READ,/gpfs/aquamini2/nicolasl/lammps_workdir/benchmark.data,5914624,6029311
1709508527948,READ,/gpfs/aquamini2/nicolasl/lammps_workdir/benchmark.data,6029312,6143999
1709508527949,READ,/gpfs/aquamini2/nicolasl/lammps_workdir/benchmark.data,6144000,6258687
1709508527950,READ,/gpfs/aquamini2/nicolasl/lammps_workdir/benchmark.data,6258688,6381567
1709508527951,READ,/gpfs/aquamini2/nicolasl/lammps_workdir/benchmark.data,6381568,6496255
1709508527952,READ,/gpfs/aquamini2/nicolasl/lammps_workdir/benchmark.data,6496256,6610943
1709508527953,READ,/gpfs/aquamini2/nicolasl/lammps_workdir/benchmark.data,6610944,6725631
1709508527954,READ,/gpfs/aquamini2/nicolasl/lammps_workdir/benchmark.data,6725632,6840319
1709508527955,READ,/gpfs/aquamini2/nicolasl/lammps_workdir/benchmark.data,6840320,6955007
1709508527956,READ,/gpfs/aquamini2/nicolasl/lammps_workdir/benchmark.data,6955008,7061503
1709508527957,READ,/gpfs/aquamini2/nicolasl/lammps_workdir/benchmark.data,7061504,7176191
1709508527958,READ,/gpfs/aquamini2/nicolasl/lammps_workdir/benchmark.data,7176192,7290879
1709508527959,READ,/gpfs/aquamini2/nicolasl/lammps_workdir/benchmark.data,7290880,7397375
1709508527960,READ,/gpfs/aquamini2/nicolasl/lammps_workdir/benchmark.data,7397376,7512063
1709508527961,READ,/gpfs/aquamini2/nicolasl/lammps_workdir/benchmark.data,7512064,7626751
1709508527962,READ,/gpfs/aquamini2/nicolasl/lammps_workdir/benchmark.data,7626752,7741439
1709508527963,READ,/gpfs/aquamini2/nicolasl/lammps_workdir/benchmark.data,7741440,7856127
1709508527964,READ,/gpfs/aquamini2/nicolasl/lammps_workdir/benchmark.data,7856128,7970815
1709508527965,READ,/gpfs/aquamini2/nicolasl/lammps_workdir/benchmark.data,7970816,8077311
1709508527966,READ,/gpfs/aquamini2/nicolasl/lammps_workdir/benchmark.data,8077312,8191999
1709508527967,READ,/gpfs/aquamini2/nicolasl/lammps_workdir/benchmark.data,8192000,8306687
1709508527968,READ,/gpfs/aquamini2/nicolasl/lammps_workdir/benchmark.data,8306688,8421375
1709508527969,READ,/gpfs/aquamini2/nicolasl/lammps_workdir/benchmark.data,8421376,8536063
1709508527970,READ,/gpfs/aquamini2/nicolasl/lammps_workdir/benchmark.data,8536064,8650751
1709508527971,READ,/gpfs/aquamini2/nicolasl/lammps_workdir/benchmark.data,8650752,8757247
1709508527972,READ,/gpfs/aquamini2/nicolasl/lammps_workdir/benchmark.data,8757248,8871935
1709508527973,READ,/gpfs/aquamini2/nicolasl/lammps_workdir/benchmark.data,8871936,8986623
1709508527974,READ,/gpfs/aquamini2/nicolasl/lammps_workdir/benchmark.data,8986624,9101311
1709508527975,READ,/gpfs/aquamini2/nicolasl/lammps_workdir/benchmark.data,9101312,9215999
1709508527976,READ,/gpfs/aquamini2/nicolasl/lammps_workdir/benchmark.data,9216000,9330687
1709508527977,READ,/gpfs/aquamini2/nicolasl/lammps_workdir/benchmark.data,9330688,9437183
1709508527978,READ,/gpfs/aquamini2/nicolasl/lammps_workdir/benchmark.data,9437184,9551871
1709508527979,READ,/gpfs/aquamini2/nicolasl/lammps_workdir/benchmark.data,9551872,9666559
1709508527980,READ,/gpfs/aquamini2/nicolasl/lammps_workdir/benchmark.data,9666560,9781247
1709508527981,READ,/gpfs/aquamini2/nicolasl/lammps_workdir/benchmark.data,9781248,9895935
1709508527982,READ,/gpfs/aquamini2/nicolasl/lammps_workdir/benchmark.data,9895936,10002431
1709508527983,READ,/gpfs/aquamini2/nicolasl/lammps_workdir/benchmark.data,10002432,10117119
1709508527984,READ,/gpfs/aquamini2/nicolasl/lammps_workdir/benchmark.data,10117120,10231807
1709508527985,READ,/gpfs/aquamini2/nicolasl/lammps_workdir/benchmark.data,10231808,10346495
1709508527986,READ,/gpfs/aquamini2/nicolasl/lammps_workdir/benchmark.data,10346496,10461183
1709508527987,READ,/gpfs/aquamini2/nicolasl/lammps_workdir/benchmark.data,10461184,10575871
1709508527988,READ,/gpfs/aquamini2/nicolasl/lammps_workdir/benchmark.data,10575872,10682367
1709508527989,READ,/gpfs/aquamini2/nicolasl/lammps_workdir/benchmark.data,10682368,10797055
1709508527990,READ,/gpfs/aquamini2/nicolasl/lammps_workdir/benchmark.data,10797056,10911743
1709508527991,READ,/gpfs/aquamini2/nicolasl/lammps_workdir/benchmark.data,10911744,11001855
1709508527992,READ,/gpfs/aquamini2/nicolasl/lammps_workdir/benchmark.data,11001856,11116543
1709508527993,READ,/gpfs/aquamini2/nicolasl/lammps_workdir/benchmark.data,11116544,11231231
1709508527994,READ,/gpfs/aquamini2/nicolasl/lammps_workdir/benchmark.data,11231232,11345919
1709508527995,READ,/gpfs/aquamini2/nicolasl/lammps_workdir/benchmark.data,11345920,11452415
1709508527996,READ,/gpfs/aquamini2/nicolasl/lammps_workdir/benchmark.data,11452416,11567103
1709508527997,READ,/gpfs/aquamini2/nicolasl/lammps_workdir/benchmark.data,11567104,11640831
1709508528001,READ,/gpfs/aquamini2/nicolasl/lammps_workdir/benchmark.data,11640832,11665407
1709508528005,READ,/gpfs/aquamini2/nicolasl/lammps_workdir/benchmark.data,11665408,11673599
1709508528006,READ,/gpfs/aquamini2/nicolasl/lammps_workdir/benchmark.data,11673600,11681791
1709508528010,READ,/gpfs/aquamini2/nicolasl/lammps_workdir/benchmark.data,11681792,11706367
1709508528014,READ,/gpfs/aquamini2/nicolasl/lammps_workdir/benchmark.data,11706368,11722751
1709508528018,READ,/gpfs/aquamini2/nicolasl/lammps_workdir/benchmark.data,11722752,11747327
1709508528022,READ,/gpfs/aquamini2/nicolasl/lammps_workdir/benchmark.data,11747328,11763711
1709508528026,READ,/gpfs/aquamini2/nicolasl/lammps_workdir/benchmark.data,11763712,11788287
1709508528031,READ,/gpfs/aquamini2/nicolasl/lammps_workdir/benchmark.data,11788288,11804671
1709508528034,READ,/gpfs/aquamini2/nicolasl/lammps_workdir/benchmark.data,11804672,11812863
1709508528035,READ,/gpfs/aquamini2/nicolasl/lammps_workdir/benchmark.data,11812864,11821055
1709508528039,READ,/gpfs/aquamini2/nicolasl/lammps_workdir/benchmark.data,11821056,11845631
1709508528043,READ,/gpfs/aquamini2/nicolasl/lammps_workdir/benchmark.data,11845632,11870207
1709508528047,READ,/gpfs/aquamini2/nicolasl/lammps_workdir/benchmark.data,11870208,11886591
1709508528051,READ,/gpfs/aquamini2/nicolasl/lammps_workdir/benchmark.data,11886592,11911167
1709508528055,READ,/gpfs/aquamini2/nicolasl/lammps_workdir/benchmark.data,11911168,11927551
1709508528059,READ,/gpfs/aquamini2/nicolasl/lammps_workdir/benchmark.data,11927552,11952127
1709508528063,READ,/gpfs/aquamini2/nicolasl/lammps_workdir/benchmark.data,11952128,11968511
1709508528067,READ,/gpfs/aquamini2/nicolasl/lammps_workdir/benchmark.data,11968512,11984895
1709508528068,READ,/gpfs/aquamini2/nicolasl/lammps_workdir/benchmark.data,11984896,11993087
1709508528072,READ,/gpfs/aquamini2/nicolasl/lammps_workdir/benchmark.data,11993088,12009471
1709508528076,READ,/gpfs/aquamini2/nicolasl/lammps_workdir/benchmark.data,12009472,12034047
1709508528080,READ,/gpfs/aquamini2/nicolasl/lammps_workdir/benchmark.data,12034048,12050431
1709508528084,READ,/gpfs/aquamini2/nicolasl/lammps_workdir/benchmark.data,12050432,12075007
1709508528089,READ,/gpfs/aquamini2/nicolasl/lammps_workdir/benchmark.data,12075008,12091391
1709508528093,READ,/gpfs/aquamini2/nicolasl/lammps_workdir/benchmark.data,12091392,12115967
1709508528098,READ,/gpfs/aquamini2/nicolasl/lammps_workdir/benchmark.data,12115968,12132351
1709508528102,READ,/gpfs/aquamini2/nicolasl/lammps_workdir/benchmark.data,12132352,12156927
1709508528106,READ,/gpfs/aquamini2/nicolasl/lammps_workdir/benchmark.data,12156928,12181503
1709508528111,READ,/gpfs/aquamini2/nicolasl/lammps_workdir/benchmark.data,12181504,12197887
1709508528115,READ,/gpfs/aquamini2/nicolasl/lammps_workdir/benchmark.data,12197888,12222463
1709508528119,READ,/gpfs/aquamini2/nicolasl/lammps_workdir/benchmark.data,12222464,12238847
1709508528123,READ,/gpfs/aquamini2/nicolasl/lammps_workdir/benchmark.data,12238848,12263423
1709508528127,READ,/gpfs/aquamini2/nicolasl/lammps_workdir/benchmark.data,12263424,12287999
1709508528131,READ,/gpfs/aquamini2/nicolasl/lammps_workdir/benchmark.data,12288000,12304383
1709508528135,READ,/gpfs/aquamini2/nicolasl/lammps_workdir/benchmark.data,12304384,12328959
1709508528139,READ,/gpfs/aquamini2/nicolasl/lammps_workdir/benchmark.data,12328960,12345343
1709508528143,READ,/gpfs/aquamini2/nicolasl/lammps_workdir/benchmark.data,12345344,12361727
1709508528144,READ,/gpfs/aquamini2/nicolasl/lammps_workdir/benchmark.data,12361728,12369919
1709508528148,READ,/gpfs/aquamini2/nicolasl/lammps_workdir/benchmark.data,12369920,12394495
1709508528152,READ,/gpfs/aquamini2/nicolasl/lammps_workdir/benchmark.data,12394496,12410879
1709508528158,READ,/gpfs/aquamini2/nicolasl/lammps_workdir/benchmark.data,12410880,12435455
1709508528162,READ,/gpfs/aquamini2/nicolasl/lammps_workdir/benchmark.data,12435456,12451839
1709508528166,READ,/gpfs/aquamini2/nicolasl/lammps_workdir/benchmark.data,12451840,12476415
1709508528171,READ,/gpfs/aquamini2/nicolasl/lammps_workdir/benchmark.data,12476416,12500991
1709508528175,READ,/gpfs/aquamini2/nicolasl/lammps_workdir/benchmark.data,12500992,12517375
1709508528176,READ,/gpfs/aquamini2/nicolasl/lammps_workdir/benchmark.data,12517376,12525567
1709508528180,READ,/gpfs/aquamini2/nicolasl/lammps_workdir/benchmark.data,12525568,12558335
1709508528184,READ,/gpfs/aquamini2/nicolasl/lammps_workdir/benchmark.data,12558336,12582911
1709508528189,READ,/gpfs/aquamini2/nicolasl/lammps_workdir/benchmark.data,12582912,12607487
1709508528193,READ,/gpfs/aquamini2/nicolasl/lammps_workdir/benchmark.data,12607488,12640255
1709508528198,READ,/gpfs/aquamini2/nicolasl/lammps_workdir/benchmark.data,12640256,12664831
1709508528202,READ,/gpfs/aquamini2/nicolasl/lammps_workdir/benchmark.data,12664832,12689407
1709508528206,READ,/gpfs/aquamini2/nicolasl/lammps_workdir/benchmark.data,12689408,12713983
1709508528211,READ,/gpfs/aquamini2/nicolasl/lammps_workdir/benchmark.data,12713984,12738559
1709508528215,READ,/gpfs/aquamini2/nicolasl/lammps_workdir/benchmark.data,12738560,12763135
1709508528220,READ,/gpfs/aquamini2/nicolasl/lammps_workdir/benchmark.data,12763136,12787711
1709508528224,READ,/gpfs/aquamini2/nicolasl/lammps_workdir/benchmark.data,12787712,12812287
1709508528228,READ,/gpfs/aquamini2/nicolasl/lammps_workdir/benchmark.data,12812288,12845055
1709508528233,READ,/gpfs/aquamini2/nicolasl/lammps_workdir/benchmark.data,12845056,12869631
1709508528237,READ,/gpfs/aquamini2/nicolasl/lammps_workdir/benchmark.data,12869632,12894207
1709508528241,READ,/gpfs/aquamini2/nicolasl/lammps_workdir/benchmark.data,12894208,12918783
1709508528246,READ,/gpfs/aquamini2/nicolasl/lammps_workdir/benchmark.data,12918784,12943359
1709508528250,READ,/gpfs/aquamini2/nicolasl/lammps_workdir/benchmark.data,12943360,12976127
1709508528255,READ,/gpfs/aquamini2/nicolasl/lammps_workdir/benchmark.data,12976128,13000703
1709508528259,READ,/gpfs/aquamini2/nicolasl/lammps_workdir/benchmark.data,13000704,13033471
1709508528264,READ,/gpfs/aquamini2/nicolasl/lammps_workdir/benchmark.data,13033472,13058047
1709508528268,READ,/gpfs/aquamini2/nicolasl/lammps_workdir/benchmark.data,13058048,13090815
1709508528273,READ,/gpfs/aquamini2/nicolasl/lammps_workdir/benchmark.data,13090816,13115391
1709508528277,READ,/gpfs/aquamini2/nicolasl/lammps_workdir/benchmark.data,13115392,13139967
1709508528278,READ,/gpfs/aquamini2/nicolasl/lammps_workdir/benchmark.data,13139968,13148159
1709508528283,READ,/gpfs/aquamini2/nicolasl/lammps_workdir/benchmark.data,13148160,13172735
1709508528287,READ,/gpfs/aquamini2/nicolasl/lammps_workdir/benchmark.data,13172736,13205503
1709508528292,READ,/gpfs/aquamini2/nicolasl/lammps_workdir/benchmark.data,13205504,13230079
1709508528296,READ,/gpfs/aquamini2/nicolasl/lammps_workdir/benchmark.data,13230080,13238271
1709508528297,READ,/gpfs/aquamini2/nicolasl/lammps_workdir/benchmark.data,13238272,13262847
1709508528301,READ,/gpfs/aquamini2/nicolasl/lammps_workdir/benchmark.data,13262848,13287423
1709508528305,READ,/gpfs/aquamini2/nicolasl/lammps_workdir/benchmark.data,13287424,13295615
1709508528306,READ,/gpfs/aquamini2/nicolasl/lammps_workdir/benchmark.data,13295616,13311999
1709508528310,READ,/gpfs/aquamini2/nicolasl/lammps_workdir/benchmark.data,13312000,13344767
1709508528315,READ,/gpfs/aquamini2/nicolasl/lammps_workdir/benchmark.data,13344768,13369343
1709508528319,READ,/gpfs/aquamini2/nicolasl/lammps_workdir/benchmark.data,13369344,13402111
1709508528324,READ,/gpfs/aquamini2/nicolasl/lammps_workdir/benchmark.data,13402112,13418495
1709508528328,READ,/gpfs/aquamini2/nicolasl/lammps_workdir/benchmark.data,13418496,13427244
1709508528332,READ,/gpfs/aquamini2/nicolasl/lammps_workdir/benchmark.data,13427245,13427245
1709508535024,READ,benchmark.dcd,0,331
1709508535770,READ,benchmark.dcd,8,11
1709508535770,READ,benchmark.dcd,20,23
1709508535770,READ,benchmark.dcd,332,734191
1709508535777,READ,log.lammps,0,3634
1709508538958,READ,/gpfs/aquamini2/nicolasl/lammps_workdir/restart.rst.10,0,63939
1709508538959,READ,/gpfs/aquamini2/nicolasl/lammps_workdir/restart.rst.10,63940,113811
1709508538960,READ,/gpfs/aquamini2/nicolasl/lammps_workdir/restart.rst.10,113812,134931
1709508538961,READ,/gpfs/aquamini2/nicolasl/lammps_workdir/restart.rst.10,134932,198299
1709508538962,READ,/gpfs/aquamini2/nicolasl/lammps_workdir/restart.rst.10,198300,251267
1709508538963,READ,/gpfs/aquamini2/nicolasl/lammps_workdir/restart.rst.10,251268,306059
1709508538964,READ,/gpfs/aquamini2/nicolasl/lammps_workdir/restart.rst.10,306060,368747
1709508538965,READ,/gpfs/aquamini2/nicolasl/lammps_workdir/restart.rst.10,368748,422059
1709508538966,READ,/gpfs/aquamini2/nicolasl/lammps_workdir/restart.rst.10,422060,475635
1709508538967,READ,/gpfs/aquamini2/nicolasl/lammps_workdir/restart.rst.10,475636,497627
1709508538968,READ,/gpfs/aquamini2/nicolasl/lammps_workdir/restart.rst.10,497628,519555
1709508538969,READ,/gpfs/aquamini2/nicolasl/lammps_workdir/restart.rst.10,519556,562811
1709508538970,READ,/gpfs/aquamini2/nicolasl/lammps_workdir/restart.rst.10,562812,605595
1709508538971,READ,/gpfs/aquamini2/nicolasl/lammps_workdir/restart.rst.10,605596,659299
1709508538972,READ,/gpfs/aquamini2/nicolasl/lammps_workdir/restart.rst.10,659300,700203
1709508538973,READ,/gpfs/aquamini2/nicolasl/lammps_workdir/restart.rst.10,700204,731851
1709508538974,READ,/gpfs/aquamini2/nicolasl/lammps_workdir/restart.rst.10,731852,750675
1709508538975,READ,/gpfs/aquamini2/nicolasl/lammps_workdir/restart.rst.10,750676,783867
1709508538976,READ,/gpfs/aquamini2/nicolasl/lammps_workdir/restart.rst.10,783868,805531
1709508538977,READ,/gpfs/aquamini2/nicolasl/lammps_workdir/restart.rst.10,805532,827595
1709508538978,READ,/gpfs/aquamini2/nicolasl/lammps_workdir/restart.rst.10,827596,860051
1709508538979,READ,/gpfs/aquamini2/nicolasl/lammps_workdir/restart.rst.10,860052,879411
1709508538980,READ,/gpfs/aquamini2/nicolasl/lammps_workdir/restart.rst.10,879412,900723
1709508538981,READ,/gpfs/aquamini2/nicolasl/lammps_workdir/restart.rst.10,900724,923731
1709508538982,READ,/gpfs/aquamini2/nicolasl/lammps_workdir/restart.rst.10,923732,942899
1709508538983,READ,/gpfs/aquamini2/nicolasl/lammps_workdir/restart.rst.10,942900,975699
1709508538984,READ,/gpfs/aquamini2/nicolasl/lammps_workdir/restart.rst.10,975700,997219
1709508538985,READ,/gpfs/aquamini2/nicolasl/lammps_workdir/restart.rst.10,997220,1020435
1709508538986,READ,/gpfs/aquamini2/nicolasl/lammps_workdir/restart.rst.10,1020436,1048779
1709508538987,READ,/gpfs/aquamini2/nicolasl/lammps_workdir/restart.rst.10,1048780,1071243
1709508538988,READ,/gpfs/aquamini2/nicolasl/lammps_workdir/restart.rst.10,1071244,1092363
1709508538989,READ,/gpfs/aquamini2/nicolasl/lammps_workdir/restart.rst.10,1092364,1125971
1709508538990,READ,/gpfs/aquamini2/nicolasl/lammps_workdir/restart.rst.10,1125972,1136363
1709508538991,READ,/gpfs/aquamini2/nicolasl/lammps_workdir/restart.rst.10,1136364,1169427
1709508538992,READ,/gpfs/aquamini2/nicolasl/lammps_workdir/restart.rst.10,1169428,1190747
1709508538993,READ,/gpfs/aquamini2/nicolasl/lammps_workdir/restart.rst.10,1190748,1211731
1709508538994,READ,/gpfs/aquamini2/nicolasl/lammps_workdir/restart.rst.10,1211732,1229891
1709508538995,READ,/gpfs/aquamini2/nicolasl/lammps_workdir/restart.rst.10,1229892,1250803
1709508538996,READ,/gpfs/aquamini2/nicolasl/lammps_workdir/restart.rst.10,1250804,1282995
1709508538997,READ,/gpfs/aquamini2/nicolasl/lammps_workdir/restart.rst.10,1282996,1305531
1709508538998,READ,/gpfs/aquamini2/nicolasl/lammps_workdir/restart.rst.10,1305532,1325779
1709508538999,READ,/gpfs/aquamini2/nicolasl/lammps_workdir/restart.rst.10,1325780,1348987
1709508539000,READ,/gpfs/aquamini2/nicolasl/lammps_workdir/restart.rst.10,1348988,1370171
1709508539001,READ,/gpfs/aquamini2/nicolasl/lammps_workdir/restart.rst.10,1370172,1392107
1709508539002,READ,/gpfs/aquamini2/nicolasl/lammps_workdir/restart.rst.10,1392108,1415379
1709508539003,READ,/gpfs/aquamini2/nicolasl/lammps_workdir/restart.rst.10,1415380,1435635
1709508539004,READ,/gpfs/aquamini2/nicolasl/lammps_workdir/restart.rst.10,1435636,1456827
1709508539005,READ,/gpfs/aquamini2/nicolasl/lammps_workdir/restart.rst.10,1456828,1487923
1709508539006,READ,/gpfs/aquamini2/nicolasl/lammps_workdir/restart.rst.10,1487924,1509243
1709508539007,READ,/gpfs/aquamini2/nicolasl/lammps_workdir/restart.rst.10,1509244,1531571
1709508539008,READ,/gpfs/aquamini2/nicolasl/lammps_workdir/restart.rst.10,1531572,1563963
1709508539009,READ,/gpfs/aquamini2/nicolasl/lammps_workdir/restart.rst.10,1563964,1583403
1709508539010,READ,/gpfs/aquamini2/nicolasl/lammps_workdir/restart.rst.10,1583404,1604859
1709508539011,READ,/gpfs/aquamini2/nicolasl/lammps_workdir/restart.rst.10,1604860,1636435
1709508539012,READ,/gpfs/aquamini2/nicolasl/lammps_workdir/restart.rst.10,1636436,1655411
1709508539013,READ,/gpfs/aquamini2/nicolasl/lammps_workdir/restart.rst.10,1655412,1676723
1709508539014,READ,/gpfs/aquamini2/nicolasl/lammps_workdir/restart.rst.10,1676724,1697651
1709508539015,READ,/gpfs/aquamini2/nicolasl/lammps_workdir/restart.rst.10,1697652,1730379
1709508539016,READ,/gpfs/aquamini2/nicolasl/lammps_workdir/restart.rst.10,1730380,1751915
1709508539017,READ,/gpfs/aquamini2/nicolasl/lammps_workdir/restart.rst.10,1751916,1783187
1709508539018,READ,/gpfs/aquamini2/nicolasl/lammps_workdir/restart.rst.10,1783188,1803563
1709508539019,READ,/gpfs/aquamini2/nicolasl/lammps_workdir/restart.rst.10,1803564,1828395
1709508539020,READ,/gpfs/aquamini2/nicolasl/lammps_workdir/restart.rst.10,1828396,1859859
1709508539021,READ,/gpfs/aquamini2/nicolasl/lammps_workdir/restart.rst.10,1859860,1882659
1709508539022,READ,/gpfs/aquamini2/nicolasl/lammps_workdir/restart.rst.10,1882660,1905539
1709508539023,READ,/gpfs/aquamini2/nicolasl/lammps_workdir/restart.rst.10,1905540,1929267
1709508539024,READ,/gpfs/aquamini2/nicolasl/lammps_workdir/restart.rst.10,1929268,1970331
1709508539025,READ,/gpfs/aquamini2/nicolasl/lammps_workdir/restart.rst.10,1970332,1993875
1709508539026,READ,/gpfs/aquamini2/nicolasl/lammps_workdir/restart.rst.10,1993876,2015731
1709508539027,READ,/gpfs/aquamini2/nicolasl/lammps_workdir/restart.rst.10,2015732,2040707
1709508539028,READ,/gpfs/aquamini2/nicolasl/lammps_workdir/restart.rst.10,2040708,2072123
1709508539029,READ,/gpfs/aquamini2/nicolasl/lammps_workdir/restart.rst.10,2072124,2091371
1709508539030,READ,/gpfs/aquamini2/nicolasl/lammps_workdir/restart.rst.10,2091372,2125451
1709508539031,READ,/gpfs/aquamini2/nicolasl/lammps_workdir/restart.rst.10,2125452,2147171
1709508539032,READ,/gpfs/aquamini2/nicolasl/lammps_workdir/restart.rst.10,2147172,2168963
1709508539033,READ,/gpfs/aquamini2/nicolasl/lammps_workdir/restart.rst.10,2168964,2202227
1709508539034,READ,/gpfs/aquamini2/nicolasl/lammps_workdir/restart.rst.10,2202228,2212283
1709508539035,READ,/gpfs/aquamini2/nicolasl/lammps_workdir/restart.rst.10,2212284,2242787
1709508539036,READ,/gpfs/aquamini2/nicolasl/lammps_workdir/restart.rst.10,2242788,2263835
1709508539037,READ,/gpfs/aquamini2/nicolasl/lammps_workdir/restart.rst.10,2263836,2296163
1709508539038,READ,/gpfs/aquamini2/nicolasl/lammps_workdir/restart.rst.10,2296164,2317139
1709508539039,READ,/gpfs/aquamini2/nicolasl/lammps_workdir/restart.rst.10,2317140,2339067
1709508539040,READ,/gpfs/aquamini2/nicolasl/lammps_workdir/restart.rst.10,2339068,2359523
1709508539041,READ,/gpfs/aquamini2/nicolasl/lammps_workdir/restart.rst.10,2359524,2391587
1709508539042,READ,/gpfs/aquamini2/nicolasl/lammps_workdir/restart.rst.10,2391588,2412107
1709508539043,READ,/gpfs/aquamini2/nicolasl/lammps_workdir/restart.rst.10,2412108,2445699
1709508539044,READ,/gpfs/aquamini2/nicolasl/lammps_workdir/restart.rst.10,2445700,2468035
1709508539045,READ,/gpfs/aquamini2/nicolasl/lammps_workdir/restart.rst.10,2468036,2500299
1709508539046,READ,/gpfs/aquamini2/nicolasl/lammps_workdir/restart.rst.10,2500300,2520875
1709508539047,READ,/gpfs/aquamini2/nicolasl/lammps_workdir/restart.rst.10,2520876,2541931
1709508539048,READ,/gpfs/aquamini2/nicolasl/lammps_workdir/restart.rst.10,2541932,2576147
1709508539049,READ,/gpfs/aquamini2/nicolasl/lammps_workdir/restart.rst.10,2576148,2597947
1709508539050,READ,/gpfs/aquamini2/nicolasl/lammps_workdir/restart.rst.10,2597948,2619603
1709508539051,READ,/gpfs/aquamini2/nicolasl/lammps_workdir/restart.rst.10,2619604,2642475
1709508539052,READ,/gpfs/aquamini2/nicolasl/lammps_workdir/restart.rst.10,2642476,2675395
1709508539053,READ,/gpfs/aquamini2/nicolasl/lammps_workdir/restart.rst.10,2675396,2697739
1709508539054,READ,/gpfs/aquamini2/nicolasl/lammps_workdir/restart.rst.10,2697740,2726635
1709508539055,READ,/gpfs/aquamini2/nicolasl/lammps_workdir/restart.rst.10,2726636,2737507
1709508539056,READ,/gpfs/aquamini2/nicolasl/lammps_workdir/restart.rst.10,2737508,2768827
1709508539057,READ,/gpfs/aquamini2/nicolasl/lammps_workdir/restart.rst.10,2768828,2791683
1709508539058,READ,/gpfs/aquamini2/nicolasl/lammps_workdir/restart.rst.10,2791684,2812467
1709508539059,READ,/gpfs/aquamini2/nicolasl/lammps_workdir/restart.rst.10,2812468,2833467
1709508539060,READ,/gpfs/aquamini2/nicolasl/lammps_workdir/restart.rst.10,2833468,2869643
1709508539061,READ,/gpfs/aquamini2/nicolasl/lammps_workdir/restart.rst.10,2869644,2892723
1709508539062,READ,/gpfs/aquamini2/nicolasl/lammps_workdir/restart.rst.10,2892724,2927395
1709508539063,READ,/gpfs/aquamini2/nicolasl/lammps_workdir/restart.rst.10,2927396,2955347
1709508539064,READ,/gpfs/aquamini2/nicolasl/lammps_workdir/restart.rst.10,2955348,2976739
1709508539065,READ,/gpfs/aquamini2/nicolasl/lammps_workdir/restart.rst.10,2976740,3003835
1709508539066,READ,/gpfs/aquamini2/nicolasl/lammps_workdir/restart.rst.10,3003836,3037515
1709508539067,READ,/gpfs/aquamini2/nicolasl/lammps_workdir/restart.rst.10,3037516,3069883
1709508539068,READ,/gpfs/aquamini2/nicolasl/lammps_workdir/restart.rst.10,3069884,3092067
1709508539069,READ,/gpfs/aquamini2/nicolasl/lammps_workdir/restart.rst.10,3092068,3139795
1709508539070,READ,/gpfs/aquamini2/nicolasl/lammps_workdir/restart.rst.10,3139796,3169747
1709508539071,READ,/gpfs/aquamini2/nicolasl/lammps_workdir/restart.rst.10,3169748,3187483
1709508539072,READ,/gpfs/aquamini2/nicolasl/lammps_workdir/restart.rst.10,3187484,3219203
1709508539073,READ,/gpfs/aquamini2/nicolasl/lammps_workdir/restart.rst.10,3219204,3237547
1709508539074,READ,/gpfs/aquamini2/nicolasl/lammps_workdir/restart.rst.10,3237548,3260491
1709508539075,READ,/gpfs/aquamini2/nicolasl/lammps_workdir/restart.rst.10,3260492,3290091
1709508539076,READ,/gpfs/aquamini2/nicolasl/lammps_workdir/restart.rst.10,3290092,3319515
1709508539077,READ,/gpfs/aquamini2/nicolasl/lammps_workdir/restart.rst.10,3319516,3340499
1709508539078,READ,/gpfs/aquamini2/nicolasl/lammps_workdir/restart.rst.10,3340500,3363699
1709508539079,READ,/gpfs/aquamini2/nicolasl/lammps_workdir/restart.rst.10,3363700,3405299
1709508539080,READ,/gpfs/aquamini2/nicolasl/lammps_workdir/restart.rst.10,3405300,3429723
1709508539081,READ,/gpfs/aquamini2/nicolasl/lammps_workdir/restart.rst.10,3429724,3453459
1709508539082,READ,/gpfs/aquamini2/nicolasl/lammps_workdir/restart.rst.10,3453460,3477227
1709508539083,READ,/gpfs/aquamini2/nicolasl/lammps_workdir/restart.rst.10,3477228,3501107
1709508539084,READ,/gpfs/aquamini2/nicolasl/lammps_workdir/restart.rst.10,3501108,3520947
1709508539085,READ,/gpfs/aquamini2/nicolasl/lammps_workdir/restart.rst.10,3520948,3554147
1709508539086,READ,/gpfs/aquamini2/nicolasl/lammps_workdir/restart.rst.10,3554148,3575331
1709508539087,READ,/gpfs/aquamini2/nicolasl/lammps_workdir/restart.rst.10,3575332,3597467
1709508539088,READ,/gpfs/aquamini2/nicolasl/lammps_workdir/restart.rst.10,3597468,3631347
1709508539089,READ,/gpfs/aquamini2/nicolasl/lammps_workdir/restart.rst.10,3631348,3652595
1709508539090,READ,/gpfs/aquamini2/nicolasl/lammps_workdir/restart.rst.10,3652596,3675331
1709508539091,READ,/gpfs/aquamini2/nicolasl/lammps_workdir/restart.rst.10,3675332,3694499
1709508539092,READ,/gpfs/aquamini2/nicolasl/lammps_workdir/restart.rst.10,3694500,3725803
1709508539093,READ,/gpfs/aquamini2/nicolasl/lammps_workdir/restart.rst.10,3725804,3748483
1709508539094,READ,/gpfs/aquamini2/nicolasl/lammps_workdir/restart.rst.10,3748484,3769939
1709508539095,READ,/gpfs/aquamini2/nicolasl/lammps_workdir/restart.rst.10,3769940,3791259
1709508539096,READ,/gpfs/aquamini2/nicolasl/lammps_workdir/restart.rst.10,3791260,3811707
1709508539097,READ,/gpfs/aquamini2/nicolasl/lammps_workdir/restart.rst.10,3811708,3832235
1709508539098,READ,/gpfs/aquamini2/nicolasl/lammps_workdir/restart.rst.10,3832236,3866571
1709508539099,READ,/gpfs/aquamini2/nicolasl/lammps_workdir/restart.rst.10,3866572,3888027
1709508539100,READ,/gpfs/aquamini2/nicolasl/lammps_workdir/restart.rst.10,3888028,3910155
1709508539101,READ,/gpfs/aquamini2/nicolasl/lammps_workdir/restart.rst.10,3910156,3942539
1709508539102,READ,/gpfs/aquamini2/nicolasl/lammps_workdir/restart.rst.10,3942540,3962115
1709508539103,READ,/gpfs/aquamini2/nicolasl/lammps_workdir/restart.rst.10,3962116,3993763
1709508539104,READ,/gpfs/aquamini2/nicolasl/lammps_workdir/restart.rst.10,3993764,4004299
1709508539105,READ,/gpfs/aquamini2/nicolasl/lammps_workdir/restart.rst.10,4004300,4036547
1709508539106,READ,/gpfs/aquamini2/nicolasl/lammps_workdir/restart.rst.10,4036548,4058003
1709508539107,READ,/gpfs/aquamini2/nicolasl/lammps_workdir/restart.rst.10,4058004,4079195
1709508539108,READ,/gpfs/aquamini2/nicolasl/lammps_workdir/restart.rst.10,4079196,4101451
1709508539109,READ,/gpfs/aquamini2/nicolasl/lammps_workdir/restart.rst.10,4101452,4132867
1709508539110,READ,/gpfs/aquamini2/nicolasl/lammps_workdir/restart.rst.10,4132868,4152299
1709508539111,READ,/gpfs/aquamini2/nicolasl/lammps_workdir/restart.rst.10,4152300,4175947
1709508539158,READ,/gpfs/aquamini2/nicolasl/lammps_workdir/restart.rst.10,4175948,4215275
1709508539159,READ,/gpfs/aquamini2/nicolasl/lammps_workdir/restart.rst.10,4215276,4248403
1709508539160,READ,/gpfs/aquamini2/nicolasl/lammps_workdir/restart.rst.10,4248404,4270731
1709508539161,READ,/gpfs/aquamini2/nicolasl/lammps_workdir/restart.rst.10,4270732,4294251
1709508539162,READ,/gpfs/aquamini2/nicolasl/lammps_workdir/restart.rst.10,4294252,4333811
1709508539163,READ,/gpfs/aquamini2/nicolasl/lammps_workdir/restart.rst.10,4333812,4356947
1709508539164,READ,/gpfs/aquamini2/nicolasl/lammps_workdir/restart.rst.10,4356948,4388019
1709508539165,READ,/gpfs/aquamini2/nicolasl/lammps_workdir/restart.rst.10,4388020,4406899
1709508539166,READ,/gpfs/aquamini2/nicolasl/lammps_workdir/restart.rst.10,4406900,4432355
1709508539167,READ,/gpfs/aquamini2/nicolasl/lammps_workdir/restart.rst.10,4432356,4472267
1709508539168,READ,/gpfs/aquamini2/nicolasl/lammps_workdir/restart.rst.10,4472268,4480707
1709508539169,READ,/gpfs/aquamini2/nicolasl/lammps_workdir/restart.rst.10,4480708,4516339
1709508539170,READ,/gpfs/aquamini2/nicolasl/lammps_workdir/restart.rst.10,4516340,4539155
1709508539171,READ,/gpfs/aquamini2/nicolasl/lammps_workdir/restart.rst.10,4539156,4578827
1709508539172,READ,/gpfs/aquamini2/nicolasl/lammps_workdir/restart.rst.10,4578828,4605307
1709508539173,READ,/gpfs/aquamini2/nicolasl/lammps_workdir/restart.rst.10,4605308,4629163
1709508539174,READ,/gpfs/aquamini2/nicolasl/lammps_workdir/restart.rst.10,4629164,4661179
1709508539175,READ,/gpfs/aquamini2/nicolasl/lammps_workdir/restart.rst.10,4661180,4683451
1709508539176,READ,/gpfs/aquamini2/nicolasl/lammps_workdir/restart.rst.10,4683452,4725611
1709508539177,READ,/gpfs/aquamini2/nicolasl/lammps_workdir/restart.rst.10,4725612,4749531
1709508539178,READ,/gpfs/aquamini2/nicolasl/lammps_workdir/restart.rst.10,4749532,4771667
1709508539179,READ,/gpfs/aquamini2/nicolasl/lammps_workdir/restart.rst.10,4771668,4794179
1709508539180,READ,/gpfs/aquamini2/nicolasl/lammps_workdir/restart.rst.10,4794180,4817099
1709508539181,READ,/gpfs/aquamini2/nicolasl/lammps_workdir/restart.rst.10,4817100,4864539
1709508539182,READ,/gpfs/aquamini2/nicolasl/lammps_workdir/restart.rst.10,4864540,4885723
1709508539183,READ,/gpfs/aquamini2/nicolasl/lammps_workdir/restart.rst.10,4885724,4914763
1709508539184,READ,/gpfs/aquamini2/nicolasl/lammps_workdir/restart.rst.10,4914764,4945411
1709508539185,READ,/gpfs/aquamini2/nicolasl/lammps_workdir/restart.rst.10,4945412,4966459
1709508539186,READ,/gpfs/aquamini2/nicolasl/lammps_workdir/restart.rst.10,4966460,4986235
1709508539187,READ,/gpfs/aquamini2/nicolasl/lammps_workdir/restart.rst.10,4986236,5007979
1709508539188,READ,/gpfs/aquamini2/nicolasl/lammps_workdir/restart.rst.10,5007980,5038347
1709508539189,READ,/gpfs/aquamini2/nicolasl/lammps_workdir/restart.rst.10,5038348,5061763
1709508539190,READ,/gpfs/aquamini2/nicolasl/lammps_workdir/restart.rst.10,5061764,5094747
1709508539191,READ,/gpfs/aquamini2/nicolasl/lammps_workdir/restart.rst.10,5094748,5116339
1709508539192,READ,/gpfs/aquamini2/nicolasl/lammps_workdir/restart.rst.10,5116340,5135915
1709508539193,READ,/gpfs/aquamini2/nicolasl/lammps_workdir/restart.rst.10,5135916,5166683
1709508539194,READ,/gpfs/aquamini2/nicolasl/lammps_workdir/restart.rst.10,5166684,5186931
1709508539195,READ,/gpfs/aquamini2/nicolasl/lammps_workdir/restart.rst.10,5186932,5208723
1709508539196,READ,/gpfs/aquamini2/nicolasl/lammps_workdir/restart.rst.10,5208724,5239843
1709508539197,READ,/gpfs/aquamini2/nicolasl/lammps_workdir/restart.rst.10,5239844,5261707
1709508539198,READ,/gpfs/aquamini2/nicolasl/lammps_workdir/restart.rst.10,5261708,5284035
1709508539199,READ,/gpfs/aquamini2/nicolasl/lammps_workdir/restart.rst.10,5284036,5305019
1709508539200,READ,/gpfs/aquamini2/nicolasl/lammps_workdir/restart.rst.10,5305020,5326691
1709508539201,READ,/gpfs/aquamini2/nicolasl/lammps_workdir/restart.rst.10,5326692,5357259
1709508539202,READ,/gpfs/aquamini2/nicolasl/lammps_workdir/restart.rst.10,5357260,5379523
1709508539203,READ,/gpfs/aquamini2/nicolasl/lammps_workdir/restart.rst.10,5379524,5410491
1709508539204,READ,/gpfs/aquamini2/nicolasl/lammps_workdir/restart.rst.10,5410492,5431211
1709508539205,READ,/gpfs/aquamini2/nicolasl/lammps_workdir/restart.rst.10,5431212,5453347
1709508539206,READ,/gpfs/aquamini2/nicolasl/lammps_workdir/restart.rst.10,5453348,5487619
1709508539207,READ,/gpfs/aquamini2/nicolasl/lammps_workdir/restart.rst.10,5487620,5498555
1709508539208,READ,/gpfs/aquamini2/nicolasl/lammps_workdir/restart.rst.10,5498556,5530267
1709508539209,READ,/gpfs/aquamini2/nicolasl/lammps_workdir/restart.rst.10,5530268,5550987
1709508539210,READ,/gpfs/aquamini2/nicolasl/lammps_workdir/restart.rst.10,5550988,5573019
1709508539211,READ,/gpfs/aquamini2/nicolasl/lammps_workdir/restart.rst.10,5573020,5606283
1709508539212,READ,/gpfs/aquamini2/nicolasl/lammps_workdir/restart.rst.10,5606284,5628947
1709508539213,READ,/gpfs/aquamini2/nicolasl/lammps_workdir/restart.rst.10,5628948,5640355
1709508539214,READ,/gpfs/aquamini2/nicolasl/lammps_workdir/restart.rst.10,5640356,5679155
1709508539215,READ,/gpfs/aquamini2/nicolasl/lammps_workdir/restart.rst.10,5679156,5710883
1709508539216,READ,/gpfs/aquamini2/nicolasl/lammps_workdir/restart.rst.10,5710884,5721219
1709508539217,READ,/gpfs/aquamini2/nicolasl/lammps_workdir/restart.rst.10,5721220,5756043
1709508539218,READ,/gpfs/aquamini2/nicolasl/lammps_workdir/restart.rst.10,5756044,5787467
1709508539219,READ,/gpfs/aquamini2/nicolasl/lammps_workdir/restart.rst.10,5787468,5807515
1709508539220,READ,/gpfs/aquamini2/nicolasl/lammps_workdir/restart.rst.10,5807516,5842651
1709508539221,READ,/gpfs/aquamini2/nicolasl/lammps_workdir/restart.rst.10,5842652,5860971
1709508539222,READ,/gpfs/aquamini2/nicolasl/lammps_workdir/restart.rst.10,5860972,5905843
1709508539223,READ,/gpfs/aquamini2/nicolasl/lammps_workdir/restart.rst.10,5905844,5923331
1709508539224,READ,/gpfs/aquamini2/nicolasl/lammps_workdir/restart.rst.10,5923332,5944923
1709508539225,READ,/gpfs/aquamini2/nicolasl/lammps_workdir/restart.rst.10,5944924,5959099
1709508539226,READ,/gpfs/aquamini2/nicolasl/lammps_workdir/restart.rst.10,5959100,5981483
1709508539227,READ,/gpfs/aquamini2/nicolasl/lammps_workdir/restart.rst.10,5981484,6028651
1709508539228,READ,/gpfs/aquamini2/nicolasl/lammps_workdir/restart.rst.10,6028652,6060739
1709508539229,READ,/gpfs/aquamini2/nicolasl/lammps_workdir/restart.rst.10,6060740,6083683
1709508539230,READ,/gpfs/aquamini2/nicolasl/lammps_workdir/restart.rst.10,6083684,6124851
1709508539231,READ,/gpfs/aquamini2/nicolasl/lammps_workdir/restart.rst.10,6124852,6162403
1709508539232,READ,/gpfs/aquamini2/nicolasl/lammps_workdir/restart.rst.10,6162404,6185699
1709508539233,READ,/gpfs/aquamini2/nicolasl/lammps_workdir/restart.rst.10,6185700,6206899
1709508539234,READ,/gpfs/aquamini2/nicolasl/lammps_workdir/restart.rst.10,6206900,6231683
1709508539235,READ,/gpfs/aquamini2/nicolasl/lammps_workdir/restart.rst.10,6231684,6260955
1709508539236,READ,/gpfs/aquamini2/nicolasl/lammps_workdir/restart.rst.10,6260956,6282139
1709508539237,READ,/gpfs/aquamini2/nicolasl/lammps_workdir/restart.rst.10,6282140,6304139
1709508539238,READ,/gpfs/aquamini2/nicolasl/lammps_workdir/restart.rst.10,6304140,6324859
1709508539239,READ,/gpfs/aquamini2/nicolasl/lammps_workdir/restart.rst.10,6324860,6351827
1709508539240,READ,/gpfs/aquamini2/nicolasl/lammps_workdir/restart.rst.10,6351828,6383891
1709508539241,READ,/gpfs/aquamini2/nicolasl/lammps_workdir/restart.rst.10,6383892,6406955
1709508539242,READ,/gpfs/aquamini2/nicolasl/lammps_workdir/restart.rst.10,6406956,6438683
1709508539243,READ,/gpfs/aquamini2/nicolasl/lammps_workdir/restart.rst.10,6438684,6460939
1709508539244,READ,/gpfs/aquamini2/nicolasl/lammps_workdir/restart.rst.10,6460940,6490771
1709508539245,READ,/gpfs/aquamini2/nicolasl/lammps_workdir/restart.rst.10,6490772,6510275
1709508539246,READ,/gpfs/aquamini2/nicolasl/lammps_workdir/restart.rst.10,6510276,6530323
1709508539247,READ,/gpfs/aquamini2/nicolasl/lammps_workdir/restart.rst.10,6530324,6550835
1709508539248,READ,/gpfs/aquamini2/nicolasl/lammps_workdir/restart.rst.10,6550836,6581803
1709508539249,READ,/gpfs/aquamini2/nicolasl/lammps_workdir/restart.rst.10,6581804,6604747
1709508539250,READ,/gpfs/aquamini2/nicolasl/lammps_workdir/restart.rst.10,6604748,6626003
1709508539251,READ,/gpfs/aquamini2/nicolasl/lammps_workdir/restart.rst.10,6626004,6646851
1709508539252,READ,/gpfs/aquamini2/nicolasl/lammps_workdir/restart.rst.10,6646852,6669515
1709508539253,READ,/gpfs/aquamini2/nicolasl/lammps_workdir/restart.rst.10,6669516,6700627
1709508539254,READ,/gpfs/aquamini2/nicolasl/lammps_workdir/restart.rst.10,6700628,6723963
1709508539255,READ,/gpfs/aquamini2/nicolasl/lammps_workdir/restart.rst.10,6723964,6745427
1709508539256,READ,/gpfs/aquamini2/nicolasl/lammps_workdir/restart.rst.10,6745428,6777819
1709508539257,READ,/gpfs/aquamini2/nicolasl/lammps_workdir/restart.rst.10,6777820,6799475
1709508539258,READ,/gpfs/aquamini2/nicolasl/lammps_workdir/restart.rst.10,6799476,6821331
1709508539259,READ,/gpfs/aquamini2/nicolasl/lammps_workdir/restart.rst.10,6821332,6842859
1709508539260,READ,/gpfs/aquamini2/nicolasl/lammps_workdir/restart.rst.10,6842860,6872419
1709508539261,READ,/gpfs/aquamini2/nicolasl/lammps_workdir/restart.rst.10,6872420,6894283
1709508539262,READ,/gpfs/aquamini2/nicolasl/lammps_workdir/restart.rst.10,6894284,6915875
1709508539263,READ,/gpfs/aquamini2/nicolasl/lammps_workdir/restart.rst.10,6915876,6938211
1709508539264,READ,/gpfs/aquamini2/nicolasl/lammps_workdir/restart.rst.10,6938212,6958723
1709508539265,READ,/gpfs/aquamini2/nicolasl/lammps_workdir/restart.rst.10,6958724,6978555
1709508539266,READ,/gpfs/aquamini2/nicolasl/lammps_workdir/restart.rst.10,6978556,7009123
1709508539267,READ,/gpfs/aquamini2/nicolasl/lammps_workdir/restart.rst.10,7009124,7028891
1709508539268,READ,/gpfs/aquamini2/nicolasl/lammps_workdir/restart.rst.10,7028892,7051347
1709508539269,READ,/gpfs/aquamini2/nicolasl/lammps_workdir/restart.rst.10,7051348,7085635
1709508539270,READ,/gpfs/aquamini2/nicolasl/lammps_workdir/restart.rst.10,7085636,7107907
1709508539271,READ,/gpfs/aquamini2/nicolasl/lammps_workdir/restart.rst.10,7107908,7133179
1709508539272,READ,/gpfs/aquamini2/nicolasl/lammps_workdir/restart.rst.10,7133180,7164691
1709508539273,READ,/gpfs/aquamini2/nicolasl/lammps_workdir/restart.rst.10,7164692,7174947
1709508539274,READ,/gpfs/aquamini2/nicolasl/lammps_workdir/restart.rst.10,7174948,7207539
1709508539275,READ,/gpfs/aquamini2/nicolasl/lammps_workdir/restart.rst.10,7207540,7231419
1709508539276,READ,/gpfs/aquamini2/nicolasl/lammps_workdir/restart.rst.10,7231420,7253683
1709508539277,READ,/gpfs/aquamini2/nicolasl/lammps_workdir/restart.rst.10,7253684,7278283
1709508539278,READ,/gpfs/aquamini2/nicolasl/lammps_workdir/restart.rst.10,7278284,7302555
1709508539279,READ,/gpfs/aquamini2/nicolasl/lammps_workdir/restart.rst.10,7302556,7327019
1709508539280,READ,/gpfs/aquamini2/nicolasl/lammps_workdir/restart.rst.10,7327020,7347051
1709508539281,READ,/gpfs/aquamini2/nicolasl/lammps_workdir/restart.rst.10,7347052,7377619
1709508539282,READ,/gpfs/aquamini2/nicolasl/lammps_workdir/restart.rst.10,7377620,7400683
1709508539283,READ,/gpfs/aquamini2/nicolasl/lammps_workdir/restart.rst.10,7400684,7433947
1709508539284,READ,/gpfs/aquamini2/nicolasl/lammps_workdir/restart.rst.10,7433948,7455131
1709508539285,READ,/gpfs/aquamini2/nicolasl/lammps_workdir/restart.rst.10,7455132,7489267
1709508539286,READ,/gpfs/aquamini2/nicolasl/lammps_workdir/restart.rst.10,7489268,7510595
1709508539287,READ,/gpfs/aquamini2/nicolasl/lammps_workdir/restart.rst.10,7510596,7532723
1709508539288,READ,/gpfs/aquamini2/nicolasl/lammps_workdir/restart.rst.10,7532724,7555267
1709508539289,READ,/gpfs/aquamini2/nicolasl/lammps_workdir/restart.rst.10,7555268,7577675
1709508539290,READ,/gpfs/aquamini2/nicolasl/lammps_workdir/restart.rst.10,7577676,7600819
1709508539291,READ,/gpfs/aquamini2/nicolasl/lammps_workdir/restart.rst.10,7600820,7619107
1709508539292,READ,/gpfs/aquamini2/nicolasl/lammps_workdir/restart.rst.10,7619108,7652643
1709508539293,READ,/gpfs/aquamini2/nicolasl/lammps_workdir/restart.rst.10,7652644,7674979
1709508539294,READ,/gpfs/aquamini2/nicolasl/lammps_workdir/restart.rst.10,7674980,7685707
1709508539295,READ,/gpfs/aquamini2/nicolasl/lammps_workdir/restart.rst.10,7685708,7705963
1709508539296,READ,/gpfs/aquamini2/nicolasl/lammps_workdir/restart.rst.10,7705964,7737739
1709508539297,READ,/gpfs/aquamini2/nicolasl/lammps_workdir/restart.rst.10,7737740,7758387
1709508539298,READ,/gpfs/aquamini2/nicolasl/lammps_workdir/restart.rst.10,7758388,7792395
1709508539299,READ,/gpfs/aquamini2/nicolasl/lammps_workdir/restart.rst.10,7792396,7814667
1709508539300,READ,/gpfs/aquamini2/nicolasl/lammps_workdir/restart.rst.10,7814668,7835787
1709508539301,READ,/gpfs/aquamini2/nicolasl/lammps_workdir/restart.rst.10,7835788,7865555
1709508539302,READ,/gpfs/aquamini2/nicolasl/lammps_workdir/restart.rst.10,7865556,7888027
1709508539303,READ,/gpfs/aquamini2/nicolasl/lammps_workdir/restart.rst.10,7888028,7919331
1709508539304,READ,/gpfs/aquamini2/nicolasl/lammps_workdir/restart.rst.10,7919332,7940723
1709508539305,READ,/gpfs/aquamini2/nicolasl/lammps_workdir/restart.rst.10,7940724,7970283
1709508539306,READ,/gpfs/aquamini2/nicolasl/lammps_workdir/restart.rst.10,7970284,7991467
1709508539307,READ,/gpfs/aquamini2/nicolasl/lammps_workdir/restart.rst.10,7991468,8011987
1709508539308,READ,/gpfs/aquamini2/nicolasl/lammps_workdir/restart.rst.10,8011988,8032291
1709508539309,READ,/gpfs/aquamini2/nicolasl/lammps_workdir/restart.rst.10,8032292,8053011
1709508539310,READ,/gpfs/aquamini2/nicolasl/lammps_workdir/restart.rst.10,8053012,8074339
1709508539311,READ,/gpfs/aquamini2/nicolasl/lammps_workdir/restart.rst.10,8074340,8107011
1709508539312,READ,/gpfs/aquamini2/nicolasl/lammps_workdir/restart.rst.10,8107012,8128475
1709508539313,READ,/gpfs/aquamini2/nicolasl/lammps_workdir/restart.rst.10,8128476,8149195
1709508539314,READ,/gpfs/aquamini2/nicolasl/lammps_workdir/restart.rst.10,8149196,8182243
1709508539315,READ,/gpfs/aquamini2/nicolasl/lammps_workdir/restart.rst.10,8182244,8203299
1709508539316,READ,/gpfs/aquamini2/nicolasl/lammps_workdir/restart.rst.10,8203300,8236635
1709508539317,READ,/gpfs/aquamini2/nicolasl/lammps_workdir/restart.rst.10,8236636,8258635
1709508539318,READ,/gpfs/aquamini2/nicolasl/lammps_workdir/restart.rst.10,8258636,8279683
1709508539319,READ,/gpfs/aquamini2/nicolasl/lammps_workdir/restart.rst.10,8279684,8314891
1709508539320,READ,/gpfs/aquamini2/nicolasl/lammps_workdir/restart.rst.10,8314892,8336347
1709508539321,READ,/gpfs/aquamini2/nicolasl/lammps_workdir/restart.rst.10,8336348,8370491
1709508539322,READ,/gpfs/aquamini2/nicolasl/lammps_workdir/restart.rst.10,8370492,8380611
1709508539323,READ,/gpfs/aquamini2/nicolasl/lammps_workdir/restart.rst.10,8380612,8414963
1709508539324,READ,/gpfs/aquamini2/nicolasl/lammps_workdir/restart.rst.10,8414964,8437771
1709508539325,READ,/gpfs/aquamini2/nicolasl/lammps_workdir/restart.rst.10,8437772,8458747
1709508539326,READ,/gpfs/aquamini2/nicolasl/lammps_workdir/restart.rst.10,8458748,8479667
1709508539327,READ,/gpfs/aquamini2/nicolasl/lammps_workdir/restart.rst.10,8479668,8501331
1709508539328,READ,/gpfs/aquamini2/nicolasl/lammps_workdir/restart.rst.10,8501332,8531771
1709508539329,READ,/gpfs/aquamini2/nicolasl/lammps_workdir/restart.rst.10,8531772,8551611
1709508539330,READ,/gpfs/aquamini2/nicolasl/lammps_workdir/restart.rst.10,8551612,8582715
1709508539331,READ,/gpfs/aquamini2/nicolasl/lammps_workdir/restart.rst.10,8582716,8603435
1709508539332,READ,/gpfs/aquamini2/nicolasl/lammps_workdir/restart.rst.10,8603436,8634483
1709508539333,READ,/gpfs/aquamini2/nicolasl/lammps_workdir/restart.rst.10,8634484,8656003
1709508539334,READ,/gpfs/aquamini2/nicolasl/lammps_workdir/restart.rst.10,8656004,8679075
1709508539335,READ,/gpfs/aquamini2/nicolasl/lammps_workdir/restart.rst.10,8679076,8713355
1709508539336,READ,/gpfs/aquamini2/nicolasl/lammps_workdir/restart.rst.10,8713356,8734483
1709508539337,READ,/gpfs/aquamini2/nicolasl/lammps_workdir/restart.rst.10,8734484,8757427
1709508539338,READ,/gpfs/aquamini2/nicolasl/lammps_workdir/restart.rst.10,8757428,8778355
1709508539339,READ,/gpfs/aquamini2/nicolasl/lammps_workdir/restart.rst.10,8778356,8800283
1709508539340,READ,/gpfs/aquamini2/nicolasl/lammps_workdir/restart.rst.10,8800284,8831995
1709508539341,READ,/gpfs/aquamini2/nicolasl/lammps_workdir/restart.rst.10,8831996,8856619
1709508539342,READ,/gpfs/aquamini2/nicolasl/lammps_workdir/restart.rst.10,8856620,8887523
1709508539343,READ,/gpfs/aquamini2/nicolasl/lammps_workdir/restart.rst.10,8887524,8909915
1709508539344,READ,/gpfs/aquamini2/nicolasl/lammps_workdir/restart.rst.10,8909916,8931315
1709508539345,READ,/gpfs/aquamini2/nicolasl/lammps_workdir/restart.rst.10,8931316,8964859
1709508539346,READ,/gpfs/aquamini2/nicolasl/lammps_workdir/restart.rst.10,8964860,8986315
1709508539347,READ,/gpfs/aquamini2/nicolasl/lammps_workdir/restart.rst.10,8986316,9017763
1709508539348,READ,/gpfs/aquamini2/nicolasl/lammps_workdir/restart.rst.10,9017764,9039091
1709508539349,READ,/gpfs/aquamini2/nicolasl/lammps_workdir/restart.rst.10,9039092,9060947
1709508539350,READ,/gpfs/aquamini2/nicolasl/lammps_workdir/restart.rst.10,9060948,9082267
1709508539351,READ,/gpfs/aquamini2/nicolasl/lammps_workdir/restart.rst.10,9082268,9102243
1709508539352,READ,/gpfs/aquamini2/nicolasl/lammps_workdir/restart.rst.10,9102244,9125731
1709508539353,READ,/gpfs/aquamini2/nicolasl/lammps_workdir/restart.rst.10,9125732,9158795
1709508539354,READ,/gpfs/aquamini2/nicolasl/lammps_workdir/restart.rst.10,9158796,9179043
1709508539355,READ,/gpfs/aquamini2/nicolasl/lammps_workdir/restart.rst.10,9179044,9209883
1709508539356,READ,/gpfs/aquamini2/nicolasl/lammps_workdir/restart.rst.10,9209884,9230131
1709508539357,READ,/gpfs/aquamini2/nicolasl/lammps_workdir/restart.rst.10,9230132,9252595
1709508539358,READ,/gpfs/aquamini2/nicolasl/lammps_workdir/restart.rst.10,9252596,9274131
1709508539359,READ,/gpfs/aquamini2/nicolasl/lammps_workdir/restart.rst.10,9274132,9309691
1709508539360,READ,/gpfs/aquamini2/nicolasl/lammps_workdir/restart.rst.10,9309692,9329323
1709508539361,READ,/gpfs/aquamini2/nicolasl/lammps_workdir/restart.rst.10,9329324,9349971
1709508539362,READ,/gpfs/aquamini2/nicolasl/lammps_workdir/restart.rst.10,9349972,9372707
1709508539363,READ,/gpfs/aquamini2/nicolasl/lammps_workdir/restart.rst.10,9372708,9394035
1709508539364,READ,/gpfs/aquamini2/nicolasl/lammps_workdir/restart.rst.10,9394036,9426827
1709508539365,READ,/gpfs/aquamini2/nicolasl/lammps_workdir/restart.rst.10,9426828,9446459
1709508539366,READ,/gpfs/aquamini2/nicolasl/lammps_workdir/restart.rst.10,9446460,9477707
1709508539367,READ,/gpfs/aquamini2/nicolasl/lammps_workdir/restart.rst.10,9477708,9498883
1709508539368,READ,/gpfs/aquamini2/nicolasl/lammps_workdir/restart.rst.10,9498884,9518467
1709508539369,READ,/gpfs/aquamini2/nicolasl/lammps_workdir/restart.rst.10,9518468,9549907
1709508539370,READ,/gpfs/aquamini2/nicolasl/lammps_workdir/restart.rst.10,9549908,9568539
1709508539371,READ,/gpfs/aquamini2/nicolasl/lammps_workdir/restart.rst.10,9568540,9589387
1709508539372,READ,/gpfs/aquamini2/nicolasl/lammps_workdir/restart.rst.10,9589388,9623467
1709508539373,READ,/gpfs/aquamini2/nicolasl/lammps_workdir/restart.rst.10,9623468,9644251
1709508539374,READ,/gpfs/aquamini2/nicolasl/lammps_workdir/restart.rst.10,9644252,9665379
1709508539375,READ,/gpfs/aquamini2/nicolasl/lammps_workdir/restart.rst.10,9665380,9698163
1709508539376,READ,/gpfs/aquamini2/nicolasl/lammps_workdir/restart.rst.10,9698164,9719483
1709508539377,READ,/gpfs/aquamini2/nicolasl/lammps_workdir/restart.rst.10,9719484,9741675
1709508539378,READ,/gpfs/aquamini2/nicolasl/lammps_workdir/restart.rst.10,9741676,9774611
1709508539379,READ,/gpfs/aquamini2/nicolasl/lammps_workdir/restart.rst.10,9774612,9795867
1709508539380,READ,/gpfs/aquamini2/nicolasl/lammps_workdir/restart.rst.10,9795868,9817995
1709508539381,READ,/gpfs/aquamini2/nicolasl/lammps_workdir/restart.rst.10,9817996,9837851
1709508539382,READ,/gpfs/aquamini2/nicolasl/lammps_workdir/restart.rst.10,9837852,9858635
1709508539383,READ,/gpfs/aquamini2/nicolasl/lammps_workdir/restart.rst.10,9858636,9878755
1709508539384,READ,/gpfs/aquamini2/nicolasl/lammps_workdir/restart.rst.10,9878756,9912611
1709508539385,READ,/gpfs/aquamini2/nicolasl/lammps_workdir/restart.rst.10,9912612,9935139
1709508539386,READ,/gpfs/aquamini2/nicolasl/lammps_workdir/restart.rst.10,9935140,9957275
1709508539387,READ,/gpfs/aquamini2/nicolasl/lammps_workdir/restart.rst.10,9957276,9988115
1709508539388,READ,/gpfs/aquamini2/nicolasl/lammps_workdir/restart.rst.10,9988116,10009907
1709508539389,READ,/gpfs/aquamini2/nicolasl/lammps_workdir/restart.rst.10,10009908,10028939
1709508539390,READ,/gpfs/aquamini2/nicolasl/lammps_workdir/restart.rst.10,10028940,10050331
1709508539391,READ,/gpfs/aquamini2/nicolasl/lammps_workdir/restart.rst.10,10050332,10082323
1709508539392,READ,/gpfs/aquamini2/nicolasl/lammps_workdir/restart.rst.10,10082324,10103979
1709508539393,READ,/gpfs/aquamini2/nicolasl/lammps_workdir/restart.rst.10,10103980,10135019
1709508539394,READ,/gpfs/aquamini2/nicolasl/lammps_workdir/restart.rst.10,10135020,10158291
1709508539395,READ,/gpfs/aquamini2/nicolasl/lammps_workdir/restart.rst.10,10158292,10188059
1709508539396,READ,/gpfs/aquamini2/nicolasl/lammps_workdir/restart.rst.10,10188060,10209323
1709508539397,READ,/gpfs/aquamini2/nicolasl/lammps_workdir/restart.rst.10,10209324,10243395
1709508539398,READ,/gpfs/aquamini2/nicolasl/lammps_workdir/restart.rst.10,10243396,10253739
1709508544244,READ,/gpfs/aquamini2/nicolasl/lammps_workdir/restart.rst.20,0,63067
1709508544245,READ,/gpfs/aquamini2/nicolasl/lammps_workdir/restart.rst.20,63068,124411
1709508544246,READ,/gpfs/aquamini2/nicolasl/lammps_workdir/restart.rst.20,124412,145323
1709508544247,READ,/gpfs/aquamini2/nicolasl/lammps_workdir/restart.rst.20,145324,207683
1709508544248,READ,/gpfs/aquamini2/nicolasl/lammps_workdir/restart.rst.20,207684,273875
1709508544249,READ,/gpfs/aquamini2/nicolasl/lammps_workdir/restart.rst.20,273876,326315
1709508544250,READ,/gpfs/aquamini2/nicolasl/lammps_workdir/restart.rst.20,326316,388995
1709508544251,READ,/gpfs/aquamini2/nicolasl/lammps_workdir/restart.rst.20,388996,454795
1709508544252,READ,/gpfs/aquamini2/nicolasl/lammps_workdir/restart.rst.20,454796,507627
1709508544253,READ,/gpfs/aquamini2/nicolasl/lammps_workdir/restart.rst.20,507628,562755
1709508544254,READ,/gpfs/aquamini2/nicolasl/lammps_workdir/restart.rst.20,562756,624971
1709508544255,READ,/gpfs/aquamini2/nicolasl/lammps_workdir/restart.rst.20,624972,681043
1709508544256,READ,/gpfs/aquamini2/nicolasl/lammps_workdir/restart.rst.20,681044,710603
1709508544257,READ,/gpfs/aquamini2/nicolasl/lammps_workdir/restart.rst.20,710604,742115
1709508544258,READ,/gpfs/aquamini2/nicolasl/lammps_workdir/restart.rst.20,742116,762699
1709508544259,READ,/gpfs/aquamini2/nicolasl/lammps_workdir/restart.rst.20,762700,784763
1709508544260,READ,/gpfs/aquamini2/nicolasl/lammps_workdir/restart.rst.20,784764,815467
1709508544261,READ,/gpfs/aquamini2/nicolasl/lammps_workdir/restart.rst.20,815468,838275
1709508544262,READ,/gpfs/aquamini2/nicolasl/lammps_workdir/restart.rst.20,838276,859395
1709508544263,READ,/gpfs/aquamini2/nicolasl/lammps_workdir/restart.rst.20,859396,889347
1709508544264,READ,/gpfs/aquamini2/nicolasl/lammps_workdir/restart.rst.20,889348,911411
1709508544265,READ,/gpfs/aquamini2/nicolasl/lammps_workdir/restart.rst.20,911412,934019
1709508544266,READ,/gpfs/aquamini2/nicolasl/lammps_workdir/restart.rst.20,934020,954667
1709508544267,READ,/gpfs/aquamini2/nicolasl/lammps_workdir/restart.rst.20,954668,976603
1709508544268,READ,/gpfs/aquamini2/nicolasl/lammps_workdir/restart.rst.20,976604,1009403
1709508544269,READ,/gpfs/aquamini2/nicolasl/lammps_workdir/restart.rst.20,1009404,1030387
1709508544270,READ,/gpfs/aquamini2/nicolasl/lammps_workdir/restart.rst.20,1030388,1050835
1709508544271,READ,/gpfs/aquamini2/nicolasl/lammps_workdir/restart.rst.20,1050836,1073307
1709508544272,READ,/gpfs/aquamini2/nicolasl/lammps_workdir/restart.rst.20,1073308,1105227
1709508544273,READ,/gpfs/aquamini2/nicolasl/lammps_workdir/restart.rst.20,1105228,1116627
1709508544274,READ,/gpfs/aquamini2/nicolasl/lammps_workdir/restart.rst.20,1116628,1137547
1709508544275,READ,/gpfs/aquamini2/nicolasl/lammps_workdir/restart.rst.20,1137548,1171419
1709508544276,READ,/gpfs/aquamini2/nicolasl/lammps_workdir/restart.rst.20,1171420,1192675
1709508544277,READ,/gpfs/aquamini2/nicolasl/lammps_workdir/restart.rst.20,1192676,1213867
1709508544278,READ,/gpfs/aquamini2/nicolasl/lammps_workdir/restart.rst.20,1213868,1232363
1709508544279,READ,/gpfs/aquamini2/nicolasl/lammps_workdir/restart.rst.20,1232364,1265155
1709508544280,READ,/gpfs/aquamini2/nicolasl/lammps_workdir/restart.rst.20,1265156,1285195
1709508544281,READ,/gpfs/aquamini2/nicolasl/lammps_workdir/restart.rst.20,1285196,1307323
1709508544282,READ,/gpfs/aquamini2/nicolasl/lammps_workdir/restart.rst.20,1307324,1327435
1709508544283,READ,/gpfs/aquamini2/nicolasl/lammps_workdir/restart.rst.20,1327436,1362115
1709508544284,READ,/gpfs/aquamini2/nicolasl/lammps_workdir/restart.rst.20,1362116,1382027
1709508544285,READ,/gpfs/aquamini2/nicolasl/lammps_workdir/restart.rst.20,1382028,1404155
1709508544286,READ,/gpfs/aquamini2/nicolasl/lammps_workdir/restart.rst.20,1404156,1426899
1709508544287,READ,/gpfs/aquamini2/nicolasl/lammps_workdir/restart.rst.20,1426900,1447083
1709508544288,READ,/gpfs/aquamini2/nicolasl/lammps_workdir/restart.rst.20,1447084,1469067
1709508544289,READ,/gpfs/aquamini2/nicolasl/lammps_workdir/restart.rst.20,1469068,1499371
1709508544290,READ,/gpfs/aquamini2/nicolasl/lammps_workdir/restart.rst.20,1499372,1519747
1709508544291,READ,/gpfs/aquamini2/nicolasl/lammps_workdir/restart.rst.20,1519748,1553155
1709508544292,READ,/gpfs/aquamini2/nicolasl/lammps_workdir/restart.rst.20,1553156,1573331
1709508544293,READ,/gpfs/aquamini2/nicolasl/lammps_workdir/restart.rst.20,1573332,1605251
1709508544294,READ,/gpfs/aquamini2/nicolasl/lammps_workdir/restart.rst.20,1605252,1626035
1709508544295,READ,/gpfs/aquamini2/nicolasl/lammps_workdir/restart.rst.20,1626036,1656347
1709508544296,READ,/gpfs/aquamini2/nicolasl/lammps_workdir/restart.rst.20,1656348,1677731
1709508544297,READ,/gpfs/aquamini2/nicolasl/lammps_workdir/restart.rst.20,1677732,1698387
1709508544298,READ,/gpfs/aquamini2/nicolasl/lammps_workdir/restart.rst.20,1698388,1721339
1709508544299,READ,/gpfs/aquamini2/nicolasl/lammps_workdir/restart.rst.20,1721340,1740491
1709508544300,READ,/gpfs/aquamini2/nicolasl/lammps_workdir/restart.rst.20,1740492,1764299
1709508544301,READ,/gpfs/aquamini2/nicolasl/lammps_workdir/restart.rst.20,1764300,1793787
1709508544302,READ,/gpfs/aquamini2/nicolasl/lammps_workdir/restart.rst.20,1793788,1815387
1709508544303,READ,/gpfs/aquamini2/nicolasl/lammps_workdir/restart.rst.20,1815388,1848059
1709508544304,READ,/gpfs/aquamini2/nicolasl/lammps_workdir/restart.rst.20,1848060,1872739
1709508544305,READ,/gpfs/aquamini2/nicolasl/lammps_workdir/restart.rst.20,1872740,1895483
1709508544306,READ,/gpfs/aquamini2/nicolasl/lammps_workdir/restart.rst.20,1895484,1918827
1709508544307,READ,/gpfs/aquamini2/nicolasl/lammps_workdir/restart.rst.20,1918828,1949267
1709508544308,READ,/gpfs/aquamini2/nicolasl/lammps_workdir/restart.rst.20,1949268,1970995
1709508544309,READ,/gpfs/aquamini2/nicolasl/lammps_workdir/restart.rst.20,1970996,2005803
1709508544310,READ,/gpfs/aquamini2/nicolasl/lammps_workdir/restart.rst.20,2005804,2027715
1709508544311,READ,/gpfs/aquamini2/nicolasl/lammps_workdir/restart.rst.20,2027716,2050731
1709508544312,READ,/gpfs/aquamini2/nicolasl/lammps_workdir/restart.rst.20,2050732,2073811
1709508544313,READ,/gpfs/aquamini2/nicolasl/lammps_workdir/restart.rst.20,2073812,2104859
1709508544314,READ,/gpfs/aquamini2/nicolasl/lammps_workdir/restart.rst.20,2104860,2126995
1709508544315,READ,/gpfs/aquamini2/nicolasl/lammps_workdir/restart.rst.20,2126996,2158763
1709508544316,READ,/gpfs/aquamini2/nicolasl/lammps_workdir/restart.rst.20,2158764,2180363
1709508544317,READ,/gpfs/aquamini2/nicolasl/lammps_workdir/restart.rst.20,2180364,2202699
1709508544318,READ,/gpfs/aquamini2/nicolasl/lammps_workdir/restart.rst.20,2202700,2222603
1709508544319,READ,/gpfs/aquamini2/nicolasl/lammps_workdir/restart.rst.20,2222604,2254123
1709508544320,READ,/gpfs/aquamini2/nicolasl/lammps_workdir/restart.rst.20,2254124,2275107
1709508544321,READ,/gpfs/aquamini2/nicolasl/lammps_workdir/restart.rst.20,2275108,2296363
1709508544322,READ,/gpfs/aquamini2/nicolasl/lammps_workdir/restart.rst.20,2296364,2328947
1709508544323,READ,/gpfs/aquamini2/nicolasl/lammps_workdir/restart.rst.20,2328948,2349467
1709508544324,READ,/gpfs/aquamini2/nicolasl/lammps_workdir/restart.rst.20,2349468,2368971
1709508544325,READ,/gpfs/aquamini2/nicolasl/lammps_workdir/restart.rst.20,2368972,2401363
1709508544326,READ,/gpfs/aquamini2/nicolasl/lammps_workdir/restart.rst.20,2401364,2421747
1709508544327,READ,/gpfs/aquamini2/nicolasl/lammps_workdir/restart.rst.20,2421748,2445355
1709508544328,READ,/gpfs/aquamini2/nicolasl/lammps_workdir/restart.rst.20,2445356,2478627
1709508544329,READ,/gpfs/aquamini2/nicolasl/lammps_workdir/restart.rst.20,2478628,2500099
1709508544330,READ,/gpfs/aquamini2/nicolasl/lammps_workdir/restart.rst.20,2500100,2520195
1709508544331,READ,/gpfs/aquamini2/nicolasl/lammps_workdir/restart.rst.20,2520196,2554819
1709508544332,READ,/gpfs/aquamini2/nicolasl/lammps_workdir/restart.rst.20,2554820,2577427
1709508544333,READ,/gpfs/aquamini2/nicolasl/lammps_workdir/restart.rst.20,2577428,2599219
1709508544334,READ,/gpfs/aquamini2/nicolasl/lammps_workdir/restart.rst.20,2599220,2620675
1709508544335,READ,/gpfs/aquamini2/nicolasl/lammps_workdir/restart.rst.20,2620676,2654347
1709508544336,READ,/gpfs/aquamini2/nicolasl/lammps_workdir/restart.rst.20,2654348,2676347
1709508544337,READ,/gpfs/aquamini2/nicolasl/lammps_workdir/restart.rst.20,2676348,2698827
1709508544338,READ,/gpfs/aquamini2/nicolasl/lammps_workdir/restart.rst.20,2698828,2728323
1709508544339,READ,/gpfs/aquamini2/nicolasl/lammps_workdir/restart.rst.20,2728324,2750059
1709508544340,READ,/gpfs/aquamini2/nicolasl/lammps_workdir/restart.rst.20,2750060,2770843
1709508544341,READ,/gpfs/aquamini2/nicolasl/lammps_workdir/restart.rst.20,2770844,2794171
1709508544342,READ,/gpfs/aquamini2/nicolasl/lammps_workdir/restart.rst.20,2794172,2825275
1709508544343,READ,/gpfs/aquamini2/nicolasl/lammps_workdir/restart.rst.20,2825276,2836155
1709508544344,READ,/gpfs/aquamini2/nicolasl/lammps_workdir/restart.rst.20,2836156,2871651
1709508544345,READ,/gpfs/aquamini2/nicolasl/lammps_workdir/restart.rst.20,2871652,2894531
1709508544346,READ,/gpfs/aquamini2/nicolasl/lammps_workdir/restart.rst.20,2894532,2915467
1709508544347,READ,/gpfs/aquamini2/nicolasl/lammps_workdir/restart.rst.20,2915468,2947739
1709508544348,READ,/gpfs/aquamini2/nicolasl/lammps_workdir/restart.rst.20,2947740,2968595
1709508544349,READ,/gpfs/aquamini2/nicolasl/lammps_workdir/restart.rst.20,2968596,3006211
1709508544350,READ,/gpfs/aquamini2/nicolasl/lammps_workdir/restart.rst.20,3006212,3024427
1709508544351,READ,/gpfs/aquamini2/nicolasl/lammps_workdir/restart.rst.20,3024428,3059859
1709508544352,READ,/gpfs/aquamini2/nicolasl/lammps_workdir/restart.rst.20,3059860,3082651
1709508544353,READ,/gpfs/aquamini2/nicolasl/lammps_workdir/restart.rst.20,3082652,3116851
1709508544354,READ,/gpfs/aquamini2/nicolasl/lammps_workdir/restart.rst.20,3116852,3141755
1709508544355,READ,/gpfs/aquamini2/nicolasl/lammps_workdir/restart.rst.20,3141756,3172691
1709508544356,READ,/gpfs/aquamini2/nicolasl/lammps_workdir/restart.rst.20,3172692,3200683
1709508544357,READ,/gpfs/aquamini2/nicolasl/lammps_workdir/restart.rst.20,3200684,3222155
1709508544358,READ,/gpfs/aquamini2/nicolasl/lammps_workdir/restart.rst.20,3222156,3240363
1709508544359,READ,/gpfs/aquamini2/nicolasl/lammps_workdir/restart.rst.20,3240364,3282315
1709508544360,READ,/gpfs/aquamini2/nicolasl/lammps_workdir/restart.rst.20,3282316,3301955
1709508544361,READ,/gpfs/aquamini2/nicolasl/lammps_workdir/restart.rst.20,3301956,3321251
1709508544362,READ,/gpfs/aquamini2/nicolasl/lammps_workdir/restart.rst.20,3321252,3342779
1709508544363,READ,/gpfs/aquamini2/nicolasl/lammps_workdir/restart.rst.20,3342780,3386299
1709508544364,READ,/gpfs/aquamini2/nicolasl/lammps_workdir/restart.rst.20,3386300,3406475
1709508544365,READ,/gpfs/aquamini2/nicolasl/lammps_workdir/restart.rst.20,3406476,3440819
1709508544366,READ,/gpfs/aquamini2/nicolasl/lammps_workdir/restart.rst.20,3440820,3454563
1709508544367,READ,/gpfs/aquamini2/nicolasl/lammps_workdir/restart.rst.20,3454564,3490403
1709508544368,READ,/gpfs/aquamini2/nicolasl/lammps_workdir/restart.rst.20,3490404,3513003
1709508544369,READ,/gpfs/aquamini2/nicolasl/lammps_workdir/restart.rst.20,3513004,3533451
1709508544370,READ,/gpfs/aquamini2/nicolasl/lammps_workdir/restart.rst.20,3533452,3555115
1709508544371,READ,/gpfs/aquamini2/nicolasl/lammps_workdir/restart.rst.20,3555116,3587363
1709508544372,READ,/gpfs/aquamini2/nicolasl/lammps_workdir/restart.rst.20,3587364,3609563
1709508544373,READ,/gpfs/aquamini2/nicolasl/lammps_workdir/restart.rst.20,3609564,3644035
1709508544374,READ,/gpfs/aquamini2/nicolasl/lammps_workdir/restart.rst.20,3644036,3664611
1709508544375,READ,/gpfs/aquamini2/nicolasl/lammps_workdir/restart.rst.20,3664612,3685267
1709508544376,READ,/gpfs/aquamini2/nicolasl/lammps_workdir/restart.rst.20,3685268,3705635
1709508544377,READ,/gpfs/aquamini2/nicolasl/lammps_workdir/restart.rst.20,3705636,3726755
1709508544378,READ,/gpfs/aquamini2/nicolasl/lammps_workdir/restart.rst.20,3726756,3749771
1709508544379,READ,/gpfs/aquamini2/nicolasl/lammps_workdir/restart.rst.20,3749772,3771291
1709508544380,READ,/gpfs/aquamini2/nicolasl/lammps_workdir/restart.rst.20,3771292,3792347
1709508544381,READ,/gpfs/aquamini2/nicolasl/lammps_workdir/restart.rst.20,3792348,3823467
1709508544382,READ,/gpfs/aquamini2/nicolasl/lammps_workdir/restart.rst.20,3823468,3844659
1709508544383,READ,/gpfs/aquamini2/nicolasl/lammps_workdir/restart.rst.20,3844660,3867395
1709508544384,READ,/gpfs/aquamini2/nicolasl/lammps_workdir/restart.rst.20,3867396,3900115
1709508544385,READ,/gpfs/aquamini2/nicolasl/lammps_workdir/restart.rst.20,3900116,3921771
1709508544386,READ,/gpfs/aquamini2/nicolasl/lammps_workdir/restart.rst.20,3921772,3953019
1709508544387,READ,/gpfs/aquamini2/nicolasl/lammps_workdir/restart.rst.20,3953020,3973667
1709508544388,READ,/gpfs/aquamini2/nicolasl/lammps_workdir/restart.rst.20,3973668,3995123
1709508544389,READ,/gpfs/aquamini2/nicolasl/lammps_workdir/restart.rst.20,3995124,4015571
1709508544390,READ,/gpfs/aquamini2/nicolasl/lammps_workdir/restart.rst.20,4015572,4048091
1709508544391,READ,/gpfs/aquamini2/nicolasl/lammps_workdir/restart.rst.20,4048092,4079203
1709508544392,READ,/gpfs/aquamini2/nicolasl/lammps_workdir/restart.rst.20,4079204,4087979
1709508544393,READ,/gpfs/aquamini2/nicolasl/lammps_workdir/restart.rst.20,4087980,4122555
1709508544394,READ,/gpfs/aquamini2/nicolasl/lammps_workdir/restart.rst.20,4122556,4142587
1709508544395,READ,/gpfs/aquamini2/nicolasl/lammps_workdir/restart.rst.20,4142588,4163715
1709508544396,READ,/gpfs/aquamini2/nicolasl/lammps_workdir/restart.rst.20,4163716,4176299
1709508544566,READ,/gpfs/aquamini2/nicolasl/lammps_workdir/restart.rst.20,4176300,4216235
1709508544567,READ,/gpfs/aquamini2/nicolasl/lammps_workdir/restart.rst.20,4216236,4249155
1709508544568,READ,/gpfs/aquamini2/nicolasl/lammps_workdir/restart.rst.20,4249156,4271275
1709508544569,READ,/gpfs/aquamini2/nicolasl/lammps_workdir/restart.rst.20,4271276,4316227
1709508544570,READ,/gpfs/aquamini2/nicolasl/lammps_workdir/restart.rst.20,4316228,4345771
1709508544571,READ,/gpfs/aquamini2/nicolasl/lammps_workdir/restart.rst.20,4345772,4357171
1709508544572,READ,/gpfs/aquamini2/nicolasl/lammps_workdir/restart.rst.20,4357172,4387707
1709508544573,READ,/gpfs/aquamini2/nicolasl/lammps_workdir/restart.rst.20,4387708,4407331
1709508544574,READ,/gpfs/aquamini2/nicolasl/lammps_workdir/restart.rst.20,4407332,4453387
1709508544575,READ,/gpfs/aquamini2/nicolasl/lammps_workdir/restart.rst.20,4453388,4471499
1709508544576,READ,/gpfs/aquamini2/nicolasl/lammps_workdir/restart.rst.20,4471500,4491203
1709508544577,READ,/gpfs/aquamini2/nicolasl/lammps_workdir/restart.rst.20,4491204,4516043
1709508544578,READ,/gpfs/aquamini2/nicolasl/lammps_workdir/restart.rst.20,4516044,4538691
1709508544579,READ,/gpfs/aquamini2/nicolasl/lammps_workdir/restart.rst.20,4538692,4578131
1709508544580,READ,/gpfs/aquamini2/nicolasl/lammps_workdir/restart.rst.20,4578132,4618003
1709508544581,READ,/gpfs/aquamini2/nicolasl/lammps_workdir/restart.rst.20,4618004,4641003
1709508544582,READ,/gpfs/aquamini2/nicolasl/lammps_workdir/restart.rst.20,4641004,4660763
1709508544583,READ,/gpfs/aquamini2/nicolasl/lammps_workdir/restart.rst.20,4660764,4684267
1709508544584,READ,/gpfs/aquamini2/nicolasl/lammps_workdir/restart.rst.20,4684268,4727115
1709508544585,READ,/gpfs/aquamini2/nicolasl/lammps_workdir/restart.rst.20,4727116,4752051
1709508544586,READ,/gpfs/aquamini2/nicolasl/lammps_workdir/restart.rst.20,4752052,4774051
1709508544587,READ,/gpfs/aquamini2/nicolasl/lammps_workdir/restart.rst.20,4774052,4797499
1709508544588,READ,/gpfs/aquamini2/nicolasl/lammps_workdir/restart.rst.20,4797500,4843171
1709508544589,READ,/gpfs/aquamini2/nicolasl/lammps_workdir/restart.rst.20,4843172,4878267
1709508544590,READ,/gpfs/aquamini2/nicolasl/lammps_workdir/restart.rst.20,4878268,4899795
1709508544591,READ,/gpfs/aquamini2/nicolasl/lammps_workdir/restart.rst.20,4899796,4917491
1709508544592,READ,/gpfs/aquamini2/nicolasl/lammps_workdir/restart.rst.20,4917492,4948515
1709508544593,READ,/gpfs/aquamini2/nicolasl/lammps_workdir/restart.rst.20,4948516,4970107
1709508544594,READ,/gpfs/aquamini2/nicolasl/lammps_workdir/restart.rst.20,4970108,4989883
1709508544595,READ,/gpfs/aquamini2/nicolasl/lammps_workdir/restart.rst.20,4989884,5011699
1709508544596,READ,/gpfs/aquamini2/nicolasl/lammps_workdir/restart.rst.20,5011700,5032555
1709508544597,READ,/gpfs/aquamini2/nicolasl/lammps_workdir/restart.rst.20,5032556,5064075
1709508544598,READ,/gpfs/aquamini2/nicolasl/lammps_workdir/restart.rst.20,5064076,5086939
1709508544599,READ,/gpfs/aquamini2/nicolasl/lammps_workdir/restart.rst.20,5086940,5108531
1709508544600,READ,/gpfs/aquamini2/nicolasl/lammps_workdir/restart.rst.20,5108532,5127835
1709508544601,READ,/gpfs/aquamini2/nicolasl/lammps_workdir/restart.rst.20,5127836,5149827
1709508544602,READ,/gpfs/aquamini2/nicolasl/lammps_workdir/restart.rst.20,5149828,5179795
1709508544603,READ,/gpfs/aquamini2/nicolasl/lammps_workdir/restart.rst.20,5179796,5201459
1709508544604,READ,/gpfs/aquamini2/nicolasl/lammps_workdir/restart.rst.20,5201460,5221835
1709508544605,READ,/gpfs/aquamini2/nicolasl/lammps_workdir/restart.rst.20,5221836,5243699
1709508544606,READ,/gpfs/aquamini2/nicolasl/lammps_workdir/restart.rst.20,5243700,5275483
1709508544607,READ,/gpfs/aquamini2/nicolasl/lammps_workdir/restart.rst.20,5275484,5296467
1709508544608,READ,/gpfs/aquamini2/nicolasl/lammps_workdir/restart.rst.20,5296468,5318395
1709508544609,READ,/gpfs/aquamini2/nicolasl/lammps_workdir/restart.rst.20,5318396,5339051
1709508544610,READ,/gpfs/aquamini2/nicolasl/lammps_workdir/restart.rst.20,5339052,5370963
1709508544611,READ,/gpfs/aquamini2/nicolasl/lammps_workdir/restart.rst.20,5370964,5391547
1709508544612,READ,/gpfs/aquamini2/nicolasl/lammps_workdir/restart.rst.20,5391548,5412531
1709508544613,READ,/gpfs/aquamini2/nicolasl/lammps_workdir/restart.rst.20,5412532,5445059
1709508544614,READ,/gpfs/aquamini2/nicolasl/lammps_workdir/restart.rst.20,5445060,5465035
1709508544615,READ,/gpfs/aquamini2/nicolasl/lammps_workdir/restart.rst.20,5465036,5488235
1709508544616,READ,/gpfs/aquamini2/nicolasl/lammps_workdir/restart.rst.20,5488236,5510307
1709508544617,READ,/gpfs/aquamini2/nicolasl/lammps_workdir/restart.rst.20,5510308,5543099
1709508544618,READ,/gpfs/aquamini2/nicolasl/lammps_workdir/restart.rst.20,5543100,5563459
1709508544619,READ,/gpfs/aquamini2/nicolasl/lammps_workdir/restart.rst.20,5563460,5585443
1709508544620,READ,/gpfs/aquamini2/nicolasl/lammps_workdir/restart.rst.20,5585444,5596643
1709508544621,READ,/gpfs/aquamini2/nicolasl/lammps_workdir/restart.rst.20,5596644,5618699
1709508544622,READ,/gpfs/aquamini2/nicolasl/lammps_workdir/restart.rst.20,5618700,5641555
1709508544623,READ,/gpfs/aquamini2/nicolasl/lammps_workdir/restart.rst.20,5641556,5666131
1709508544624,READ,/gpfs/aquamini2/nicolasl/lammps_workdir/restart.rst.20,5666132,5702235
1709508544625,READ,/gpfs/aquamini2/nicolasl/lammps_workdir/restart.rst.20,5702236,5722907
1709508544626,READ,/gpfs/aquamini2/nicolasl/lammps_workdir/restart.rst.20,5722908,5757459
1709508544628,READ,/gpfs/aquamini2/nicolasl/lammps_workdir/restart.rst.20,5757460,5798475
1709508544629,READ,/gpfs/aquamini2/nicolasl/lammps_workdir/restart.rst.20,5798476,5821595
1709508544630,READ,/gpfs/aquamini2/nicolasl/lammps_workdir/restart.rst.20,5821596,5843003
1709508544631,READ,/gpfs/aquamini2/nicolasl/lammps_workdir/restart.rst.20,5843004,5878587
1709508544632,READ,/gpfs/aquamini2/nicolasl/lammps_workdir/restart.rst.20,5878588,5906331
1709508544633,READ,/gpfs/aquamini2/nicolasl/lammps_workdir/restart.rst.20,5906332,5934755
1709508544634,READ,/gpfs/aquamini2/nicolasl/lammps_workdir/restart.rst.20,5934756,5946027
1709508544635,READ,/gpfs/aquamini2/nicolasl/lammps_workdir/restart.rst.20,5946028,5959995
1709508544636,READ,/gpfs/aquamini2/nicolasl/lammps_workdir/restart.rst.20,5959996,5984403
1709508544637,READ,/gpfs/aquamini2/nicolasl/lammps_workdir/restart.rst.20,5984404,6031435
1709508544638,READ,/gpfs/aquamini2/nicolasl/lammps_workdir/restart.rst.20,6031436,6062179
1709508544639,READ,/gpfs/aquamini2/nicolasl/lammps_workdir/restart.rst.20,6062180,6085803
1709508544640,READ,/gpfs/aquamini2/nicolasl/lammps_workdir/restart.rst.20,6085804,6106691
1709508544641,READ,/gpfs/aquamini2/nicolasl/lammps_workdir/restart.rst.20,6106692,6147019
1709508544642,READ,/gpfs/aquamini2/nicolasl/lammps_workdir/restart.rst.20,6147020,6176035
1709508544643,READ,/gpfs/aquamini2/nicolasl/lammps_workdir/restart.rst.20,6176036,6197563
1709508544644,READ,/gpfs/aquamini2/nicolasl/lammps_workdir/restart.rst.20,6197564,6222219
1709508544645,READ,/gpfs/aquamini2/nicolasl/lammps_workdir/restart.rst.20,6222220,6251707
1709508544646,READ,/gpfs/aquamini2/nicolasl/lammps_workdir/restart.rst.20,6251708,6273091
1709508544647,READ,/gpfs/aquamini2/nicolasl/lammps_workdir/restart.rst.20,6273092,6294683
1709508544648,READ,/gpfs/aquamini2/nicolasl/lammps_workdir/restart.rst.20,6294684,6315539
1709508544649,READ,/gpfs/aquamini2/nicolasl/lammps_workdir/restart.rst.20,6315540,6343059
1709508544650,READ,/gpfs/aquamini2/nicolasl/lammps_workdir/restart.rst.20,6343060,6362099
1709508544651,READ,/gpfs/aquamini2/nicolasl/lammps_workdir/restart.rst.20,6362100,6384299
1709508544652,READ,/gpfs/aquamini2/nicolasl/lammps_workdir/restart.rst.20,6384300,6417963
1709508544653,READ,/gpfs/aquamini2/nicolasl/lammps_workdir/restart.rst.20,6417964,6439755
1709508544654,READ,/gpfs/aquamini2/nicolasl/lammps_workdir/restart.rst.20,6439756,6461947
1709508544655,READ,/gpfs/aquamini2/nicolasl/lammps_workdir/restart.rst.20,6461948,6491507
1709508544656,READ,/gpfs/aquamini2/nicolasl/lammps_workdir/restart.rst.20,6491508,6511347
1709508544657,READ,/gpfs/aquamini2/nicolasl/lammps_workdir/restart.rst.20,6511348,6532067
1709508544658,READ,/gpfs/aquamini2/nicolasl/lammps_workdir/restart.rst.20,6532068,6552643
1709508544659,READ,/gpfs/aquamini2/nicolasl/lammps_workdir/restart.rst.20,6552644,6573099
1709508544660,READ,/gpfs/aquamini2/nicolasl/lammps_workdir/restart.rst.20,6573100,6607707
1709508544661,READ,/gpfs/aquamini2/nicolasl/lammps_workdir/restart.rst.20,6607708,6629035
1709508544662,READ,/gpfs/aquamini2/nicolasl/lammps_workdir/restart.rst.20,6629036,6649811
1709508544663,READ,/gpfs/aquamini2/nicolasl/lammps_workdir/restart.rst.20,6649812,6673019
1709508544664,READ,/gpfs/aquamini2/nicolasl/lammps_workdir/restart.rst.20,6673020,6692987
1709508544665,READ,/gpfs/aquamini2/nicolasl/lammps_workdir/restart.rst.20,6692988,6727531
1709508544666,READ,/gpfs/aquamini2/nicolasl/lammps_workdir/restart.rst.20,6727532,6749123
1709508544667,READ,/gpfs/aquamini2/nicolasl/lammps_workdir/restart.rst.20,6749124,6770787
1709508544668,READ,/gpfs/aquamini2/nicolasl/lammps_workdir/restart.rst.20,6770788,6792779
1709508544669,READ,/gpfs/aquamini2/nicolasl/lammps_workdir/restart.rst.20,6792780,6814171
1709508544670,READ,/gpfs/aquamini2/nicolasl/lammps_workdir/restart.rst.20,6814172,6836099
1709508544671,READ,/gpfs/aquamini2/nicolasl/lammps_workdir/restart.rst.20,6836100,6865459
1709508544672,READ,/gpfs/aquamini2/nicolasl/lammps_workdir/restart.rst.20,6865460,6887259
1709508544673,READ,/gpfs/aquamini2/nicolasl/lammps_workdir/restart.rst.20,6887260,6920051
1709508544674,READ,/gpfs/aquamini2/nicolasl/lammps_workdir/restart.rst.20,6920052,6942315
1709508544675,READ,/gpfs/aquamini2/nicolasl/lammps_workdir/restart.rst.20,6942316,6952507
1709508544676,READ,/gpfs/aquamini2/nicolasl/lammps_workdir/restart.rst.20,6952508,6972347
1709508544677,READ,/gpfs/aquamini2/nicolasl/lammps_workdir/restart.rst.20,6972348,7002771
1709508544678,READ,/gpfs/aquamini2/nicolasl/lammps_workdir/restart.rst.20,7002772,7024835
1709508544679,READ,/gpfs/aquamini2/nicolasl/lammps_workdir/restart.rst.20,7024836,7046011
1709508544680,READ,/gpfs/aquamini2/nicolasl/lammps_workdir/restart.rst.20,7046012,7067275
1709508544681,READ,/gpfs/aquamini2/nicolasl/lammps_workdir/restart.rst.20,7067276,7100547
1709508544682,READ,/gpfs/aquamini2/nicolasl/lammps_workdir/restart.rst.20,7100548,7122947
1709508544683,READ,/gpfs/aquamini2/nicolasl/lammps_workdir/restart.rst.20,7122948,7158483
1709508544684,READ,/gpfs/aquamini2/nicolasl/lammps_workdir/restart.rst.20,7158484,7168195
1709508544685,READ,/gpfs/aquamini2/nicolasl/lammps_workdir/restart.rst.20,7168196,7188243
1709508544686,READ,/gpfs/aquamini2/nicolasl/lammps_workdir/restart.rst.20,7188244,7223507
1709508544687,READ,/gpfs/aquamini2/nicolasl/lammps_workdir/restart.rst.20,7223508,7245107
1709508544688,READ,/gpfs/aquamini2/nicolasl/lammps_workdir/restart.rst.20,7245108,7267179
1709508544689,READ,/gpfs/aquamini2/nicolasl/lammps_workdir/restart.rst.20,7267180,7292619
1709508544690,READ,/gpfs/aquamini2/nicolasl/lammps_workdir/restart.rst.20,7292620,7317747
1709508544691,READ,/gpfs/aquamini2/nicolasl/lammps_workdir/restart.rst.20,7317748,7350051
1709508544692,READ,/gpfs/aquamini2/nicolasl/lammps_workdir/restart.rst.20,7350052,7370227
1709508544693,READ,/gpfs/aquamini2/nicolasl/lammps_workdir/restart.rst.20,7370228,7391195
1709508544694,READ,/gpfs/aquamini2/nicolasl/lammps_workdir/restart.rst.20,7391196,7424459
1709508544695,READ,/gpfs/aquamini2/nicolasl/lammps_workdir/restart.rst.20,7424460,7446643
1709508544696,READ,/gpfs/aquamini2/nicolasl/lammps_workdir/restart.rst.20,7446644,7467971
1709508544697,READ,/gpfs/aquamini2/nicolasl/lammps_workdir/restart.rst.20,7467972,7502243
1709508544698,READ,/gpfs/aquamini2/nicolasl/lammps_workdir/restart.rst.20,7502244,7513587
1709508544699,READ,/gpfs/aquamini2/nicolasl/lammps_workdir/restart.rst.20,7513588,7547131
1709508544700,READ,/gpfs/aquamini2/nicolasl/lammps_workdir/restart.rst.20,7547132,7569603
1709508544701,READ,/gpfs/aquamini2/nicolasl/lammps_workdir/restart.rst.20,7569604,7591739
1709508544702,READ,/gpfs/aquamini2/nicolasl/lammps_workdir/restart.rst.20,7591740,7611379
1709508544703,READ,/gpfs/aquamini2/nicolasl/lammps_workdir/restart.rst.20,7611380,7642427
1709508544704,READ,/gpfs/aquamini2/nicolasl/lammps_workdir/restart.rst.20,7642428,7665371
1709508544705,READ,/gpfs/aquamini2/nicolasl/lammps_workdir/restart.rst.20,7665372,7686891
1709508544706,READ,/gpfs/aquamini2/nicolasl/lammps_workdir/restart.rst.20,7686892,7708019
1709508544707,READ,/gpfs/aquamini2/nicolasl/lammps_workdir/restart.rst.20,7708020,7729339
1709508544708,READ,/gpfs/aquamini2/nicolasl/lammps_workdir/restart.rst.20,7729340,7750867
1709508544709,READ,/gpfs/aquamini2/nicolasl/lammps_workdir/restart.rst.20,7750868,7782115
1709508544710,READ,/gpfs/aquamini2/nicolasl/lammps_workdir/restart.rst.20,7782116,7804251
1709508544711,READ,/gpfs/aquamini2/nicolasl/lammps_workdir/restart.rst.20,7804252,7825979
1709508544712,READ,/gpfs/aquamini2/nicolasl/lammps_workdir/restart.rst.20,7825980,7847443
1709508544713,READ,/gpfs/aquamini2/nicolasl/lammps_workdir/restart.rst.20,7847444,7866139
1709508544714,READ,/gpfs/aquamini2/nicolasl/lammps_workdir/restart.rst.20,7866140,7899339
1709508544715,READ,/gpfs/aquamini2/nicolasl/lammps_workdir/restart.rst.20,7899340,7919787
1709508544716,READ,/gpfs/aquamini2/nicolasl/lammps_workdir/restart.rst.20,7919788,7941779
1709508544717,READ,/gpfs/aquamini2/nicolasl/lammps_workdir/restart.rst.20,7941780,7970459
1709508544718,READ,/gpfs/aquamini2/nicolasl/lammps_workdir/restart.rst.20,7970460,7991435
1709508544719,READ,/gpfs/aquamini2/nicolasl/lammps_workdir/restart.rst.20,7991436,8011619
1709508544720,READ,/gpfs/aquamini2/nicolasl/lammps_workdir/restart.rst.20,8011620,8032195
1709508544721,READ,/gpfs/aquamini2/nicolasl/lammps_workdir/restart.rst.20,8032196,8053659
1709508544722,READ,/gpfs/aquamini2/nicolasl/lammps_workdir/restart.rst.20,8053660,8074587
1709508544723,READ,/gpfs/aquamini2/nicolasl/lammps_workdir/restart.rst.20,8074588,8094963
1709508544724,READ,/gpfs/aquamini2/nicolasl/lammps_workdir/restart.rst.20,8094964,8128307
1709508544725,READ,/gpfs/aquamini2/nicolasl/lammps_workdir/restart.rst.20,8128308,8148419
1709508544726,READ,/gpfs/aquamini2/nicolasl/lammps_workdir/restart.rst.20,8148420,8170411
1709508544727,READ,/gpfs/aquamini2/nicolasl/lammps_workdir/restart.rst.20,8170412,8202587
1709508544728,READ,/gpfs/aquamini2/nicolasl/lammps_workdir/restart.rst.20,8202588,8223235
1709508544729,READ,/gpfs/aquamini2/nicolasl/lammps_workdir/restart.rst.20,8223236,8246523
1709508544730,READ,/gpfs/aquamini2/nicolasl/lammps_workdir/restart.rst.20,8246524,8278971
1709508544731,READ,/gpfs/aquamini2/nicolasl/lammps_workdir/restart.rst.20,8278972,8301571
1709508544732,READ,/gpfs/aquamini2/nicolasl/lammps_workdir/restart.rst.20,8301572,8324987
1709508544733,READ,/gpfs/aquamini2/nicolasl/lammps_workdir/restart.rst.20,8324988,8359331
1709508544734,READ,/gpfs/aquamini2/nicolasl/lammps_workdir/restart.rst.20,8359332,8380115
1709508544735,READ,/gpfs/aquamini2/nicolasl/lammps_workdir/restart.rst.20,8380116,8402459
1709508544736,READ,/gpfs/aquamini2/nicolasl/lammps_workdir/restart.rst.20,8402460,8424995
1709508544737,READ,/gpfs/aquamini2/nicolasl/lammps_workdir/restart.rst.20,8424996,8447395
1709508544738,READ,/gpfs/aquamini2/nicolasl/lammps_workdir/restart.rst.20,8447396,8467971
1709508544739,READ,/gpfs/aquamini2/nicolasl/lammps_workdir/restart.rst.20,8467972,8489027
1709508544740,READ,/gpfs/aquamini2/nicolasl/lammps_workdir/restart.rst.20,8489028,8511227
1709508544741,READ,/gpfs/aquamini2/nicolasl/lammps_workdir/restart.rst.20,8511228,8541259
1709508544742,READ,/gpfs/aquamini2/nicolasl/lammps_workdir/restart.rst.20,8541260,8561235
1709508544743,READ,/gpfs/aquamini2/nicolasl/lammps_workdir/restart.rst.20,8561236,8582955
1709508544744,READ,/gpfs/aquamini2/nicolasl/lammps_workdir/restart.rst.20,8582956,8603803
1709508544745,READ,/gpfs/aquamini2/nicolasl/lammps_workdir/restart.rst.20,8603804,8625867
1709508544746,READ,/gpfs/aquamini2/nicolasl/lammps_workdir/restart.rst.20,8625868,8646451
1709508544747,READ,/gpfs/aquamini2/nicolasl/lammps_workdir/restart.rst.20,8646452,8678699
1709508544748,READ,/gpfs/aquamini2/nicolasl/lammps_workdir/restart.rst.20,8678700,8699419
1709508544749,READ,/gpfs/aquamini2/nicolasl/lammps_workdir/restart.rst.20,8699420,8721083
1709508544750,READ,/gpfs/aquamini2/nicolasl/lammps_workdir/restart.rst.20,8721084,8744371
1709508544751,READ,/gpfs/aquamini2/nicolasl/lammps_workdir/restart.rst.20,8744372,8767107
1709508544752,READ,/gpfs/aquamini2/nicolasl/lammps_workdir/restart.rst.20,8767108,8788235
1709508544753,READ,/gpfs/aquamini2/nicolasl/lammps_workdir/restart.rst.20,8788236,8810307
1709508544754,READ,/gpfs/aquamini2/nicolasl/lammps_workdir/restart.rst.20,8810308,8843899
1709508544755,READ,/gpfs/aquamini2/nicolasl/lammps_workdir/restart.rst.20,8843900,8866563
1709508544756,READ,/gpfs/aquamini2/nicolasl/lammps_workdir/restart.rst.20,8866564,8887683
1709508544757,READ,/gpfs/aquamini2/nicolasl/lammps_workdir/restart.rst.20,8887684,8918923
1709508544758,READ,/gpfs/aquamini2/nicolasl/lammps_workdir/restart.rst.20,8918924,8940251
1709508544759,READ,/gpfs/aquamini2/nicolasl/lammps_workdir/restart.rst.20,8940252,8962731
1709508544760,READ,/gpfs/aquamini2/nicolasl/lammps_workdir/restart.rst.20,8962732,8984187
1709508544761,READ,/gpfs/aquamini2/nicolasl/lammps_workdir/restart.rst.20,8984188,9016179
1709508544762,READ,/gpfs/aquamini2/nicolasl/lammps_workdir/restart.rst.20,9016180,9037163
1709508544763,READ,/gpfs/aquamini2/nicolasl/lammps_workdir/restart.rst.20,9037164,9059491
1709508544764,READ,/gpfs/aquamini2/nicolasl/lammps_workdir/restart.rst.20,9059492,9081083
1709508544765,READ,/gpfs/aquamini2/nicolasl/lammps_workdir/restart.rst.20,9081084,9101323
1709508544766,READ,/gpfs/aquamini2/nicolasl/lammps_workdir/restart.rst.20,9101324,9126019
1709508544767,READ,/gpfs/aquamini2/nicolasl/lammps_workdir/restart.rst.20,9126020,9159019
1709508544768,READ,/gpfs/aquamini2/nicolasl/lammps_workdir/restart.rst.20,9159020,9179675
1709508544769,READ,/gpfs/aquamini2/nicolasl/lammps_workdir/restart.rst.20,9179676,9200595
1709508544770,READ,/gpfs/aquamini2/nicolasl/lammps_workdir/restart.rst.20,9200596,9220307
1709508544771,READ,/gpfs/aquamini2/nicolasl/lammps_workdir/restart.rst.20,9220308,9252491
1709508544772,READ,/gpfs/aquamini2/nicolasl/lammps_workdir/restart.rst.20,9252492,9274291
1709508544773,READ,/gpfs/aquamini2/nicolasl/lammps_workdir/restart.rst.20,9274292,9298251
1709508544774,READ,/gpfs/aquamini2/nicolasl/lammps_workdir/restart.rst.20,9298252,9329275
1709508544775,READ,/gpfs/aquamini2/nicolasl/lammps_workdir/restart.rst.20,9329276,9349451
1709508544776,READ,/gpfs/aquamini2/nicolasl/lammps_workdir/restart.rst.20,9349452,9371779
1709508544777,READ,/gpfs/aquamini2/nicolasl/lammps_workdir/restart.rst.20,9371780,9393571
1709508544778,READ,/gpfs/aquamini2/nicolasl/lammps_workdir/restart.rst.20,9393572,9414971
1709508544779,READ,/gpfs/aquamini2/nicolasl/lammps_workdir/restart.rst.20,9414972,9447083
1709508544780,READ,/gpfs/aquamini2/nicolasl/lammps_workdir/restart.rst.20,9447084,9467739
1709508544781,READ,/gpfs/aquamini2/nicolasl/lammps_workdir/restart.rst.20,9467740,9487779
1709508544782,READ,/gpfs/aquamini2/nicolasl/lammps_workdir/restart.rst.20,9487780,9508491
1709508544783,READ,/gpfs/aquamini2/nicolasl/lammps_workdir/restart.rst.20,9508492,9539875
1709508544784,READ,/gpfs/aquamini2/nicolasl/lammps_workdir/restart.rst.20,9539876,9560107
1709508544785,READ,/gpfs/aquamini2/nicolasl/lammps_workdir/restart.rst.20,9560108,9579411
1709508544786,READ,/gpfs/aquamini2/nicolasl/lammps_workdir/restart.rst.20,9579412,9613691
1709508544787,READ,/gpfs/aquamini2/nicolasl/lammps_workdir/restart.rst.20,9613692,9636227
1709508544788,READ,/gpfs/aquamini2/nicolasl/lammps_workdir/restart.rst.20,9636228,9655267
1709508544789,READ,/gpfs/aquamini2/nicolasl/lammps_workdir/restart.rst.20,9655268,9676379
1709508544790,READ,/gpfs/aquamini2/nicolasl/lammps_workdir/restart.rst.20,9676380,9698443
1709508544791,READ,/gpfs/aquamini2/nicolasl/lammps_workdir/restart.rst.20,9698444,9730627
1709508544792,READ,/gpfs/aquamini2/nicolasl/lammps_workdir/restart.rst.20,9730628,9753627
1709508544793,READ,/gpfs/aquamini2/nicolasl/lammps_workdir/restart.rst.20,9753628,9774011
1709508544794,READ,/gpfs/aquamini2/nicolasl/lammps_workdir/restart.rst.20,9774012,9795331
1709508544795,READ,/gpfs/aquamini2/nicolasl/lammps_workdir/restart.rst.20,9795332,9828403
1709508544796,READ,/gpfs/aquamini2/nicolasl/lammps_workdir/restart.rst.20,9828404,9847507
1709508544797,READ,/gpfs/aquamini2/nicolasl/lammps_workdir/restart.rst.20,9847508,9867339
1709508544798,READ,/gpfs/aquamini2/nicolasl/lammps_workdir/restart.rst.20,9867340,9888475
1709508544799,READ,/gpfs/aquamini2/nicolasl/lammps_workdir/restart.rst.20,9888476,9923475
1709508544800,READ,/gpfs/aquamini2/nicolasl/lammps_workdir/restart.rst.20,9923476,9945611
1709508544801,READ,/gpfs/aquamini2/nicolasl/lammps_workdir/restart.rst.20,9945612,9966603
1709508544802,READ,/gpfs/aquamini2/nicolasl/lammps_workdir/restart.rst.20,9966604,9988531
1709508544803,READ,/gpfs/aquamini2/nicolasl/lammps_workdir/restart.rst.20,9988532,10010731
1709508544804,READ,/gpfs/aquamini2/nicolasl/lammps_workdir/restart.rst.20,10010732,10029619
1709508544805,READ,/gpfs/aquamini2/nicolasl/lammps_workdir/restart.rst.20,10029620,10061275
1709508544806,READ,/gpfs/aquamini2/nicolasl/lammps_workdir/restart.rst.20,10061276,10082331
1709508544807,READ,/gpfs/aquamini2/nicolasl/lammps_workdir/restart.rst.20,10082332,10103923
1709508544808,READ,/gpfs/aquamini2/nicolasl/lammps_workdir/restart.rst.20,10103924,10125043
1709508544809,READ,/gpfs/aquamini2/nicolasl/lammps_workdir/restart.rst.20,10125044,10147043
1709508544810,READ,/gpfs/aquamini2/nicolasl/lammps_workdir/restart.rst.20,10147044,10169779
1709508544811,READ,/gpfs/aquamini2/nicolasl/lammps_workdir/restart.rst.20,10169780,10199339
1709508544812,READ,/gpfs/aquamini2/nicolasl/lammps_workdir/restart.rst.20,10199340,10221875
1709508544813,READ,/gpfs/aquamini2/nicolasl/lammps_workdir/restart.rst.20,10221876,10243603
1709508544814,READ,/gpfs/aquamini2/nicolasl/lammps_workdir/restart.rst.20,10243604,10253739
1709508548641,READ,/gpfs/aquamini2/nicolasl/lammps_workdir/restart.rst.30,0,18100
1709508548642,READ,/gpfs/aquamini2/nicolasl/lammps_workdir/restart.rst.30,18101,62595
1709508548643,READ,/gpfs/aquamini2/nicolasl/lammps_workdir/restart.rst.30,62596,112539
1709508548644,READ,/gpfs/aquamini2/nicolasl/lammps_workdir/restart.rst.30,112540,133531
1709508548645,READ,/gpfs/aquamini2/nicolasl/lammps_workdir/restart.rst.30,133532,185891
1709508548646,READ,/gpfs/aquamini2/nicolasl/lammps_workdir/restart.rst.30,185892,250595
1709508548647,READ,/gpfs/aquamini2/nicolasl/lammps_workdir/restart.rst.30,250596,316251
1709508548648,READ,/gpfs/aquamini2/nicolasl/lammps_workdir/restart.rst.30,316252,369555
1709508548649,READ,/gpfs/aquamini2/nicolasl/lammps_workdir/restart.rst.30,369556,421587
1709508548650,READ,/gpfs/aquamini2/nicolasl/lammps_workdir/restart.rst.30,421588,486507
1709508548651,READ,/gpfs/aquamini2/nicolasl/lammps_workdir/restart.rst.30,486508,551619
1709508548652,READ,/gpfs/aquamini2/nicolasl/lammps_workdir/restart.rst.30,551620,605203
1709508548653,READ,/gpfs/aquamini2/nicolasl/lammps_workdir/restart.rst.30,605204,669507
1709508548654,READ,/gpfs/aquamini2/nicolasl/lammps_workdir/restart.rst.30,669508,699811
1709508548655,READ,/gpfs/aquamini2/nicolasl/lammps_workdir/restart.rst.30,699812,732131
1709508548656,READ,/gpfs/aquamini2/nicolasl/lammps_workdir/restart.rst.30,732132,752315
1709508548657,READ,/gpfs/aquamini2/nicolasl/lammps_workdir/restart.rst.30,752316,785851
1709508548658,READ,/gpfs/aquamini2/nicolasl/lammps_workdir/restart.rst.30,785852,806779
1709508548659,READ,/gpfs/aquamini2/nicolasl/lammps_workdir/restart.rst.30,806780,828371
1709508548660,READ,/gpfs/aquamini2/nicolasl/lammps_workdir/restart.rst.30,828372,849083
1709508548661,READ,/gpfs/aquamini2/nicolasl/lammps_workdir/restart.rst.30,849084,879787
1709508548662,READ,/gpfs/aquamini2/nicolasl/lammps_workdir/restart.rst.30,879788,901099
1709508548663,READ,/gpfs/aquamini2/nicolasl/lammps_workdir/restart.rst.30,901100,924515
1709508548664,READ,/gpfs/aquamini2/nicolasl/lammps_workdir/restart.rst.30,924516,955355
1709508548665,READ,/gpfs/aquamini2/nicolasl/lammps_workdir/restart.rst.30,955356,976819
1709508548666,READ,/gpfs/aquamini2/nicolasl/lammps_workdir/restart.rst.30,976820,1009691
1709508548667,READ,/gpfs/aquamini2/nicolasl/lammps_workdir/restart.rst.30,1009692,1030539
1709508548668,READ,/gpfs/aquamini2/nicolasl/lammps_workdir/restart.rst.30,1030540,1050715
1709508548669,READ,/gpfs/aquamini2/nicolasl/lammps_workdir/restart.rst.30,1050716,1073787
1709508548670,READ,/gpfs/aquamini2/nicolasl/lammps_workdir/restart.rst.30,1073788,1105171
1709508548671,READ,/gpfs/aquamini2/nicolasl/lammps_workdir/restart.rst.30,1105172,1127163
1709508548672,READ,/gpfs/aquamini2/nicolasl/lammps_workdir/restart.rst.30,1127164,1147947
1709508548673,READ,/gpfs/aquamini2/nicolasl/lammps_workdir/restart.rst.30,1147948,1181747
1709508548674,READ,/gpfs/aquamini2/nicolasl/lammps_workdir/restart.rst.30,1181748,1204019
1709508548675,READ,/gpfs/aquamini2/nicolasl/lammps_workdir/restart.rst.30,1204020,1222851
1709508548676,READ,/gpfs/aquamini2/nicolasl/lammps_workdir/restart.rst.30,1222852,1244099
1709508548677,READ,/gpfs/aquamini2/nicolasl/lammps_workdir/restart.rst.30,1244100,1274995
1709508548678,READ,/gpfs/aquamini2/nicolasl/lammps_workdir/restart.rst.30,1274996,1297531
1709508548679,READ,/gpfs/aquamini2/nicolasl/lammps_workdir/restart.rst.30,1297532,1316771
1709508548680,READ,/gpfs/aquamini2/nicolasl/lammps_workdir/restart.rst.30,1316772,1350371
1709508548681,READ,/gpfs/aquamini2/nicolasl/lammps_workdir/restart.rst.30,1350372,1371363
1709508548682,READ,/gpfs/aquamini2/nicolasl/lammps_workdir/restart.rst.30,1371364,1393427
1709508548683,READ,/gpfs/aquamini2/nicolasl/lammps_workdir/restart.rst.30,1393428,1417107
1709508548684,READ,/gpfs/aquamini2/nicolasl/lammps_workdir/restart.rst.30,1417108,1436411
1709508548685,READ,/gpfs/aquamini2/nicolasl/lammps_workdir/restart.rst.30,1436412,1457531
1709508548686,READ,/gpfs/aquamini2/nicolasl/lammps_workdir/restart.rst.30,1457532,1488435
1709508548687,READ,/gpfs/aquamini2/nicolasl/lammps_workdir/restart.rst.30,1488436,1509827
1709508548688,READ,/gpfs/aquamini2/nicolasl/lammps_workdir/restart.rst.30,1509828,1543155
1709508548689,READ,/gpfs/aquamini2/nicolasl/lammps_workdir/restart.rst.30,1543156,1563811
1709508548690,READ,/gpfs/aquamini2/nicolasl/lammps_workdir/restart.rst.30,1563812,1594307
1709508548691,READ,/gpfs/aquamini2/nicolasl/lammps_workdir/restart.rst.30,1594308,1615771
1709508548692,READ,/gpfs/aquamini2/nicolasl/lammps_workdir/restart.rst.30,1615772,1636955
1709508548693,READ,/gpfs/aquamini2/nicolasl/lammps_workdir/restart.rst.30,1636956,1656875
1709508548694,READ,/gpfs/aquamini2/nicolasl/lammps_workdir/restart.rst.30,1656876,1678331
1709508548695,READ,/gpfs/aquamini2/nicolasl/lammps_workdir/restart.rst.30,1678332,1711059
1709508548696,READ,/gpfs/aquamini2/nicolasl/lammps_workdir/restart.rst.30,1711060,1732651
1709508548697,READ,/gpfs/aquamini2/nicolasl/lammps_workdir/restart.rst.30,1732652,1754523
1709508548698,READ,/gpfs/aquamini2/nicolasl/lammps_workdir/restart.rst.30,1754524,1785739
1709508548699,READ,/gpfs/aquamini2/nicolasl/lammps_workdir/restart.rst.30,1785740,1805851
1709508548700,READ,/gpfs/aquamini2/nicolasl/lammps_workdir/restart.rst.30,1805852,1829803
1709508548701,READ,/gpfs/aquamini2/nicolasl/lammps_workdir/restart.rst.30,1829804,1861395
1709508548702,READ,/gpfs/aquamini2/nicolasl/lammps_workdir/restart.rst.30,1861396,1884067
1709508548703,READ,/gpfs/aquamini2/nicolasl/lammps_workdir/restart.rst.30,1884068,1918075
1709508548704,READ,/gpfs/aquamini2/nicolasl/lammps_workdir/restart.rst.30,1918076,1930611
1709508548705,READ,/gpfs/aquamini2/nicolasl/lammps_workdir/restart.rst.30,1930612,1971611
1709508548706,READ,/gpfs/aquamini2/nicolasl/lammps_workdir/restart.rst.30,1971612,1994483
1709508548707,READ,/gpfs/aquamini2/nicolasl/lammps_workdir/restart.rst.30,1994484,2017155
1709508548708,READ,/gpfs/aquamini2/nicolasl/lammps_workdir/restart.rst.30,2017156,2041443
1709508548709,READ,/gpfs/aquamini2/nicolasl/lammps_workdir/restart.rst.30,2041444,2073531
1709508548710,READ,/gpfs/aquamini2/nicolasl/lammps_workdir/restart.rst.30,2073532,2093243
1709508548711,READ,/gpfs/aquamini2/nicolasl/lammps_workdir/restart.rst.30,2093244,2116995
1709508548712,READ,/gpfs/aquamini2/nicolasl/lammps_workdir/restart.rst.30,2116996,2149379
1709508548713,READ,/gpfs/aquamini2/nicolasl/lammps_workdir/restart.rst.30,2149380,2171107
1709508548714,READ,/gpfs/aquamini2/nicolasl/lammps_workdir/restart.rst.30,2171108,2203563
1709508548715,READ,/gpfs/aquamini2/nicolasl/lammps_workdir/restart.rst.30,2203564,2223667
1709508548716,READ,/gpfs/aquamini2/nicolasl/lammps_workdir/restart.rst.30,2223668,2254843
1709508548717,READ,/gpfs/aquamini2/nicolasl/lammps_workdir/restart.rst.30,2254844,2276299
1709508548718,READ,/gpfs/aquamini2/nicolasl/lammps_workdir/restart.rst.30,2276300,2308355
1709508548719,READ,/gpfs/aquamini2/nicolasl/lammps_workdir/restart.rst.30,2308356,2330211
1709508548720,READ,/gpfs/aquamini2/nicolasl/lammps_workdir/restart.rst.30,2330212,2350467
1709508548721,READ,/gpfs/aquamini2/nicolasl/lammps_workdir/restart.rst.30,2350468,2381315
1709508548722,READ,/gpfs/aquamini2/nicolasl/lammps_workdir/restart.rst.30,2381316,2403243
1709508548723,READ,/gpfs/aquamini2/nicolasl/lammps_workdir/restart.rst.30,2403244,2423891
1709508548724,READ,/gpfs/aquamini2/nicolasl/lammps_workdir/restart.rst.30,2423892,2447019
1709508548725,READ,/gpfs/aquamini2/nicolasl/lammps_workdir/restart.rst.30,2447020,2468747
1709508548726,READ,/gpfs/aquamini2/nicolasl/lammps_workdir/restart.rst.30,2468748,2491163
1709508548727,READ,/gpfs/aquamini2/nicolasl/lammps_workdir/restart.rst.30,2491164,2511947
1709508548728,READ,/gpfs/aquamini2/nicolasl/lammps_workdir/restart.rst.30,2511948,2544547
1709508548729,READ,/gpfs/aquamini2/nicolasl/lammps_workdir/restart.rst.30,2544548,2568307
1709508548730,READ,/gpfs/aquamini2/nicolasl/lammps_workdir/restart.rst.30,2568308,2589019
1709508548731,READ,/gpfs/aquamini2/nicolasl/lammps_workdir/restart.rst.30,2589020,2621675
1709508548732,READ,/gpfs/aquamini2/nicolasl/lammps_workdir/restart.rst.30,2621676,2644883
1709508548733,READ,/gpfs/aquamini2/nicolasl/lammps_workdir/restart.rst.30,2644884,2666475
1709508548734,READ,/gpfs/aquamini2/nicolasl/lammps_workdir/restart.rst.30,2666476,2690027
1709508548735,READ,/gpfs/aquamini2/nicolasl/lammps_workdir/restart.rst.30,2690028,2720875
1709508548736,READ,/gpfs/aquamini2/nicolasl/lammps_workdir/restart.rst.30,2720876,2740859
1709508548737,READ,/gpfs/aquamini2/nicolasl/lammps_workdir/restart.rst.30,2740860,2761507
1709508548738,READ,/gpfs/aquamini2/nicolasl/lammps_workdir/restart.rst.30,2761508,2783155
1709508548739,READ,/gpfs/aquamini2/nicolasl/lammps_workdir/restart.rst.30,2783156,2817155
1709508548740,READ,/gpfs/aquamini2/nicolasl/lammps_workdir/restart.rst.30,2817156,2838091
1709508548741,READ,/gpfs/aquamini2/nicolasl/lammps_workdir/restart.rst.30,2838092,2863411
1709508548742,READ,/gpfs/aquamini2/nicolasl/lammps_workdir/restart.rst.30,2863412,2895867
1709508548743,READ,/gpfs/aquamini2/nicolasl/lammps_workdir/restart.rst.30,2895868,2931979
1709508548744,READ,/gpfs/aquamini2/nicolasl/lammps_workdir/restart.rst.30,2931980,2948411
1709508548745,READ,/gpfs/aquamini2/nicolasl/lammps_workdir/restart.rst.30,2948412,2980443
1709508548746,READ,/gpfs/aquamini2/nicolasl/lammps_workdir/restart.rst.30,2980444,3007675
1709508548747,READ,/gpfs/aquamini2/nicolasl/lammps_workdir/restart.rst.30,3007676,3040083
1709508548748,READ,/gpfs/aquamini2/nicolasl/lammps_workdir/restart.rst.30,3040084,3072843
1709508548749,READ,/gpfs/aquamini2/nicolasl/lammps_workdir/restart.rst.30,3072844,3084043
1709508548750,READ,/gpfs/aquamini2/nicolasl/lammps_workdir/restart.rst.30,3084044,3118235
1709508548751,READ,/gpfs/aquamini2/nicolasl/lammps_workdir/restart.rst.30,3118236,3143867
1709508548752,READ,/gpfs/aquamini2/nicolasl/lammps_workdir/restart.rst.30,3143868,3174291
1709508548753,READ,/gpfs/aquamini2/nicolasl/lammps_workdir/restart.rst.30,3174292,3202075
1709508548754,READ,/gpfs/aquamini2/nicolasl/lammps_workdir/restart.rst.30,3202076,3223475
1709508548755,READ,/gpfs/aquamini2/nicolasl/lammps_workdir/restart.rst.30,3223476,3264259
1709508548756,READ,/gpfs/aquamini2/nicolasl/lammps_workdir/restart.rst.30,3264260,3283331
1709508548757,READ,/gpfs/aquamini2/nicolasl/lammps_workdir/restart.rst.30,3283332,3313171
1709508548758,READ,/gpfs/aquamini2/nicolasl/lammps_workdir/restart.rst.30,3313172,3332411
1709508548759,READ,/gpfs/aquamini2/nicolasl/lammps_workdir/restart.rst.30,3332412,3367779
1709508548760,READ,/gpfs/aquamini2/nicolasl/lammps_workdir/restart.rst.30,3367780,3398963
1709508548761,READ,/gpfs/aquamini2/nicolasl/lammps_workdir/restart.rst.30,3398964,3422643
1709508548762,READ,/gpfs/aquamini2/nicolasl/lammps_workdir/restart.rst.30,3422644,3457315
1709508548763,READ,/gpfs/aquamini2/nicolasl/lammps_workdir/restart.rst.30,3457316,3481483
1709508548764,READ,/gpfs/aquamini2/nicolasl/lammps_workdir/restart.rst.30,3481484,3505627
1709508548765,READ,/gpfs/aquamini2/nicolasl/lammps_workdir/restart.rst.30,3505628,3536395
1709508548766,READ,/gpfs/aquamini2/nicolasl/lammps_workdir/restart.rst.30,3536396,3558731
1709508548767,READ,/gpfs/aquamini2/nicolasl/lammps_workdir/restart.rst.30,3558732,3580051
1709508548768,READ,/gpfs/aquamini2/nicolasl/lammps_workdir/restart.rst.30,3580052,3612643
1709508548769,READ,/gpfs/aquamini2/nicolasl/lammps_workdir/restart.rst.30,3612644,3635451
1709508548770,READ,/gpfs/aquamini2/nicolasl/lammps_workdir/restart.rst.30,3635452,3656499
1709508548771,READ,/gpfs/aquamini2/nicolasl/lammps_workdir/restart.rst.30,3656500,3677747
1709508548772,READ,/gpfs/aquamini2/nicolasl/lammps_workdir/restart.rst.30,3677748,3708315
1709508548773,READ,/gpfs/aquamini2/nicolasl/lammps_workdir/restart.rst.30,3708316,3729707
1709508548774,READ,/gpfs/aquamini2/nicolasl/lammps_workdir/restart.rst.30,3729708,3751635
1709508548775,READ,/gpfs/aquamini2/nicolasl/lammps_workdir/restart.rst.30,3751636,3773763
1709508548776,READ,/gpfs/aquamini2/nicolasl/lammps_workdir/restart.rst.30,3773764,3805899
1709508548777,READ,/gpfs/aquamini2/nicolasl/lammps_workdir/restart.rst.30,3805900,3825875
1709508548778,READ,/gpfs/aquamini2/nicolasl/lammps_workdir/restart.rst.30,3825876,3847539
1709508548779,READ,/gpfs/aquamini2/nicolasl/lammps_workdir/restart.rst.30,3847540,3880595
1709508548780,READ,/gpfs/aquamini2/nicolasl/lammps_workdir/restart.rst.30,3880596,3902923
1709508548781,READ,/gpfs/aquamini2/nicolasl/lammps_workdir/restart.rst.30,3902924,3924779
1709508548782,READ,/gpfs/aquamini2/nicolasl/lammps_workdir/restart.rst.30,3924780,3956707
1709508548783,READ,/gpfs/aquamini2/nicolasl/lammps_workdir/restart.rst.30,3956708,3977899
1709508548784,READ,/gpfs/aquamini2/nicolasl/lammps_workdir/restart.rst.30,3977900,3998203
1709508548785,READ,/gpfs/aquamini2/nicolasl/lammps_workdir/restart.rst.30,3998204,4029851
1709508548786,READ,/gpfs/aquamini2/nicolasl/lammps_workdir/restart.rst.30,4029852,4050563
1709508548787,READ,/gpfs/aquamini2/nicolasl/lammps_workdir/restart.rst.30,4050564,4081883
1709508548788,READ,/gpfs/aquamini2/nicolasl/lammps_workdir/restart.rst.30,4081884,4104347
1709508548789,READ,/gpfs/aquamini2/nicolasl/lammps_workdir/restart.rst.30,4104348,4125307
1709508548790,READ,/gpfs/aquamini2/nicolasl/lammps_workdir/restart.rst.30,4125308,4145547
1709508548791,READ,/gpfs/aquamini2/nicolasl/lammps_workdir/restart.rst.30,4145548,4177643
1709508548840,READ,/gpfs/aquamini2/nicolasl/lammps_workdir/restart.rst.30,4177644,4219491
1709508548841,READ,/gpfs/aquamini2/nicolasl/lammps_workdir/restart.rst.30,4219492,4242571
1709508548842,READ,/gpfs/aquamini2/nicolasl/lammps_workdir/restart.rst.30,4242572,4275355
1709508548843,READ,/gpfs/aquamini2/nicolasl/lammps_workdir/restart.rst.30,4275356,4297899
1709508548844,READ,/gpfs/aquamini2/nicolasl/lammps_workdir/restart.rst.30,4297900,4337283
1709508548845,READ,/gpfs/aquamini2/nicolasl/lammps_workdir/restart.rst.30,4337284,4359603
1709508548846,READ,/gpfs/aquamini2/nicolasl/lammps_workdir/restart.rst.30,4359604,4390531
1709508548847,READ,/gpfs/aquamini2/nicolasl/lammps_workdir/restart.rst.30,4390532,4410155
1709508548848,READ,/gpfs/aquamini2/nicolasl/lammps_workdir/restart.rst.30,4410156,4435475
1709508548849,READ,/gpfs/aquamini2/nicolasl/lammps_workdir/restart.rst.30,4435476,4475235
1709508548850,READ,/gpfs/aquamini2/nicolasl/lammps_workdir/restart.rst.30,4475236,4494939
1709508548851,READ,/gpfs/aquamini2/nicolasl/lammps_workdir/restart.rst.30,4494940,4520187
1709508548852,READ,/gpfs/aquamini2/nicolasl/lammps_workdir/restart.rst.30,4520188,4561755
1709508548853,READ,/gpfs/aquamini2/nicolasl/lammps_workdir/restart.rst.30,4561756,4581867
1709508548854,READ,/gpfs/aquamini2/nicolasl/lammps_workdir/restart.rst.30,4581868,4622043
1709508548855,READ,/gpfs/aquamini2/nicolasl/lammps_workdir/restart.rst.30,4622044,4644635
1709508548856,READ,/gpfs/aquamini2/nicolasl/lammps_workdir/restart.rst.30,4644636,4664651
1709508548857,READ,/gpfs/aquamini2/nicolasl/lammps_workdir/restart.rst.30,4664652,4687659
1709508548858,READ,/gpfs/aquamini2/nicolasl/lammps_workdir/restart.rst.30,4687660,4730547
1709508548859,READ,/gpfs/aquamini2/nicolasl/lammps_workdir/restart.rst.30,4730548,4754507
1709508548860,READ,/gpfs/aquamini2/nicolasl/lammps_workdir/restart.rst.30,4754508,4776651
1709508548861,READ,/gpfs/aquamini2/nicolasl/lammps_workdir/restart.rst.30,4776652,4800027
1709508548862,READ,/gpfs/aquamini2/nicolasl/lammps_workdir/restart.rst.30,4800028,4845923
1709508548863,READ,/gpfs/aquamini2/nicolasl/lammps_workdir/restart.rst.30,4845924,4870083
1709508548864,READ,/gpfs/aquamini2/nicolasl/lammps_workdir/restart.rst.30,4870084,4902403
1709508548865,READ,/gpfs/aquamini2/nicolasl/lammps_workdir/restart.rst.30,4902404,4934259
1709508548866,READ,/gpfs/aquamini2/nicolasl/lammps_workdir/restart.rst.30,4934260,4961859
1709508548867,READ,/gpfs/aquamini2/nicolasl/lammps_workdir/restart.rst.30,4961860,4983051
1709508548868,READ,/gpfs/aquamini2/nicolasl/lammps_workdir/restart.rst.30,4983052,5014787
1709508548869,READ,/gpfs/aquamini2/nicolasl/lammps_workdir/restart.rst.30,5014788,5034899
1709508548870,READ,/gpfs/aquamini2/nicolasl/lammps_workdir/restart.rst.30,5034900,5067555
1709508548871,READ,/gpfs/aquamini2/nicolasl/lammps_workdir/restart.rst.30,5067556,5090155
1709508548872,READ,/gpfs/aquamini2/nicolasl/lammps_workdir/restart.rst.30,5090156,5112083
1709508548873,READ,/gpfs/aquamini2/nicolasl/lammps_workdir/restart.rst.30,5112084,5131795
1709508548874,READ,/gpfs/aquamini2/nicolasl/lammps_workdir/restart.rst.30,5131796,5152971
1709508548875,READ,/gpfs/aquamini2/nicolasl/lammps_workdir/restart.rst.30,5152972,5182595
1709508548876,READ,/gpfs/aquamini2/nicolasl/lammps_workdir/restart.rst.30,5182596,5203715
1709508548877,READ,/gpfs/aquamini2/nicolasl/lammps_workdir/restart.rst.30,5203716,5234691
1709508548878,READ,/gpfs/aquamini2/nicolasl/lammps_workdir/restart.rst.30,5234692,5257299
1709508548879,READ,/gpfs/aquamini2/nicolasl/lammps_workdir/restart.rst.30,5257300,5277475
1709508548880,READ,/gpfs/aquamini2/nicolasl/lammps_workdir/restart.rst.30,5277476,5310531
1709508548881,READ,/gpfs/aquamini2/nicolasl/lammps_workdir/restart.rst.30,5310532,5332059
1709508548882,READ,/gpfs/aquamini2/nicolasl/lammps_workdir/restart.rst.30,5332060,5353115
1709508548883,READ,/gpfs/aquamini2/nicolasl/lammps_workdir/restart.rst.30,5353116,5383875
1709508548884,READ,/gpfs/aquamini2/nicolasl/lammps_workdir/restart.rst.30,5383876,5403787
1709508548885,READ,/gpfs/aquamini2/nicolasl/lammps_workdir/restart.rst.30,5403788,5423283
1709508548886,READ,/gpfs/aquamini2/nicolasl/lammps_workdir/restart.rst.30,5423284,5455819
1709508548887,READ,/gpfs/aquamini2/nicolasl/lammps_workdir/restart.rst.30,5455820,5479491
1709508548888,READ,/gpfs/aquamini2/nicolasl/lammps_workdir/restart.rst.30,5479492,5500891
1709508548889,READ,/gpfs/aquamini2/nicolasl/lammps_workdir/restart.rst.30,5500892,5534899
1709508548890,READ,/gpfs/aquamini2/nicolasl/lammps_workdir/restart.rst.30,5534900,5555347
1709508548891,READ,/gpfs/aquamini2/nicolasl/lammps_workdir/restart.rst.30,5555348,5577379
1709508548892,READ,/gpfs/aquamini2/nicolasl/lammps_workdir/restart.rst.30,5577380,5599243
1709508548893,READ,/gpfs/aquamini2/nicolasl/lammps_workdir/restart.rst.30,5599244,5620491
1709508548894,READ,/gpfs/aquamini2/nicolasl/lammps_workdir/restart.rst.30,5620492,5643675
1709508548895,READ,/gpfs/aquamini2/nicolasl/lammps_workdir/restart.rst.30,5643676,5683707
1709508548896,READ,/gpfs/aquamini2/nicolasl/lammps_workdir/restart.rst.30,5683708,5703811
1709508548897,READ,/gpfs/aquamini2/nicolasl/lammps_workdir/restart.rst.30,5703812,5724819
1709508548898,READ,/gpfs/aquamini2/nicolasl/lammps_workdir/restart.rst.30,5724820,5759979
1709508548899,READ,/gpfs/aquamini2/nicolasl/lammps_workdir/restart.rst.30,5759980,5791403
1709508548900,READ,/gpfs/aquamini2/nicolasl/lammps_workdir/restart.rst.30,5791404,5811587
1709508548901,READ,/gpfs/aquamini2/nicolasl/lammps_workdir/restart.rst.30,5811588,5825299
1709508548902,READ,/gpfs/aquamini2/nicolasl/lammps_workdir/restart.rst.30,5825300,5864347
1709508548903,READ,/gpfs/aquamini2/nicolasl/lammps_workdir/restart.rst.30,5864348,5881315
1709508548904,READ,/gpfs/aquamini2/nicolasl/lammps_workdir/restart.rst.30,5881316,5926947
1709508548905,READ,/gpfs/aquamini2/nicolasl/lammps_workdir/restart.rst.30,5926948,5937411
1709508548906,READ,/gpfs/aquamini2/nicolasl/lammps_workdir/restart.rst.30,5937412,5961331
1709508548907,READ,/gpfs/aquamini2/nicolasl/lammps_workdir/restart.rst.30,5961332,5986011
1709508548908,READ,/gpfs/aquamini2/nicolasl/lammps_workdir/restart.rst.30,5986012,6033451
1709508548909,READ,/gpfs/aquamini2/nicolasl/lammps_workdir/restart.rst.30,6033452,6064995
1709508548910,READ,/gpfs/aquamini2/nicolasl/lammps_workdir/restart.rst.30,6064996,6088347
1709508548911,READ,/gpfs/aquamini2/nicolasl/lammps_workdir/restart.rst.30,6088348,6128235
1709508548912,READ,/gpfs/aquamini2/nicolasl/lammps_workdir/restart.rst.30,6128236,6149555
1709508548913,READ,/gpfs/aquamini2/nicolasl/lammps_workdir/restart.rst.30,6149556,6188771
1709508548914,READ,/gpfs/aquamini2/nicolasl/lammps_workdir/restart.rst.30,6188772,6210643
1709508548915,READ,/gpfs/aquamini2/nicolasl/lammps_workdir/restart.rst.30,6210644,6235707
1709508548916,READ,/gpfs/aquamini2/nicolasl/lammps_workdir/restart.rst.30,6235708,6265115
1709508548917,READ,/gpfs/aquamini2/nicolasl/lammps_workdir/restart.rst.30,6265116,6286291
1709508548918,READ,/gpfs/aquamini2/nicolasl/lammps_workdir/restart.rst.30,6286292,6307203
1709508548919,READ,/gpfs/aquamini2/nicolasl/lammps_workdir/restart.rst.30,6307204,6327923
1709508548920,READ,/gpfs/aquamini2/nicolasl/lammps_workdir/restart.rst.30,6327924,6354907
1709508548921,READ,/gpfs/aquamini2/nicolasl/lammps_workdir/restart.rst.30,6354908,6375635
1709508548922,READ,/gpfs/aquamini2/nicolasl/lammps_workdir/restart.rst.30,6375636,6409707
1709508548923,READ,/gpfs/aquamini2/nicolasl/lammps_workdir/restart.rst.30,6409708,6431027
1709508548924,READ,/gpfs/aquamini2/nicolasl/lammps_workdir/restart.rst.30,6431028,6452955
1709508548925,READ,/gpfs/aquamini2/nicolasl/lammps_workdir/restart.rst.30,6452956,6483931
1709508548926,READ,/gpfs/aquamini2/nicolasl/lammps_workdir/restart.rst.30,6483932,6503907
1709508548927,READ,/gpfs/aquamini2/nicolasl/lammps_workdir/restart.rst.30,6503908,6525899
1709508548929,READ,/gpfs/aquamini2/nicolasl/lammps_workdir/restart.rst.30,6525900,6546691
1709508548930,READ,/gpfs/aquamini2/nicolasl/lammps_workdir/restart.rst.30,6546692,6568147
1709508548931,READ,/gpfs/aquamini2/nicolasl/lammps_workdir/restart.rst.30,6568148,6589467
1709508548932,READ,/gpfs/aquamini2/nicolasl/lammps_workdir/restart.rst.30,6589468,6622867
1709508548933,READ,/gpfs/aquamini2/nicolasl/lammps_workdir/restart.rst.30,6622868,6643787
1709508548934,READ,/gpfs/aquamini2/nicolasl/lammps_workdir/restart.rst.30,6643788,6665035
1709508548935,READ,/gpfs/aquamini2/nicolasl/lammps_workdir/restart.rst.30,6665036,6686763
1709508548936,READ,/gpfs/aquamini2/nicolasl/lammps_workdir/restart.rst.30,6686764,6720299
1709508548937,READ,/gpfs/aquamini2/nicolasl/lammps_workdir/restart.rst.30,6720300,6741691
1709508548938,READ,/gpfs/aquamini2/nicolasl/lammps_workdir/restart.rst.30,6741692,6775035
1709508548939,READ,/gpfs/aquamini2/nicolasl/lammps_workdir/restart.rst.30,6775036,6796147
1709508548940,READ,/gpfs/aquamini2/nicolasl/lammps_workdir/restart.rst.30,6796148,6818819
1709508548941,READ,/gpfs/aquamini2/nicolasl/lammps_workdir/restart.rst.30,6818820,6850875
1709508548942,READ,/gpfs/aquamini2/nicolasl/lammps_workdir/restart.rst.30,6850876,6869363
1709508548943,READ,/gpfs/aquamini2/nicolasl/lammps_workdir/restart.rst.30,6869364,6902091
1709508548944,READ,/gpfs/aquamini2/nicolasl/lammps_workdir/restart.rst.30,6902092,6923819
1709508548945,READ,/gpfs/aquamini2/nicolasl/lammps_workdir/restart.rst.30,6923820,6947099
1709508548946,READ,/gpfs/aquamini2/nicolasl/lammps_workdir/restart.rst.30,6947100,6968083
1709508548947,READ,/gpfs/aquamini2/nicolasl/lammps_workdir/restart.rst.30,6968084,6987451
1709508548948,READ,/gpfs/aquamini2/nicolasl/lammps_workdir/restart.rst.30,6987452,7018491
1709508548949,READ,/gpfs/aquamini2/nicolasl/lammps_workdir/restart.rst.30,7018492,7038203
1709508548950,READ,/gpfs/aquamini2/nicolasl/lammps_workdir/restart.rst.30,7038204,7060587
1709508548951,READ,/gpfs/aquamini2/nicolasl/lammps_workdir/restart.rst.30,7060588,7094267
1709508548952,READ,/gpfs/aquamini2/nicolasl/lammps_workdir/restart.rst.30,7094268,7115395
1709508548953,READ,/gpfs/aquamini2/nicolasl/lammps_workdir/restart.rst.30,7115396,7151259
1709508548954,READ,/gpfs/aquamini2/nicolasl/lammps_workdir/restart.rst.30,7151260,7171843
1709508548955,READ,/gpfs/aquamini2/nicolasl/lammps_workdir/restart.rst.30,7171844,7192299
1709508548956,READ,/gpfs/aquamini2/nicolasl/lammps_workdir/restart.rst.30,7192300,7227291
1709508548957,READ,/gpfs/aquamini2/nicolasl/lammps_workdir/restart.rst.30,7227292,7248683
1709508548958,READ,/gpfs/aquamini2/nicolasl/lammps_workdir/restart.rst.30,7248684,7270547
1709508548959,READ,/gpfs/aquamini2/nicolasl/lammps_workdir/restart.rst.30,7270548,7307843
1709508548960,READ,/gpfs/aquamini2/nicolasl/lammps_workdir/restart.rst.30,7307844,7331971
1709508548961,READ,/gpfs/aquamini2/nicolasl/lammps_workdir/restart.rst.30,7331972,7352619
1709508548962,READ,/gpfs/aquamini2/nicolasl/lammps_workdir/restart.rst.30,7352620,7383179
1709508548963,READ,/gpfs/aquamini2/nicolasl/lammps_workdir/restart.rst.30,7383180,7405835
1709508548964,READ,/gpfs/aquamini2/nicolasl/lammps_workdir/restart.rst.30,7405836,7437739
1709508548965,READ,/gpfs/aquamini2/nicolasl/lammps_workdir/restart.rst.30,7437740,7459051
1709508548966,READ,/gpfs/aquamini2/nicolasl/lammps_workdir/restart.rst.30,7459052,7492723
1709508548967,READ,/gpfs/aquamini2/nicolasl/lammps_workdir/restart.rst.30,7492724,7503451
1709508548968,READ,/gpfs/aquamini2/nicolasl/lammps_workdir/restart.rst.30,7503452,7527211
1709508548969,READ,/gpfs/aquamini2/nicolasl/lammps_workdir/restart.rst.30,7527212,7559539
1709508548970,READ,/gpfs/aquamini2/nicolasl/lammps_workdir/restart.rst.30,7559540,7581539
1709508548971,READ,/gpfs/aquamini2/nicolasl/lammps_workdir/restart.rst.30,7581540,7603539
1709508548972,READ,/gpfs/aquamini2/nicolasl/lammps_workdir/restart.rst.30,7603540,7622779
1709508548973,READ,/gpfs/aquamini2/nicolasl/lammps_workdir/restart.rst.30,7622780,7655443
1709508548974,READ,/gpfs/aquamini2/nicolasl/lammps_workdir/restart.rst.30,7655444,7678123
1709508548975,READ,/gpfs/aquamini2/nicolasl/lammps_workdir/restart.rst.30,7678124,7699707
1709508548976,READ,/gpfs/aquamini2/nicolasl/lammps_workdir/restart.rst.30,7699708,7719547
1709508548977,READ,/gpfs/aquamini2/nicolasl/lammps_workdir/restart.rst.30,7719548,7752147
1709508548978,READ,/gpfs/aquamini2/nicolasl/lammps_workdir/restart.rst.30,7752148,7772395
1709508548979,READ,/gpfs/aquamini2/nicolasl/lammps_workdir/restart.rst.30,7772396,7805867
1709508548980,READ,/gpfs/aquamini2/nicolasl/lammps_workdir/restart.rst.30,7805868,7827867
1709508548981,READ,/gpfs/aquamini2/nicolasl/lammps_workdir/restart.rst.30,7827868,7849059
1709508548982,READ,/gpfs/aquamini2/nicolasl/lammps_workdir/restart.rst.30,7849060,7878555
1709508548983,READ,/gpfs/aquamini2/nicolasl/lammps_workdir/restart.rst.30,7878556,7901227
1709508548984,READ,/gpfs/aquamini2/nicolasl/lammps_workdir/restart.rst.30,7901228,7933139
1709508548985,READ,/gpfs/aquamini2/nicolasl/lammps_workdir/restart.rst.30,7933140,7954459
1709508548986,READ,/gpfs/aquamini2/nicolasl/lammps_workdir/restart.rst.30,7954460,7973827
1709508548987,READ,/gpfs/aquamini2/nicolasl/lammps_workdir/restart.rst.30,7973828,8005675
1709508548988,READ,/gpfs/aquamini2/nicolasl/lammps_workdir/restart.rst.30,8005676,8025587
1709508548989,READ,/gpfs/aquamini2/nicolasl/lammps_workdir/restart.rst.30,8025588,8046643
1709508548990,READ,/gpfs/aquamini2/nicolasl/lammps_workdir/restart.rst.30,8046644,8066827
1709508548991,READ,/gpfs/aquamini2/nicolasl/lammps_workdir/restart.rst.30,8066828,8098267
1709508548992,READ,/gpfs/aquamini2/nicolasl/lammps_workdir/restart.rst.30,8098268,8119867
1709508548993,READ,/gpfs/aquamini2/nicolasl/lammps_workdir/restart.rst.30,8119868,8151043
1709508548994,READ,/gpfs/aquamini2/nicolasl/lammps_workdir/restart.rst.30,8151044,8172635
1709508548995,READ,/gpfs/aquamini2/nicolasl/lammps_workdir/restart.rst.30,8172636,8204211
1709508548996,READ,/gpfs/aquamini2/nicolasl/lammps_workdir/restart.rst.30,8204212,8225267
1709508548997,READ,/gpfs/aquamini2/nicolasl/lammps_workdir/restart.rst.30,8225268,8247603
1709508548998,READ,/gpfs/aquamini2/nicolasl/lammps_workdir/restart.rst.30,8247604,8280187
1709508548999,READ,/gpfs/aquamini2/nicolasl/lammps_workdir/restart.rst.30,8280188,8303123
1709508549000,READ,/gpfs/aquamini2/nicolasl/lammps_workdir/restart.rst.30,8303124,8337459
1709508549001,READ,/gpfs/aquamini2/nicolasl/lammps_workdir/restart.rst.30,8337460,8360067
1709508549002,READ,/gpfs/aquamini2/nicolasl/lammps_workdir/restart.rst.30,8360068,8381795
1709508549003,READ,/gpfs/aquamini2/nicolasl/lammps_workdir/restart.rst.30,8381796,8416211
1709508549004,READ,/gpfs/aquamini2/nicolasl/lammps_workdir/restart.rst.30,8416212,8439291
1709508549005,READ,/gpfs/aquamini2/nicolasl/lammps_workdir/restart.rst.30,8439292,8460475
1709508549006,READ,/gpfs/aquamini2/nicolasl/lammps_workdir/restart.rst.30,8460476,8481387
1709508549007,READ,/gpfs/aquamini2/nicolasl/lammps_workdir/restart.rst.30,8481388,8512571
1709508549008,READ,/gpfs/aquamini2/nicolasl/lammps_workdir/restart.rst.30,8512572,8532819
1709508549009,READ,/gpfs/aquamini2/nicolasl/lammps_workdir/restart.rst.30,8532820,8553203
1709508549010,READ,/gpfs/aquamini2/nicolasl/lammps_workdir/restart.rst.30,8553204,8584643
1709508549011,READ,/gpfs/aquamini2/nicolasl/lammps_workdir/restart.rst.30,8584644,8606627
1709508549012,READ,/gpfs/aquamini2/nicolasl/lammps_workdir/restart.rst.30,8606628,8629507
1709508549013,READ,/gpfs/aquamini2/nicolasl/lammps_workdir/restart.rst.30,8629508,8660483
1709508549014,READ,/gpfs/aquamini2/nicolasl/lammps_workdir/restart.rst.30,8660484,8682139
1709508549015,READ,/gpfs/aquamini2/nicolasl/lammps_workdir/restart.rst.30,8682140,8702259
1709508549016,READ,/gpfs/aquamini2/nicolasl/lammps_workdir/restart.rst.30,8702260,8723643
1709508549017,READ,/gpfs/aquamini2/nicolasl/lammps_workdir/restart.rst.30,8723644,8758403
1709508549018,READ,/gpfs/aquamini2/nicolasl/lammps_workdir/restart.rst.30,8758404,8780339
1709508549019,READ,/gpfs/aquamini2/nicolasl/lammps_workdir/restart.rst.30,8780340,8801995
1709508549020,READ,/gpfs/aquamini2/nicolasl/lammps_workdir/restart.rst.30,8801996,8834043
1709508549021,READ,/gpfs/aquamini2/nicolasl/lammps_workdir/restart.rst.30,8834044,8858187
1709508549022,READ,/gpfs/aquamini2/nicolasl/lammps_workdir/restart.rst.30,8858188,8878563
1709508549023,READ,/gpfs/aquamini2/nicolasl/lammps_workdir/restart.rst.30,8878564,8900299
1709508549024,READ,/gpfs/aquamini2/nicolasl/lammps_workdir/restart.rst.30,8900300,8931419
1709508549025,READ,/gpfs/aquamini2/nicolasl/lammps_workdir/restart.rst.30,8931420,8953083
1709508549026,READ,/gpfs/aquamini2/nicolasl/lammps_workdir/restart.rst.30,8953084,8985731
1709508549027,READ,/gpfs/aquamini2/nicolasl/lammps_workdir/restart.rst.30,8985732,9007051
1709508549028,READ,/gpfs/aquamini2/nicolasl/lammps_workdir/restart.rst.30,9007052,9038499
1709508549029,READ,/gpfs/aquamini2/nicolasl/lammps_workdir/restart.rst.30,9038500,9060419
1709508549030,READ,/gpfs/aquamini2/nicolasl/lammps_workdir/restart.rst.30,9060420,9082147
1709508549031,READ,/gpfs/aquamini2/nicolasl/lammps_workdir/restart.rst.30,9082148,9101979
1709508549032,READ,/gpfs/aquamini2/nicolasl/lammps_workdir/restart.rst.30,9101980,9138211
1709508549033,READ,/gpfs/aquamini2/nicolasl/lammps_workdir/restart.rst.30,9138212,9159811
1709508549034,READ,/gpfs/aquamini2/nicolasl/lammps_workdir/restart.rst.30,9159812,9180059
1709508549035,READ,/gpfs/aquamini2/nicolasl/lammps_workdir/restart.rst.30,9180060,9210371
1709508549036,READ,/gpfs/aquamini2/nicolasl/lammps_workdir/restart.rst.30,9210372,9230211
1709508549037,READ,/gpfs/aquamini2/nicolasl/lammps_workdir/restart.rst.30,9230212,9262403
1709508549038,READ,/gpfs/aquamini2/nicolasl/lammps_workdir/restart.rst.30,9262404,9286219
1709508549039,READ,/gpfs/aquamini2/nicolasl/lammps_workdir/restart.rst.30,9286220,9308755
1709508549040,READ,/gpfs/aquamini2/nicolasl/lammps_workdir/restart.rst.30,9308756,9329531
1709508549041,READ,/gpfs/aquamini2/nicolasl/lammps_workdir/restart.rst.30,9329532,9350107
1709508549042,READ,/gpfs/aquamini2/nicolasl/lammps_workdir/restart.rst.30,9350108,9383779
1709508549043,READ,/gpfs/aquamini2/nicolasl/lammps_workdir/restart.rst.30,9383780,9405435
1709508549044,READ,/gpfs/aquamini2/nicolasl/lammps_workdir/restart.rst.30,9405436,9437827
1709508549045,READ,/gpfs/aquamini2/nicolasl/lammps_workdir/restart.rst.30,9437828,9459011
1709508549046,READ,/gpfs/aquamini2/nicolasl/lammps_workdir/restart.rst.30,9459012,9480275
1709508549047,READ,/gpfs/aquamini2/nicolasl/lammps_workdir/restart.rst.30,9480276,9500579
1709508549048,READ,/gpfs/aquamini2/nicolasl/lammps_workdir/restart.rst.30,9500580,9529611
1709508549049,READ,/gpfs/aquamini2/nicolasl/lammps_workdir/restart.rst.30,9529612,9552139
1709508549050,READ,/gpfs/aquamini2/nicolasl/lammps_workdir/restart.rst.30,9552140,9571235
1709508549051,READ,/gpfs/aquamini2/nicolasl/lammps_workdir/restart.rst.30,9571236,9602267
1709508549052,READ,/gpfs/aquamini2/nicolasl/lammps_workdir/restart.rst.30,9602268,9625483
1709508549053,READ,/gpfs/aquamini2/nicolasl/lammps_workdir/restart.rst.30,9625484,9645659
1709508549054,READ,/gpfs/aquamini2/nicolasl/lammps_workdir/restart.rst.30,9645660,9677043
1709508549055,READ,/gpfs/aquamini2/nicolasl/lammps_workdir/restart.rst.30,9677044,9698971
1709508549056,READ,/gpfs/aquamini2/nicolasl/lammps_workdir/restart.rst.30,9698972,9720299
1709508549057,READ,/gpfs/aquamini2/nicolasl/lammps_workdir/restart.rst.30,9720300,9754155
1709508549058,READ,/gpfs/aquamini2/nicolasl/lammps_workdir/restart.rst.30,9754156,9774203
1709508549059,READ,/gpfs/aquamini2/nicolasl/lammps_workdir/restart.rst.30,9774204,9806459
1709508549060,READ,/gpfs/aquamini2/nicolasl/lammps_workdir/restart.rst.30,9806460,9827987
1709508549061,READ,/gpfs/aquamini2/nicolasl/lammps_workdir/restart.rst.30,9827988,9848099
1709508549062,READ,/gpfs/aquamini2/nicolasl/lammps_workdir/restart.rst.30,9848100,9868267
1709508549063,READ,/gpfs/aquamini2/nicolasl/lammps_workdir/restart.rst.30,9868268,9888523
1709508549064,READ,/gpfs/aquamini2/nicolasl/lammps_workdir/restart.rst.30,9888524,9923403
1709508549065,READ,/gpfs/aquamini2/nicolasl/lammps_workdir/restart.rst.30,9923404,9945331
1709508549066,READ,/gpfs/aquamini2/nicolasl/lammps_workdir/restart.rst.30,9945332,9966731
1709508549067,READ,/gpfs/aquamini2/nicolasl/lammps_workdir/restart.rst.30,9966732,9988867
1709508549068,READ,/gpfs/aquamini2/nicolasl/lammps_workdir/restart.rst.30,9988868,10021051
1709508549069,READ,/gpfs/aquamini2/nicolasl/lammps_workdir/restart.rst.30,10021052,10040147
1709508549070,READ,/gpfs/aquamini2/nicolasl/lammps_workdir/restart.rst.30,10040148,10060387
1709508549071,READ,/gpfs/aquamini2/nicolasl/lammps_workdir/restart.rst.30,10060388,10092779
1709508549072,READ,/gpfs/aquamini2/nicolasl/lammps_workdir/restart.rst.30,10092780,10113763
1709508549073,READ,/gpfs/aquamini2/nicolasl/lammps_workdir/restart.rst.30,10113764,10147843
1709508549074,READ,/gpfs/aquamini2/nicolasl/lammps_workdir/restart.rst.30,10147844,10170579
1709508549075,READ,/gpfs/aquamini2/nicolasl/lammps_workdir/restart.rst.30,10170580,10190491
1709508549076,READ,/gpfs/aquamini2/nicolasl/lammps_workdir/restart.rst.30,10190492,10211011
1709508549077,READ,/gpfs/aquamini2/nicolasl/lammps_workdir/restart.rst.30,10211012,10243667
1709508549078,READ,/gpfs/aquamini2/nicolasl/lammps_workdir/restart.rst.30,10243668,10253739
1709508551573,READ,/gpfs/aquamini2/nicolasl/lammps_workdir/restart.rst.40,0,52475
1709508551574,READ,/gpfs/aquamini2/nicolasl/lammps_workdir/restart.rst.40,52476,124083
1709508551575,READ,/gpfs/aquamini2/nicolasl/lammps_workdir/restart.rst.40,124084,145267
1709508551576,READ,/gpfs/aquamini2/nicolasl/lammps_workdir/restart.rst.40,145268,217747
1709508551577,READ,/gpfs/aquamini2/nicolasl/lammps_workdir/restart.rst.40,217748,284131
1709508551578,READ,/gpfs/aquamini2/nicolasl/lammps_workdir/restart.rst.40,284132,337787
1709508551579,READ,/gpfs/aquamini2/nicolasl/lammps_workdir/restart.rst.40,337788,400139
1709508551580,READ,/gpfs/aquamini2/nicolasl/lammps_workdir/restart.rst.40,400140,464387
1709508551581,READ,/gpfs/aquamini2/nicolasl/lammps_workdir/restart.rst.40,464388,522067
1709508551582,READ,/gpfs/aquamini2/nicolasl/lammps_workdir/restart.rst.40,522068,576115
1709508551583,READ,/gpfs/aquamini2/nicolasl/lammps_workdir/restart.rst.40,576116,638275
1709508551584,READ,/gpfs/aquamini2/nicolasl/lammps_workdir/restart.rst.40,638276,689963
1709508551585,READ,/gpfs/aquamini2/nicolasl/lammps_workdir/restart.rst.40,689964,722747
1709508551586,READ,/gpfs/aquamini2/nicolasl/lammps_workdir/restart.rst.40,722748,743603
1709508551587,READ,/gpfs/aquamini2/nicolasl/lammps_workdir/restart.rst.40,743604,764595
1709508551588,READ,/gpfs/aquamini2/nicolasl/lammps_workdir/restart.rst.40,764596,796043
1709508551589,READ,/gpfs/aquamini2/nicolasl/lammps_workdir/restart.rst.40,796044,817707
1709508551590,READ,/gpfs/aquamini2/nicolasl/lammps_workdir/restart.rst.40,817708,849675
1709508551591,READ,/gpfs/aquamini2/nicolasl/lammps_workdir/restart.rst.40,849676,870523
1709508551592,READ,/gpfs/aquamini2/nicolasl/lammps_workdir/restart.rst.40,870524,890299
1709508551593,READ,/gpfs/aquamini2/nicolasl/lammps_workdir/restart.rst.40,890300,912563
1709508551594,READ,/gpfs/aquamini2/nicolasl/lammps_workdir/restart.rst.40,912564,943819
1709508551595,READ,/gpfs/aquamini2/nicolasl/lammps_workdir/restart.rst.40,943820,966155
1709508551596,READ,/gpfs/aquamini2/nicolasl/lammps_workdir/restart.rst.40,966156,987275
1709508551597,READ,/gpfs/aquamini2/nicolasl/lammps_workdir/restart.rst.40,987276,1020875
1709508551598,READ,/gpfs/aquamini2/nicolasl/lammps_workdir/restart.rst.40,1020876,1039299
1709508551599,READ,/gpfs/aquamini2/nicolasl/lammps_workdir/restart.rst.40,1039300,1061155
1709508551600,READ,/gpfs/aquamini2/nicolasl/lammps_workdir/restart.rst.40,1061156,1095163
1709508551601,READ,/gpfs/aquamini2/nicolasl/lammps_workdir/restart.rst.40,1095164,1116819
1709508551602,READ,/gpfs/aquamini2/nicolasl/lammps_workdir/restart.rst.40,1116820,1126947
1709508551603,READ,/gpfs/aquamini2/nicolasl/lammps_workdir/restart.rst.40,1126948,1159067
1709508551604,READ,/gpfs/aquamini2/nicolasl/lammps_workdir/restart.rst.40,1159068,1180459
1709508551605,READ,/gpfs/aquamini2/nicolasl/lammps_workdir/restart.rst.40,1180460,1213523
1709508551606,READ,/gpfs/aquamini2/nicolasl/lammps_workdir/restart.rst.40,1213524,1232219
1709508551607,READ,/gpfs/aquamini2/nicolasl/lammps_workdir/restart.rst.40,1232220,1252995
1709508551608,READ,/gpfs/aquamini2/nicolasl/lammps_workdir/restart.rst.40,1252996,1275123
1709508551609,READ,/gpfs/aquamini2/nicolasl/lammps_workdir/restart.rst.40,1275124,1297795
1709508551610,READ,/gpfs/aquamini2/nicolasl/lammps_workdir/restart.rst.40,1297796,1317099
1709508551611,READ,/gpfs/aquamini2/nicolasl/lammps_workdir/restart.rst.40,1317100,1339979
1709508551612,READ,/gpfs/aquamini2/nicolasl/lammps_workdir/restart.rst.40,1339980,1362715
1709508551613,READ,/gpfs/aquamini2/nicolasl/lammps_workdir/restart.rst.40,1362716,1382827
1709508551614,READ,/gpfs/aquamini2/nicolasl/lammps_workdir/restart.rst.40,1382828,1405835
1709508551615,READ,/gpfs/aquamini2/nicolasl/lammps_workdir/restart.rst.40,1405836,1428299
1709508551616,READ,/gpfs/aquamini2/nicolasl/lammps_workdir/restart.rst.40,1428300,1459147
1709508551617,READ,/gpfs/aquamini2/nicolasl/lammps_workdir/restart.rst.40,1459148,1479523
1709508551618,READ,/gpfs/aquamini2/nicolasl/lammps_workdir/restart.rst.40,1479524,1500643
1709508551619,READ,/gpfs/aquamini2/nicolasl/lammps_workdir/restart.rst.40,1500644,1532699
1709508551620,READ,/gpfs/aquamini2/nicolasl/lammps_workdir/restart.rst.40,1532700,1553627
1709508551621,READ,/gpfs/aquamini2/nicolasl/lammps_workdir/restart.rst.40,1553628,1573395
1709508551622,READ,/gpfs/aquamini2/nicolasl/lammps_workdir/restart.rst.40,1573396,1605043
1709508551623,READ,/gpfs/aquamini2/nicolasl/lammps_workdir/restart.rst.40,1605044,1625763
1709508551624,READ,/gpfs/aquamini2/nicolasl/lammps_workdir/restart.rst.40,1625764,1645195
1709508551625,READ,/gpfs/aquamini2/nicolasl/lammps_workdir/restart.rst.40,1645196,1667731
1709508551626,READ,/gpfs/aquamini2/nicolasl/lammps_workdir/restart.rst.40,1667732,1699043
1709508551627,READ,/gpfs/aquamini2/nicolasl/lammps_workdir/restart.rst.40,1699044,1721515
1709508551628,READ,/gpfs/aquamini2/nicolasl/lammps_workdir/restart.rst.40,1721516,1753643
1709508551629,READ,/gpfs/aquamini2/nicolasl/lammps_workdir/restart.rst.40,1753644,1774803
1709508551630,READ,/gpfs/aquamini2/nicolasl/lammps_workdir/restart.rst.40,1774804,1795123
1709508551631,READ,/gpfs/aquamini2/nicolasl/lammps_workdir/restart.rst.40,1795124,1828923
1709508551632,READ,/gpfs/aquamini2/nicolasl/lammps_workdir/restart.rst.40,1828924,1847011
1709508551633,READ,/gpfs/aquamini2/nicolasl/lammps_workdir/restart.rst.40,1847012,1882547
1709508551634,READ,/gpfs/aquamini2/nicolasl/lammps_workdir/restart.rst.40,1882548,1905427
1709508551635,READ,/gpfs/aquamini2/nicolasl/lammps_workdir/restart.rst.40,1905428,1929299
1709508551636,READ,/gpfs/aquamini2/nicolasl/lammps_workdir/restart.rst.40,1929300,1959635
1709508551637,READ,/gpfs/aquamini2/nicolasl/lammps_workdir/restart.rst.40,1959636,1981491
1709508551638,READ,/gpfs/aquamini2/nicolasl/lammps_workdir/restart.rst.40,1981492,2015843
1709508551639,READ,/gpfs/aquamini2/nicolasl/lammps_workdir/restart.rst.40,2015844,2039723
1709508551640,READ,/gpfs/aquamini2/nicolasl/lammps_workdir/restart.rst.40,2039724,2060755
1709508551641,READ,/gpfs/aquamini2/nicolasl/lammps_workdir/restart.rst.40,2060756,2091323
1709508551642,READ,/gpfs/aquamini2/nicolasl/lammps_workdir/restart.rst.40,2091324,2114803
1709508551643,READ,/gpfs/aquamini2/nicolasl/lammps_workdir/restart.rst.40,2114804,2137203
1709508551644,READ,/gpfs/aquamini2/nicolasl/lammps_workdir/restart.rst.40,2137204,2168843
1709508551645,READ,/gpfs/aquamini2/nicolasl/lammps_workdir/restart.rst.40,2168844,2191923
1709508551646,READ,/gpfs/aquamini2/nicolasl/lammps_workdir/restart.rst.40,2191924,2212835
1709508551647,READ,/gpfs/aquamini2/nicolasl/lammps_workdir/restart.rst.40,2212836,2235107
1709508551648,READ,/gpfs/aquamini2/nicolasl/lammps_workdir/restart.rst.40,2235108,2255219
1709508551649,READ,/gpfs/aquamini2/nicolasl/lammps_workdir/restart.rst.40,2255220,2286131
1709508551650,READ,/gpfs/aquamini2/nicolasl/lammps_workdir/restart.rst.40,2286132,2307859
1709508551651,READ,/gpfs/aquamini2/nicolasl/lammps_workdir/restart.rst.40,2307860,2339771
1709508551652,READ,/gpfs/aquamini2/nicolasl/lammps_workdir/restart.rst.40,2339772,2360899
1709508551653,READ,/gpfs/aquamini2/nicolasl/lammps_workdir/restart.rst.40,2360900,2381963
1709508551654,READ,/gpfs/aquamini2/nicolasl/lammps_workdir/restart.rst.40,2381964,2413475
1709508551655,READ,/gpfs/aquamini2/nicolasl/lammps_workdir/restart.rst.40,2413476,2434923
1709508551656,READ,/gpfs/aquamini2/nicolasl/lammps_workdir/restart.rst.40,2434924,2447059
1709508551657,READ,/gpfs/aquamini2/nicolasl/lammps_workdir/restart.rst.40,2447060,2480803
1709508551658,READ,/gpfs/aquamini2/nicolasl/lammps_workdir/restart.rst.40,2480804,2502075
1709508551659,READ,/gpfs/aquamini2/nicolasl/lammps_workdir/restart.rst.40,2502076,2522379
1709508551660,READ,/gpfs/aquamini2/nicolasl/lammps_workdir/restart.rst.40,2522380,2556531
1709508551661,READ,/gpfs/aquamini2/nicolasl/lammps_workdir/restart.rst.40,2556532,2578459
1709508551662,READ,/gpfs/aquamini2/nicolasl/lammps_workdir/restart.rst.40,2578460,2600459
1709508551663,READ,/gpfs/aquamini2/nicolasl/lammps_workdir/restart.rst.40,2600460,2631827
1709508551664,READ,/gpfs/aquamini2/nicolasl/lammps_workdir/restart.rst.40,2631828,2654163
1709508551665,READ,/gpfs/aquamini2/nicolasl/lammps_workdir/restart.rst.40,2654164,2676091
1709508551666,READ,/gpfs/aquamini2/nicolasl/lammps_workdir/restart.rst.40,2676092,2710115
1709508551667,READ,/gpfs/aquamini2/nicolasl/lammps_workdir/restart.rst.40,2710116,2740819
1709508551668,READ,/gpfs/aquamini2/nicolasl/lammps_workdir/restart.rst.40,2740820,2761539
1709508551669,READ,/gpfs/aquamini2/nicolasl/lammps_workdir/restart.rst.40,2761540,2782851
1709508551670,READ,/gpfs/aquamini2/nicolasl/lammps_workdir/restart.rst.40,2782852,2805043
1709508551671,READ,/gpfs/aquamini2/nicolasl/lammps_workdir/restart.rst.40,2805044,2826571
1709508551672,READ,/gpfs/aquamini2/nicolasl/lammps_workdir/restart.rst.40,2826572,2863243
1709508551673,READ,/gpfs/aquamini2/nicolasl/lammps_workdir/restart.rst.40,2863244,2884899
1709508551674,READ,/gpfs/aquamini2/nicolasl/lammps_workdir/restart.rst.40,2884900,2916843
1709508551675,READ,/gpfs/aquamini2/nicolasl/lammps_workdir/restart.rst.40,2916844,2948499
1709508551676,READ,/gpfs/aquamini2/nicolasl/lammps_workdir/restart.rst.40,2948500,2970011
1709508551677,READ,/gpfs/aquamini2/nicolasl/lammps_workdir/restart.rst.40,2970012,2992379
1709508551678,READ,/gpfs/aquamini2/nicolasl/lammps_workdir/restart.rst.40,2992380,3026251
1709508551679,READ,/gpfs/aquamini2/nicolasl/lammps_workdir/restart.rst.40,3026252,3060763
1709508551680,READ,/gpfs/aquamini2/nicolasl/lammps_workdir/restart.rst.40,3060764,3082947
1709508551681,READ,/gpfs/aquamini2/nicolasl/lammps_workdir/restart.rst.40,3082948,3117859
1709508551682,READ,/gpfs/aquamini2/nicolasl/lammps_workdir/restart.rst.40,3117860,3143723
1709508551683,READ,/gpfs/aquamini2/nicolasl/lammps_workdir/restart.rst.40,3143724,3173811
1709508551684,READ,/gpfs/aquamini2/nicolasl/lammps_workdir/restart.rst.40,3173812,3202475
1709508551685,READ,/gpfs/aquamini2/nicolasl/lammps_workdir/restart.rst.40,3202476,3223875
1709508551686,READ,/gpfs/aquamini2/nicolasl/lammps_workdir/restart.rst.40,3223876,3239339
1709508551687,READ,/gpfs/aquamini2/nicolasl/lammps_workdir/restart.rst.40,3239340,3283323
1709508551688,READ,/gpfs/aquamini2/nicolasl/lammps_workdir/restart.rst.40,3283324,3303643
1709508551689,READ,/gpfs/aquamini2/nicolasl/lammps_workdir/restart.rst.40,3303644,3323611
1709508551690,READ,/gpfs/aquamini2/nicolasl/lammps_workdir/restart.rst.40,3323612,3345267
1709508551691,READ,/gpfs/aquamini2/nicolasl/lammps_workdir/restart.rst.40,3345268,3388563
1709508551692,READ,/gpfs/aquamini2/nicolasl/lammps_workdir/restart.rst.40,3388564,3422171
1709508551693,READ,/gpfs/aquamini2/nicolasl/lammps_workdir/restart.rst.40,3422172,3442963
1709508551694,READ,/gpfs/aquamini2/nicolasl/lammps_workdir/restart.rst.40,3442964,3456443
1709508551695,READ,/gpfs/aquamini2/nicolasl/lammps_workdir/restart.rst.40,3456444,3479867
1709508551696,READ,/gpfs/aquamini2/nicolasl/lammps_workdir/restart.rst.40,3479868,3514611
1709508551697,READ,/gpfs/aquamini2/nicolasl/lammps_workdir/restart.rst.40,3514612,3534643
1709508551698,READ,/gpfs/aquamini2/nicolasl/lammps_workdir/restart.rst.40,3534644,3567643
1709508551699,READ,/gpfs/aquamini2/nicolasl/lammps_workdir/restart.rst.40,3567644,3589507
1709508551700,READ,/gpfs/aquamini2/nicolasl/lammps_workdir/restart.rst.40,3589508,3611235
1709508551701,READ,/gpfs/aquamini2/nicolasl/lammps_workdir/restart.rst.40,3611236,3645635
1709508551702,READ,/gpfs/aquamini2/nicolasl/lammps_workdir/restart.rst.40,3645636,3665811
1709508551703,READ,/gpfs/aquamini2/nicolasl/lammps_workdir/restart.rst.40,3665812,3686803
1709508551704,READ,/gpfs/aquamini2/nicolasl/lammps_workdir/restart.rst.40,3686804,3718435
1709508551705,READ,/gpfs/aquamini2/nicolasl/lammps_workdir/restart.rst.40,3718436,3739355
1709508551706,READ,/gpfs/aquamini2/nicolasl/lammps_workdir/restart.rst.40,3739356,3761411
1709508551707,READ,/gpfs/aquamini2/nicolasl/lammps_workdir/restart.rst.40,3761412,3784427
1709508551708,READ,/gpfs/aquamini2/nicolasl/lammps_workdir/restart.rst.40,3784428,3814595
1709508551709,READ,/gpfs/aquamini2/nicolasl/lammps_workdir/restart.rst.40,3814596,3834651
1709508551710,READ,/gpfs/aquamini2/nicolasl/lammps_workdir/restart.rst.40,3834652,3856851
1709508551711,READ,/gpfs/aquamini2/nicolasl/lammps_workdir/restart.rst.40,3856852,3890307
1709508551712,READ,/gpfs/aquamini2/nicolasl/lammps_workdir/restart.rst.40,3890308,3912235
1709508551713,READ,/gpfs/aquamini2/nicolasl/lammps_workdir/restart.rst.40,3912236,3945227
1709508551714,READ,/gpfs/aquamini2/nicolasl/lammps_workdir/restart.rst.40,3945228,3965483
1709508551715,READ,/gpfs/aquamini2/nicolasl/lammps_workdir/restart.rst.40,3965484,3985931
1709508551716,READ,/gpfs/aquamini2/nicolasl/lammps_workdir/restart.rst.40,3985932,4006995
1709508551717,READ,/gpfs/aquamini2/nicolasl/lammps_workdir/restart.rst.40,4006996,4039107
1709508551718,READ,/gpfs/aquamini2/nicolasl/lammps_workdir/restart.rst.40,4039108,4058675
1709508551719,READ,/gpfs/aquamini2/nicolasl/lammps_workdir/restart.rst.40,4058676,4089587
1709508551720,READ,/gpfs/aquamini2/nicolasl/lammps_workdir/restart.rst.40,4089588,4113763
1709508551721,READ,/gpfs/aquamini2/nicolasl/lammps_workdir/restart.rst.40,4113764,4133739
1709508551722,READ,/gpfs/aquamini2/nicolasl/lammps_workdir/restart.rst.40,4133740,4164051
1709508551723,READ,/gpfs/aquamini2/nicolasl/lammps_workdir/restart.rst.40,4164052,4175355
1709508551761,READ,/gpfs/aquamini2/nicolasl/lammps_workdir/restart.rst.40,4175356,4217571
1709508551762,READ,/gpfs/aquamini2/nicolasl/lammps_workdir/restart.rst.40,4217572,4251099
1709508551763,READ,/gpfs/aquamini2/nicolasl/lammps_workdir/restart.rst.40,4251100,4273907
1709508551764,READ,/gpfs/aquamini2/nicolasl/lammps_workdir/restart.rst.40,4273908,4297227
1709508551765,READ,/gpfs/aquamini2/nicolasl/lammps_workdir/restart.rst.40,4297228,4336107
1709508551766,READ,/gpfs/aquamini2/nicolasl/lammps_workdir/restart.rst.40,4336108,4358227
1709508551767,READ,/gpfs/aquamini2/nicolasl/lammps_workdir/restart.rst.40,4358228,4389291
1709508551768,READ,/gpfs/aquamini2/nicolasl/lammps_workdir/restart.rst.40,4389292,4434579
1709508551769,READ,/gpfs/aquamini2/nicolasl/lammps_workdir/restart.rst.40,4434580,4454491
1709508551770,READ,/gpfs/aquamini2/nicolasl/lammps_workdir/restart.rst.40,4454492,4482531
1709508551771,READ,/gpfs/aquamini2/nicolasl/lammps_workdir/restart.rst.40,4482532,4494339
1709508551772,READ,/gpfs/aquamini2/nicolasl/lammps_workdir/restart.rst.40,4494340,4542203
1709508551773,READ,/gpfs/aquamini2/nicolasl/lammps_workdir/restart.rst.40,4542204,4561763
1709508551774,READ,/gpfs/aquamini2/nicolasl/lammps_workdir/restart.rst.40,4561764,4608723
1709508551775,READ,/gpfs/aquamini2/nicolasl/lammps_workdir/restart.rst.40,4608724,4631395
1709508551776,READ,/gpfs/aquamini2/nicolasl/lammps_workdir/restart.rst.40,4631396,4643187
1709508551777,READ,/gpfs/aquamini2/nicolasl/lammps_workdir/restart.rst.40,4643188,4685915
1709508551778,READ,/gpfs/aquamini2/nicolasl/lammps_workdir/restart.rst.40,4685916,4728059
1709508551779,READ,/gpfs/aquamini2/nicolasl/lammps_workdir/restart.rst.40,4728060,4751747
1709508551780,READ,/gpfs/aquamini2/nicolasl/lammps_workdir/restart.rst.40,4751748,4773955
1709508551781,READ,/gpfs/aquamini2/nicolasl/lammps_workdir/restart.rst.40,4773956,4797339
1709508551782,READ,/gpfs/aquamini2/nicolasl/lammps_workdir/restart.rst.40,4797340,4841083
1709508551783,READ,/gpfs/aquamini2/nicolasl/lammps_workdir/restart.rst.40,4841084,4865587
1709508551784,READ,/gpfs/aquamini2/nicolasl/lammps_workdir/restart.rst.40,4865588,4886571
1709508551785,READ,/gpfs/aquamini2/nicolasl/lammps_workdir/restart.rst.40,4886572,4897507
1709508551786,READ,/gpfs/aquamini2/nicolasl/lammps_workdir/restart.rst.40,4897508,4930099
1709508551787,READ,/gpfs/aquamini2/nicolasl/lammps_workdir/restart.rst.40,4930100,4968747
1709508551788,READ,/gpfs/aquamini2/nicolasl/lammps_workdir/restart.rst.40,4968748,4989259
1709508551789,READ,/gpfs/aquamini2/nicolasl/lammps_workdir/restart.rst.40,4989260,5010979
1709508551790,READ,/gpfs/aquamini2/nicolasl/lammps_workdir/restart.rst.40,5010980,5042219
1709508551791,READ,/gpfs/aquamini2/nicolasl/lammps_workdir/restart.rst.40,5042220,5065171
1709508551792,READ,/gpfs/aquamini2/nicolasl/lammps_workdir/restart.rst.40,5065172,5087635
1709508551793,READ,/gpfs/aquamini2/nicolasl/lammps_workdir/restart.rst.40,5087636,5109899
1709508551794,READ,/gpfs/aquamini2/nicolasl/lammps_workdir/restart.rst.40,5109900,5128867
1709508551795,READ,/gpfs/aquamini2/nicolasl/lammps_workdir/restart.rst.40,5128868,5160643
1709508551796,READ,/gpfs/aquamini2/nicolasl/lammps_workdir/restart.rst.40,5160644,5179339
1709508551797,READ,/gpfs/aquamini2/nicolasl/lammps_workdir/restart.rst.40,5179340,5200867
1709508551798,READ,/gpfs/aquamini2/nicolasl/lammps_workdir/restart.rst.40,5200868,5231435
1709508551799,READ,/gpfs/aquamini2/nicolasl/lammps_workdir/restart.rst.40,5231436,5253635
1709508551800,READ,/gpfs/aquamini2/nicolasl/lammps_workdir/restart.rst.40,5253636,5285603
1709508551801,READ,/gpfs/aquamini2/nicolasl/lammps_workdir/restart.rst.40,5285604,5306659
1709508551802,READ,/gpfs/aquamini2/nicolasl/lammps_workdir/restart.rst.40,5306660,5328315
1709508551803,READ,/gpfs/aquamini2/nicolasl/lammps_workdir/restart.rst.40,5328316,5359691
1709508551804,READ,/gpfs/aquamini2/nicolasl/lammps_workdir/restart.rst.40,5359692,5381083
1709508551805,READ,/gpfs/aquamini2/nicolasl/lammps_workdir/restart.rst.40,5381084,5410643
1709508551806,READ,/gpfs/aquamini2/nicolasl/lammps_workdir/restart.rst.40,5410644,5431027
1709508551807,READ,/gpfs/aquamini2/nicolasl/lammps_workdir/restart.rst.40,5431028,5452355
1709508551808,READ,/gpfs/aquamini2/nicolasl/lammps_workdir/restart.rst.40,5452356,5486419
1709508551809,READ,/gpfs/aquamini2/nicolasl/lammps_workdir/restart.rst.40,5486420,5508083
1709508551810,READ,/gpfs/aquamini2/nicolasl/lammps_workdir/restart.rst.40,5508084,5531427
1709508551811,READ,/gpfs/aquamini2/nicolasl/lammps_workdir/restart.rst.40,5531428,5552139
1709508551812,READ,/gpfs/aquamini2/nicolasl/lammps_workdir/restart.rst.40,5552140,5574507
1709508551813,READ,/gpfs/aquamini2/nicolasl/lammps_workdir/restart.rst.40,5574508,5608307
1709508551814,READ,/gpfs/aquamini2/nicolasl/lammps_workdir/restart.rst.40,5608308,5630571
1709508551815,READ,/gpfs/aquamini2/nicolasl/lammps_workdir/restart.rst.40,5630572,5666475
1709508551816,READ,/gpfs/aquamini2/nicolasl/lammps_workdir/restart.rst.40,5666476,5691267
1709508551817,READ,/gpfs/aquamini2/nicolasl/lammps_workdir/restart.rst.40,5691268,5711395
1709508551818,READ,/gpfs/aquamini2/nicolasl/lammps_workdir/restart.rst.40,5711396,5737955
1709508551819,READ,/gpfs/aquamini2/nicolasl/lammps_workdir/restart.rst.40,5737956,5756275
1709508551820,READ,/gpfs/aquamini2/nicolasl/lammps_workdir/restart.rst.40,5756276,5788435
1709508551821,READ,/gpfs/aquamini2/nicolasl/lammps_workdir/restart.rst.40,5788436,5809227
1709508551822,READ,/gpfs/aquamini2/nicolasl/lammps_workdir/restart.rst.40,5809228,5844875
1709508551823,READ,/gpfs/aquamini2/nicolasl/lammps_workdir/restart.rst.40,5844876,5879427
1709508551824,READ,/gpfs/aquamini2/nicolasl/lammps_workdir/restart.rst.40,5879428,5908283
1709508551825,READ,/gpfs/aquamini2/nicolasl/lammps_workdir/restart.rst.40,5908284,5925835
1709508551826,READ,/gpfs/aquamini2/nicolasl/lammps_workdir/restart.rst.40,5925836,5947299
1709508551827,READ,/gpfs/aquamini2/nicolasl/lammps_workdir/restart.rst.40,5947300,5961619
1709508551828,READ,/gpfs/aquamini2/nicolasl/lammps_workdir/restart.rst.40,5961620,5986771
1709508551829,READ,/gpfs/aquamini2/nicolasl/lammps_workdir/restart.rst.40,5986772,6034131
1709508551830,READ,/gpfs/aquamini2/nicolasl/lammps_workdir/restart.rst.40,6034132,6065771
1709508551831,READ,/gpfs/aquamini2/nicolasl/lammps_workdir/restart.rst.40,6065772,6088235
1709508551832,READ,/gpfs/aquamini2/nicolasl/lammps_workdir/restart.rst.40,6088236,6127131
1709508551833,READ,/gpfs/aquamini2/nicolasl/lammps_workdir/restart.rst.40,6127132,6148315
1709508551834,READ,/gpfs/aquamini2/nicolasl/lammps_workdir/restart.rst.40,6148316,6188203
1709508551835,READ,/gpfs/aquamini2/nicolasl/lammps_workdir/restart.rst.40,6188204,6209803
1709508551836,READ,/gpfs/aquamini2/nicolasl/lammps_workdir/restart.rst.40,6209804,6235475
1709508551837,READ,/gpfs/aquamini2/nicolasl/lammps_workdir/restart.rst.40,6235476,6264611
1709508551838,READ,/gpfs/aquamini2/nicolasl/lammps_workdir/restart.rst.40,6264612,6286195
1709508551839,READ,/gpfs/aquamini2/nicolasl/lammps_workdir/restart.rst.40,6286196,6306987
1709508551840,READ,/gpfs/aquamini2/nicolasl/lammps_workdir/restart.rst.40,6306988,6327779
1709508551841,READ,/gpfs/aquamini2/nicolasl/lammps_workdir/restart.rst.40,6327780,6355299
1709508551842,READ,/gpfs/aquamini2/nicolasl/lammps_workdir/restart.rst.40,6355300,6376435
1709508551843,READ,/gpfs/aquamini2/nicolasl/lammps_workdir/restart.rst.40,6376436,6410571
1709508551844,READ,/gpfs/aquamini2/nicolasl/lammps_workdir/restart.rst.40,6410572,6431483
1709508551845,READ,/gpfs/aquamini2/nicolasl/lammps_workdir/restart.rst.40,6431484,6453547
1709508551846,READ,/gpfs/aquamini2/nicolasl/lammps_workdir/restart.rst.40,6453548,6483835
1709508551847,READ,/gpfs/aquamini2/nicolasl/lammps_workdir/restart.rst.40,6483836,6504555
1709508551848,READ,/gpfs/aquamini2/nicolasl/lammps_workdir/restart.rst.40,6504556,6536467
1709508551849,READ,/gpfs/aquamini2/nicolasl/lammps_workdir/restart.rst.40,6536468,6557315
1709508551850,READ,/gpfs/aquamini2/nicolasl/lammps_workdir/restart.rst.40,6557316,6578107
1709508551851,READ,/gpfs/aquamini2/nicolasl/lammps_workdir/restart.rst.40,6578108,6600915
1709508551852,READ,/gpfs/aquamini2/nicolasl/lammps_workdir/restart.rst.40,6600916,6634995
1709508551853,READ,/gpfs/aquamini2/nicolasl/lammps_workdir/restart.rst.40,6634996,6645787
1709508551854,READ,/gpfs/aquamini2/nicolasl/lammps_workdir/restart.rst.40,6645788,6667443
1709508551855,READ,/gpfs/aquamini2/nicolasl/lammps_workdir/restart.rst.40,6667444,6699427
1709508551856,READ,/gpfs/aquamini2/nicolasl/lammps_workdir/restart.rst.40,6699428,6721763
1709508551857,READ,/gpfs/aquamini2/nicolasl/lammps_workdir/restart.rst.40,6721764,6743971
1709508551858,READ,/gpfs/aquamini2/nicolasl/lammps_workdir/restart.rst.40,6743972,6776371
1709508551859,READ,/gpfs/aquamini2/nicolasl/lammps_workdir/restart.rst.40,6776372,6797211
1709508551860,READ,/gpfs/aquamini2/nicolasl/lammps_workdir/restart.rst.40,6797212,6830531
1709508551861,READ,/gpfs/aquamini2/nicolasl/lammps_workdir/restart.rst.40,6830532,6851523
1709508551862,READ,/gpfs/aquamini2/nicolasl/lammps_workdir/restart.rst.40,6851524,6869947
1709508551863,READ,/gpfs/aquamini2/nicolasl/lammps_workdir/restart.rst.40,6869948,6903627
1709508551864,READ,/gpfs/aquamini2/nicolasl/lammps_workdir/restart.rst.40,6903628,6925291
1709508551865,READ,/gpfs/aquamini2/nicolasl/lammps_workdir/restart.rst.40,6925292,6948435
1709508551866,READ,/gpfs/aquamini2/nicolasl/lammps_workdir/restart.rst.40,6948436,6968947
1709508551867,READ,/gpfs/aquamini2/nicolasl/lammps_workdir/restart.rst.40,6968948,6998099
1709508551868,READ,/gpfs/aquamini2/nicolasl/lammps_workdir/restart.rst.40,6998100,7019291
1709508551869,READ,/gpfs/aquamini2/nicolasl/lammps_workdir/restart.rst.40,7019292,7039003
1709508551870,READ,/gpfs/aquamini2/nicolasl/lammps_workdir/restart.rst.40,7039004,7061795
1709508551871,READ,/gpfs/aquamini2/nicolasl/lammps_workdir/restart.rst.40,7061796,7095747
1709508551872,READ,/gpfs/aquamini2/nicolasl/lammps_workdir/restart.rst.40,7095748,7117275
1709508551873,READ,/gpfs/aquamini2/nicolasl/lammps_workdir/restart.rst.40,7117276,7141739
1709508551874,READ,/gpfs/aquamini2/nicolasl/lammps_workdir/restart.rst.40,7141740,7162795
1709508551875,READ,/gpfs/aquamini2/nicolasl/lammps_workdir/restart.rst.40,7162796,7192971
1709508551876,READ,/gpfs/aquamini2/nicolasl/lammps_workdir/restart.rst.40,7192972,7214691
1709508551877,READ,/gpfs/aquamini2/nicolasl/lammps_workdir/restart.rst.40,7214692,7249827
1709508551878,READ,/gpfs/aquamini2/nicolasl/lammps_workdir/restart.rst.40,7249828,7261635
1709508551879,READ,/gpfs/aquamini2/nicolasl/lammps_workdir/restart.rst.40,7261636,7284979
1709508551880,READ,/gpfs/aquamini2/nicolasl/lammps_workdir/restart.rst.40,7284980,7321971
1709508551881,READ,/gpfs/aquamini2/nicolasl/lammps_workdir/restart.rst.40,7321972,7343891
1709508551882,READ,/gpfs/aquamini2/nicolasl/lammps_workdir/restart.rst.40,7343892,7374187
1709508551883,READ,/gpfs/aquamini2/nicolasl/lammps_workdir/restart.rst.40,7374188,7394571
1709508551884,READ,/gpfs/aquamini2/nicolasl/lammps_workdir/restart.rst.40,7394572,7426891
1709508551885,READ,/gpfs/aquamini2/nicolasl/lammps_workdir/restart.rst.40,7426892,7448939
1709508551886,READ,/gpfs/aquamini2/nicolasl/lammps_workdir/restart.rst.40,7448940,7481923
1709508551887,READ,/gpfs/aquamini2/nicolasl/lammps_workdir/restart.rst.40,7481924,7502707
1709508551888,READ,/gpfs/aquamini2/nicolasl/lammps_workdir/restart.rst.40,7502708,7526531
1709508551889,READ,/gpfs/aquamini2/nicolasl/lammps_workdir/restart.rst.40,7526532,7547795
1709508551890,READ,/gpfs/aquamini2/nicolasl/lammps_workdir/restart.rst.40,7547796,7580803
1709508551891,READ,/gpfs/aquamini2/nicolasl/lammps_workdir/restart.rst.40,7580804,7602867
1709508551892,READ,/gpfs/aquamini2/nicolasl/lammps_workdir/restart.rst.40,7602868,7632907
1709508551893,READ,/gpfs/aquamini2/nicolasl/lammps_workdir/restart.rst.40,7632908,7654635
1709508551894,READ,/gpfs/aquamini2/nicolasl/lammps_workdir/restart.rst.40,7654636,7677179
1709508551895,READ,/gpfs/aquamini2/nicolasl/lammps_workdir/restart.rst.40,7677180,7699107
1709508551896,READ,/gpfs/aquamini2/nicolasl/lammps_workdir/restart.rst.40,7699108,7718339
1709508551897,READ,/gpfs/aquamini2/nicolasl/lammps_workdir/restart.rst.40,7718340,7752019
1709508551898,READ,/gpfs/aquamini2/nicolasl/lammps_workdir/restart.rst.40,7752020,7771723
1709508551899,READ,/gpfs/aquamini2/nicolasl/lammps_workdir/restart.rst.40,7771724,7804579
1709508551900,READ,/gpfs/aquamini2/nicolasl/lammps_workdir/restart.rst.40,7804580,7826907
1709508551901,READ,/gpfs/aquamini2/nicolasl/lammps_workdir/restart.rst.40,7826908,7858491
1709508551902,READ,/gpfs/aquamini2/nicolasl/lammps_workdir/restart.rst.40,7858492,7877595
1709508551903,READ,/gpfs/aquamini2/nicolasl/lammps_workdir/restart.rst.40,7877596,7900259
1709508551904,READ,/gpfs/aquamini2/nicolasl/lammps_workdir/restart.rst.40,7900260,7931899
1709508551905,READ,/gpfs/aquamini2/nicolasl/lammps_workdir/restart.rst.40,7931900,7953555
1709508551906,READ,/gpfs/aquamini2/nicolasl/lammps_workdir/restart.rst.40,7953556,7973939
1709508551907,READ,/gpfs/aquamini2/nicolasl/lammps_workdir/restart.rst.40,7973940,7994787
1709508551908,READ,/gpfs/aquamini2/nicolasl/lammps_workdir/restart.rst.40,7994788,8024963
1709508551909,READ,/gpfs/aquamini2/nicolasl/lammps_workdir/restart.rst.40,8024964,8046019
1709508551910,READ,/gpfs/aquamini2/nicolasl/lammps_workdir/restart.rst.40,8046020,8065723
1709508551911,READ,/gpfs/aquamini2/nicolasl/lammps_workdir/restart.rst.40,8065724,8086571
1709508551912,READ,/gpfs/aquamini2/nicolasl/lammps_workdir/restart.rst.40,8086572,8108035
1709508551913,READ,/gpfs/aquamini2/nicolasl/lammps_workdir/restart.rst.40,8108036,8139955
1709508551914,READ,/gpfs/aquamini2/nicolasl/lammps_workdir/restart.rst.40,8139956,8161547
1709508551915,READ,/gpfs/aquamini2/nicolasl/lammps_workdir/restart.rst.40,8161548,8193187
1709508551916,READ,/gpfs/aquamini2/nicolasl/lammps_workdir/restart.rst.40,8193188,8213971
1709508551917,READ,/gpfs/aquamini2/nicolasl/lammps_workdir/restart.rst.40,8213972,8247107
1709508551918,READ,/gpfs/aquamini2/nicolasl/lammps_workdir/restart.rst.40,8247108,8269771
1709508551919,READ,/gpfs/aquamini2/nicolasl/lammps_workdir/restart.rst.40,8269772,8302019
1709508551920,READ,/gpfs/aquamini2/nicolasl/lammps_workdir/restart.rst.40,8302020,8325427
1709508551921,READ,/gpfs/aquamini2/nicolasl/lammps_workdir/restart.rst.40,8325428,8358971
1709508551922,READ,/gpfs/aquamini2/nicolasl/lammps_workdir/restart.rst.40,8358972,8380699
1709508551923,READ,/gpfs/aquamini2/nicolasl/lammps_workdir/restart.rst.40,8380700,8391363
1709508551924,READ,/gpfs/aquamini2/nicolasl/lammps_workdir/restart.rst.40,8391364,8425971
1709508551925,READ,/gpfs/aquamini2/nicolasl/lammps_workdir/restart.rst.40,8425972,8448915
1709508551926,READ,/gpfs/aquamini2/nicolasl/lammps_workdir/restart.rst.40,8448916,8479747
1709508551927,READ,/gpfs/aquamini2/nicolasl/lammps_workdir/restart.rst.40,8479748,8500939
1709508551928,READ,/gpfs/aquamini2/nicolasl/lammps_workdir/restart.rst.40,8500940,8520779
1709508551929,READ,/gpfs/aquamini2/nicolasl/lammps_workdir/restart.rst.40,8520780,8551083
1709508551930,READ,/gpfs/aquamini2/nicolasl/lammps_workdir/restart.rst.40,8551084,8572203
1709508551931,READ,/gpfs/aquamini2/nicolasl/lammps_workdir/restart.rst.40,8572204,8593723
1709508551932,READ,/gpfs/aquamini2/nicolasl/lammps_workdir/restart.rst.40,8593724,8616251
1709508551933,READ,/gpfs/aquamini2/nicolasl/lammps_workdir/restart.rst.40,8616252,8648179
1709508551934,READ,/gpfs/aquamini2/nicolasl/lammps_workdir/restart.rst.40,8648180,8670651
1709508551935,READ,/gpfs/aquamini2/nicolasl/lammps_workdir/restart.rst.40,8670652,8692795
1709508551936,READ,/gpfs/aquamini2/nicolasl/lammps_workdir/restart.rst.40,8692796,8724715
1709508551937,READ,/gpfs/aquamini2/nicolasl/lammps_workdir/restart.rst.40,8724716,8735987
1709508551938,READ,/gpfs/aquamini2/nicolasl/lammps_workdir/restart.rst.40,8735988,8770331
1709508551939,READ,/gpfs/aquamini2/nicolasl/lammps_workdir/restart.rst.40,8770332,8791515
1709508551940,READ,/gpfs/aquamini2/nicolasl/lammps_workdir/restart.rst.40,8791516,8824843
1709508551941,READ,/gpfs/aquamini2/nicolasl/lammps_workdir/restart.rst.40,8824844,8846835
1709508551942,READ,/gpfs/aquamini2/nicolasl/lammps_workdir/restart.rst.40,8846836,8868691
1709508551943,READ,/gpfs/aquamini2/nicolasl/lammps_workdir/restart.rst.40,8868692,8900675
1709508551944,READ,/gpfs/aquamini2/nicolasl/lammps_workdir/restart.rst.40,8900676,8921395
1709508551945,READ,/gpfs/aquamini2/nicolasl/lammps_workdir/restart.rst.40,8921396,8953651
1709508551946,READ,/gpfs/aquamini2/nicolasl/lammps_workdir/restart.rst.40,8953652,8976051
1709508551947,READ,/gpfs/aquamini2/nicolasl/lammps_workdir/restart.rst.40,8976052,8996427
1709508551948,READ,/gpfs/aquamini2/nicolasl/lammps_workdir/restart.rst.40,8996428,9028963
1709508551949,READ,/gpfs/aquamini2/nicolasl/lammps_workdir/restart.rst.40,9028964,9050891
1709508551950,READ,/gpfs/aquamini2/nicolasl/lammps_workdir/restart.rst.40,9050892,9072139
1709508551951,READ,/gpfs/aquamini2/nicolasl/lammps_workdir/restart.rst.40,9072140,9093331
1709508551952,READ,/gpfs/aquamini2/nicolasl/lammps_workdir/restart.rst.40,9093332,9115867
1709508551953,READ,/gpfs/aquamini2/nicolasl/lammps_workdir/restart.rst.40,9115868,9139219
1709508551954,READ,/gpfs/aquamini2/nicolasl/lammps_workdir/restart.rst.40,9139220,9169459
1709508551955,READ,/gpfs/aquamini2/nicolasl/lammps_workdir/restart.rst.40,9169460,9189971
1709508551956,READ,/gpfs/aquamini2/nicolasl/lammps_workdir/restart.rst.40,9189972,9221555
1709508551957,READ,/gpfs/aquamini2/nicolasl/lammps_workdir/restart.rst.40,9221556,9241339
1709508551958,READ,/gpfs/aquamini2/nicolasl/lammps_workdir/restart.rst.40,9241340,9263947
1709508551959,READ,/gpfs/aquamini2/nicolasl/lammps_workdir/restart.rst.40,9263948,9287091
1709508551960,READ,/gpfs/aquamini2/nicolasl/lammps_workdir/restart.rst.40,9287092,9318603
1709508551961,READ,/gpfs/aquamini2/nicolasl/lammps_workdir/restart.rst.40,9318604,9341603
1709508551962,READ,/gpfs/aquamini2/nicolasl/lammps_workdir/restart.rst.40,9341604,9361171
1709508551963,READ,/gpfs/aquamini2/nicolasl/lammps_workdir/restart.rst.40,9361172,9383171
1709508551964,READ,/gpfs/aquamini2/nicolasl/lammps_workdir/restart.rst.40,9383172,9405099
1709508551965,READ,/gpfs/aquamini2/nicolasl/lammps_workdir/restart.rst.40,9405100,9426827
1709508551966,READ,/gpfs/aquamini2/nicolasl/lammps_workdir/restart.rst.40,9426828,9459211
1709508551967,READ,/gpfs/aquamini2/nicolasl/lammps_workdir/restart.rst.40,9459212,9480203
1709508551968,READ,/gpfs/aquamini2/nicolasl/lammps_workdir/restart.rst.40,9480204,9500843
1709508551969,READ,/gpfs/aquamini2/nicolasl/lammps_workdir/restart.rst.40,9500844,9529067
1709508551970,READ,/gpfs/aquamini2/nicolasl/lammps_workdir/restart.rst.40,9529068,9551459
1709508551971,READ,/gpfs/aquamini2/nicolasl/lammps_workdir/restart.rst.40,9551460,9570555
1709508551972,READ,/gpfs/aquamini2/nicolasl/lammps_workdir/restart.rst.40,9570556,9602267
1709508551973,READ,/gpfs/aquamini2/nicolasl/lammps_workdir/restart.rst.40,9602268,9625483
1709508551974,READ,/gpfs/aquamini2/nicolasl/lammps_workdir/restart.rst.40,9625484,9646067
1709508551975,READ,/gpfs/aquamini2/nicolasl/lammps_workdir/restart.rst.40,9646068,9667731
1709508551976,READ,/gpfs/aquamini2/nicolasl/lammps_workdir/restart.rst.40,9667732,9700187
1709508551977,READ,/gpfs/aquamini2/nicolasl/lammps_workdir/restart.rst.40,9700188,9721307
1709508551978,READ,/gpfs/aquamini2/nicolasl/lammps_workdir/restart.rst.40,9721308,9743899
1709508551979,READ,/gpfs/aquamini2/nicolasl/lammps_workdir/restart.rst.40,9743900,9775691
1709508551980,READ,/gpfs/aquamini2/nicolasl/lammps_workdir/restart.rst.40,9775692,9796675
1709508551981,READ,/gpfs/aquamini2/nicolasl/lammps_workdir/restart.rst.40,9796676,9819083
1709508551982,READ,/gpfs/aquamini2/nicolasl/lammps_workdir/restart.rst.40,9819084,9849387
1709508551983,READ,/gpfs/aquamini2/nicolasl/lammps_workdir/restart.rst.40,9849388,9869219
1709508551984,READ,/gpfs/aquamini2/nicolasl/lammps_workdir/restart.rst.40,9869220,9888795
1709508551985,READ,/gpfs/aquamini2/nicolasl/lammps_workdir/restart.rst.40,9888796,9912131
1709508551986,READ,/gpfs/aquamini2/nicolasl/lammps_workdir/restart.rst.40,9912132,9945723
1709508551987,READ,/gpfs/aquamini2/nicolasl/lammps_workdir/restart.rst.40,9945724,9966587
1709508551988,READ,/gpfs/aquamini2/nicolasl/lammps_workdir/restart.rst.40,9966588,9988995
1709508551989,READ,/gpfs/aquamini2/nicolasl/lammps_workdir/restart.rst.40,9988996,10011531
1709508551990,READ,/gpfs/aquamini2/nicolasl/lammps_workdir/restart.rst.40,10011532,10030699
1709508551991,READ,/gpfs/aquamini2/nicolasl/lammps_workdir/restart.rst.40,10030700,10062475
1709508551992,READ,/gpfs/aquamini2/nicolasl/lammps_workdir/restart.rst.40,10062476,10083875
1709508551993,READ,/gpfs/aquamini2/nicolasl/lammps_workdir/restart.rst.40,10083876,10105331
1709508551994,READ,/gpfs/aquamini2/nicolasl/lammps_workdir/restart.rst.40,10105332,10136643
1709508551995,READ,/gpfs/aquamini2/nicolasl/lammps_workdir/restart.rst.40,10136644,10159107
1709508551996,READ,/gpfs/aquamini2/nicolasl/lammps_workdir/restart.rst.40,10159108,10179555
1709508551997,READ,/gpfs/aquamini2/nicolasl/lammps_workdir/restart.rst.40,10179556,10211011
1709508551998,READ,/gpfs/aquamini2/nicolasl/lammps_workdir/restart.rst.40,10211012,10232395
1709508551999,READ,/gpfs/aquamini2/nicolasl/lammps_workdir/restart.rst.40,10232396,10253739
1709508557366,READ,/gpfs/aquamini2/nicolasl/lammps_workdir/restart.rst.50,0,63203
1709508557367,READ,/gpfs/aquamini2/nicolasl/lammps_workdir/restart.rst.50,63204,125019
1709508557368,READ,/gpfs/aquamini2/nicolasl/lammps_workdir/restart.rst.50,125020,146003
1709508557369,READ,/gpfs/aquamini2/nicolasl/lammps_workdir/restart.rst.50,146004,218075
1709508557370,READ,/gpfs/aquamini2/nicolasl/lammps_workdir/restart.rst.50,218076,295667
1709508557371,READ,/gpfs/aquamini2/nicolasl/lammps_workdir/restart.rst.50,295668,358771
1709508557372,READ,/gpfs/aquamini2/nicolasl/lammps_workdir/restart.rst.50,358772,421739
1709508557373,READ,/gpfs/aquamini2/nicolasl/lammps_workdir/restart.rst.50,421740,476395
1709508557374,READ,/gpfs/aquamini2/nicolasl/lammps_workdir/restart.rst.50,476396,532187
1709508557375,READ,/gpfs/aquamini2/nicolasl/lammps_workdir/restart.rst.50,532188,586443
1709508557376,READ,/gpfs/aquamini2/nicolasl/lammps_workdir/restart.rst.50,586444,649619
1709508557377,READ,/gpfs/aquamini2/nicolasl/lammps_workdir/restart.rst.50,649620,700907
1709508557378,READ,/gpfs/aquamini2/nicolasl/lammps_workdir/restart.rst.50,700908,723435
1709508557379,READ,/gpfs/aquamini2/nicolasl/lammps_workdir/restart.rst.50,723436,754347
1709508557380,READ,/gpfs/aquamini2/nicolasl/lammps_workdir/restart.rst.50,754348,776339
1709508557381,READ,/gpfs/aquamini2/nicolasl/lammps_workdir/restart.rst.50,776340,807043
1709508557382,READ,/gpfs/aquamini2/nicolasl/lammps_workdir/restart.rst.50,807044,828563
1709508557383,READ,/gpfs/aquamini2/nicolasl/lammps_workdir/restart.rst.50,828564,849339
1709508557384,READ,/gpfs/aquamini2/nicolasl/lammps_workdir/restart.rst.50,849340,878963
1709508557385,READ,/gpfs/aquamini2/nicolasl/lammps_workdir/restart.rst.50,878964,901227
1709508557386,READ,/gpfs/aquamini2/nicolasl/lammps_workdir/restart.rst.50,901228,934707
1709508557387,READ,/gpfs/aquamini2/nicolasl/lammps_workdir/restart.rst.50,934708,955563
1709508557388,READ,/gpfs/aquamini2/nicolasl/lammps_workdir/restart.rst.50,955564,977635
1709508557389,READ,/gpfs/aquamini2/nicolasl/lammps_workdir/restart.rst.50,977636,1009283
1709508557390,READ,/gpfs/aquamini2/nicolasl/lammps_workdir/restart.rst.50,1009284,1029795
1709508557391,READ,/gpfs/aquamini2/nicolasl/lammps_workdir/restart.rst.50,1029796,1050171
1709508557392,READ,/gpfs/aquamini2/nicolasl/lammps_workdir/restart.rst.50,1050172,1084643
1709508557393,READ,/gpfs/aquamini2/nicolasl/lammps_workdir/restart.rst.50,1084644,1104475
1709508557394,READ,/gpfs/aquamini2/nicolasl/lammps_workdir/restart.rst.50,1104476,1126275
1709508557395,READ,/gpfs/aquamini2/nicolasl/lammps_workdir/restart.rst.50,1126276,1158331
1709508557396,READ,/gpfs/aquamini2/nicolasl/lammps_workdir/restart.rst.50,1158332,1180539
1709508557397,READ,/gpfs/aquamini2/nicolasl/lammps_workdir/restart.rst.50,1180540,1202203
1709508557398,READ,/gpfs/aquamini2/nicolasl/lammps_workdir/restart.rst.50,1202204,1232499
1709508557399,READ,/gpfs/aquamini2/nicolasl/lammps_workdir/restart.rst.50,1232500,1254155
1709508557400,READ,/gpfs/aquamini2/nicolasl/lammps_workdir/restart.rst.50,1254156,1275539
1709508557401,READ,/gpfs/aquamini2/nicolasl/lammps_workdir/restart.rst.50,1275540,1308339
1709508557402,READ,/gpfs/aquamini2/nicolasl/lammps_workdir/restart.rst.50,1308340,1328051
1709508557403,READ,/gpfs/aquamini2/nicolasl/lammps_workdir/restart.rst.50,1328052,1350107
1709508557404,READ,/gpfs/aquamini2/nicolasl/lammps_workdir/restart.rst.50,1350108,1371227
1709508557405,READ,/gpfs/aquamini2/nicolasl/lammps_workdir/restart.rst.50,1371228,1392891
1709508557406,READ,/gpfs/aquamini2/nicolasl/lammps_workdir/restart.rst.50,1392892,1427091
1709508557407,READ,/gpfs/aquamini2/nicolasl/lammps_workdir/restart.rst.50,1427092,1446739
1709508557408,READ,/gpfs/aquamini2/nicolasl/lammps_workdir/restart.rst.50,1446740,1468323
1709508557409,READ,/gpfs/aquamini2/nicolasl/lammps_workdir/restart.rst.50,1468324,1487955
1709508557410,READ,/gpfs/aquamini2/nicolasl/lammps_workdir/restart.rst.50,1487956,1518939
1709508557411,READ,/gpfs/aquamini2/nicolasl/lammps_workdir/restart.rst.50,1518940,1541011
1709508557412,READ,/gpfs/aquamini2/nicolasl/lammps_workdir/restart.rst.50,1541012,1572187
1709508557413,READ,/gpfs/aquamini2/nicolasl/lammps_workdir/restart.rst.50,1572188,1593171
1709508557414,READ,/gpfs/aquamini2/nicolasl/lammps_workdir/restart.rst.50,1593172,1625155
1709508557415,READ,/gpfs/aquamini2/nicolasl/lammps_workdir/restart.rst.50,1625156,1644451
1709508557416,READ,/gpfs/aquamini2/nicolasl/lammps_workdir/restart.rst.50,1644452,1667323
1709508557417,READ,/gpfs/aquamini2/nicolasl/lammps_workdir/restart.rst.50,1667324,1688179
1709508557418,READ,/gpfs/aquamini2/nicolasl/lammps_workdir/restart.rst.50,1688180,1710715
1709508557419,READ,/gpfs/aquamini2/nicolasl/lammps_workdir/restart.rst.50,1710716,1739867
1709508557420,READ,/gpfs/aquamini2/nicolasl/lammps_workdir/restart.rst.50,1739868,1764611
1709508557421,READ,/gpfs/aquamini2/nicolasl/lammps_workdir/restart.rst.50,1764612,1793499
1709508557422,READ,/gpfs/aquamini2/nicolasl/lammps_workdir/restart.rst.50,1793500,1815971
1709508557423,READ,/gpfs/aquamini2/nicolasl/lammps_workdir/restart.rst.50,1815972,1846539
1709508557424,READ,/gpfs/aquamini2/nicolasl/lammps_workdir/restart.rst.50,1846540,1882347
1709508557425,READ,/gpfs/aquamini2/nicolasl/lammps_workdir/restart.rst.50,1882348,1905427
1709508557426,READ,/gpfs/aquamini2/nicolasl/lammps_workdir/restart.rst.50,1905428,1929435
1709508557427,READ,/gpfs/aquamini2/nicolasl/lammps_workdir/restart.rst.50,1929436,1959843
1709508557428,READ,/gpfs/aquamini2/nicolasl/lammps_workdir/restart.rst.50,1959844,1981971
1709508557429,READ,/gpfs/aquamini2/nicolasl/lammps_workdir/restart.rst.50,1981972,2015923
1709508557430,READ,/gpfs/aquamini2/nicolasl/lammps_workdir/restart.rst.50,2015924,2040139
1709508557431,READ,/gpfs/aquamini2/nicolasl/lammps_workdir/restart.rst.50,2040140,2060419
1709508557432,READ,/gpfs/aquamini2/nicolasl/lammps_workdir/restart.rst.50,2060420,2092323
1709508557433,READ,/gpfs/aquamini2/nicolasl/lammps_workdir/restart.rst.50,2092324,2116075
1709508557434,READ,/gpfs/aquamini2/nicolasl/lammps_workdir/restart.rst.50,2116076,2148123
1709508557435,READ,/gpfs/aquamini2/nicolasl/lammps_workdir/restart.rst.50,2148124,2170059
1709508557436,READ,/gpfs/aquamini2/nicolasl/lammps_workdir/restart.rst.50,2170060,2202443
1709508557437,READ,/gpfs/aquamini2/nicolasl/lammps_workdir/restart.rst.50,2202444,2223283
1709508557438,READ,/gpfs/aquamini2/nicolasl/lammps_workdir/restart.rst.50,2223284,2244139
1709508557439,READ,/gpfs/aquamini2/nicolasl/lammps_workdir/restart.rst.50,2244140,2264715
1709508557440,READ,/gpfs/aquamini2/nicolasl/lammps_workdir/restart.rst.50,2264716,2285835
1709508557441,READ,/gpfs/aquamini2/nicolasl/lammps_workdir/restart.rst.50,2285836,2317139
1709508557442,READ,/gpfs/aquamini2/nicolasl/lammps_workdir/restart.rst.50,2317140,2339275
1709508557443,READ,/gpfs/aquamini2/nicolasl/lammps_workdir/restart.rst.50,2339276,2369587
1709508557444,READ,/gpfs/aquamini2/nicolasl/lammps_workdir/restart.rst.50,2369588,2391651
1709508557445,READ,/gpfs/aquamini2/nicolasl/lammps_workdir/restart.rst.50,2391652,2423371
1709508557446,READ,/gpfs/aquamini2/nicolasl/lammps_workdir/restart.rst.50,2423372,2446243
1709508557447,READ,/gpfs/aquamini2/nicolasl/lammps_workdir/restart.rst.50,2446244,2468451
1709508557448,READ,/gpfs/aquamini2/nicolasl/lammps_workdir/restart.rst.50,2468452,2490059
1709508557449,READ,/gpfs/aquamini2/nicolasl/lammps_workdir/restart.rst.50,2490060,2521707
1709508557450,READ,/gpfs/aquamini2/nicolasl/lammps_workdir/restart.rst.50,2521708,2543635
1709508557451,READ,/gpfs/aquamini2/nicolasl/lammps_workdir/restart.rst.50,2543636,2567659
1709508557452,READ,/gpfs/aquamini2/nicolasl/lammps_workdir/restart.rst.50,2567660,2600179
1709508557453,READ,/gpfs/aquamini2/nicolasl/lammps_workdir/restart.rst.50,2600180,2620363
1709508557454,READ,/gpfs/aquamini2/nicolasl/lammps_workdir/restart.rst.50,2620364,2642755
1709508557455,READ,/gpfs/aquamini2/nicolasl/lammps_workdir/restart.rst.50,2642756,2676163
1709508557456,READ,/gpfs/aquamini2/nicolasl/lammps_workdir/restart.rst.50,2676164,2699179
1709508557457,READ,/gpfs/aquamini2/nicolasl/lammps_workdir/restart.rst.50,2699180,2730155
1709508557458,READ,/gpfs/aquamini2/nicolasl/lammps_workdir/restart.rst.50,2730156,2741219
1709508557459,READ,/gpfs/aquamini2/nicolasl/lammps_workdir/restart.rst.50,2741220,2772331
1709508557460,READ,/gpfs/aquamini2/nicolasl/lammps_workdir/restart.rst.50,2772332,2795195
1709508557461,READ,/gpfs/aquamini2/nicolasl/lammps_workdir/restart.rst.50,2795196,2816315
1709508557462,READ,/gpfs/aquamini2/nicolasl/lammps_workdir/restart.rst.50,2816316,2852171
1709508557463,READ,/gpfs/aquamini2/nicolasl/lammps_workdir/restart.rst.50,2852172,2872683
1709508557464,READ,/gpfs/aquamini2/nicolasl/lammps_workdir/restart.rst.50,2872684,2906155
1709508557465,READ,/gpfs/aquamini2/nicolasl/lammps_workdir/restart.rst.50,2906156,2931251
1709508557466,READ,/gpfs/aquamini2/nicolasl/lammps_workdir/restart.rst.50,2931252,2959203
1709508557467,READ,/gpfs/aquamini2/nicolasl/lammps_workdir/restart.rst.50,2959204,2979923
1709508557468,READ,/gpfs/aquamini2/nicolasl/lammps_workdir/restart.rst.50,2979924,3006739
1709508557469,READ,/gpfs/aquamini2/nicolasl/lammps_workdir/restart.rst.50,3006740,3039307
1709508557470,READ,/gpfs/aquamini2/nicolasl/lammps_workdir/restart.rst.50,3039308,3069835
1709508557471,READ,/gpfs/aquamini2/nicolasl/lammps_workdir/restart.rst.50,3069836,3092827
1709508557472,READ,/gpfs/aquamini2/nicolasl/lammps_workdir/restart.rst.50,3092828,3115827
1709508557473,READ,/gpfs/aquamini2/nicolasl/lammps_workdir/restart.rst.50,3115828,3140915
1709508557474,READ,/gpfs/aquamini2/nicolasl/lammps_workdir/restart.rst.50,3140916,3172147
1709508557475,READ,/gpfs/aquamini2/nicolasl/lammps_workdir/restart.rst.50,3172148,3199875
1709508557476,READ,/gpfs/aquamini2/nicolasl/lammps_workdir/restart.rst.50,3199876,3221611
1709508557477,READ,/gpfs/aquamini2/nicolasl/lammps_workdir/restart.rst.50,3221612,3258947
1709508557478,READ,/gpfs/aquamini2/nicolasl/lammps_workdir/restart.rst.50,3258948,3280147
1709508557479,READ,/gpfs/aquamini2/nicolasl/lammps_workdir/restart.rst.50,3280148,3310659
1709508557480,READ,/gpfs/aquamini2/nicolasl/lammps_workdir/restart.rst.50,3310660,3330427
1709508557481,READ,/gpfs/aquamini2/nicolasl/lammps_workdir/restart.rst.50,3330428,3366227
1709508557482,READ,/gpfs/aquamini2/nicolasl/lammps_workdir/restart.rst.50,3366228,3396699
1709508557483,READ,/gpfs/aquamini2/nicolasl/lammps_workdir/restart.rst.50,3396700,3431323
1709508557484,READ,/gpfs/aquamini2/nicolasl/lammps_workdir/restart.rst.50,3431324,3453579
1709508557485,READ,/gpfs/aquamini2/nicolasl/lammps_workdir/restart.rst.50,3453580,3477339
1709508557486,READ,/gpfs/aquamini2/nicolasl/lammps_workdir/restart.rst.50,3477340,3501547
1709508557487,READ,/gpfs/aquamini2/nicolasl/lammps_workdir/restart.rst.50,3501548,3532515
1709508557488,READ,/gpfs/aquamini2/nicolasl/lammps_workdir/restart.rst.50,3532516,3555259
1709508557489,READ,/gpfs/aquamini2/nicolasl/lammps_workdir/restart.rst.50,3555260,3577387
1709508557490,READ,/gpfs/aquamini2/nicolasl/lammps_workdir/restart.rst.50,3577388,3610387
1709508557491,READ,/gpfs/aquamini2/nicolasl/lammps_workdir/restart.rst.50,3610388,3633059
1709508557492,READ,/gpfs/aquamini2/nicolasl/lammps_workdir/restart.rst.50,3633060,3654451
1709508557493,READ,/gpfs/aquamini2/nicolasl/lammps_workdir/restart.rst.50,3654452,3685763
1709508557494,READ,/gpfs/aquamini2/nicolasl/lammps_workdir/restart.rst.50,3685764,3706059
1709508557495,READ,/gpfs/aquamini2/nicolasl/lammps_workdir/restart.rst.50,3706060,3728123
1709508557496,READ,/gpfs/aquamini2/nicolasl/lammps_workdir/restart.rst.50,3728124,3749979
1709508557497,READ,/gpfs/aquamini2/nicolasl/lammps_workdir/restart.rst.50,3749980,3783171
1709508557498,READ,/gpfs/aquamini2/nicolasl/lammps_workdir/restart.rst.50,3783172,3803427
1709508557499,READ,/gpfs/aquamini2/nicolasl/lammps_workdir/restart.rst.50,3803428,3823003
1709508557500,READ,/gpfs/aquamini2/nicolasl/lammps_workdir/restart.rst.50,3823004,3844795
1709508557501,READ,/gpfs/aquamini2/nicolasl/lammps_workdir/restart.rst.50,3844796,3877579
1709508557502,READ,/gpfs/aquamini2/nicolasl/lammps_workdir/restart.rst.50,3877580,3899435
1709508557503,READ,/gpfs/aquamini2/nicolasl/lammps_workdir/restart.rst.50,3899436,3921699
1709508557504,READ,/gpfs/aquamini2/nicolasl/lammps_workdir/restart.rst.50,3921700,3953963
1709508557505,READ,/gpfs/aquamini2/nicolasl/lammps_workdir/restart.rst.50,3953964,3975635
1709508557506,READ,/gpfs/aquamini2/nicolasl/lammps_workdir/restart.rst.50,3975636,3996347
1709508557507,READ,/gpfs/aquamini2/nicolasl/lammps_workdir/restart.rst.50,3996348,4016867
1709508557508,READ,/gpfs/aquamini2/nicolasl/lammps_workdir/restart.rst.50,4016868,4048307
1709508557509,READ,/gpfs/aquamini2/nicolasl/lammps_workdir/restart.rst.50,4048308,4068283
1709508557510,READ,/gpfs/aquamini2/nicolasl/lammps_workdir/restart.rst.50,4068284,4088067
1709508557511,READ,/gpfs/aquamini2/nicolasl/lammps_workdir/restart.rst.50,4088068,4122307
1709508557512,READ,/gpfs/aquamini2/nicolasl/lammps_workdir/restart.rst.50,4122308,4142147
1709508557513,READ,/gpfs/aquamini2/nicolasl/lammps_workdir/restart.rst.50,4142148,4174707
1709508557558,READ,/gpfs/aquamini2/nicolasl/lammps_workdir/restart.rst.50,4174708,4216827
1709508557559,READ,/gpfs/aquamini2/nicolasl/lammps_workdir/restart.rst.50,4216828,4250419
1709508557560,READ,/gpfs/aquamini2/nicolasl/lammps_workdir/restart.rst.50,4250420,4273147
1709508557561,READ,/gpfs/aquamini2/nicolasl/lammps_workdir/restart.rst.50,4273148,4295827
1709508557562,READ,/gpfs/aquamini2/nicolasl/lammps_workdir/restart.rst.50,4295828,4335043
1709508557563,READ,/gpfs/aquamini2/nicolasl/lammps_workdir/restart.rst.50,4335044,4358243
1709508557564,READ,/gpfs/aquamini2/nicolasl/lammps_workdir/restart.rst.50,4358244,4389051
1709508557565,READ,/gpfs/aquamini2/nicolasl/lammps_workdir/restart.rst.50,4389052,4434955
1709508557566,READ,/gpfs/aquamini2/nicolasl/lammps_workdir/restart.rst.50,4434956,4455003
1709508557567,READ,/gpfs/aquamini2/nicolasl/lammps_workdir/restart.rst.50,4455004,4483179
1709508557568,READ,/gpfs/aquamini2/nicolasl/lammps_workdir/restart.rst.50,4483180,4520395
1709508557569,READ,/gpfs/aquamini2/nicolasl/lammps_workdir/restart.rst.50,4520396,4543667
1709508557570,READ,/gpfs/aquamini2/nicolasl/lammps_workdir/restart.rst.50,4543668,4582003
1709508557571,READ,/gpfs/aquamini2/nicolasl/lammps_workdir/restart.rst.50,4582004,4608147
1709508557572,READ,/gpfs/aquamini2/nicolasl/lammps_workdir/restart.rst.50,4608148,4643155
1709508557573,READ,/gpfs/aquamini2/nicolasl/lammps_workdir/restart.rst.50,4643156,4661579
1709508557574,READ,/gpfs/aquamini2/nicolasl/lammps_workdir/restart.rst.50,4661580,4683811
1709508557575,READ,/gpfs/aquamini2/nicolasl/lammps_workdir/restart.rst.50,4683812,4726659
1709508557576,READ,/gpfs/aquamini2/nicolasl/lammps_workdir/restart.rst.50,4726660,4750307
1709508557577,READ,/gpfs/aquamini2/nicolasl/lammps_workdir/restart.rst.50,4750308,4772043
1709508557578,READ,/gpfs/aquamini2/nicolasl/lammps_workdir/restart.rst.50,4772044,4816747
1709508557579,READ,/gpfs/aquamini2/nicolasl/lammps_workdir/restart.rst.50,4816748,4852083
1709508557580,READ,/gpfs/aquamini2/nicolasl/lammps_workdir/restart.rst.50,4852084,4874211
1709508557581,READ,/gpfs/aquamini2/nicolasl/lammps_workdir/restart.rst.50,4874212,4895339
1709508557582,READ,/gpfs/aquamini2/nicolasl/lammps_workdir/restart.rst.50,4895340,4928595
1709508557583,READ,/gpfs/aquamini2/nicolasl/lammps_workdir/restart.rst.50,4928596,4956555
1709508557584,READ,/gpfs/aquamini2/nicolasl/lammps_workdir/restart.rst.50,4956556,4978083
1709508557585,READ,/gpfs/aquamini2/nicolasl/lammps_workdir/restart.rst.50,4978084,5010011
1709508557586,READ,/gpfs/aquamini2/nicolasl/lammps_workdir/restart.rst.50,5010012,5030931
1709508557587,READ,/gpfs/aquamini2/nicolasl/lammps_workdir/restart.rst.50,5030932,5064131
1709508557588,READ,/gpfs/aquamini2/nicolasl/lammps_workdir/restart.rst.50,5064132,5086395
1709508557589,READ,/gpfs/aquamini2/nicolasl/lammps_workdir/restart.rst.50,5086396,5108595
1709508557590,READ,/gpfs/aquamini2/nicolasl/lammps_workdir/restart.rst.50,5108596,5128171
1709508557591,READ,/gpfs/aquamini2/nicolasl/lammps_workdir/restart.rst.50,5128172,5160491
1709508557592,READ,/gpfs/aquamini2/nicolasl/lammps_workdir/restart.rst.50,5160492,5178443
1709508557593,READ,/gpfs/aquamini2/nicolasl/lammps_workdir/restart.rst.50,5178444,5210019
1709508557594,READ,/gpfs/aquamini2/nicolasl/lammps_workdir/restart.rst.50,5210020,5229531
1709508557595,READ,/gpfs/aquamini2/nicolasl/lammps_workdir/restart.rst.50,5229532,5251659
1709508557596,READ,/gpfs/aquamini2/nicolasl/lammps_workdir/restart.rst.50,5251660,5283627
1709508557597,READ,/gpfs/aquamini2/nicolasl/lammps_workdir/restart.rst.50,5283628,5305083
1709508557598,READ,/gpfs/aquamini2/nicolasl/lammps_workdir/restart.rst.50,5305084,5327283
1709508557599,READ,/gpfs/aquamini2/nicolasl/lammps_workdir/restart.rst.50,5327284,5358931
1709508557600,READ,/gpfs/aquamini2/nicolasl/lammps_workdir/restart.rst.50,5358932,5380731
1709508557601,READ,/gpfs/aquamini2/nicolasl/lammps_workdir/restart.rst.50,5380732,5400979
1709508557602,READ,/gpfs/aquamini2/nicolasl/lammps_workdir/restart.rst.50,5400980,5430875
1709508557603,READ,/gpfs/aquamini2/nicolasl/lammps_workdir/restart.rst.50,5430876,5452267
1709508557604,READ,/gpfs/aquamini2/nicolasl/lammps_workdir/restart.rst.50,5452268,5475467
1709508557605,READ,/gpfs/aquamini2/nicolasl/lammps_workdir/restart.rst.50,5475468,5497131
1709508557606,READ,/gpfs/aquamini2/nicolasl/lammps_workdir/restart.rst.50,5497132,5531139
1709508557607,READ,/gpfs/aquamini2/nicolasl/lammps_workdir/restart.rst.50,5531140,5551243
1709508557608,READ,/gpfs/aquamini2/nicolasl/lammps_workdir/restart.rst.50,5551244,5573747
1709508557609,READ,/gpfs/aquamini2/nicolasl/lammps_workdir/restart.rst.50,5573748,5595875
1709508557610,READ,/gpfs/aquamini2/nicolasl/lammps_workdir/restart.rst.50,5595876,5618211
1709508557611,READ,/gpfs/aquamini2/nicolasl/lammps_workdir/restart.rst.50,5618212,5641939
1709508557612,READ,/gpfs/aquamini2/nicolasl/lammps_workdir/restart.rst.50,5641940,5681291
1709508557613,READ,/gpfs/aquamini2/nicolasl/lammps_workdir/restart.rst.50,5681292,5711611
1709508557614,READ,/gpfs/aquamini2/nicolasl/lammps_workdir/restart.rst.50,5711612,5737699
1709508557615,READ,/gpfs/aquamini2/nicolasl/lammps_workdir/restart.rst.50,5737700,5756091
1709508557616,READ,/gpfs/aquamini2/nicolasl/lammps_workdir/restart.rst.50,5756092,5788051
1709508557617,READ,/gpfs/aquamini2/nicolasl/lammps_workdir/restart.rst.50,5788052,5808843
1709508557618,READ,/gpfs/aquamini2/nicolasl/lammps_workdir/restart.rst.50,5808844,5845331
1709508557619,READ,/gpfs/aquamini2/nicolasl/lammps_workdir/restart.rst.50,5845332,5862563
1709508557620,READ,/gpfs/aquamini2/nicolasl/lammps_workdir/restart.rst.50,5862564,5908219
1709508557621,READ,/gpfs/aquamini2/nicolasl/lammps_workdir/restart.rst.50,5908220,5926515
1709508557622,READ,/gpfs/aquamini2/nicolasl/lammps_workdir/restart.rst.50,5926516,5947707
1709508557623,READ,/gpfs/aquamini2/nicolasl/lammps_workdir/restart.rst.50,5947708,5961523
1709508557624,READ,/gpfs/aquamini2/nicolasl/lammps_workdir/restart.rst.50,5961524,5986403
1709508557625,READ,/gpfs/aquamini2/nicolasl/lammps_workdir/restart.rst.50,5986404,6034755
1709508557626,READ,/gpfs/aquamini2/nicolasl/lammps_workdir/restart.rst.50,6034756,6053171
1709508557627,READ,/gpfs/aquamini2/nicolasl/lammps_workdir/restart.rst.50,6053172,6077259
1709508557628,READ,/gpfs/aquamini2/nicolasl/lammps_workdir/restart.rst.50,6077260,6109587
1709508557629,READ,/gpfs/aquamini2/nicolasl/lammps_workdir/restart.rst.50,6109588,6149595
1709508557630,READ,/gpfs/aquamini2/nicolasl/lammps_workdir/restart.rst.50,6149596,6178211
1709508557631,READ,/gpfs/aquamini2/nicolasl/lammps_workdir/restart.rst.50,6178212,6200083
1709508557632,READ,/gpfs/aquamini2/nicolasl/lammps_workdir/restart.rst.50,6200084,6225579
1709508557633,READ,/gpfs/aquamini2/nicolasl/lammps_workdir/restart.rst.50,6225580,6255627
1709508557634,READ,/gpfs/aquamini2/nicolasl/lammps_workdir/restart.rst.50,6255628,6287683
1709508557635,READ,/gpfs/aquamini2/nicolasl/lammps_workdir/restart.rst.50,6287684,6307659
1709508557636,READ,/gpfs/aquamini2/nicolasl/lammps_workdir/restart.rst.50,6307660,6327979
1709508557637,READ,/gpfs/aquamini2/nicolasl/lammps_workdir/restart.rst.50,6327980,6355499
1709508557638,READ,/gpfs/aquamini2/nicolasl/lammps_workdir/restart.rst.50,6355500,6376691
1709508557639,READ,/gpfs/aquamini2/nicolasl/lammps_workdir/restart.rst.50,6376692,6399027
1709508557640,READ,/gpfs/aquamini2/nicolasl/lammps_workdir/restart.rst.50,6399028,6432683
1709508557641,READ,/gpfs/aquamini2/nicolasl/lammps_workdir/restart.rst.50,6432684,6454747
1709508557642,READ,/gpfs/aquamini2/nicolasl/lammps_workdir/restart.rst.50,6454748,6486059
1709508557643,READ,/gpfs/aquamini2/nicolasl/lammps_workdir/restart.rst.50,6486060,6506507
1709508557644,READ,/gpfs/aquamini2/nicolasl/lammps_workdir/restart.rst.50,6506508,6527155
1709508557645,READ,/gpfs/aquamini2/nicolasl/lammps_workdir/restart.rst.50,6527156,6557859
1709508557646,READ,/gpfs/aquamini2/nicolasl/lammps_workdir/restart.rst.50,6557860,6578979
1709508557647,READ,/gpfs/aquamini2/nicolasl/lammps_workdir/restart.rst.50,6578980,6613323
1709508557648,READ,/gpfs/aquamini2/nicolasl/lammps_workdir/restart.rst.50,6613324,6634979
1709508557649,READ,/gpfs/aquamini2/nicolasl/lammps_workdir/restart.rst.50,6634980,6655899
1709508557650,READ,/gpfs/aquamini2/nicolasl/lammps_workdir/restart.rst.50,6655900,6679235
1709508557651,READ,/gpfs/aquamini2/nicolasl/lammps_workdir/restart.rst.50,6679236,6710547
1709508557652,READ,/gpfs/aquamini2/nicolasl/lammps_workdir/restart.rst.50,6710548,6731939
1709508557653,READ,/gpfs/aquamini2/nicolasl/lammps_workdir/restart.rst.50,6731940,6752787
1709508557654,READ,/gpfs/aquamini2/nicolasl/lammps_workdir/restart.rst.50,6752788,6785587
1709508557655,READ,/gpfs/aquamini2/nicolasl/lammps_workdir/restart.rst.50,6785588,6806843
1709508557656,READ,/gpfs/aquamini2/nicolasl/lammps_workdir/restart.rst.50,6806844,6840035
1709508557657,READ,/gpfs/aquamini2/nicolasl/lammps_workdir/restart.rst.50,6840036,6859203
1709508557658,READ,/gpfs/aquamini2/nicolasl/lammps_workdir/restart.rst.50,6859204,6878915
1709508557659,READ,/gpfs/aquamini2/nicolasl/lammps_workdir/restart.rst.50,6878916,6911451
1709508557660,READ,/gpfs/aquamini2/nicolasl/lammps_workdir/restart.rst.50,6911452,6934523
1709508557661,READ,/gpfs/aquamini2/nicolasl/lammps_workdir/restart.rst.50,6934524,6955579
1709508557662,READ,/gpfs/aquamini2/nicolasl/lammps_workdir/restart.rst.50,6955580,6976299
1709508557663,READ,/gpfs/aquamini2/nicolasl/lammps_workdir/restart.rst.50,6976300,7007467
1709508557664,READ,/gpfs/aquamini2/nicolasl/lammps_workdir/restart.rst.50,7007468,7029675
1709508557665,READ,/gpfs/aquamini2/nicolasl/lammps_workdir/restart.rst.50,7029676,7061251
1709508557666,READ,/gpfs/aquamini2/nicolasl/lammps_workdir/restart.rst.50,7061252,7083595
1709508557667,READ,/gpfs/aquamini2/nicolasl/lammps_workdir/restart.rst.50,7083596,7107011
1709508557668,READ,/gpfs/aquamini2/nicolasl/lammps_workdir/restart.rst.50,7107012,7141875
1709508557669,READ,/gpfs/aquamini2/nicolasl/lammps_workdir/restart.rst.50,7141876,7163131
1709508557670,READ,/gpfs/aquamini2/nicolasl/lammps_workdir/restart.rst.50,7163132,7183379
1709508557671,READ,/gpfs/aquamini2/nicolasl/lammps_workdir/restart.rst.50,7183380,7204771
1709508557672,READ,/gpfs/aquamini2/nicolasl/lammps_workdir/restart.rst.50,7204772,7229371
1709508557673,READ,/gpfs/aquamini2/nicolasl/lammps_workdir/restart.rst.50,7229372,7251371
1709508557674,READ,/gpfs/aquamini2/nicolasl/lammps_workdir/restart.rst.50,7251372,7286523
1709508557675,READ,/gpfs/aquamini2/nicolasl/lammps_workdir/restart.rst.50,7286524,7311051
1709508557676,READ,/gpfs/aquamini2/nicolasl/lammps_workdir/restart.rst.50,7311052,7343891
1709508557677,READ,/gpfs/aquamini2/nicolasl/lammps_workdir/restart.rst.50,7343892,7365139
1709508557678,READ,/gpfs/aquamini2/nicolasl/lammps_workdir/restart.rst.50,7365140,7384099
1709508557679,READ,/gpfs/aquamini2/nicolasl/lammps_workdir/restart.rst.50,7384100,7406507
1709508557680,READ,/gpfs/aquamini2/nicolasl/lammps_workdir/restart.rst.50,7406508,7439699
1709508557681,READ,/gpfs/aquamini2/nicolasl/lammps_workdir/restart.rst.50,7439700,7460947
1709508557682,READ,/gpfs/aquamini2/nicolasl/lammps_workdir/restart.rst.50,7460948,7494819
1709508557683,READ,/gpfs/aquamini2/nicolasl/lammps_workdir/restart.rst.50,7494820,7516347
1709508557684,READ,/gpfs/aquamini2/nicolasl/lammps_workdir/restart.rst.50,7516348,7538083
1709508557685,READ,/gpfs/aquamini2/nicolasl/lammps_workdir/restart.rst.50,7538084,7560963
1709508557686,READ,/gpfs/aquamini2/nicolasl/lammps_workdir/restart.rst.50,7560964,7582491
1709508557687,READ,/gpfs/aquamini2/nicolasl/lammps_workdir/restart.rst.50,7582492,7614555
1709508557688,READ,/gpfs/aquamini2/nicolasl/lammps_workdir/restart.rst.50,7614556,7634531
1709508557689,READ,/gpfs/aquamini2/nicolasl/lammps_workdir/restart.rst.50,7634532,7667339
1709508557690,READ,/gpfs/aquamini2/nicolasl/lammps_workdir/restart.rst.50,7667340,7688923
1709508557691,READ,/gpfs/aquamini2/nicolasl/lammps_workdir/restart.rst.50,7688924,7709043
1709508557692,READ,/gpfs/aquamini2/nicolasl/lammps_workdir/restart.rst.50,7709044,7731307
1709508557693,READ,/gpfs/aquamini2/nicolasl/lammps_workdir/restart.rst.50,7731308,7763155
1709508557694,READ,/gpfs/aquamini2/nicolasl/lammps_workdir/restart.rst.50,7763156,7784011
1709508557695,READ,/gpfs/aquamini2/nicolasl/lammps_workdir/restart.rst.50,7784012,7805939
1709508557696,READ,/gpfs/aquamini2/nicolasl/lammps_workdir/restart.rst.50,7805940,7838867
1709508557697,READ,/gpfs/aquamini2/nicolasl/lammps_workdir/restart.rst.50,7838868,7860931
1709508557698,READ,/gpfs/aquamini2/nicolasl/lammps_workdir/restart.rst.50,7860932,7892371
1709508557699,READ,/gpfs/aquamini2/nicolasl/lammps_workdir/restart.rst.50,7892372,7913283
1709508557700,READ,/gpfs/aquamini2/nicolasl/lammps_workdir/restart.rst.50,7913284,7934739
1709508557701,READ,/gpfs/aquamini2/nicolasl/lammps_workdir/restart.rst.50,7934740,7967059
1709508557702,READ,/gpfs/aquamini2/nicolasl/lammps_workdir/restart.rst.50,7967060,7986635
1709508557703,READ,/gpfs/aquamini2/nicolasl/lammps_workdir/restart.rst.50,7986636,8007419
1709508557704,READ,/gpfs/aquamini2/nicolasl/lammps_workdir/restart.rst.50,8007420,8037379
1709508557705,READ,/gpfs/aquamini2/nicolasl/lammps_workdir/restart.rst.50,8037380,8058235
1709508557706,READ,/gpfs/aquamini2/nicolasl/lammps_workdir/restart.rst.50,8058236,8079283
1709508557707,READ,/gpfs/aquamini2/nicolasl/lammps_workdir/restart.rst.50,8079284,8099459
1709508557708,READ,/gpfs/aquamini2/nicolasl/lammps_workdir/restart.rst.50,8099460,8131451
1709508557709,READ,/gpfs/aquamini2/nicolasl/lammps_workdir/restart.rst.50,8131452,8152243
1709508557710,READ,/gpfs/aquamini2/nicolasl/lammps_workdir/restart.rst.50,8152244,8185099
1709508557711,READ,/gpfs/aquamini2/nicolasl/lammps_workdir/restart.rst.50,8185100,8204939
1709508557712,READ,/gpfs/aquamini2/nicolasl/lammps_workdir/restart.rst.50,8204940,8225723
1709508557713,READ,/gpfs/aquamini2/nicolasl/lammps_workdir/restart.rst.50,8225724,8259451
1709508557714,READ,/gpfs/aquamini2/nicolasl/lammps_workdir/restart.rst.50,8259452,8280699
1709508557715,READ,/gpfs/aquamini2/nicolasl/lammps_workdir/restart.rst.50,8280700,8303235
1709508557716,READ,/gpfs/aquamini2/nicolasl/lammps_workdir/restart.rst.50,8303236,8336699
1709508557717,READ,/gpfs/aquamini2/nicolasl/lammps_workdir/restart.rst.50,8336700,8359907
1709508557718,READ,/gpfs/aquamini2/nicolasl/lammps_workdir/restart.rst.50,8359908,8381771
1709508557719,READ,/gpfs/aquamini2/nicolasl/lammps_workdir/restart.rst.50,8381772,8403699
1709508557720,READ,/gpfs/aquamini2/nicolasl/lammps_workdir/restart.rst.50,8403700,8438995
1709508557721,READ,/gpfs/aquamini2/nicolasl/lammps_workdir/restart.rst.50,8438996,8459443
1709508557722,READ,/gpfs/aquamini2/nicolasl/lammps_workdir/restart.rst.50,8459444,8480635
1709508557723,READ,/gpfs/aquamini2/nicolasl/lammps_workdir/restart.rst.50,8480636,8501355
1709508557724,READ,/gpfs/aquamini2/nicolasl/lammps_workdir/restart.rst.50,8501356,8532603
1709508557725,READ,/gpfs/aquamini2/nicolasl/lammps_workdir/restart.rst.50,8532604,8552443
1709508557726,READ,/gpfs/aquamini2/nicolasl/lammps_workdir/restart.rst.50,8552444,8583947
1709508557727,READ,/gpfs/aquamini2/nicolasl/lammps_workdir/restart.rst.50,8583948,8604651
1709508557728,READ,/gpfs/aquamini2/nicolasl/lammps_workdir/restart.rst.50,8604652,8635635
1709508557729,READ,/gpfs/aquamini2/nicolasl/lammps_workdir/restart.rst.50,8635636,8658099
1709508557730,READ,/gpfs/aquamini2/nicolasl/lammps_workdir/restart.rst.50,8658100,8679899
1709508557731,READ,/gpfs/aquamini2/nicolasl/lammps_workdir/restart.rst.50,8679900,8712899
1709508557732,READ,/gpfs/aquamini2/nicolasl/lammps_workdir/restart.rst.50,8712900,8735107
1709508557733,READ,/gpfs/aquamini2/nicolasl/lammps_workdir/restart.rst.50,8735108,8757843
1709508557734,READ,/gpfs/aquamini2/nicolasl/lammps_workdir/restart.rst.50,8757844,8780043
1709508557735,READ,/gpfs/aquamini2/nicolasl/lammps_workdir/restart.rst.50,8780044,8802099
1709508557736,READ,/gpfs/aquamini2/nicolasl/lammps_workdir/restart.rst.50,8802100,8833811
1709508557737,READ,/gpfs/aquamini2/nicolasl/lammps_workdir/restart.rst.50,8833812,8858707
1709508557738,READ,/gpfs/aquamini2/nicolasl/lammps_workdir/restart.rst.50,8858708,8890747
1709508557739,READ,/gpfs/aquamini2/nicolasl/lammps_workdir/restart.rst.50,8890748,8911667
1709508557740,READ,/gpfs/aquamini2/nicolasl/lammps_workdir/restart.rst.50,8911668,8932795
1709508557741,READ,/gpfs/aquamini2/nicolasl/lammps_workdir/restart.rst.50,8932796,8966131
1709508557742,READ,/gpfs/aquamini2/nicolasl/lammps_workdir/restart.rst.50,8966132,8985899
1709508557743,READ,/gpfs/aquamini2/nicolasl/lammps_workdir/restart.rst.50,8985900,9018027
1709508557744,READ,/gpfs/aquamini2/nicolasl/lammps_workdir/restart.rst.50,9018028,9039227
1709508557745,READ,/gpfs/aquamini2/nicolasl/lammps_workdir/restart.rst.50,9039228,9060747
1709508557746,READ,/gpfs/aquamini2/nicolasl/lammps_workdir/restart.rst.50,9060748,9081875
1709508557747,READ,/gpfs/aquamini2/nicolasl/lammps_workdir/restart.rst.50,9081876,9102395
1709508557748,READ,/gpfs/aquamini2/nicolasl/lammps_workdir/restart.rst.50,9102396,9126819
1709508557749,READ,/gpfs/aquamini2/nicolasl/lammps_workdir/restart.rst.50,9126820,9149563
1709508557750,READ,/gpfs/aquamini2/nicolasl/lammps_workdir/restart.rst.50,9149564,9179323
1709508557751,READ,/gpfs/aquamini2/nicolasl/lammps_workdir/restart.rst.50,9179324,9200451
1709508557752,READ,/gpfs/aquamini2/nicolasl/lammps_workdir/restart.rst.50,9200452,9231227
1709508557753,READ,/gpfs/aquamini2/nicolasl/lammps_workdir/restart.rst.50,9231228,9253019
1709508557754,READ,/gpfs/aquamini2/nicolasl/lammps_workdir/restart.rst.50,9253020,9274883
1709508557755,READ,/gpfs/aquamini2/nicolasl/lammps_workdir/restart.rst.50,9274884,9308955
1709508557756,READ,/gpfs/aquamini2/nicolasl/lammps_workdir/restart.rst.50,9308956,9329331
1709508557757,READ,/gpfs/aquamini2/nicolasl/lammps_workdir/restart.rst.50,9329332,9349843
1709508557758,READ,/gpfs/aquamini2/nicolasl/lammps_workdir/restart.rst.50,9349844,9370027
1709508557759,READ,/gpfs/aquamini2/nicolasl/lammps_workdir/restart.rst.50,9370028,9392971
1709508557760,READ,/gpfs/aquamini2/nicolasl/lammps_workdir/restart.rst.50,9392972,9426371
1709508557761,READ,/gpfs/aquamini2/nicolasl/lammps_workdir/restart.rst.50,9426372,9447683
1709508557762,READ,/gpfs/aquamini2/nicolasl/lammps_workdir/restart.rst.50,9447684,9479883
1709508557763,READ,/gpfs/aquamini2/nicolasl/lammps_workdir/restart.rst.50,9479884,9500059
1709508557764,READ,/gpfs/aquamini2/nicolasl/lammps_workdir/restart.rst.50,9500060,9520107
1709508557765,READ,/gpfs/aquamini2/nicolasl/lammps_workdir/restart.rst.50,9520108,9551747
1709508557766,READ,/gpfs/aquamini2/nicolasl/lammps_workdir/restart.rst.50,9551748,9570771
1709508557767,READ,/gpfs/aquamini2/nicolasl/lammps_workdir/restart.rst.50,9570772,9602683
1709508557768,READ,/gpfs/aquamini2/nicolasl/lammps_workdir/restart.rst.50,9602684,9627115
1709508557769,READ,/gpfs/aquamini2/nicolasl/lammps_workdir/restart.rst.50,9627116,9647283
1709508557770,READ,/gpfs/aquamini2/nicolasl/lammps_workdir/restart.rst.50,9647284,9669019
1709508557771,READ,/gpfs/aquamini2/nicolasl/lammps_workdir/restart.rst.50,9669020,9700659
1709508557772,READ,/gpfs/aquamini2/nicolasl/lammps_workdir/restart.rst.50,9700660,9721171
1709508557773,READ,/gpfs/aquamini2/nicolasl/lammps_workdir/restart.rst.50,9721172,9743291
1709508557774,READ,/gpfs/aquamini2/nicolasl/lammps_workdir/restart.rst.50,9743292,9774675
1709508557775,READ,/gpfs/aquamini2/nicolasl/lammps_workdir/restart.rst.50,9774676,9795795
1709508557776,READ,/gpfs/aquamini2/nicolasl/lammps_workdir/restart.rst.50,9795796,9818267
1709508557777,READ,/gpfs/aquamini2/nicolasl/lammps_workdir/restart.rst.50,9818268,9840139
1709508557778,READ,/gpfs/aquamini2/nicolasl/lammps_workdir/restart.rst.50,9840140,9869427
1709508557779,READ,/gpfs/aquamini2/nicolasl/lammps_workdir/restart.rst.50,9869428,9889203
1709508557780,READ,/gpfs/aquamini2/nicolasl/lammps_workdir/restart.rst.50,9889204,9911603
1709508557781,READ,/gpfs/aquamini2/nicolasl/lammps_workdir/restart.rst.50,9911604,9944523
1709508557782,READ,/gpfs/aquamini2/nicolasl/lammps_workdir/restart.rst.50,9944524,9965923
1709508557783,READ,/gpfs/aquamini2/nicolasl/lammps_workdir/restart.rst.50,9965924,9987923
1709508557784,READ,/gpfs/aquamini2/nicolasl/lammps_workdir/restart.rst.50,9987924,10010459
1709508557785,READ,/gpfs/aquamini2/nicolasl/lammps_workdir/restart.rst.50,10010460,10029691
1709508557786,READ,/gpfs/aquamini2/nicolasl/lammps_workdir/restart.rst.50,10029692,10061675
1709508557787,READ,/gpfs/aquamini2/nicolasl/lammps_workdir/restart.rst.50,10061676,10083547
1709508557788,READ,/gpfs/aquamini2/nicolasl/lammps_workdir/restart.rst.50,10083548,10105339
1709508557789,READ,/gpfs/aquamini2/nicolasl/lammps_workdir/restart.rst.50,10105340,10136179
1709508557790,READ,/gpfs/aquamini2/nicolasl/lammps_workdir/restart.rst.50,10136180,10159115
1709508557791,READ,/gpfs/aquamini2/nicolasl/lammps_workdir/restart.rst.50,10159116,10178891
1709508557792,READ,/gpfs/aquamini2/nicolasl/lammps_workdir/restart.rst.50,10178892,10210275
1709508557793,READ,/gpfs/aquamini2/nicolasl/lammps_workdir/restart.rst.50,10210276,10232131
1709508557794,READ,/gpfs/aquamini2/nicolasl/lammps_workdir/restart.rst.50,10232132,10253739
1709508561226,READ,/gpfs/aquamini2/nicolasl/lammps_workdir/restart.rst.60,0,62331
1709508561227,READ,/gpfs/aquamini2/nicolasl/lammps_workdir/restart.rst.60,62332,125163
1709508561228,READ,/gpfs/aquamini2/nicolasl/lammps_workdir/restart.rst.60,125164,146555
1709508561229,READ,/gpfs/aquamini2/nicolasl/lammps_workdir/restart.rst.60,146556,218891
1709508561230,READ,/gpfs/aquamini2/nicolasl/lammps_workdir/restart.rst.60,218892,274155
1709508561231,READ,/gpfs/aquamini2/nicolasl/lammps_workdir/restart.rst.60,274156,327267
1709508561232,READ,/gpfs/aquamini2/nicolasl/lammps_workdir/restart.rst.60,327268,348995
1709508561233,READ,/gpfs/aquamini2/nicolasl/lammps_workdir/restart.rst.60,348996,370787
1709508561234,READ,/gpfs/aquamini2/nicolasl/lammps_workdir/restart.rst.60,370788,411427
1709508561235,READ,/gpfs/aquamini2/nicolasl/lammps_workdir/restart.rst.60,411428,465619
1709508561236,READ,/gpfs/aquamini2/nicolasl/lammps_workdir/restart.rst.60,465620,522147
1709508561237,READ,/gpfs/aquamini2/nicolasl/lammps_workdir/restart.rst.60,522148,586659
1709508561238,READ,/gpfs/aquamini2/nicolasl/lammps_workdir/restart.rst.60,586660,638091
1709508561239,READ,/gpfs/aquamini2/nicolasl/lammps_workdir/restart.rst.60,638092,700851
1709508561240,READ,/gpfs/aquamini2/nicolasl/lammps_workdir/restart.rst.60,700852,724187
1709508561241,READ,/gpfs/aquamini2/nicolasl/lammps_workdir/restart.rst.60,724188,744635
1709508561242,READ,/gpfs/aquamini2/nicolasl/lammps_workdir/restart.rst.60,744636,776547
1709508561243,READ,/gpfs/aquamini2/nicolasl/lammps_workdir/restart.rst.60,776548,796859
1709508561244,READ,/gpfs/aquamini2/nicolasl/lammps_workdir/restart.rst.60,796860,828643
1709508561245,READ,/gpfs/aquamini2/nicolasl/lammps_workdir/restart.rst.60,828644,849283
1709508561246,READ,/gpfs/aquamini2/nicolasl/lammps_workdir/restart.rst.60,849284,869931
1709508561247,READ,/gpfs/aquamini2/nicolasl/lammps_workdir/restart.rst.60,869932,901779
1709508561248,READ,/gpfs/aquamini2/nicolasl/lammps_workdir/restart.rst.60,901780,925259
1709508561249,READ,/gpfs/aquamini2/nicolasl/lammps_workdir/restart.rst.60,925260,944027
1709508561250,READ,/gpfs/aquamini2/nicolasl/lammps_workdir/restart.rst.60,944028,976891
1709508561251,READ,/gpfs/aquamini2/nicolasl/lammps_workdir/restart.rst.60,976892,997275
1709508561252,READ,/gpfs/aquamini2/nicolasl/lammps_workdir/restart.rst.60,997276,1020483
1709508561253,READ,/gpfs/aquamini2/nicolasl/lammps_workdir/restart.rst.60,1020484,1039043
1709508561254,READ,/gpfs/aquamini2/nicolasl/lammps_workdir/restart.rst.60,1039044,1061371
1709508561255,READ,/gpfs/aquamini2/nicolasl/lammps_workdir/restart.rst.60,1061372,1094499
1709508561256,READ,/gpfs/aquamini2/nicolasl/lammps_workdir/restart.rst.60,1094500,1116291
1709508561257,READ,/gpfs/aquamini2/nicolasl/lammps_workdir/restart.rst.60,1116292,1146331
1709508561258,READ,/gpfs/aquamini2/nicolasl/lammps_workdir/restart.rst.60,1146332,1168595
1709508561259,READ,/gpfs/aquamini2/nicolasl/lammps_workdir/restart.rst.60,1168596,1201531
1709508561260,READ,/gpfs/aquamini2/nicolasl/lammps_workdir/restart.rst.60,1201532,1221979
1709508561261,READ,/gpfs/aquamini2/nicolasl/lammps_workdir/restart.rst.60,1221980,1243907
1709508561262,READ,/gpfs/aquamini2/nicolasl/lammps_workdir/restart.rst.60,1243908,1265163
1709508561263,READ,/gpfs/aquamini2/nicolasl/lammps_workdir/restart.rst.60,1265164,1285667
1709508561264,READ,/gpfs/aquamini2/nicolasl/lammps_workdir/restart.rst.60,1285668,1306379
1709508561265,READ,/gpfs/aquamini2/nicolasl/lammps_workdir/restart.rst.60,1306380,1325411
1709508561266,READ,/gpfs/aquamini2/nicolasl/lammps_workdir/restart.rst.60,1325412,1348891
1709508561267,READ,/gpfs/aquamini2/nicolasl/lammps_workdir/restart.rst.60,1348892,1370755
1709508561268,READ,/gpfs/aquamini2/nicolasl/lammps_workdir/restart.rst.60,1370756,1393163
1709508561269,READ,/gpfs/aquamini2/nicolasl/lammps_workdir/restart.rst.60,1393164,1427091
1709508561270,READ,/gpfs/aquamini2/nicolasl/lammps_workdir/restart.rst.60,1427092,1446803
1709508561271,READ,/gpfs/aquamini2/nicolasl/lammps_workdir/restart.rst.60,1446804,1468459
1709508561272,READ,/gpfs/aquamini2/nicolasl/lammps_workdir/restart.rst.60,1468460,1498483
1709508561273,READ,/gpfs/aquamini2/nicolasl/lammps_workdir/restart.rst.60,1498484,1517651
1709508561274,READ,/gpfs/aquamini2/nicolasl/lammps_workdir/restart.rst.60,1517652,1538979
1709508561275,READ,/gpfs/aquamini2/nicolasl/lammps_workdir/restart.rst.60,1538980,1569891
1709508561276,READ,/gpfs/aquamini2/nicolasl/lammps_workdir/restart.rst.60,1569892,1590611
1709508561277,READ,/gpfs/aquamini2/nicolasl/lammps_workdir/restart.rst.60,1590612,1622659
1709508561278,READ,/gpfs/aquamini2/nicolasl/lammps_workdir/restart.rst.60,1622660,1641747
1709508561279,READ,/gpfs/aquamini2/nicolasl/lammps_workdir/restart.rst.60,1641748,1664283
1709508561280,READ,/gpfs/aquamini2/nicolasl/lammps_workdir/restart.rst.60,1664284,1695187
1709508561281,READ,/gpfs/aquamini2/nicolasl/lammps_workdir/restart.rst.60,1695188,1717987
1709508561282,READ,/gpfs/aquamini2/nicolasl/lammps_workdir/restart.rst.60,1717988,1748171
1709508561283,READ,/gpfs/aquamini2/nicolasl/lammps_workdir/restart.rst.60,1748172,1770011
1709508561284,READ,/gpfs/aquamini2/nicolasl/lammps_workdir/restart.rst.60,1770012,1789987
1709508561285,READ,/gpfs/aquamini2/nicolasl/lammps_workdir/restart.rst.60,1789988,1813275
1709508561286,READ,/gpfs/aquamini2/nicolasl/lammps_workdir/restart.rst.60,1813276,1845539
1709508561287,READ,/gpfs/aquamini2/nicolasl/lammps_workdir/restart.rst.60,1845540,1880675
1709508561288,READ,/gpfs/aquamini2/nicolasl/lammps_workdir/restart.rst.60,1880676,1902939
1709508561289,READ,/gpfs/aquamini2/nicolasl/lammps_workdir/restart.rst.60,1902940,1927147
1709508561290,READ,/gpfs/aquamini2/nicolasl/lammps_workdir/restart.rst.60,1927148,1958555
1709508561291,READ,/gpfs/aquamini2/nicolasl/lammps_workdir/restart.rst.60,1958556,1980547
1709508561292,READ,/gpfs/aquamini2/nicolasl/lammps_workdir/restart.rst.60,1980548,2002555
1709508561293,READ,/gpfs/aquamini2/nicolasl/lammps_workdir/restart.rst.60,2002556,2036235
1709508561294,READ,/gpfs/aquamini2/nicolasl/lammps_workdir/restart.rst.60,2036236,2057323
1709508561295,READ,/gpfs/aquamini2/nicolasl/lammps_workdir/restart.rst.60,2057324,2089299
1709508561296,READ,/gpfs/aquamini2/nicolasl/lammps_workdir/restart.rst.60,2089300,2113523
1709508561297,READ,/gpfs/aquamini2/nicolasl/lammps_workdir/restart.rst.60,2113524,2135451
1709508561298,READ,/gpfs/aquamini2/nicolasl/lammps_workdir/restart.rst.60,2135452,2167915
1709508561299,READ,/gpfs/aquamini2/nicolasl/lammps_workdir/restart.rst.60,2167916,2189571
1709508561300,READ,/gpfs/aquamini2/nicolasl/lammps_workdir/restart.rst.60,2189572,2210883
1709508561301,READ,/gpfs/aquamini2/nicolasl/lammps_workdir/restart.rst.60,2210884,2241867
1709508561302,READ,/gpfs/aquamini2/nicolasl/lammps_workdir/restart.rst.60,2241868,2262715
1709508561303,READ,/gpfs/aquamini2/nicolasl/lammps_workdir/restart.rst.60,2262716,2294899
1709508561304,READ,/gpfs/aquamini2/nicolasl/lammps_workdir/restart.rst.60,2294900,2315819
1709508561305,READ,/gpfs/aquamini2/nicolasl/lammps_workdir/restart.rst.60,2315820,2347331
1709508561306,READ,/gpfs/aquamini2/nicolasl/lammps_workdir/restart.rst.60,2347332,2367787
1709508561307,READ,/gpfs/aquamini2/nicolasl/lammps_workdir/restart.rst.60,2367788,2389987
1709508561308,READ,/gpfs/aquamini2/nicolasl/lammps_workdir/restart.rst.60,2389988,2421371
1709508561309,READ,/gpfs/aquamini2/nicolasl/lammps_workdir/restart.rst.60,2421372,2432979
1709508561310,READ,/gpfs/aquamini2/nicolasl/lammps_workdir/restart.rst.60,2432980,2465571
1709508561311,READ,/gpfs/aquamini2/nicolasl/lammps_workdir/restart.rst.60,2465572,2486763
1709508561312,READ,/gpfs/aquamini2/nicolasl/lammps_workdir/restart.rst.60,2486764,2508219
1709508561313,READ,/gpfs/aquamini2/nicolasl/lammps_workdir/restart.rst.60,2508220,2541347
1709508561314,READ,/gpfs/aquamini2/nicolasl/lammps_workdir/restart.rst.60,2541348,2565779
1709508561315,READ,/gpfs/aquamini2/nicolasl/lammps_workdir/restart.rst.60,2565780,2586019
1709508561316,READ,/gpfs/aquamini2/nicolasl/lammps_workdir/restart.rst.60,2586020,2617603
1709508561317,READ,/gpfs/aquamini2/nicolasl/lammps_workdir/restart.rst.60,2617604,2639995
1709508561318,READ,/gpfs/aquamini2/nicolasl/lammps_workdir/restart.rst.60,2639996,2673875
1709508561319,READ,/gpfs/aquamini2/nicolasl/lammps_workdir/restart.rst.60,2673876,2696075
1709508561320,READ,/gpfs/aquamini2/nicolasl/lammps_workdir/restart.rst.60,2696076,2726795
1709508561321,READ,/gpfs/aquamini2/nicolasl/lammps_workdir/restart.rst.60,2726796,2749059
1709508561322,READ,/gpfs/aquamini2/nicolasl/lammps_workdir/restart.rst.60,2749060,2769987
1709508561323,READ,/gpfs/aquamini2/nicolasl/lammps_workdir/restart.rst.60,2769988,2792315
1709508561324,READ,/gpfs/aquamini2/nicolasl/lammps_workdir/restart.rst.60,2792316,2823683
1709508561325,READ,/gpfs/aquamini2/nicolasl/lammps_workdir/restart.rst.60,2823684,2849363
1709508561326,READ,/gpfs/aquamini2/nicolasl/lammps_workdir/restart.rst.60,2849364,2881755
1709508561327,READ,/gpfs/aquamini2/nicolasl/lammps_workdir/restart.rst.60,2881756,2904027
1709508561328,READ,/gpfs/aquamini2/nicolasl/lammps_workdir/restart.rst.60,2904028,2928987
1709508561329,READ,/gpfs/aquamini2/nicolasl/lammps_workdir/restart.rst.60,2928988,2968139
1709508561330,READ,/gpfs/aquamini2/nicolasl/lammps_workdir/restart.rst.60,2968140,2989483
1709508561331,READ,/gpfs/aquamini2/nicolasl/lammps_workdir/restart.rst.60,2989484,3005347
1709508561332,READ,/gpfs/aquamini2/nicolasl/lammps_workdir/restart.rst.60,3005348,3039099
1709508561333,READ,/gpfs/aquamini2/nicolasl/lammps_workdir/restart.rst.60,3039100,3070075
1709508561334,READ,/gpfs/aquamini2/nicolasl/lammps_workdir/restart.rst.60,3070076,3092931
1709508561335,READ,/gpfs/aquamini2/nicolasl/lammps_workdir/restart.rst.60,3092932,3140027
1709508561336,READ,/gpfs/aquamini2/nicolasl/lammps_workdir/restart.rst.60,3140028,3170635
1709508561337,READ,/gpfs/aquamini2/nicolasl/lammps_workdir/restart.rst.60,3170636,3188699
1709508561338,READ,/gpfs/aquamini2/nicolasl/lammps_workdir/restart.rst.60,3188700,3220699
1709508561339,READ,/gpfs/aquamini2/nicolasl/lammps_workdir/restart.rst.60,3220700,3235403
1709508561340,READ,/gpfs/aquamini2/nicolasl/lammps_workdir/restart.rst.60,3235404,3280187
1709508561341,READ,/gpfs/aquamini2/nicolasl/lammps_workdir/restart.rst.60,3280188,3301043
1709508561342,READ,/gpfs/aquamini2/nicolasl/lammps_workdir/restart.rst.60,3301044,3321619
1709508561343,READ,/gpfs/aquamini2/nicolasl/lammps_workdir/restart.rst.60,3321620,3343539
1709508561344,READ,/gpfs/aquamini2/nicolasl/lammps_workdir/restart.rst.60,3343540,3387011
1709508561345,READ,/gpfs/aquamini2/nicolasl/lammps_workdir/restart.rst.60,3387012,3407595
1709508561346,READ,/gpfs/aquamini2/nicolasl/lammps_workdir/restart.rst.60,3407596,3440539
1709508561347,READ,/gpfs/aquamini2/nicolasl/lammps_workdir/restart.rst.60,3440540,3454211
1709508561348,READ,/gpfs/aquamini2/nicolasl/lammps_workdir/restart.rst.60,3454212,3490179
1709508561349,READ,/gpfs/aquamini2/nicolasl/lammps_workdir/restart.rst.60,3490180,3512715
1709508561350,READ,/gpfs/aquamini2/nicolasl/lammps_workdir/restart.rst.60,3512716,3546715
1709508561351,READ,/gpfs/aquamini2/nicolasl/lammps_workdir/restart.rst.60,3546716,3568035
1709508561352,READ,/gpfs/aquamini2/nicolasl/lammps_workdir/restart.rst.60,3568036,3588955
1709508561353,READ,/gpfs/aquamini2/nicolasl/lammps_workdir/restart.rst.60,3588956,3622019
1709508561354,READ,/gpfs/aquamini2/nicolasl/lammps_workdir/restart.rst.60,3622020,3644219
1709508561355,READ,/gpfs/aquamini2/nicolasl/lammps_workdir/restart.rst.60,3644220,3665275
1709508561356,READ,/gpfs/aquamini2/nicolasl/lammps_workdir/restart.rst.60,3665276,3686395
1709508561357,READ,/gpfs/aquamini2/nicolasl/lammps_workdir/restart.rst.60,3686396,3718491
1709508561358,READ,/gpfs/aquamini2/nicolasl/lammps_workdir/restart.rst.60,3718492,3739147
1709508561359,READ,/gpfs/aquamini2/nicolasl/lammps_workdir/restart.rst.60,3739148,3761675
1709508561360,READ,/gpfs/aquamini2/nicolasl/lammps_workdir/restart.rst.60,3761676,3783747
1709508561361,READ,/gpfs/aquamini2/nicolasl/lammps_workdir/restart.rst.60,3783748,3804875
1709508561362,READ,/gpfs/aquamini2/nicolasl/lammps_workdir/restart.rst.60,3804876,3835523
1709508561363,READ,/gpfs/aquamini2/nicolasl/lammps_workdir/restart.rst.60,3835524,3857643
1709508561364,READ,/gpfs/aquamini2/nicolasl/lammps_workdir/restart.rst.60,3857644,3880179
1709508561365,READ,/gpfs/aquamini2/nicolasl/lammps_workdir/restart.rst.60,3880180,3912763
1709508561366,READ,/gpfs/aquamini2/nicolasl/lammps_workdir/restart.rst.60,3912764,3935571
1709508561367,READ,/gpfs/aquamini2/nicolasl/lammps_workdir/restart.rst.60,3935572,3956291
1709508561368,READ,/gpfs/aquamini2/nicolasl/lammps_workdir/restart.rst.60,3956292,3988211
1709508561369,READ,/gpfs/aquamini2/nicolasl/lammps_workdir/restart.rst.60,3988212,4008795
1709508561370,READ,/gpfs/aquamini2/nicolasl/lammps_workdir/restart.rst.60,4008796,4029915
1709508561371,READ,/gpfs/aquamini2/nicolasl/lammps_workdir/restart.rst.60,4029916,4049955
1709508561372,READ,/gpfs/aquamini2/nicolasl/lammps_workdir/restart.rst.60,4049956,4080459
1709508561373,READ,/gpfs/aquamini2/nicolasl/lammps_workdir/restart.rst.60,4080460,4103323
1709508561374,READ,/gpfs/aquamini2/nicolasl/lammps_workdir/restart.rst.60,4103324,4124219
1709508561375,READ,/gpfs/aquamini2/nicolasl/lammps_workdir/restart.rst.60,4124220,4153443
1709508561376,READ,/gpfs/aquamini2/nicolasl/lammps_workdir/restart.rst.60,4153444,4176355
1709508561429,READ,/gpfs/aquamini2/nicolasl/lammps_workdir/restart.rst.60,4176356,4218475
1709508561430,READ,/gpfs/aquamini2/nicolasl/lammps_workdir/restart.rst.60,4218476,4252539
1709508561431,READ,/gpfs/aquamini2/nicolasl/lammps_workdir/restart.rst.60,4252540,4274859
1709508561432,READ,/gpfs/aquamini2/nicolasl/lammps_workdir/restart.rst.60,4274860,4296963
1709508561433,READ,/gpfs/aquamini2/nicolasl/lammps_workdir/restart.rst.60,4296964,4336883
1709508561434,READ,/gpfs/aquamini2/nicolasl/lammps_workdir/restart.rst.60,4336884,4359339
1709508561435,READ,/gpfs/aquamini2/nicolasl/lammps_workdir/restart.rst.60,4359340,4390147
1709508561436,READ,/gpfs/aquamini2/nicolasl/lammps_workdir/restart.rst.60,4390148,4410179
1709508561437,READ,/gpfs/aquamini2/nicolasl/lammps_workdir/restart.rst.60,4410180,4457027
1709508561438,READ,/gpfs/aquamini2/nicolasl/lammps_workdir/restart.rst.60,4457028,4484803
1709508561439,READ,/gpfs/aquamini2/nicolasl/lammps_workdir/restart.rst.60,4484804,4495939
1709508561440,READ,/gpfs/aquamini2/nicolasl/lammps_workdir/restart.rst.60,4495940,4521955
1709508561441,READ,/gpfs/aquamini2/nicolasl/lammps_workdir/restart.rst.60,4521956,4563267
1709508561442,READ,/gpfs/aquamini2/nicolasl/lammps_workdir/restart.rst.60,4563268,4583155
1709508561443,READ,/gpfs/aquamini2/nicolasl/lammps_workdir/restart.rst.60,4583156,4631835
1709508561444,READ,/gpfs/aquamini2/nicolasl/lammps_workdir/restart.rst.60,4631836,4643899
1709508561445,READ,/gpfs/aquamini2/nicolasl/lammps_workdir/restart.rst.60,4643900,4685083
1709508561446,READ,/gpfs/aquamini2/nicolasl/lammps_workdir/restart.rst.60,4685084,4714571
1709508561447,READ,/gpfs/aquamini2/nicolasl/lammps_workdir/restart.rst.60,4714572,4751715
1709508561448,READ,/gpfs/aquamini2/nicolasl/lammps_workdir/restart.rst.60,4751716,4773043
1709508561449,READ,/gpfs/aquamini2/nicolasl/lammps_workdir/restart.rst.60,4773044,4796595
1709508561450,READ,/gpfs/aquamini2/nicolasl/lammps_workdir/restart.rst.60,4796596,4841051
1709508561451,READ,/gpfs/aquamini2/nicolasl/lammps_workdir/restart.rst.60,4841052,4876003
1709508561452,READ,/gpfs/aquamini2/nicolasl/lammps_workdir/restart.rst.60,4876004,4898075
1709508561453,READ,/gpfs/aquamini2/nicolasl/lammps_workdir/restart.rst.60,4898076,4931259
1709508561454,READ,/gpfs/aquamini2/nicolasl/lammps_workdir/restart.rst.60,4931260,4948739
1709508561455,READ,/gpfs/aquamini2/nicolasl/lammps_workdir/restart.rst.60,4948740,4980659
1709508561456,READ,/gpfs/aquamini2/nicolasl/lammps_workdir/restart.rst.60,4980660,5002115
1709508561457,READ,/gpfs/aquamini2/nicolasl/lammps_workdir/restart.rst.60,5002116,5022515
1709508561458,READ,/gpfs/aquamini2/nicolasl/lammps_workdir/restart.rst.60,5022516,5054027
1709508561459,READ,/gpfs/aquamini2/nicolasl/lammps_workdir/restart.rst.60,5054028,5076163
1709508561460,READ,/gpfs/aquamini2/nicolasl/lammps_workdir/restart.rst.60,5076164,5096603
1709508561461,READ,/gpfs/aquamini2/nicolasl/lammps_workdir/restart.rst.60,5096604,5119003
1709508561462,READ,/gpfs/aquamini2/nicolasl/lammps_workdir/restart.rst.60,5119004,5149571
1709508561463,READ,/gpfs/aquamini2/nicolasl/lammps_workdir/restart.rst.60,5149572,5169547
1709508561464,READ,/gpfs/aquamini2/nicolasl/lammps_workdir/restart.rst.60,5169548,5189123
1709508561465,READ,/gpfs/aquamini2/nicolasl/lammps_workdir/restart.rst.60,5189124,5219091
1709508561466,READ,/gpfs/aquamini2/nicolasl/lammps_workdir/restart.rst.60,5219092,5241019
1709508561467,READ,/gpfs/aquamini2/nicolasl/lammps_workdir/restart.rst.60,5241020,5262611
1709508561468,READ,/gpfs/aquamini2/nicolasl/lammps_workdir/restart.rst.60,5262612,5293371
1709508561469,READ,/gpfs/aquamini2/nicolasl/lammps_workdir/restart.rst.60,5293372,5315699
1709508561470,READ,/gpfs/aquamini2/nicolasl/lammps_workdir/restart.rst.60,5315700,5336011
1709508561471,READ,/gpfs/aquamini2/nicolasl/lammps_workdir/restart.rst.60,5336012,5368811
1709508561472,READ,/gpfs/aquamini2/nicolasl/lammps_workdir/restart.rst.60,5368812,5389131
1709508561473,READ,/gpfs/aquamini2/nicolasl/lammps_workdir/restart.rst.60,5389132,5418691
1709508561474,READ,/gpfs/aquamini2/nicolasl/lammps_workdir/restart.rst.60,5418692,5441299
1709508561475,READ,/gpfs/aquamini2/nicolasl/lammps_workdir/restart.rst.60,5441300,5461539
1709508561476,READ,/gpfs/aquamini2/nicolasl/lammps_workdir/restart.rst.60,5461540,5496019
1709508561477,READ,/gpfs/aquamini2/nicolasl/lammps_workdir/restart.rst.60,5496020,5518555
1709508561478,READ,/gpfs/aquamini2/nicolasl/lammps_workdir/restart.rst.60,5518556,5540755
1709508561479,READ,/gpfs/aquamini2/nicolasl/lammps_workdir/restart.rst.60,5540756,5571419
1709508561480,READ,/gpfs/aquamini2/nicolasl/lammps_workdir/restart.rst.60,5571420,5593411
1709508561481,READ,/gpfs/aquamini2/nicolasl/lammps_workdir/restart.rst.60,5593412,5615467
1709508561482,READ,/gpfs/aquamini2/nicolasl/lammps_workdir/restart.rst.60,5615468,5639195
1709508561483,READ,/gpfs/aquamini2/nicolasl/lammps_workdir/restart.rst.60,5639196,5678883
1709508561484,READ,/gpfs/aquamini2/nicolasl/lammps_workdir/restart.rst.60,5678884,5698315
1709508561485,READ,/gpfs/aquamini2/nicolasl/lammps_workdir/restart.rst.60,5698316,5734699
1709508561486,READ,/gpfs/aquamini2/nicolasl/lammps_workdir/restart.rst.60,5734700,5753699
1709508561487,READ,/gpfs/aquamini2/nicolasl/lammps_workdir/restart.rst.60,5753700,5785595
1709508561488,READ,/gpfs/aquamini2/nicolasl/lammps_workdir/restart.rst.60,5785596,5806387
1709508561489,READ,/gpfs/aquamini2/nicolasl/lammps_workdir/restart.rst.60,5806388,5841851
1709508561490,READ,/gpfs/aquamini2/nicolasl/lammps_workdir/restart.rst.60,5841852,5877051
1709508561491,READ,/gpfs/aquamini2/nicolasl/lammps_workdir/restart.rst.60,5877052,5905635
1709508561492,READ,/gpfs/aquamini2/nicolasl/lammps_workdir/restart.rst.60,5905636,5933715
1709508561493,READ,/gpfs/aquamini2/nicolasl/lammps_workdir/restart.rst.60,5933716,5944915
1709508561494,READ,/gpfs/aquamini2/nicolasl/lammps_workdir/restart.rst.60,5944916,5983547
1709508561495,READ,/gpfs/aquamini2/nicolasl/lammps_workdir/restart.rst.60,5983548,6007219
1709508561496,READ,/gpfs/aquamini2/nicolasl/lammps_workdir/restart.rst.60,6007220,6049555
1709508561497,READ,/gpfs/aquamini2/nicolasl/lammps_workdir/restart.rst.60,6049556,6073843
1709508561498,READ,/gpfs/aquamini2/nicolasl/lammps_workdir/restart.rst.60,6073844,6106243
1709508561499,READ,/gpfs/aquamini2/nicolasl/lammps_workdir/restart.rst.60,6106244,6145843
1709508561500,READ,/gpfs/aquamini2/nicolasl/lammps_workdir/restart.rst.60,6145844,6174531
1709508561501,READ,/gpfs/aquamini2/nicolasl/lammps_workdir/restart.rst.60,6174532,6196267
1709508561502,READ,/gpfs/aquamini2/nicolasl/lammps_workdir/restart.rst.60,6196268,6220659
1709508561503,READ,/gpfs/aquamini2/nicolasl/lammps_workdir/restart.rst.60,6220660,6251243
1709508561504,READ,/gpfs/aquamini2/nicolasl/lammps_workdir/restart.rst.60,6251244,6283627
1709508561505,READ,/gpfs/aquamini2/nicolasl/lammps_workdir/restart.rst.60,6283628,6304419
1709508561506,READ,/gpfs/aquamini2/nicolasl/lammps_workdir/restart.rst.60,6304420,6324803
1709508561507,READ,/gpfs/aquamini2/nicolasl/lammps_workdir/restart.rst.60,6324804,6342003
1709508561508,READ,/gpfs/aquamini2/nicolasl/lammps_workdir/restart.rst.60,6342004,6373523
1709508561509,READ,/gpfs/aquamini2/nicolasl/lammps_workdir/restart.rst.60,6373524,6397003
1709508561510,READ,/gpfs/aquamini2/nicolasl/lammps_workdir/restart.rst.60,6397004,6419059
1709508561511,READ,/gpfs/aquamini2/nicolasl/lammps_workdir/restart.rst.60,6419060,6452107
1709508561512,READ,/gpfs/aquamini2/nicolasl/lammps_workdir/restart.rst.60,6452108,6472691
1709508561513,READ,/gpfs/aquamini2/nicolasl/lammps_workdir/restart.rst.60,6472692,6493547
1709508561514,READ,/gpfs/aquamini2/nicolasl/lammps_workdir/restart.rst.60,6493548,6523379
1709508561515,READ,/gpfs/aquamini2/nicolasl/lammps_workdir/restart.rst.60,6523380,6543707
1709508561516,READ,/gpfs/aquamini2/nicolasl/lammps_workdir/restart.rst.60,6543708,6574803
1709508561517,READ,/gpfs/aquamini2/nicolasl/lammps_workdir/restart.rst.60,6574804,6597475
1709508561518,READ,/gpfs/aquamini2/nicolasl/lammps_workdir/restart.rst.60,6597476,6632019
1709508561519,READ,/gpfs/aquamini2/nicolasl/lammps_workdir/restart.rst.60,6632020,6653339
1709508561520,READ,/gpfs/aquamini2/nicolasl/lammps_workdir/restart.rst.60,6653340,6676675
1709508561521,READ,/gpfs/aquamini2/nicolasl/lammps_workdir/restart.rst.60,6676676,6697051
1709508561522,READ,/gpfs/aquamini2/nicolasl/lammps_workdir/restart.rst.60,6697052,6729987
1709508561523,READ,/gpfs/aquamini2/nicolasl/lammps_workdir/restart.rst.60,6729988,6751179
1709508561524,READ,/gpfs/aquamini2/nicolasl/lammps_workdir/restart.rst.60,6751180,6785059
1709508561525,READ,/gpfs/aquamini2/nicolasl/lammps_workdir/restart.rst.60,6785060,6805635
1709508561526,READ,/gpfs/aquamini2/nicolasl/lammps_workdir/restart.rst.60,6805636,6827963
1709508561527,READ,/gpfs/aquamini2/nicolasl/lammps_workdir/restart.rst.60,6827964,6858811
1709508561528,READ,/gpfs/aquamini2/nicolasl/lammps_workdir/restart.rst.60,6858812,6878723
1709508561529,READ,/gpfs/aquamini2/nicolasl/lammps_workdir/restart.rst.60,6878724,6900651
1709508561530,READ,/gpfs/aquamini2/nicolasl/lammps_workdir/restart.rst.60,6900652,6934323
1709508561531,READ,/gpfs/aquamini2/nicolasl/lammps_workdir/restart.rst.60,6934324,6955579
1709508561532,READ,/gpfs/aquamini2/nicolasl/lammps_workdir/restart.rst.60,6955580,6966915
1709508561533,READ,/gpfs/aquamini2/nicolasl/lammps_workdir/restart.rst.60,6966916,6995931
1709508561534,READ,/gpfs/aquamini2/nicolasl/lammps_workdir/restart.rst.60,6995932,7019155
1709508561535,READ,/gpfs/aquamini2/nicolasl/lammps_workdir/restart.rst.60,7019156,7051267
1709508561536,READ,/gpfs/aquamini2/nicolasl/lammps_workdir/restart.rst.60,7051268,7072603
1709508561537,READ,/gpfs/aquamini2/nicolasl/lammps_workdir/restart.rst.60,7072604,7107283
1709508561538,READ,/gpfs/aquamini2/nicolasl/lammps_workdir/restart.rst.60,7107284,7130291
1709508561539,READ,/gpfs/aquamini2/nicolasl/lammps_workdir/restart.rst.60,7130292,7163467
1709508561540,READ,/gpfs/aquamini2/nicolasl/lammps_workdir/restart.rst.60,7163468,7182291
1709508561541,READ,/gpfs/aquamini2/nicolasl/lammps_workdir/restart.rst.60,7182292,7203555
1709508561542,READ,/gpfs/aquamini2/nicolasl/lammps_workdir/restart.rst.60,7203556,7228899
1709508561543,READ,/gpfs/aquamini2/nicolasl/lammps_workdir/restart.rst.60,7228900,7250699
1709508561544,READ,/gpfs/aquamini2/nicolasl/lammps_workdir/restart.rst.60,7250700,7273707
1709508561545,READ,/gpfs/aquamini2/nicolasl/lammps_workdir/restart.rst.60,7273708,7310995
1709508561546,READ,/gpfs/aquamini2/nicolasl/lammps_workdir/restart.rst.60,7310996,7334179
1709508561547,READ,/gpfs/aquamini2/nicolasl/lammps_workdir/restart.rst.60,7334180,7365963
1709508561548,READ,/gpfs/aquamini2/nicolasl/lammps_workdir/restart.rst.60,7365964,7384795
1709508561549,READ,/gpfs/aquamini2/nicolasl/lammps_workdir/restart.rst.60,7384796,7417715
1709508561550,READ,/gpfs/aquamini2/nicolasl/lammps_workdir/restart.rst.60,7417716,7439899
1709508561551,READ,/gpfs/aquamini2/nicolasl/lammps_workdir/restart.rst.60,7439900,7470595
1709508561552,READ,/gpfs/aquamini2/nicolasl/lammps_workdir/restart.rst.60,7470596,7494003
1709508561553,READ,/gpfs/aquamini2/nicolasl/lammps_workdir/restart.rst.60,7494004,7515803
1709508561554,READ,/gpfs/aquamini2/nicolasl/lammps_workdir/restart.rst.60,7515804,7536859
1709508561555,READ,/gpfs/aquamini2/nicolasl/lammps_workdir/restart.rst.60,7536860,7560147
1709508561556,READ,/gpfs/aquamini2/nicolasl/lammps_workdir/restart.rst.60,7560148,7581475
1709508561557,READ,/gpfs/aquamini2/nicolasl/lammps_workdir/restart.rst.60,7581476,7604411
1709508561558,READ,/gpfs/aquamini2/nicolasl/lammps_workdir/restart.rst.60,7604412,7634171
1709508561559,READ,/gpfs/aquamini2/nicolasl/lammps_workdir/restart.rst.60,7634172,7654219
1709508561560,READ,/gpfs/aquamini2/nicolasl/lammps_workdir/restart.rst.60,7654220,7678307
1709508561561,READ,/gpfs/aquamini2/nicolasl/lammps_workdir/restart.rst.60,7678308,7698827
1709508561562,READ,/gpfs/aquamini2/nicolasl/lammps_workdir/restart.rst.60,7698828,7718467
1709508561563,READ,/gpfs/aquamini2/nicolasl/lammps_workdir/restart.rst.60,7718468,7752203
1709508561564,READ,/gpfs/aquamini2/nicolasl/lammps_workdir/restart.rst.60,7752204,7771299
1709508561565,READ,/gpfs/aquamini2/nicolasl/lammps_workdir/restart.rst.60,7771300,7804571
1709508561566,READ,/gpfs/aquamini2/nicolasl/lammps_workdir/restart.rst.60,7804572,7827307
1709508561567,READ,/gpfs/aquamini2/nicolasl/lammps_workdir/restart.rst.60,7827308,7848635
1709508561568,READ,/gpfs/aquamini2/nicolasl/lammps_workdir/restart.rst.60,7848636,7879475
1709508561569,READ,/gpfs/aquamini2/nicolasl/lammps_workdir/restart.rst.60,7879476,7902203
1709508561570,READ,/gpfs/aquamini2/nicolasl/lammps_workdir/restart.rst.60,7902204,7934459
1709508561571,READ,/gpfs/aquamini2/nicolasl/lammps_workdir/restart.rst.60,7934460,7955571
1709508561572,READ,/gpfs/aquamini2/nicolasl/lammps_workdir/restart.rst.60,7955572,7975275
1709508561573,READ,/gpfs/aquamini2/nicolasl/lammps_workdir/restart.rst.60,7975276,8006659
1709508561574,READ,/gpfs/aquamini2/nicolasl/lammps_workdir/restart.rst.60,8006660,8026699
1709508561575,READ,/gpfs/aquamini2/nicolasl/lammps_workdir/restart.rst.60,8026700,8046811
1709508561576,READ,/gpfs/aquamini2/nicolasl/lammps_workdir/restart.rst.60,8046812,8067931
1709508561577,READ,/gpfs/aquamini2/nicolasl/lammps_workdir/restart.rst.60,8067932,8098771
1709508561578,READ,/gpfs/aquamini2/nicolasl/lammps_workdir/restart.rst.60,8098772,8119619
1709508561579,READ,/gpfs/aquamini2/nicolasl/lammps_workdir/restart.rst.60,8119620,8150811
1709508561580,READ,/gpfs/aquamini2/nicolasl/lammps_workdir/restart.rst.60,8150812,8173011
1709508561581,READ,/gpfs/aquamini2/nicolasl/lammps_workdir/restart.rst.60,8173012,8193459
1709508561582,READ,/gpfs/aquamini2/nicolasl/lammps_workdir/restart.rst.60,8193460,8224027
1709508561583,READ,/gpfs/aquamini2/nicolasl/lammps_workdir/restart.rst.60,8224028,8246563
1709508561584,READ,/gpfs/aquamini2/nicolasl/lammps_workdir/restart.rst.60,8246564,8278867
1709508561585,READ,/gpfs/aquamini2/nicolasl/lammps_workdir/restart.rst.60,8278868,8300923
1709508561586,READ,/gpfs/aquamini2/nicolasl/lammps_workdir/restart.rst.60,8300924,8334739
1709508561587,READ,/gpfs/aquamini2/nicolasl/lammps_workdir/restart.rst.60,8334740,8358355
1709508561588,READ,/gpfs/aquamini2/nicolasl/lammps_workdir/restart.rst.60,8358356,8380019
1709508561589,READ,/gpfs/aquamini2/nicolasl/lammps_workdir/restart.rst.60,8380020,8401947
1709508561590,READ,/gpfs/aquamini2/nicolasl/lammps_workdir/restart.rst.60,8401948,8425419
1709508561591,READ,/gpfs/aquamini2/nicolasl/lammps_workdir/restart.rst.60,8425420,8457067
1709508561592,READ,/gpfs/aquamini2/nicolasl/lammps_workdir/restart.rst.60,8457068,8478395
1709508561593,READ,/gpfs/aquamini2/nicolasl/lammps_workdir/restart.rst.60,8478396,8498843
1709508561594,READ,/gpfs/aquamini2/nicolasl/lammps_workdir/restart.rst.60,8498844,8529683
1709508561595,READ,/gpfs/aquamini2/nicolasl/lammps_workdir/restart.rst.60,8529684,8550331
1709508561596,READ,/gpfs/aquamini2/nicolasl/lammps_workdir/restart.rst.60,8550332,8570707
1709508561597,READ,/gpfs/aquamini2/nicolasl/lammps_workdir/restart.rst.60,8570708,8602555
1709508561598,READ,/gpfs/aquamini2/nicolasl/lammps_workdir/restart.rst.60,8602556,8624963
1709508561599,READ,/gpfs/aquamini2/nicolasl/lammps_workdir/restart.rst.60,8624964,8644123
1709508561600,READ,/gpfs/aquamini2/nicolasl/lammps_workdir/restart.rst.60,8644124,8677395
1709508561601,READ,/gpfs/aquamini2/nicolasl/lammps_workdir/restart.rst.60,8677396,8698595
1709508561602,READ,/gpfs/aquamini2/nicolasl/lammps_workdir/restart.rst.60,8698596,8720931
1709508561603,READ,/gpfs/aquamini2/nicolasl/lammps_workdir/restart.rst.60,8720932,8743403
1709508561604,READ,/gpfs/aquamini2/nicolasl/lammps_workdir/restart.rst.60,8743404,8767219
1709508561605,READ,/gpfs/aquamini2/nicolasl/lammps_workdir/restart.rst.60,8767220,8789011
1709508561606,READ,/gpfs/aquamini2/nicolasl/lammps_workdir/restart.rst.60,8789012,8822011
1709508561607,READ,/gpfs/aquamini2/nicolasl/lammps_workdir/restart.rst.60,8822012,8844467
1709508561608,READ,/gpfs/aquamini2/nicolasl/lammps_workdir/restart.rst.60,8844468,8876987
1709508561609,READ,/gpfs/aquamini2/nicolasl/lammps_workdir/restart.rst.60,8876988,8888187
1709508561610,READ,/gpfs/aquamini2/nicolasl/lammps_workdir/restart.rst.60,8888188,8920379
1709508561611,READ,/gpfs/aquamini2/nicolasl/lammps_workdir/restart.rst.60,8920380,8940819
1709508561612,READ,/gpfs/aquamini2/nicolasl/lammps_workdir/restart.rst.60,8940820,8973283
1709508561613,READ,/gpfs/aquamini2/nicolasl/lammps_workdir/restart.rst.60,8973284,8993243
1709508561614,READ,/gpfs/aquamini2/nicolasl/lammps_workdir/restart.rst.60,8993244,9025515
1709508561615,READ,/gpfs/aquamini2/nicolasl/lammps_workdir/restart.rst.60,9025516,9047579
1709508561616,READ,/gpfs/aquamini2/nicolasl/lammps_workdir/restart.rst.60,9047580,9068827
1709508561617,READ,/gpfs/aquamini2/nicolasl/lammps_workdir/restart.rst.60,9068828,9090155
1709508561618,READ,/gpfs/aquamini2/nicolasl/lammps_workdir/restart.rst.60,9090156,9111891
1709508561619,READ,/gpfs/aquamini2/nicolasl/lammps_workdir/restart.rst.60,9111892,9145643
1709508561620,READ,/gpfs/aquamini2/nicolasl/lammps_workdir/restart.rst.60,9145644,9165011
1709508561621,READ,/gpfs/aquamini2/nicolasl/lammps_workdir/restart.rst.60,9165012,9196651
1709508561622,READ,/gpfs/aquamini2/nicolasl/lammps_workdir/restart.rst.60,9196652,9217963
1709508561623,READ,/gpfs/aquamini2/nicolasl/lammps_workdir/restart.rst.60,9217964,9250227
1709508561624,READ,/gpfs/aquamini2/nicolasl/lammps_workdir/restart.rst.60,9250228,9272499
1709508561625,READ,/gpfs/aquamini2/nicolasl/lammps_workdir/restart.rst.60,9272500,9306235
1709508561626,READ,/gpfs/aquamini2/nicolasl/lammps_workdir/restart.rst.60,9306236,9326747
1709508561627,READ,/gpfs/aquamini2/nicolasl/lammps_workdir/restart.rst.60,9326748,9346587
1709508561628,READ,/gpfs/aquamini2/nicolasl/lammps_workdir/restart.rst.60,9346588,9367379
1709508561629,READ,/gpfs/aquamini2/nicolasl/lammps_workdir/restart.rst.60,9367380,9400843
1709508561630,READ,/gpfs/aquamini2/nicolasl/lammps_workdir/restart.rst.60,9400844,9423107
1709508561631,READ,/gpfs/aquamini2/nicolasl/lammps_workdir/restart.rst.60,9423108,9455691
1709508561632,READ,/gpfs/aquamini2/nicolasl/lammps_workdir/restart.rst.60,9455692,9476755
1709508561633,READ,/gpfs/aquamini2/nicolasl/lammps_workdir/restart.rst.60,9476756,9496395
1709508561634,READ,/gpfs/aquamini2/nicolasl/lammps_workdir/restart.rst.60,9496396,9517123
1709508561635,READ,/gpfs/aquamini2/nicolasl/lammps_workdir/restart.rst.60,9517124,9549099
1709508561636,READ,/gpfs/aquamini2/nicolasl/lammps_workdir/restart.rst.60,9549100,9567923
1709508561637,READ,/gpfs/aquamini2/nicolasl/lammps_workdir/restart.rst.60,9567924,9589451
1709508561638,READ,/gpfs/aquamini2/nicolasl/lammps_workdir/restart.rst.60,9589452,9624339
1709508561639,READ,/gpfs/aquamini2/nicolasl/lammps_workdir/restart.rst.60,9624340,9645187
1709508561640,READ,/gpfs/aquamini2/nicolasl/lammps_workdir/restart.rst.60,9645188,9667195
1709508561641,READ,/gpfs/aquamini2/nicolasl/lammps_workdir/restart.rst.60,9667196,9698699
1709508561642,READ,/gpfs/aquamini2/nicolasl/lammps_workdir/restart.rst.60,9698700,9719339
1709508561643,READ,/gpfs/aquamini2/nicolasl/lammps_workdir/restart.rst.60,9719340,9752931
1709508561644,READ,/gpfs/aquamini2/nicolasl/lammps_workdir/restart.rst.60,9752932,9773787
1709508561645,READ,/gpfs/aquamini2/nicolasl/lammps_workdir/restart.rst.60,9773788,9805707
1709508561646,READ,/gpfs/aquamini2/nicolasl/lammps_workdir/restart.rst.60,9805708,9827443
1709508561647,READ,/gpfs/aquamini2/nicolasl/lammps_workdir/restart.rst.60,9827444,9847627
1709508561648,READ,/gpfs/aquamini2/nicolasl/lammps_workdir/restart.rst.60,9847628,9867059
1709508561649,READ,/gpfs/aquamini2/nicolasl/lammps_workdir/restart.rst.60,9867060,9898907
1709508561650,READ,/gpfs/aquamini2/nicolasl/lammps_workdir/restart.rst.60,9898908,9920291
1709508561651,READ,/gpfs/aquamini2/nicolasl/lammps_workdir/restart.rst.60,9920292,9943435
1709508561652,READ,/gpfs/aquamini2/nicolasl/lammps_workdir/restart.rst.60,9943436,9965243
1709508561653,READ,/gpfs/aquamini2/nicolasl/lammps_workdir/restart.rst.60,9965244,9998707
1709508561654,READ,/gpfs/aquamini2/nicolasl/lammps_workdir/restart.rst.60,9998708,10020843
1709508561655,READ,/gpfs/aquamini2/nicolasl/lammps_workdir/restart.rst.60,10020844,10040155
1709508561656,READ,/gpfs/aquamini2/nicolasl/lammps_workdir/restart.rst.60,10040156,10061611
1709508561657,READ,/gpfs/aquamini2/nicolasl/lammps_workdir/restart.rst.60,10061612,10082939
1709508561658,READ,/gpfs/aquamini2/nicolasl/lammps_workdir/restart.rst.60,10082940,10113835
1709508561659,READ,/gpfs/aquamini2/nicolasl/lammps_workdir/restart.rst.60,10113836,10135299
1709508561660,READ,/gpfs/aquamini2/nicolasl/lammps_workdir/restart.rst.60,10135300,10169779
1709508561661,READ,/gpfs/aquamini2/nicolasl/lammps_workdir/restart.rst.60,10169780,10189835
1709508561662,READ,/gpfs/aquamini2/nicolasl/lammps_workdir/restart.rst.60,10189836,10210547
1709508561663,READ,/gpfs/aquamini2/nicolasl/lammps_workdir/restart.rst.60,10210548,10243403
1709508561664,READ,/gpfs/aquamini2/nicolasl/lammps_workdir/restart.rst.60,10243404,10253739
1709508564927,READ,/gpfs/aquamini2/nicolasl/lammps_workdir/restart.rst.70,0,61515
1709508564928,READ,/gpfs/aquamini2/nicolasl/lammps_workdir/restart.rst.70,61516,125155
1709508564929,READ,/gpfs/aquamini2/nicolasl/lammps_workdir/restart.rst.70,125156,146611
1709508564930,READ,/gpfs/aquamini2/nicolasl/lammps_workdir/restart.rst.70,146612,207675
1709508564931,READ,/gpfs/aquamini2/nicolasl/lammps_workdir/restart.rst.70,207676,261987
1709508564932,READ,/gpfs/aquamini2/nicolasl/lammps_workdir/restart.rst.70,261988,325627
1709508564933,READ,/gpfs/aquamini2/nicolasl/lammps_workdir/restart.rst.70,325628,380155
1709508564934,READ,/gpfs/aquamini2/nicolasl/lammps_workdir/restart.rst.70,380156,454795
1709508564935,READ,/gpfs/aquamini2/nicolasl/lammps_workdir/restart.rst.70,454796,508979
1709508564936,READ,/gpfs/aquamini2/nicolasl/lammps_workdir/restart.rst.70,508980,576387
1709508564937,READ,/gpfs/aquamini2/nicolasl/lammps_workdir/restart.rst.70,576388,625987
1709508564938,READ,/gpfs/aquamini2/nicolasl/lammps_workdir/restart.rst.70,625988,680307
1709508564939,READ,/gpfs/aquamini2/nicolasl/lammps_workdir/restart.rst.70,680308,711147
1709508564940,READ,/gpfs/aquamini2/nicolasl/lammps_workdir/restart.rst.70,711148,733067
1709508564941,READ,/gpfs/aquamini2/nicolasl/lammps_workdir/restart.rst.70,733068,762827
1709508564942,READ,/gpfs/aquamini2/nicolasl/lammps_workdir/restart.rst.70,762828,784883
1709508564943,READ,/gpfs/aquamini2/nicolasl/lammps_workdir/restart.rst.70,784884,815923
1709508564944,READ,/gpfs/aquamini2/nicolasl/lammps_workdir/restart.rst.70,815924,838931
1709508564945,READ,/gpfs/aquamini2/nicolasl/lammps_workdir/restart.rst.70,838932,859515
1709508564946,READ,/gpfs/aquamini2/nicolasl/lammps_workdir/restart.rst.70,859516,879827
1709508564947,READ,/gpfs/aquamini2/nicolasl/lammps_workdir/restart.rst.70,879828,901483
1709508564948,READ,/gpfs/aquamini2/nicolasl/lammps_workdir/restart.rst.70,901484,934483
1709508564949,READ,/gpfs/aquamini2/nicolasl/lammps_workdir/restart.rst.70,934484,955131
1709508564950,READ,/gpfs/aquamini2/nicolasl/lammps_workdir/restart.rst.70,955132,977003
1709508564951,READ,/gpfs/aquamini2/nicolasl/lammps_workdir/restart.rst.70,977004,1009395
1709508564952,READ,/gpfs/aquamini2/nicolasl/lammps_workdir/restart.rst.70,1009396,1030651
1709508564953,READ,/gpfs/aquamini2/nicolasl/lammps_workdir/restart.rst.70,1030652,1051235
1709508564954,READ,/gpfs/aquamini2/nicolasl/lammps_workdir/restart.rst.70,1051236,1086787
1709508564955,READ,/gpfs/aquamini2/nicolasl/lammps_workdir/restart.rst.70,1086788,1106899
1709508564956,READ,/gpfs/aquamini2/nicolasl/lammps_workdir/restart.rst.70,1106900,1127891
1709508564957,READ,/gpfs/aquamini2/nicolasl/lammps_workdir/restart.rst.70,1127892,1148611
1709508564958,READ,/gpfs/aquamini2/nicolasl/lammps_workdir/restart.rst.70,1148612,1171075
1709508564959,READ,/gpfs/aquamini2/nicolasl/lammps_workdir/restart.rst.70,1171076,1193075
1709508564960,READ,/gpfs/aquamini2/nicolasl/lammps_workdir/restart.rst.70,1193076,1224323
1709508564961,READ,/gpfs/aquamini2/nicolasl/lammps_workdir/restart.rst.70,1224324,1246451
1709508564962,READ,/gpfs/aquamini2/nicolasl/lammps_workdir/restart.rst.70,1246452,1268115
1709508564963,READ,/gpfs/aquamini2/nicolasl/lammps_workdir/restart.rst.70,1268116,1288211
1709508564964,READ,/gpfs/aquamini2/nicolasl/lammps_workdir/restart.rst.70,1288212,1308795
1709508564965,READ,/gpfs/aquamini2/nicolasl/lammps_workdir/restart.rst.70,1308796,1339843
1709508564966,READ,/gpfs/aquamini2/nicolasl/lammps_workdir/restart.rst.70,1339844,1362579
1709508564967,READ,/gpfs/aquamini2/nicolasl/lammps_workdir/restart.rst.70,1362580,1382891
1709508564968,READ,/gpfs/aquamini2/nicolasl/lammps_workdir/restart.rst.70,1382892,1404819
1709508564969,READ,/gpfs/aquamini2/nicolasl/lammps_workdir/restart.rst.70,1404820,1426675
1709508564970,READ,/gpfs/aquamini2/nicolasl/lammps_workdir/restart.rst.70,1426676,1446123
1709508564971,READ,/gpfs/aquamini2/nicolasl/lammps_workdir/restart.rst.70,1446124,1477091
1709508564972,READ,/gpfs/aquamini2/nicolasl/lammps_workdir/restart.rst.70,1477092,1498211
1709508564973,READ,/gpfs/aquamini2/nicolasl/lammps_workdir/restart.rst.70,1498212,1529323
1709508564974,READ,/gpfs/aquamini2/nicolasl/lammps_workdir/restart.rst.70,1529324,1549035
1709508564975,READ,/gpfs/aquamini2/nicolasl/lammps_workdir/restart.rst.70,1549036,1569675
1709508564976,READ,/gpfs/aquamini2/nicolasl/lammps_workdir/restart.rst.70,1569676,1601187
1709508564977,READ,/gpfs/aquamini2/nicolasl/lammps_workdir/restart.rst.70,1601188,1622587
1709508564978,READ,/gpfs/aquamini2/nicolasl/lammps_workdir/restart.rst.70,1622588,1652531
1709508564979,READ,/gpfs/aquamini2/nicolasl/lammps_workdir/restart.rst.70,1652532,1673643
1709508564980,READ,/gpfs/aquamini2/nicolasl/lammps_workdir/restart.rst.70,1673644,1695707
1709508564981,READ,/gpfs/aquamini2/nicolasl/lammps_workdir/restart.rst.70,1695708,1718107
1709508564982,READ,/gpfs/aquamini2/nicolasl/lammps_workdir/restart.rst.70,1718108,1750251
1709508564983,READ,/gpfs/aquamini2/nicolasl/lammps_workdir/restart.rst.70,1750252,1771603
1709508564984,READ,/gpfs/aquamini2/nicolasl/lammps_workdir/restart.rst.70,1771604,1802307
1709508564985,READ,/gpfs/aquamini2/nicolasl/lammps_workdir/restart.rst.70,1802308,1825915
1709508564986,READ,/gpfs/aquamini2/nicolasl/lammps_workdir/restart.rst.70,1825916,1860267
1709508564987,READ,/gpfs/aquamini2/nicolasl/lammps_workdir/restart.rst.70,1860268,1882259
1709508564988,READ,/gpfs/aquamini2/nicolasl/lammps_workdir/restart.rst.70,1882260,1905067
1709508564989,READ,/gpfs/aquamini2/nicolasl/lammps_workdir/restart.rst.70,1905068,1928467
1709508564990,READ,/gpfs/aquamini2/nicolasl/lammps_workdir/restart.rst.70,1928468,1958739
1709508564991,READ,/gpfs/aquamini2/nicolasl/lammps_workdir/restart.rst.70,1958740,1980331
1709508564992,READ,/gpfs/aquamini2/nicolasl/lammps_workdir/restart.rst.70,1980332,2013467
1709508564993,READ,/gpfs/aquamini2/nicolasl/lammps_workdir/restart.rst.70,2013468,2036947
1709508564994,READ,/gpfs/aquamini2/nicolasl/lammps_workdir/restart.rst.70,2036948,2070243
1709508564995,READ,/gpfs/aquamini2/nicolasl/lammps_workdir/restart.rst.70,2070244,2090483
1709508564996,READ,/gpfs/aquamini2/nicolasl/lammps_workdir/restart.rst.70,2090484,2114507
1709508564997,READ,/gpfs/aquamini2/nicolasl/lammps_workdir/restart.rst.70,2114508,2146563
1709508564998,READ,/gpfs/aquamini2/nicolasl/lammps_workdir/restart.rst.70,2146564,2168099
1709508564999,READ,/gpfs/aquamini2/nicolasl/lammps_workdir/restart.rst.70,2168100,2200539
1709508565000,READ,/gpfs/aquamini2/nicolasl/lammps_workdir/restart.rst.70,2200540,2211531
1709508565001,READ,/gpfs/aquamini2/nicolasl/lammps_workdir/restart.rst.70,2211532,2243051
1709508565002,READ,/gpfs/aquamini2/nicolasl/lammps_workdir/restart.rst.70,2243052,2263971
1709508565003,READ,/gpfs/aquamini2/nicolasl/lammps_workdir/restart.rst.70,2263972,2295883
1709508565004,READ,/gpfs/aquamini2/nicolasl/lammps_workdir/restart.rst.70,2295884,2316531
1709508565005,READ,/gpfs/aquamini2/nicolasl/lammps_workdir/restart.rst.70,2316532,2348515
1709508565006,READ,/gpfs/aquamini2/nicolasl/lammps_workdir/restart.rst.70,2348516,2369035
1709508565007,READ,/gpfs/aquamini2/nicolasl/lammps_workdir/restart.rst.70,2369036,2390899
1709508565008,READ,/gpfs/aquamini2/nicolasl/lammps_workdir/restart.rst.70,2390900,2421955
1709508565009,READ,/gpfs/aquamini2/nicolasl/lammps_workdir/restart.rst.70,2421956,2444147
1709508565010,READ,/gpfs/aquamini2/nicolasl/lammps_workdir/restart.rst.70,2444148,2476275
1709508565011,READ,/gpfs/aquamini2/nicolasl/lammps_workdir/restart.rst.70,2476276,2498483
1709508565012,READ,/gpfs/aquamini2/nicolasl/lammps_workdir/restart.rst.70,2498484,2519803
1709508565013,READ,/gpfs/aquamini2/nicolasl/lammps_workdir/restart.rst.70,2519804,2556499
1709508565014,READ,/gpfs/aquamini2/nicolasl/lammps_workdir/restart.rst.70,2556500,2577955
1709508565015,READ,/gpfs/aquamini2/nicolasl/lammps_workdir/restart.rst.70,2577956,2600019
1709508565016,READ,/gpfs/aquamini2/nicolasl/lammps_workdir/restart.rst.70,2600020,2620539
1709508565017,READ,/gpfs/aquamini2/nicolasl/lammps_workdir/restart.rst.70,2620540,2653475
1709508565018,READ,/gpfs/aquamini2/nicolasl/lammps_workdir/restart.rst.70,2653476,2676347
1709508565019,READ,/gpfs/aquamini2/nicolasl/lammps_workdir/restart.rst.70,2676348,2709219
1709508565020,READ,/gpfs/aquamini2/nicolasl/lammps_workdir/restart.rst.70,2709220,2729195
1709508565021,READ,/gpfs/aquamini2/nicolasl/lammps_workdir/restart.rst.70,2729196,2751251
1709508565022,READ,/gpfs/aquamini2/nicolasl/lammps_workdir/restart.rst.70,2751252,2771835
1709508565023,READ,/gpfs/aquamini2/nicolasl/lammps_workdir/restart.rst.70,2771836,2793899
1709508565024,READ,/gpfs/aquamini2/nicolasl/lammps_workdir/restart.rst.70,2793900,2824595
1709508565025,READ,/gpfs/aquamini2/nicolasl/lammps_workdir/restart.rst.70,2824596,2850203
1709508565026,READ,/gpfs/aquamini2/nicolasl/lammps_workdir/restart.rst.70,2850204,2883067
1709508565027,READ,/gpfs/aquamini2/nicolasl/lammps_workdir/restart.rst.70,2883068,2905611
1709508565028,READ,/gpfs/aquamini2/nicolasl/lammps_workdir/restart.rst.70,2905612,2929371
1709508565029,READ,/gpfs/aquamini2/nicolasl/lammps_workdir/restart.rst.70,2929372,2968507
1709508565030,READ,/gpfs/aquamini2/nicolasl/lammps_workdir/restart.rst.70,2968508,2990795
1709508565031,READ,/gpfs/aquamini2/nicolasl/lammps_workdir/restart.rst.70,2990796,3024083
1709508565032,READ,/gpfs/aquamini2/nicolasl/lammps_workdir/restart.rst.70,3024084,3038275
1709508565033,READ,/gpfs/aquamini2/nicolasl/lammps_workdir/restart.rst.70,3038276,3080451
1709508565034,READ,/gpfs/aquamini2/nicolasl/lammps_workdir/restart.rst.70,3080452,3092243
1709508565035,READ,/gpfs/aquamini2/nicolasl/lammps_workdir/restart.rst.70,3092244,3139115
1709508565036,READ,/gpfs/aquamini2/nicolasl/lammps_workdir/restart.rst.70,3139116,3169723
1709508565037,READ,/gpfs/aquamini2/nicolasl/lammps_workdir/restart.rst.70,3169724,3198723
1709508565038,READ,/gpfs/aquamini2/nicolasl/lammps_workdir/restart.rst.70,3198724,3220531
1709508565039,READ,/gpfs/aquamini2/nicolasl/lammps_workdir/restart.rst.70,3220532,3259715
1709508565040,READ,/gpfs/aquamini2/nicolasl/lammps_workdir/restart.rst.70,3259716,3280339
1709508565041,READ,/gpfs/aquamini2/nicolasl/lammps_workdir/restart.rst.70,3280340,3302347
1709508565042,READ,/gpfs/aquamini2/nicolasl/lammps_workdir/restart.rst.70,3302348,3332915
1709508565043,READ,/gpfs/aquamini2/nicolasl/lammps_workdir/restart.rst.70,3332916,3345787
1709508565044,READ,/gpfs/aquamini2/nicolasl/lammps_workdir/restart.rst.70,3345788,3388891
1709508565045,READ,/gpfs/aquamini2/nicolasl/lammps_workdir/restart.rst.70,3388892,3421147
1709508565046,READ,/gpfs/aquamini2/nicolasl/lammps_workdir/restart.rst.70,3421148,3442075
1709508565047,READ,/gpfs/aquamini2/nicolasl/lammps_workdir/restart.rst.70,3442076,3470483
1709508565048,READ,/gpfs/aquamini2/nicolasl/lammps_workdir/restart.rst.70,3470484,3493139
1709508565049,READ,/gpfs/aquamini2/nicolasl/lammps_workdir/restart.rst.70,3493140,3515539
1709508565050,READ,/gpfs/aquamini2/nicolasl/lammps_workdir/restart.rst.70,3515540,3548331
1709508565051,READ,/gpfs/aquamini2/nicolasl/lammps_workdir/restart.rst.70,3548332,3568435
1709508565052,READ,/gpfs/aquamini2/nicolasl/lammps_workdir/restart.rst.70,3568436,3589547
1709508565053,READ,/gpfs/aquamini2/nicolasl/lammps_workdir/restart.rst.70,3589548,3622139
1709508565054,READ,/gpfs/aquamini2/nicolasl/lammps_workdir/restart.rst.70,3622140,3644339
1709508565055,READ,/gpfs/aquamini2/nicolasl/lammps_workdir/restart.rst.70,3644340,3665731
1709508565056,READ,/gpfs/aquamini2/nicolasl/lammps_workdir/restart.rst.70,3665732,3686715
1709508565057,READ,/gpfs/aquamini2/nicolasl/lammps_workdir/restart.rst.70,3686716,3718883
1709508565058,READ,/gpfs/aquamini2/nicolasl/lammps_workdir/restart.rst.70,3718884,3739875
1709508565059,READ,/gpfs/aquamini2/nicolasl/lammps_workdir/restart.rst.70,3739876,3762275
1709508565060,READ,/gpfs/aquamini2/nicolasl/lammps_workdir/restart.rst.70,3762276,3783803
1709508565061,READ,/gpfs/aquamini2/nicolasl/lammps_workdir/restart.rst.70,3783804,3804395
1709508565062,READ,/gpfs/aquamini2/nicolasl/lammps_workdir/restart.rst.70,3804396,3835243
1709508565063,READ,/gpfs/aquamini2/nicolasl/lammps_workdir/restart.rst.70,3835244,3857771
1709508565064,READ,/gpfs/aquamini2/nicolasl/lammps_workdir/restart.rst.70,3857772,3880707
1709508565065,READ,/gpfs/aquamini2/nicolasl/lammps_workdir/restart.rst.70,3880708,3912483
1709508565066,READ,/gpfs/aquamini2/nicolasl/lammps_workdir/restart.rst.70,3912484,3935627
1709508565067,READ,/gpfs/aquamini2/nicolasl/lammps_workdir/restart.rst.70,3935628,3956283
1709508565068,READ,/gpfs/aquamini2/nicolasl/lammps_workdir/restart.rst.70,3956284,3987459
1709508565069,READ,/gpfs/aquamini2/nicolasl/lammps_workdir/restart.rst.70,3987460,4008115
1709508565070,READ,/gpfs/aquamini2/nicolasl/lammps_workdir/restart.rst.70,4008116,4028971
1709508565071,READ,/gpfs/aquamini2/nicolasl/lammps_workdir/restart.rst.70,4028972,4059947
1709508565072,READ,/gpfs/aquamini2/nicolasl/lammps_workdir/restart.rst.70,4059948,4080595
1709508565073,READ,/gpfs/aquamini2/nicolasl/lammps_workdir/restart.rst.70,4080596,4103667
1709508565074,READ,/gpfs/aquamini2/nicolasl/lammps_workdir/restart.rst.70,4103668,4125435
1709508565075,READ,/gpfs/aquamini2/nicolasl/lammps_workdir/restart.rst.70,4125436,4155467
1709508565076,READ,/gpfs/aquamini2/nicolasl/lammps_workdir/restart.rst.70,4155468,4177771
1709508565121,READ,/gpfs/aquamini2/nicolasl/lammps_workdir/restart.rst.70,4177772,4219155
1709508565122,READ,/gpfs/aquamini2/nicolasl/lammps_workdir/restart.rst.70,4219156,4252747
1709508565123,READ,/gpfs/aquamini2/nicolasl/lammps_workdir/restart.rst.70,4252748,4275475
1709508565124,READ,/gpfs/aquamini2/nicolasl/lammps_workdir/restart.rst.70,4275476,4320251
1709508565125,READ,/gpfs/aquamini2/nicolasl/lammps_workdir/restart.rst.70,4320252,4338299
1709508565126,READ,/gpfs/aquamini2/nicolasl/lammps_workdir/restart.rst.70,4338300,4361635
1709508565127,READ,/gpfs/aquamini2/nicolasl/lammps_workdir/restart.rst.70,4361636,4392099
1709508565128,READ,/gpfs/aquamini2/nicolasl/lammps_workdir/restart.rst.70,4392100,4412243
1709508565129,READ,/gpfs/aquamini2/nicolasl/lammps_workdir/restart.rst.70,4412244,4458947
1709508565130,READ,/gpfs/aquamini2/nicolasl/lammps_workdir/restart.rst.70,4458948,4486451
1709508565131,READ,/gpfs/aquamini2/nicolasl/lammps_workdir/restart.rst.70,4486452,4497523
1709508565132,READ,/gpfs/aquamini2/nicolasl/lammps_workdir/restart.rst.70,4497524,4523147
1709508565133,READ,/gpfs/aquamini2/nicolasl/lammps_workdir/restart.rst.70,4523148,4564787
1709508565134,READ,/gpfs/aquamini2/nicolasl/lammps_workdir/restart.rst.70,4564788,4584419
1709508565135,READ,/gpfs/aquamini2/nicolasl/lammps_workdir/restart.rst.70,4584420,4623835
1709508565136,READ,/gpfs/aquamini2/nicolasl/lammps_workdir/restart.rst.70,4623836,4645419
1709508565137,READ,/gpfs/aquamini2/nicolasl/lammps_workdir/restart.rst.70,4645420,4688731
1709508565138,READ,/gpfs/aquamini2/nicolasl/lammps_workdir/restart.rst.70,4688732,4715627
1709508565139,READ,/gpfs/aquamini2/nicolasl/lammps_workdir/restart.rst.70,4715628,4742251
1709508565140,READ,/gpfs/aquamini2/nicolasl/lammps_workdir/restart.rst.70,4742252,4775123
1709508565141,READ,/gpfs/aquamini2/nicolasl/lammps_workdir/restart.rst.70,4775124,4798675
1709508565142,READ,/gpfs/aquamini2/nicolasl/lammps_workdir/restart.rst.70,4798676,4821139
1709508565143,READ,/gpfs/aquamini2/nicolasl/lammps_workdir/restart.rst.70,4821140,4869011
1709508565144,READ,/gpfs/aquamini2/nicolasl/lammps_workdir/restart.rst.70,4869012,4890195
1709508565145,READ,/gpfs/aquamini2/nicolasl/lammps_workdir/restart.rst.70,4890196,4918923
1709508565146,READ,/gpfs/aquamini2/nicolasl/lammps_workdir/restart.rst.70,4918924,4932491
1709508565147,READ,/gpfs/aquamini2/nicolasl/lammps_workdir/restart.rst.70,4932492,4958507
1709508565148,READ,/gpfs/aquamini2/nicolasl/lammps_workdir/restart.rst.70,4958508,4990691
1709508565149,READ,/gpfs/aquamini2/nicolasl/lammps_workdir/restart.rst.70,4990692,5012483
1709508565150,READ,/gpfs/aquamini2/nicolasl/lammps_workdir/restart.rst.70,5012484,5045139
1709508565151,READ,/gpfs/aquamini2/nicolasl/lammps_workdir/restart.rst.70,5045140,5067411
1709508565152,READ,/gpfs/aquamini2/nicolasl/lammps_workdir/restart.rst.70,5067412,5099195
1709508565153,READ,/gpfs/aquamini2/nicolasl/lammps_workdir/restart.rst.70,5099196,5121259
1709508565154,READ,/gpfs/aquamini2/nicolasl/lammps_workdir/restart.rst.70,5121260,5140771
1709508565155,READ,/gpfs/aquamini2/nicolasl/lammps_workdir/restart.rst.70,5140772,5171467
1709508565156,READ,/gpfs/aquamini2/nicolasl/lammps_workdir/restart.rst.70,5171468,5191107
1709508565157,READ,/gpfs/aquamini2/nicolasl/lammps_workdir/restart.rst.70,5191108,5212019
1709508565158,READ,/gpfs/aquamini2/nicolasl/lammps_workdir/restart.rst.70,5212020,5230859
1709508565159,READ,/gpfs/aquamini2/nicolasl/lammps_workdir/restart.rst.70,5230860,5263851
1709508565160,READ,/gpfs/aquamini2/nicolasl/lammps_workdir/restart.rst.70,5263852,5284419
1709508565161,READ,/gpfs/aquamini2/nicolasl/lammps_workdir/restart.rst.70,5284420,5306347
1709508565162,READ,/gpfs/aquamini2/nicolasl/lammps_workdir/restart.rst.70,5306348,5337115
1709508565163,READ,/gpfs/aquamini2/nicolasl/lammps_workdir/restart.rst.70,5337116,5359387
1709508565164,READ,/gpfs/aquamini2/nicolasl/lammps_workdir/restart.rst.70,5359388,5390643
1709508565165,READ,/gpfs/aquamini2/nicolasl/lammps_workdir/restart.rst.70,5390644,5410483
1709508565166,READ,/gpfs/aquamini2/nicolasl/lammps_workdir/restart.rst.70,5410484,5430867
1709508565167,READ,/gpfs/aquamini2/nicolasl/lammps_workdir/restart.rst.70,5430868,5462571
1709508565168,READ,/gpfs/aquamini2/nicolasl/lammps_workdir/restart.rst.70,5462572,5486115
1709508565169,READ,/gpfs/aquamini2/nicolasl/lammps_workdir/restart.rst.70,5486116,5508523
1709508565170,READ,/gpfs/aquamini2/nicolasl/lammps_workdir/restart.rst.70,5508524,5542187
1709508565171,READ,/gpfs/aquamini2/nicolasl/lammps_workdir/restart.rst.70,5542188,5562139
1709508565172,READ,/gpfs/aquamini2/nicolasl/lammps_workdir/restart.rst.70,5562140,5583579
1709508565173,READ,/gpfs/aquamini2/nicolasl/lammps_workdir/restart.rst.70,5583580,5616299
1709508565174,READ,/gpfs/aquamini2/nicolasl/lammps_workdir/restart.rst.70,5616300,5639355
1709508565175,READ,/gpfs/aquamini2/nicolasl/lammps_workdir/restart.rst.70,5639356,5663163
1709508565176,READ,/gpfs/aquamini2/nicolasl/lammps_workdir/restart.rst.70,5663164,5688459
1709508565177,READ,/gpfs/aquamini2/nicolasl/lammps_workdir/restart.rst.70,5688460,5719203
1709508565178,READ,/gpfs/aquamini2/nicolasl/lammps_workdir/restart.rst.70,5719204,5753091
1709508565179,READ,/gpfs/aquamini2/nicolasl/lammps_workdir/restart.rst.70,5753092,5774811
1709508565180,READ,/gpfs/aquamini2/nicolasl/lammps_workdir/restart.rst.70,5774812,5806811
1709508565181,READ,/gpfs/aquamini2/nicolasl/lammps_workdir/restart.rst.70,5806812,5820659
1709508565182,READ,/gpfs/aquamini2/nicolasl/lammps_workdir/restart.rst.70,5820660,5843307
1709508565183,READ,/gpfs/aquamini2/nicolasl/lammps_workdir/restart.rst.70,5843308,5879323
1709508565184,READ,/gpfs/aquamini2/nicolasl/lammps_workdir/restart.rst.70,5879324,5906915
1709508565185,READ,/gpfs/aquamini2/nicolasl/lammps_workdir/restart.rst.70,5906916,5935067
1709508565186,READ,/gpfs/aquamini2/nicolasl/lammps_workdir/restart.rst.70,5935068,5946131
1709508565187,READ,/gpfs/aquamini2/nicolasl/lammps_workdir/restart.rst.70,5946132,5960243
1709508565188,READ,/gpfs/aquamini2/nicolasl/lammps_workdir/restart.rst.70,5960244,6008243
1709508565189,READ,/gpfs/aquamini2/nicolasl/lammps_workdir/restart.rst.70,6008244,6032011
1709508565190,READ,/gpfs/aquamini2/nicolasl/lammps_workdir/restart.rst.70,6032012,6064459
1709508565191,READ,/gpfs/aquamini2/nicolasl/lammps_workdir/restart.rst.70,6064460,6086403
1709508565192,READ,/gpfs/aquamini2/nicolasl/lammps_workdir/restart.rst.70,6086404,6126091
1709508565193,READ,/gpfs/aquamini2/nicolasl/lammps_workdir/restart.rst.70,6126092,6161947
1709508565194,READ,/gpfs/aquamini2/nicolasl/lammps_workdir/restart.rst.70,6161948,6186651
1709508565195,READ,/gpfs/aquamini2/nicolasl/lammps_workdir/restart.rst.70,6186652,6208507
1709508565196,READ,/gpfs/aquamini2/nicolasl/lammps_workdir/restart.rst.70,6208508,6233099
1709508565197,READ,/gpfs/aquamini2/nicolasl/lammps_workdir/restart.rst.70,6233100,6262907
1709508565198,READ,/gpfs/aquamini2/nicolasl/lammps_workdir/restart.rst.70,6262908,6294227
1709508565199,READ,/gpfs/aquamini2/nicolasl/lammps_workdir/restart.rst.70,6294228,6314883
1709508565200,READ,/gpfs/aquamini2/nicolasl/lammps_workdir/restart.rst.70,6314884,6342003
1709508565201,READ,/gpfs/aquamini2/nicolasl/lammps_workdir/restart.rst.70,6342004,6351651
1709508565202,READ,/gpfs/aquamini2/nicolasl/lammps_workdir/restart.rst.70,6351652,6384987
1709508565203,READ,/gpfs/aquamini2/nicolasl/lammps_workdir/restart.rst.70,6384988,6408467
1709508565204,READ,/gpfs/aquamini2/nicolasl/lammps_workdir/restart.rst.70,6408468,6431067
1709508565205,READ,/gpfs/aquamini2/nicolasl/lammps_workdir/restart.rst.70,6431068,6463723
1709508565206,READ,/gpfs/aquamini2/nicolasl/lammps_workdir/restart.rst.70,6463724,6482891
1709508565207,READ,/gpfs/aquamini2/nicolasl/lammps_workdir/restart.rst.70,6482892,6513859
1709508565208,READ,/gpfs/aquamini2/nicolasl/lammps_workdir/restart.rst.70,6513860,6535459
1709508565209,READ,/gpfs/aquamini2/nicolasl/lammps_workdir/restart.rst.70,6535460,6567843
1709508565210,READ,/gpfs/aquamini2/nicolasl/lammps_workdir/restart.rst.70,6567844,6587355
1709508565211,READ,/gpfs/aquamini2/nicolasl/lammps_workdir/restart.rst.70,6587356,6610907
1709508565212,READ,/gpfs/aquamini2/nicolasl/lammps_workdir/restart.rst.70,6610908,6643083
1709508565213,READ,/gpfs/aquamini2/nicolasl/lammps_workdir/restart.rst.70,6643084,6653203
1709508565214,READ,/gpfs/aquamini2/nicolasl/lammps_workdir/restart.rst.70,6653204,6687411
1709508565215,READ,/gpfs/aquamini2/nicolasl/lammps_workdir/restart.rst.70,6687412,6708595
1709508565216,READ,/gpfs/aquamini2/nicolasl/lammps_workdir/restart.rst.70,6708596,6730331
1709508565217,READ,/gpfs/aquamini2/nicolasl/lammps_workdir/restart.rst.70,6730332,6762859
1709508565218,READ,/gpfs/aquamini2/nicolasl/lammps_workdir/restart.rst.70,6762860,6784579
1709508565219,READ,/gpfs/aquamini2/nicolasl/lammps_workdir/restart.rst.70,6784580,6816627
1709508565220,READ,/gpfs/aquamini2/nicolasl/lammps_workdir/restart.rst.70,6816628,6838755
1709508565221,READ,/gpfs/aquamini2/nicolasl/lammps_workdir/restart.rst.70,6838756,6858067
1709508565222,READ,/gpfs/aquamini2/nicolasl/lammps_workdir/restart.rst.70,6858068,6888971
1709508565223,READ,/gpfs/aquamini2/nicolasl/lammps_workdir/restart.rst.70,6888972,6909971
1709508565224,READ,/gpfs/aquamini2/nicolasl/lammps_workdir/restart.rst.70,6909972,6944371
1709508565225,READ,/gpfs/aquamini2/nicolasl/lammps_workdir/restart.rst.70,6944372,6966515
1709508565226,READ,/gpfs/aquamini2/nicolasl/lammps_workdir/restart.rst.70,6966516,6985419
1709508565227,READ,/gpfs/aquamini2/nicolasl/lammps_workdir/restart.rst.70,6985420,7006531
1709508565228,READ,/gpfs/aquamini2/nicolasl/lammps_workdir/restart.rst.70,7006532,7028267
1709508565229,READ,/gpfs/aquamini2/nicolasl/lammps_workdir/restart.rst.70,7028268,7060107
1709508565230,READ,/gpfs/aquamini2/nicolasl/lammps_workdir/restart.rst.70,7060108,7081843
1709508565231,READ,/gpfs/aquamini2/nicolasl/lammps_workdir/restart.rst.70,7081844,7115787
1709508565232,READ,/gpfs/aquamini2/nicolasl/lammps_workdir/restart.rst.70,7115788,7139715
1709508565233,READ,/gpfs/aquamini2/nicolasl/lammps_workdir/restart.rst.70,7139716,7160771
1709508565234,READ,/gpfs/aquamini2/nicolasl/lammps_workdir/restart.rst.70,7160772,7180339
1709508565235,READ,/gpfs/aquamini2/nicolasl/lammps_workdir/restart.rst.70,7180340,7212459
1709508565236,READ,/gpfs/aquamini2/nicolasl/lammps_workdir/restart.rst.70,7212460,7237667
1709508565237,READ,/gpfs/aquamini2/nicolasl/lammps_workdir/restart.rst.70,7237668,7260675
1709508565238,READ,/gpfs/aquamini2/nicolasl/lammps_workdir/restart.rst.70,7260676,7284827
1709508565239,READ,/gpfs/aquamini2/nicolasl/lammps_workdir/restart.rst.70,7284828,7309571
1709508565240,READ,/gpfs/aquamini2/nicolasl/lammps_workdir/restart.rst.70,7309572,7343019
1709508565241,READ,/gpfs/aquamini2/nicolasl/lammps_workdir/restart.rst.70,7343020,7364067
1709508565242,READ,/gpfs/aquamini2/nicolasl/lammps_workdir/restart.rst.70,7364068,7382211
1709508565243,READ,/gpfs/aquamini2/nicolasl/lammps_workdir/restart.rst.70,7382212,7415811
1709508565244,READ,/gpfs/aquamini2/nicolasl/lammps_workdir/restart.rst.70,7415812,7438603
1709508565245,READ,/gpfs/aquamini2/nicolasl/lammps_workdir/restart.rst.70,7438604,7470323
1709508565246,READ,/gpfs/aquamini2/nicolasl/lammps_workdir/restart.rst.70,7470324,7493595
1709508565247,READ,/gpfs/aquamini2/nicolasl/lammps_workdir/restart.rst.70,7493596,7515803
1709508565248,READ,/gpfs/aquamini2/nicolasl/lammps_workdir/restart.rst.70,7515804,7536595
1709508565249,READ,/gpfs/aquamini2/nicolasl/lammps_workdir/restart.rst.70,7536596,7559203
1709508565250,READ,/gpfs/aquamini2/nicolasl/lammps_workdir/restart.rst.70,7559204,7580259
1709508565251,READ,/gpfs/aquamini2/nicolasl/lammps_workdir/restart.rst.70,7580260,7612043
1709508565252,READ,/gpfs/aquamini2/nicolasl/lammps_workdir/restart.rst.70,7612044,7632827
1709508565253,READ,/gpfs/aquamini2/nicolasl/lammps_workdir/restart.rst.70,7632828,7653619
1709508565254,READ,/gpfs/aquamini2/nicolasl/lammps_workdir/restart.rst.70,7653620,7677707
1709508565255,READ,/gpfs/aquamini2/nicolasl/lammps_workdir/restart.rst.70,7677708,7707747
1709508565256,READ,/gpfs/aquamini2/nicolasl/lammps_workdir/restart.rst.70,7707748,7729947
1709508565257,READ,/gpfs/aquamini2/nicolasl/lammps_workdir/restart.rst.70,7729948,7751803
1709508565258,READ,/gpfs/aquamini2/nicolasl/lammps_workdir/restart.rst.70,7751804,7781091
1709508565259,READ,/gpfs/aquamini2/nicolasl/lammps_workdir/restart.rst.70,7781092,7803283
1709508565260,READ,/gpfs/aquamini2/nicolasl/lammps_workdir/restart.rst.70,7803284,7825883
1709508565261,READ,/gpfs/aquamini2/nicolasl/lammps_workdir/restart.rst.70,7825884,7858547
1709508565262,READ,/gpfs/aquamini2/nicolasl/lammps_workdir/restart.rst.70,7858548,7878659
1709508565263,READ,/gpfs/aquamini2/nicolasl/lammps_workdir/restart.rst.70,7878660,7911571
1709508565264,READ,/gpfs/aquamini2/nicolasl/lammps_workdir/restart.rst.70,7911572,7933363
1709508565265,READ,/gpfs/aquamini2/nicolasl/lammps_workdir/restart.rst.70,7933364,7954611
1709508565266,READ,/gpfs/aquamini2/nicolasl/lammps_workdir/restart.rst.70,7954612,7984715
1709508565267,READ,/gpfs/aquamini2/nicolasl/lammps_workdir/restart.rst.70,7984716,8005499
1709508565268,READ,/gpfs/aquamini2/nicolasl/lammps_workdir/restart.rst.70,8005500,8035667
1709508565269,READ,/gpfs/aquamini2/nicolasl/lammps_workdir/restart.rst.70,8035668,8057131
1709508565270,READ,/gpfs/aquamini2/nicolasl/lammps_workdir/restart.rst.70,8057132,8067587
1709508565271,READ,/gpfs/aquamini2/nicolasl/lammps_workdir/restart.rst.70,8067588,8098699
1709508565272,READ,/gpfs/aquamini2/nicolasl/lammps_workdir/restart.rst.70,8098700,8120091
1709508565273,READ,/gpfs/aquamini2/nicolasl/lammps_workdir/restart.rst.70,8120092,8150875
1709508565274,READ,/gpfs/aquamini2/nicolasl/lammps_workdir/restart.rst.70,8150876,8172267
1709508565275,READ,/gpfs/aquamini2/nicolasl/lammps_workdir/restart.rst.70,8172268,8193387
1709508565276,READ,/gpfs/aquamini2/nicolasl/lammps_workdir/restart.rst.70,8193388,8225171
1709508565277,READ,/gpfs/aquamini2/nicolasl/lammps_workdir/restart.rst.70,8225172,8248179
1709508565278,READ,/gpfs/aquamini2/nicolasl/lammps_workdir/restart.rst.70,8248180,8270307
1709508565279,READ,/gpfs/aquamini2/nicolasl/lammps_workdir/restart.rst.70,8270308,8303499
1709508565280,READ,/gpfs/aquamini2/nicolasl/lammps_workdir/restart.rst.70,8303500,8325971
1709508565281,READ,/gpfs/aquamini2/nicolasl/lammps_workdir/restart.rst.70,8325972,8360451
1709508565282,READ,/gpfs/aquamini2/nicolasl/lammps_workdir/restart.rst.70,8360452,8382315
1709508565283,READ,/gpfs/aquamini2/nicolasl/lammps_workdir/restart.rst.70,8382316,8404507
1709508565284,READ,/gpfs/aquamini2/nicolasl/lammps_workdir/restart.rst.70,8404508,8439459
1709508565285,READ,/gpfs/aquamini2/nicolasl/lammps_workdir/restart.rst.70,8439460,8460307
1709508565286,READ,/gpfs/aquamini2/nicolasl/lammps_workdir/restart.rst.70,8460308,8491083
1709508565287,READ,/gpfs/aquamini2/nicolasl/lammps_workdir/restart.rst.70,8491084,8512003
1709508565288,READ,/gpfs/aquamini2/nicolasl/lammps_workdir/restart.rst.70,8512004,8542771
1709508565289,READ,/gpfs/aquamini2/nicolasl/lammps_workdir/restart.rst.70,8542772,8563283
1709508565290,READ,/gpfs/aquamini2/nicolasl/lammps_workdir/restart.rst.70,8563284,8584067
1709508565291,READ,/gpfs/aquamini2/nicolasl/lammps_workdir/restart.rst.70,8584068,8604987
1709508565292,READ,/gpfs/aquamini2/nicolasl/lammps_workdir/restart.rst.70,8604988,8637251
1709508565293,READ,/gpfs/aquamini2/nicolasl/lammps_workdir/restart.rst.70,8637252,8659643
1709508565294,READ,/gpfs/aquamini2/nicolasl/lammps_workdir/restart.rst.70,8659644,8681171
1709508565295,READ,/gpfs/aquamini2/nicolasl/lammps_workdir/restart.rst.70,8681172,8701827
1709508565296,READ,/gpfs/aquamini2/nicolasl/lammps_workdir/restart.rst.70,8701828,8723827
1709508565297,READ,/gpfs/aquamini2/nicolasl/lammps_workdir/restart.rst.70,8723828,8746907
1709508565298,READ,/gpfs/aquamini2/nicolasl/lammps_workdir/restart.rst.70,8746908,8781659
1709508565299,READ,/gpfs/aquamini2/nicolasl/lammps_workdir/restart.rst.70,8781660,8803107
1709508565300,READ,/gpfs/aquamini2/nicolasl/lammps_workdir/restart.rst.70,8803108,8834283
1709508565301,READ,/gpfs/aquamini2/nicolasl/lammps_workdir/restart.rst.70,8834284,8858643
1709508565302,READ,/gpfs/aquamini2/nicolasl/lammps_workdir/restart.rst.70,8858644,8890411
1709508565303,READ,/gpfs/aquamini2/nicolasl/lammps_workdir/restart.rst.70,8890412,8911667
1709508565304,READ,/gpfs/aquamini2/nicolasl/lammps_workdir/restart.rst.70,8911668,8943579
1709508565305,READ,/gpfs/aquamini2/nicolasl/lammps_workdir/restart.rst.70,8943580,8966123
1709508565306,READ,/gpfs/aquamini2/nicolasl/lammps_workdir/restart.rst.70,8966124,8986435
1709508565307,READ,/gpfs/aquamini2/nicolasl/lammps_workdir/restart.rst.70,8986436,9019163
1709508565308,READ,/gpfs/aquamini2/nicolasl/lammps_workdir/restart.rst.70,9019164,9041035
1709508565309,READ,/gpfs/aquamini2/nicolasl/lammps_workdir/restart.rst.70,9041036,9063027
1709508565310,READ,/gpfs/aquamini2/nicolasl/lammps_workdir/restart.rst.70,9063028,9084555
1709508565311,READ,/gpfs/aquamini2/nicolasl/lammps_workdir/restart.rst.70,9084556,9117355
1709508565312,READ,/gpfs/aquamini2/nicolasl/lammps_workdir/restart.rst.70,9117356,9140179
1709508565313,READ,/gpfs/aquamini2/nicolasl/lammps_workdir/restart.rst.70,9140180,9161643
1709508565314,READ,/gpfs/aquamini2/nicolasl/lammps_workdir/restart.rst.70,9161644,9190923
1709508565315,READ,/gpfs/aquamini2/nicolasl/lammps_workdir/restart.rst.70,9190924,9212587
1709508565316,READ,/gpfs/aquamini2/nicolasl/lammps_workdir/restart.rst.70,9212588,9233371
1709508565317,READ,/gpfs/aquamini2/nicolasl/lammps_workdir/restart.rst.70,9233372,9266643
1709508565318,READ,/gpfs/aquamini2/nicolasl/lammps_workdir/restart.rst.70,9266644,9290731
1709508565319,READ,/gpfs/aquamini2/nicolasl/lammps_workdir/restart.rst.70,9290732,9321427
1709508565320,READ,/gpfs/aquamini2/nicolasl/lammps_workdir/restart.rst.70,9321428,9343083
1709508565321,READ,/gpfs/aquamini2/nicolasl/lammps_workdir/restart.rst.70,9343084,9362723
1709508565322,READ,/gpfs/aquamini2/nicolasl/lammps_workdir/restart.rst.70,9362724,9384459
1709508565323,READ,/gpfs/aquamini2/nicolasl/lammps_workdir/restart.rst.70,9384460,9416923
1709508565324,READ,/gpfs/aquamini2/nicolasl/lammps_workdir/restart.rst.70,9416924,9438771
1709508565325,READ,/gpfs/aquamini2/nicolasl/lammps_workdir/restart.rst.70,9438772,9471163
1709508565326,READ,/gpfs/aquamini2/nicolasl/lammps_workdir/restart.rst.70,9471164,9491011
1709508565327,READ,/gpfs/aquamini2/nicolasl/lammps_workdir/restart.rst.70,9491012,9511259
1709508565328,READ,/gpfs/aquamini2/nicolasl/lammps_workdir/restart.rst.70,9511260,9531099
1709508565329,READ,/gpfs/aquamini2/nicolasl/lammps_workdir/restart.rst.70,9531100,9563883
1709508565330,READ,/gpfs/aquamini2/nicolasl/lammps_workdir/restart.rst.70,9563884,9583187
1709508565331,READ,/gpfs/aquamini2/nicolasl/lammps_workdir/restart.rst.70,9583188,9605187
1709508565332,READ,/gpfs/aquamini2/nicolasl/lammps_workdir/restart.rst.70,9605188,9639947
1709508565333,READ,/gpfs/aquamini2/nicolasl/lammps_workdir/restart.rst.70,9639948,9660259
1709508565334,READ,/gpfs/aquamini2/nicolasl/lammps_workdir/restart.rst.70,9660260,9692643
1709508565335,READ,/gpfs/aquamini2/nicolasl/lammps_workdir/restart.rst.70,9692644,9713291
1709508565336,READ,/gpfs/aquamini2/nicolasl/lammps_workdir/restart.rst.70,9713292,9736427
1709508565337,READ,/gpfs/aquamini2/nicolasl/lammps_workdir/restart.rst.70,9736428,9768003
1709508565338,READ,/gpfs/aquamini2/nicolasl/lammps_workdir/restart.rst.70,9768004,9789803
1709508565339,READ,/gpfs/aquamini2/nicolasl/lammps_workdir/restart.rst.70,9789804,9811059
1709508565340,READ,/gpfs/aquamini2/nicolasl/lammps_workdir/restart.rst.70,9811060,9842243
1709508565341,READ,/gpfs/aquamini2/nicolasl/lammps_workdir/restart.rst.70,9842244,9861875
1709508565342,READ,/gpfs/aquamini2/nicolasl/lammps_workdir/restart.rst.70,9861876,9881579
1709508565343,READ,/gpfs/aquamini2/nicolasl/lammps_workdir/restart.rst.70,9881580,9913963
1709508565344,READ,/gpfs/aquamini2/nicolasl/lammps_workdir/restart.rst.70,9913964,9935475
1709508565345,READ,/gpfs/aquamini2/nicolasl/lammps_workdir/restart.rst.70,9935476,9958563
1709508565346,READ,/gpfs/aquamini2/nicolasl/lammps_workdir/restart.rst.70,9958564,9989747
1709508565347,READ,/gpfs/aquamini2/nicolasl/lammps_workdir/restart.rst.70,9989748,10012619
1709508565348,READ,/gpfs/aquamini2/nicolasl/lammps_workdir/restart.rst.70,10012620,10023283
1709508565349,READ,/gpfs/aquamini2/nicolasl/lammps_workdir/restart.rst.70,10023284,10062563
1709508565350,READ,/gpfs/aquamini2/nicolasl/lammps_workdir/restart.rst.70,10062564,10084163
1709508565351,READ,/gpfs/aquamini2/nicolasl/lammps_workdir/restart.rst.70,10084164,10105075
1709508565352,READ,/gpfs/aquamini2/nicolasl/lammps_workdir/restart.rst.70,10105076,10135515
1709508565353,READ,/gpfs/aquamini2/nicolasl/lammps_workdir/restart.rst.70,10135516,10169715
1709508565354,READ,/gpfs/aquamini2/nicolasl/lammps_workdir/restart.rst.70,10169716,10189427
1709508565355,READ,/gpfs/aquamini2/nicolasl/lammps_workdir/restart.rst.70,10189428,10209803
1709508565356,READ,/gpfs/aquamini2/nicolasl/lammps_workdir/restart.rst.70,10209804,10231931
1709508565357,READ,/gpfs/aquamini2/nicolasl/lammps_workdir/restart.rst.70,10231932,10253739
1709508567241,READ,/gpfs/aquamini2/nicolasl/lammps_workdir/restart.rst.80,0,61467
1709508567242,READ,/gpfs/aquamini2/nicolasl/lammps_workdir/restart.rst.80,61468,124219
1709508567243,READ,/gpfs/aquamini2/nicolasl/lammps_workdir/restart.rst.80,124220,145875
1709508567244,READ,/gpfs/aquamini2/nicolasl/lammps_workdir/restart.rst.80,145876,197691
1709508567245,READ,/gpfs/aquamini2/nicolasl/lammps_workdir/restart.rst.80,197692,261395
1709508567246,READ,/gpfs/aquamini2/nicolasl/lammps_workdir/restart.rst.80,261396,325371
1709508567247,READ,/gpfs/aquamini2/nicolasl/lammps_workdir/restart.rst.80,325372,379283
1709508567248,READ,/gpfs/aquamini2/nicolasl/lammps_workdir/restart.rst.80,379284,443395
1709508567249,READ,/gpfs/aquamini2/nicolasl/lammps_workdir/restart.rst.80,443396,498787
1709508567250,READ,/gpfs/aquamini2/nicolasl/lammps_workdir/restart.rst.80,498788,564035
1709508567251,READ,/gpfs/aquamini2/nicolasl/lammps_workdir/restart.rst.80,564036,624707
1709508567252,READ,/gpfs/aquamini2/nicolasl/lammps_workdir/restart.rst.80,624708,687403
1709508567253,READ,/gpfs/aquamini2/nicolasl/lammps_workdir/restart.rst.80,687404,707979
1709508567254,READ,/gpfs/aquamini2/nicolasl/lammps_workdir/restart.rst.80,707980,740091
1709508567255,READ,/gpfs/aquamini2/nicolasl/lammps_workdir/restart.rst.80,740092,760467
1709508567256,READ,/gpfs/aquamini2/nicolasl/lammps_workdir/restart.rst.80,760468,783067
1709508567257,READ,/gpfs/aquamini2/nicolasl/lammps_workdir/restart.rst.80,783068,813699
1709508567258,READ,/gpfs/aquamini2/nicolasl/lammps_workdir/restart.rst.80,813700,836299
1709508567259,READ,/gpfs/aquamini2/nicolasl/lammps_workdir/restart.rst.80,836300,856883
1709508567260,READ,/gpfs/aquamini2/nicolasl/lammps_workdir/restart.rst.80,856884,887587
1709508567261,READ,/gpfs/aquamini2/nicolasl/lammps_workdir/restart.rst.80,887588,911267
1709508567262,READ,/gpfs/aquamini2/nicolasl/lammps_workdir/restart.rst.80,911268,931859
1709508567263,READ,/gpfs/aquamini2/nicolasl/lammps_workdir/restart.rst.80,931860,952843
1709508567264,READ,/gpfs/aquamini2/nicolasl/lammps_workdir/restart.rst.80,952844,984771
1709508567265,READ,/gpfs/aquamini2/nicolasl/lammps_workdir/restart.rst.80,984772,1006627
1709508567266,READ,/gpfs/aquamini2/nicolasl/lammps_workdir/restart.rst.80,1006628,1027747
1709508567267,READ,/gpfs/aquamini2/nicolasl/lammps_workdir/restart.rst.80,1027748,1049011
1709508567268,READ,/gpfs/aquamini2/nicolasl/lammps_workdir/restart.rst.80,1049012,1072483
1709508567269,READ,/gpfs/aquamini2/nicolasl/lammps_workdir/restart.rst.80,1072484,1093739
1709508567270,READ,/gpfs/aquamini2/nicolasl/lammps_workdir/restart.rst.80,1093740,1114451
1709508567271,READ,/gpfs/aquamini2/nicolasl/lammps_workdir/restart.rst.80,1114452,1144819
1709508567272,READ,/gpfs/aquamini2/nicolasl/lammps_workdir/restart.rst.80,1144820,1168227
1709508567273,READ,/gpfs/aquamini2/nicolasl/lammps_workdir/restart.rst.80,1168228,1189827
1709508567274,READ,/gpfs/aquamini2/nicolasl/lammps_workdir/restart.rst.80,1189828,1211691
1709508567275,READ,/gpfs/aquamini2/nicolasl/lammps_workdir/restart.rst.80,1211692,1232075
1709508567276,READ,/gpfs/aquamini2/nicolasl/lammps_workdir/restart.rst.80,1232076,1265267
1709508567277,READ,/gpfs/aquamini2/nicolasl/lammps_workdir/restart.rst.80,1265268,1286043
1709508567278,READ,/gpfs/aquamini2/nicolasl/lammps_workdir/restart.rst.80,1286044,1306211
1709508567279,READ,/gpfs/aquamini2/nicolasl/lammps_workdir/restart.rst.80,1306212,1325051
1709508567280,READ,/gpfs/aquamini2/nicolasl/lammps_workdir/restart.rst.80,1325052,1347315
1709508567281,READ,/gpfs/aquamini2/nicolasl/lammps_workdir/restart.rst.80,1347316,1368371
1709508567282,READ,/gpfs/aquamini2/nicolasl/lammps_workdir/restart.rst.80,1368372,1391187
1709508567283,READ,/gpfs/aquamini2/nicolasl/lammps_workdir/restart.rst.80,1391188,1414459
1709508567284,READ,/gpfs/aquamini2/nicolasl/lammps_workdir/restart.rst.80,1414460,1433419
1709508567285,READ,/gpfs/aquamini2/nicolasl/lammps_workdir/restart.rst.80,1433420,1464323
1709508567286,READ,/gpfs/aquamini2/nicolasl/lammps_workdir/restart.rst.80,1464324,1483891
1709508567287,READ,/gpfs/aquamini2/nicolasl/lammps_workdir/restart.rst.80,1483892,1505219
1709508567288,READ,/gpfs/aquamini2/nicolasl/lammps_workdir/restart.rst.80,1505220,1536731
1709508567289,READ,/gpfs/aquamini2/nicolasl/lammps_workdir/restart.rst.80,1536732,1557171
1709508567290,READ,/gpfs/aquamini2/nicolasl/lammps_workdir/restart.rst.80,1557172,1576683
1709508567291,READ,/gpfs/aquamini2/nicolasl/lammps_workdir/restart.rst.80,1576684,1609075
1709508567292,READ,/gpfs/aquamini2/nicolasl/lammps_workdir/restart.rst.80,1609076,1631267
1709508567293,READ,/gpfs/aquamini2/nicolasl/lammps_workdir/restart.rst.80,1631268,1651179
1709508567294,READ,/gpfs/aquamini2/nicolasl/lammps_workdir/restart.rst.80,1651180,1672291
1709508567295,READ,/gpfs/aquamini2/nicolasl/lammps_workdir/restart.rst.80,1672292,1694291
1709508567296,READ,/gpfs/aquamini2/nicolasl/lammps_workdir/restart.rst.80,1694292,1716955
1709508567297,READ,/gpfs/aquamini2/nicolasl/lammps_workdir/restart.rst.80,1716956,1749763
1709508567298,READ,/gpfs/aquamini2/nicolasl/lammps_workdir/restart.rst.80,1749764,1771195
1709508567299,READ,/gpfs/aquamini2/nicolasl/lammps_workdir/restart.rst.80,1771196,1791299
1709508567300,READ,/gpfs/aquamini2/nicolasl/lammps_workdir/restart.rst.80,1791300,1824827
1709508567301,READ,/gpfs/aquamini2/nicolasl/lammps_workdir/restart.rst.80,1824828,1845171
1709508567302,READ,/gpfs/aquamini2/nicolasl/lammps_workdir/restart.rst.80,1845172,1880427
1709508567303,READ,/gpfs/aquamini2/nicolasl/lammps_workdir/restart.rst.80,1880428,1903035
1709508567304,READ,/gpfs/aquamini2/nicolasl/lammps_workdir/restart.rst.80,1903036,1927579
1709508567305,READ,/gpfs/aquamini2/nicolasl/lammps_workdir/restart.rst.80,1927580,1959763
1709508567306,READ,/gpfs/aquamini2/nicolasl/lammps_workdir/restart.rst.80,1959764,1982027
1709508567307,READ,/gpfs/aquamini2/nicolasl/lammps_workdir/restart.rst.80,1982028,2003491
1709508567308,READ,/gpfs/aquamini2/nicolasl/lammps_workdir/restart.rst.80,2003492,2036867
1709508567309,READ,/gpfs/aquamini2/nicolasl/lammps_workdir/restart.rst.80,2036868,2057483
1709508567310,READ,/gpfs/aquamini2/nicolasl/lammps_workdir/restart.rst.80,2057484,2079139
1709508567311,READ,/gpfs/aquamini2/nicolasl/lammps_workdir/restart.rst.80,2079140,2113491
1709508567312,READ,/gpfs/aquamini2/nicolasl/lammps_workdir/restart.rst.80,2113492,2135627
1709508567313,READ,/gpfs/aquamini2/nicolasl/lammps_workdir/restart.rst.80,2135628,2156411
1709508567314,READ,/gpfs/aquamini2/nicolasl/lammps_workdir/restart.rst.80,2156412,2189675
1709508567315,READ,/gpfs/aquamini2/nicolasl/lammps_workdir/restart.rst.80,2189676,2211051
1709508567316,READ,/gpfs/aquamini2/nicolasl/lammps_workdir/restart.rst.80,2211052,2232787
1709508567317,READ,/gpfs/aquamini2/nicolasl/lammps_workdir/restart.rst.80,2232788,2251947
1709508567318,READ,/gpfs/aquamini2/nicolasl/lammps_workdir/restart.rst.80,2251948,2283723
1709508567319,READ,/gpfs/aquamini2/nicolasl/lammps_workdir/restart.rst.80,2283724,2304707
1709508567320,READ,/gpfs/aquamini2/nicolasl/lammps_workdir/restart.rst.80,2304708,2337635
1709508567321,READ,/gpfs/aquamini2/nicolasl/lammps_workdir/restart.rst.80,2337636,2359499
1709508567322,READ,/gpfs/aquamini2/nicolasl/lammps_workdir/restart.rst.80,2359500,2380427
1709508567323,READ,/gpfs/aquamini2/nicolasl/lammps_workdir/restart.rst.80,2380428,2402091
1709508567324,READ,/gpfs/aquamini2/nicolasl/lammps_workdir/restart.rst.80,2402092,2434219
1709508567325,READ,/gpfs/aquamini2/nicolasl/lammps_workdir/restart.rst.80,2434220,2455539
1709508567326,READ,/gpfs/aquamini2/nicolasl/lammps_workdir/restart.rst.80,2455540,2477947
1709508567327,READ,/gpfs/aquamini2/nicolasl/lammps_workdir/restart.rst.80,2477948,2499075
1709508567328,READ,/gpfs/aquamini2/nicolasl/lammps_workdir/restart.rst.80,2499076,2531867
1709508567329,READ,/gpfs/aquamini2/nicolasl/lammps_workdir/restart.rst.80,2531868,2557027
1709508567330,READ,/gpfs/aquamini2/nicolasl/lammps_workdir/restart.rst.80,2557028,2579563
1709508567331,READ,/gpfs/aquamini2/nicolasl/lammps_workdir/restart.rst.80,2579564,2602235
1709508567332,READ,/gpfs/aquamini2/nicolasl/lammps_workdir/restart.rst.80,2602236,2633755
1709508567333,READ,/gpfs/aquamini2/nicolasl/lammps_workdir/restart.rst.80,2633756,2655619
1709508567334,READ,/gpfs/aquamini2/nicolasl/lammps_workdir/restart.rst.80,2655620,2678363
1709508567335,READ,/gpfs/aquamini2/nicolasl/lammps_workdir/restart.rst.80,2678364,2710419
1709508567336,READ,/gpfs/aquamini2/nicolasl/lammps_workdir/restart.rst.80,2710420,2730395
1709508567337,READ,/gpfs/aquamini2/nicolasl/lammps_workdir/restart.rst.80,2730396,2751915
1709508567338,READ,/gpfs/aquamini2/nicolasl/lammps_workdir/restart.rst.80,2751916,2772427
1709508567339,READ,/gpfs/aquamini2/nicolasl/lammps_workdir/restart.rst.80,2772428,2794427
1709508567340,READ,/gpfs/aquamini2/nicolasl/lammps_workdir/restart.rst.80,2794428,2825531
1709508567341,READ,/gpfs/aquamini2/nicolasl/lammps_workdir/restart.rst.80,2825532,2851603
1709508567342,READ,/gpfs/aquamini2/nicolasl/lammps_workdir/restart.rst.80,2851604,2884739
1709508567343,READ,/gpfs/aquamini2/nicolasl/lammps_workdir/restart.rst.80,2884740,2907075
1709508567344,READ,/gpfs/aquamini2/nicolasl/lammps_workdir/restart.rst.80,2907076,2931883
1709508567345,READ,/gpfs/aquamini2/nicolasl/lammps_workdir/restart.rst.80,2931884,2959651
1709508567346,READ,/gpfs/aquamini2/nicolasl/lammps_workdir/restart.rst.80,2959652,2991531
1709508567347,READ,/gpfs/aquamini2/nicolasl/lammps_workdir/restart.rst.80,2991532,3005595
1709508567348,READ,/gpfs/aquamini2/nicolasl/lammps_workdir/restart.rst.80,3005596,3039867
1709508567349,READ,/gpfs/aquamini2/nicolasl/lammps_workdir/restart.rst.80,3039868,3070387
1709508567350,READ,/gpfs/aquamini2/nicolasl/lammps_workdir/restart.rst.80,3070388,3093115
1709508567351,READ,/gpfs/aquamini2/nicolasl/lammps_workdir/restart.rst.80,3093116,3141123
1709508567352,READ,/gpfs/aquamini2/nicolasl/lammps_workdir/restart.rst.80,3141124,3161611
1709508567353,READ,/gpfs/aquamini2/nicolasl/lammps_workdir/restart.rst.80,3161612,3189123
1709508567354,READ,/gpfs/aquamini2/nicolasl/lammps_workdir/restart.rst.80,3189124,3221787
1709508567355,READ,/gpfs/aquamini2/nicolasl/lammps_workdir/restart.rst.80,3221788,3235787
1709508567356,READ,/gpfs/aquamini2/nicolasl/lammps_workdir/restart.rst.80,3235788,3260411
1709508567357,READ,/gpfs/aquamini2/nicolasl/lammps_workdir/restart.rst.80,3260412,3302515
1709508567358,READ,/gpfs/aquamini2/nicolasl/lammps_workdir/restart.rst.80,3302516,3324379
1709508567359,READ,/gpfs/aquamini2/nicolasl/lammps_workdir/restart.rst.80,3324380,3346971
1709508567360,READ,/gpfs/aquamini2/nicolasl/lammps_workdir/restart.rst.80,3346972,3389403
1709508567361,READ,/gpfs/aquamini2/nicolasl/lammps_workdir/restart.rst.80,3389404,3410323
1709508567362,READ,/gpfs/aquamini2/nicolasl/lammps_workdir/restart.rst.80,3410324,3433339
1709508567363,READ,/gpfs/aquamini2/nicolasl/lammps_workdir/restart.rst.80,3433340,3457139
1709508567364,READ,/gpfs/aquamini2/nicolasl/lammps_workdir/restart.rst.80,3457140,3481099
1709508567365,READ,/gpfs/aquamini2/nicolasl/lammps_workdir/restart.rst.80,3481100,3504915
1709508567366,READ,/gpfs/aquamini2/nicolasl/lammps_workdir/restart.rst.80,3504916,3536083
1709508567367,READ,/gpfs/aquamini2/nicolasl/lammps_workdir/restart.rst.80,3536084,3558075
1709508567368,READ,/gpfs/aquamini2/nicolasl/lammps_workdir/restart.rst.80,3558076,3578995
1709508567369,READ,/gpfs/aquamini2/nicolasl/lammps_workdir/restart.rst.80,3578996,3600323
1709508567370,READ,/gpfs/aquamini2/nicolasl/lammps_workdir/restart.rst.80,3600324,3623267
1709508567371,READ,/gpfs/aquamini2/nicolasl/lammps_workdir/restart.rst.80,3623268,3656675
1709508567372,READ,/gpfs/aquamini2/nicolasl/lammps_workdir/restart.rst.80,3656676,3678267
1709508567373,READ,/gpfs/aquamini2/nicolasl/lammps_workdir/restart.rst.80,3678268,3697691
1709508567374,READ,/gpfs/aquamini2/nicolasl/lammps_workdir/restart.rst.80,3697692,3719611
1709508567375,READ,/gpfs/aquamini2/nicolasl/lammps_workdir/restart.rst.80,3719612,3740459
1709508567376,READ,/gpfs/aquamini2/nicolasl/lammps_workdir/restart.rst.80,3740460,3773387
1709508567377,READ,/gpfs/aquamini2/nicolasl/lammps_workdir/restart.rst.80,3773388,3794651
1709508567378,READ,/gpfs/aquamini2/nicolasl/lammps_workdir/restart.rst.80,3794652,3814627
1709508567379,READ,/gpfs/aquamini2/nicolasl/lammps_workdir/restart.rst.80,3814628,3835083
1709508567380,READ,/gpfs/aquamini2/nicolasl/lammps_workdir/restart.rst.80,3835084,3869819
1709508567381,READ,/gpfs/aquamini2/nicolasl/lammps_workdir/restart.rst.80,3869820,3891203
1709508567382,READ,/gpfs/aquamini2/nicolasl/lammps_workdir/restart.rst.80,3891204,3911923
1709508567383,READ,/gpfs/aquamini2/nicolasl/lammps_workdir/restart.rst.80,3911924,3945587
1709508567384,READ,/gpfs/aquamini2/nicolasl/lammps_workdir/restart.rst.80,3945588,3964491
1709508567385,READ,/gpfs/aquamini2/nicolasl/lammps_workdir/restart.rst.80,3964492,3997755
1709508567386,READ,/gpfs/aquamini2/nicolasl/lammps_workdir/restart.rst.80,3997756,4017331
1709508567387,READ,/gpfs/aquamini2/nicolasl/lammps_workdir/restart.rst.80,4017332,4038795
1709508567388,READ,/gpfs/aquamini2/nicolasl/lammps_workdir/restart.rst.80,4038796,4059115
1709508567389,READ,/gpfs/aquamini2/nicolasl/lammps_workdir/restart.rst.80,4059116,4090699
1709508567390,READ,/gpfs/aquamini2/nicolasl/lammps_workdir/restart.rst.80,4090700,4114347
1709508567391,READ,/gpfs/aquamini2/nicolasl/lammps_workdir/restart.rst.80,4114348,4134779
1709508567392,READ,/gpfs/aquamini2/nicolasl/lammps_workdir/restart.rst.80,4134780,4165883
1709508567393,READ,/gpfs/aquamini2/nicolasl/lammps_workdir/restart.rst.80,4165884,4177123
1709508567442,READ,/gpfs/aquamini2/nicolasl/lammps_workdir/restart.rst.80,4177124,4217051
1709508567443,READ,/gpfs/aquamini2/nicolasl/lammps_workdir/restart.rst.80,4217052,4251123
1709508567444,READ,/gpfs/aquamini2/nicolasl/lammps_workdir/restart.rst.80,4251124,4273531
1709508567445,READ,/gpfs/aquamini2/nicolasl/lammps_workdir/restart.rst.80,4273532,4294971
1709508567446,READ,/gpfs/aquamini2/nicolasl/lammps_workdir/restart.rst.80,4294972,4337811
1709508567447,READ,/gpfs/aquamini2/nicolasl/lammps_workdir/restart.rst.80,4337812,4360475
1709508567448,READ,/gpfs/aquamini2/nicolasl/lammps_workdir/restart.rst.80,4360476,4392075
1709508567449,READ,/gpfs/aquamini2/nicolasl/lammps_workdir/restart.rst.80,4392076,4412219
1709508567450,READ,/gpfs/aquamini2/nicolasl/lammps_workdir/restart.rst.80,4412220,4458923
1709508567451,READ,/gpfs/aquamini2/nicolasl/lammps_workdir/restart.rst.80,4458924,4486755
1709508567452,READ,/gpfs/aquamini2/nicolasl/lammps_workdir/restart.rst.80,4486756,4523651
1709508567453,READ,/gpfs/aquamini2/nicolasl/lammps_workdir/restart.rst.80,4523652,4545651
1709508567454,READ,/gpfs/aquamini2/nicolasl/lammps_workdir/restart.rst.80,4545652,4584683
1709508567455,READ,/gpfs/aquamini2/nicolasl/lammps_workdir/restart.rst.80,4584684,4611347
1709508567456,READ,/gpfs/aquamini2/nicolasl/lammps_workdir/restart.rst.80,4611348,4646019
1709508567457,READ,/gpfs/aquamini2/nicolasl/lammps_workdir/restart.rst.80,4646020,4665403
1709508567458,READ,/gpfs/aquamini2/nicolasl/lammps_workdir/restart.rst.80,4665404,4688699
1709508567459,READ,/gpfs/aquamini2/nicolasl/lammps_workdir/restart.rst.80,4688700,4729883
1709508567460,READ,/gpfs/aquamini2/nicolasl/lammps_workdir/restart.rst.80,4729884,4764131
1709508567461,READ,/gpfs/aquamini2/nicolasl/lammps_workdir/restart.rst.80,4764132,4797475
1709508567462,READ,/gpfs/aquamini2/nicolasl/lammps_workdir/restart.rst.80,4797476,4818491
1709508567463,READ,/gpfs/aquamini2/nicolasl/lammps_workdir/restart.rst.80,4818492,4854979
1709508567464,READ,/gpfs/aquamini2/nicolasl/lammps_workdir/restart.rst.80,4854980,4877707
1709508567465,READ,/gpfs/aquamini2/nicolasl/lammps_workdir/restart.rst.80,4877708,4898155
1709508567466,READ,/gpfs/aquamini2/nicolasl/lammps_workdir/restart.rst.80,4898156,4930763
1709508567467,READ,/gpfs/aquamini2/nicolasl/lammps_workdir/restart.rst.80,4930764,4947403
1709508567468,READ,/gpfs/aquamini2/nicolasl/lammps_workdir/restart.rst.80,4947404,4967787
1709508567469,READ,/gpfs/aquamini2/nicolasl/lammps_workdir/restart.rst.80,4967788,4989371
1709508567470,READ,/gpfs/aquamini2/nicolasl/lammps_workdir/restart.rst.80,4989372,5021283
1709508567471,READ,/gpfs/aquamini2/nicolasl/lammps_workdir/restart.rst.80,5021284,5043603
1709508567472,READ,/gpfs/aquamini2/nicolasl/lammps_workdir/restart.rst.80,5043604,5076947
1709508567473,READ,/gpfs/aquamini2/nicolasl/lammps_workdir/restart.rst.80,5076948,5097803
1709508567474,READ,/gpfs/aquamini2/nicolasl/lammps_workdir/restart.rst.80,5097804,5120139
1709508567475,READ,/gpfs/aquamini2/nicolasl/lammps_workdir/restart.rst.80,5120140,5139715
1709508567476,READ,/gpfs/aquamini2/nicolasl/lammps_workdir/restart.rst.80,5139716,5170619
1709508567477,READ,/gpfs/aquamini2/nicolasl/lammps_workdir/restart.rst.80,5170620,5190051
1709508567478,READ,/gpfs/aquamini2/nicolasl/lammps_workdir/restart.rst.80,5190052,5211499
1709508567479,READ,/gpfs/aquamini2/nicolasl/lammps_workdir/restart.rst.80,5211500,5242075
1709508567480,READ,/gpfs/aquamini2/nicolasl/lammps_workdir/restart.rst.80,5242076,5262859
1709508567481,READ,/gpfs/aquamini2/nicolasl/lammps_workdir/restart.rst.80,5262860,5283635
1709508567482,READ,/gpfs/aquamini2/nicolasl/lammps_workdir/restart.rst.80,5283636,5315619
1709508567483,READ,/gpfs/aquamini2/nicolasl/lammps_workdir/restart.rst.80,5315620,5336811
1709508567484,READ,/gpfs/aquamini2/nicolasl/lammps_workdir/restart.rst.80,5336812,5358603
1709508567485,READ,/gpfs/aquamini2/nicolasl/lammps_workdir/restart.rst.80,5358604,5379051
1709508567486,READ,/gpfs/aquamini2/nicolasl/lammps_workdir/restart.rst.80,5379052,5409283
1709508567487,READ,/gpfs/aquamini2/nicolasl/lammps_workdir/restart.rst.80,5409284,5429531
1709508567488,READ,/gpfs/aquamini2/nicolasl/lammps_workdir/restart.rst.80,5429532,5452203
1709508567489,READ,/gpfs/aquamini2/nicolasl/lammps_workdir/restart.rst.80,5452204,5485123
1709508567490,READ,/gpfs/aquamini2/nicolasl/lammps_workdir/restart.rst.80,5485124,5507859
1709508567491,READ,/gpfs/aquamini2/nicolasl/lammps_workdir/restart.rst.80,5507860,5529787
1709508567492,READ,/gpfs/aquamini2/nicolasl/lammps_workdir/restart.rst.80,5529788,5549555
1709508567493,READ,/gpfs/aquamini2/nicolasl/lammps_workdir/restart.rst.80,5549556,5572843
1709508567494,READ,/gpfs/aquamini2/nicolasl/lammps_workdir/restart.rst.80,5572844,5604955
1709508567495,READ,/gpfs/aquamini2/nicolasl/lammps_workdir/restart.rst.80,5604956,5627283
1709508567496,READ,/gpfs/aquamini2/nicolasl/lammps_workdir/restart.rst.80,5627284,5639147
1709508567497,READ,/gpfs/aquamini2/nicolasl/lammps_workdir/restart.rst.80,5639148,5675203
1709508567498,READ,/gpfs/aquamini2/nicolasl/lammps_workdir/restart.rst.80,5675204,5694979
1709508567499,READ,/gpfs/aquamini2/nicolasl/lammps_workdir/restart.rst.80,5694980,5731427
1709508567500,READ,/gpfs/aquamini2/nicolasl/lammps_workdir/restart.rst.80,5731428,5750019
1709508567501,READ,/gpfs/aquamini2/nicolasl/lammps_workdir/restart.rst.80,5750020,5785635
1709508567502,READ,/gpfs/aquamini2/nicolasl/lammps_workdir/restart.rst.80,5785636,5805811
1709508567503,READ,/gpfs/aquamini2/nicolasl/lammps_workdir/restart.rst.80,5805812,5841515
1709508567504,READ,/gpfs/aquamini2/nicolasl/lammps_workdir/restart.rst.80,5841516,5859979
1709508567505,READ,/gpfs/aquamini2/nicolasl/lammps_workdir/restart.rst.80,5859980,5877123
1709508567506,READ,/gpfs/aquamini2/nicolasl/lammps_workdir/restart.rst.80,5877124,5905259
1709508567507,READ,/gpfs/aquamini2/nicolasl/lammps_workdir/restart.rst.80,5905260,5933147
1709508567508,READ,/gpfs/aquamini2/nicolasl/lammps_workdir/restart.rst.80,5933148,5958651
1709508567509,READ,/gpfs/aquamini2/nicolasl/lammps_workdir/restart.rst.80,5958652,5982611
1709508567510,READ,/gpfs/aquamini2/nicolasl/lammps_workdir/restart.rst.80,5982612,6006651
1709508567511,READ,/gpfs/aquamini2/nicolasl/lammps_workdir/restart.rst.80,6006652,6048699
1709508567512,READ,/gpfs/aquamini2/nicolasl/lammps_workdir/restart.rst.80,6048700,6073059
1709508567513,READ,/gpfs/aquamini2/nicolasl/lammps_workdir/restart.rst.80,6073060,6105203
1709508567514,READ,/gpfs/aquamini2/nicolasl/lammps_workdir/restart.rst.80,6105204,6145547
1709508567515,READ,/gpfs/aquamini2/nicolasl/lammps_workdir/restart.rst.80,6145548,6174027
1709508567516,READ,/gpfs/aquamini2/nicolasl/lammps_workdir/restart.rst.80,6174028,6196155
1709508567517,READ,/gpfs/aquamini2/nicolasl/lammps_workdir/restart.rst.80,6196156,6220811
1709508567518,READ,/gpfs/aquamini2/nicolasl/lammps_workdir/restart.rst.80,6220812,6250939
1709508567519,READ,/gpfs/aquamini2/nicolasl/lammps_workdir/restart.rst.80,6250940,6272395
1709508567520,READ,/gpfs/aquamini2/nicolasl/lammps_workdir/restart.rst.80,6272396,6293795
1709508567521,READ,/gpfs/aquamini2/nicolasl/lammps_workdir/restart.rst.80,6293796,6314851
1709508567522,READ,/gpfs/aquamini2/nicolasl/lammps_workdir/restart.rst.80,6314852,6342579
1709508567523,READ,/gpfs/aquamini2/nicolasl/lammps_workdir/restart.rst.80,6342580,6363235
1709508567524,READ,/gpfs/aquamini2/nicolasl/lammps_workdir/restart.rst.80,6363236,6386115
1709508567525,READ,/gpfs/aquamini2/nicolasl/lammps_workdir/restart.rst.80,6386116,6409795
1709508567526,READ,/gpfs/aquamini2/nicolasl/lammps_workdir/restart.rst.80,6409796,6443523
1709508567527,READ,/gpfs/aquamini2/nicolasl/lammps_workdir/restart.rst.80,6443524,6465243
1709508567528,READ,/gpfs/aquamini2/nicolasl/lammps_workdir/restart.rst.80,6465244,6495339
1709508567529,READ,/gpfs/aquamini2/nicolasl/lammps_workdir/restart.rst.80,6495340,6514571
1709508567530,READ,/gpfs/aquamini2/nicolasl/lammps_workdir/restart.rst.80,6514572,6535899
1709508567531,READ,/gpfs/aquamini2/nicolasl/lammps_workdir/restart.rst.80,6535900,6557283
1709508567532,READ,/gpfs/aquamini2/nicolasl/lammps_workdir/restart.rst.80,6557284,6588531
1709508567533,READ,/gpfs/aquamini2/nicolasl/lammps_workdir/restart.rst.80,6588532,6611747
1709508567534,READ,/gpfs/aquamini2/nicolasl/lammps_workdir/restart.rst.80,6611748,6643459
1709508567535,READ,/gpfs/aquamini2/nicolasl/lammps_workdir/restart.rst.80,6643460,6653243
1709508567536,READ,/gpfs/aquamini2/nicolasl/lammps_workdir/restart.rst.80,6653244,6687051
1709508567537,READ,/gpfs/aquamini2/nicolasl/lammps_workdir/restart.rst.80,6687052,6709651
1709508567538,READ,/gpfs/aquamini2/nicolasl/lammps_workdir/restart.rst.80,6709652,6731179
1709508567539,READ,/gpfs/aquamini2/nicolasl/lammps_workdir/restart.rst.80,6731180,6763707
1709508567540,READ,/gpfs/aquamini2/nicolasl/lammps_workdir/restart.rst.80,6763708,6785699
1709508567541,READ,/gpfs/aquamini2/nicolasl/lammps_workdir/restart.rst.80,6785700,6807155
1709508567542,READ,/gpfs/aquamini2/nicolasl/lammps_workdir/restart.rst.80,6807156,6840635
1709508567543,READ,/gpfs/aquamini2/nicolasl/lammps_workdir/restart.rst.80,6840636,6859467
1709508567544,READ,/gpfs/aquamini2/nicolasl/lammps_workdir/restart.rst.80,6859468,6878971
1709508567545,READ,/gpfs/aquamini2/nicolasl/lammps_workdir/restart.rst.80,6878972,6899891
1709508567546,READ,/gpfs/aquamini2/nicolasl/lammps_workdir/restart.rst.80,6899892,6933419
1709508567547,READ,/gpfs/aquamini2/nicolasl/lammps_workdir/restart.rst.80,6933420,6955491
1709508567548,READ,/gpfs/aquamini2/nicolasl/lammps_workdir/restart.rst.80,6955492,6966827
1709508567549,READ,/gpfs/aquamini2/nicolasl/lammps_workdir/restart.rst.80,6966828,6995443
1709508567550,READ,/gpfs/aquamini2/nicolasl/lammps_workdir/restart.rst.80,6995444,7018939
1709508567551,READ,/gpfs/aquamini2/nicolasl/lammps_workdir/restart.rst.80,7018940,7038715
1709508567552,READ,/gpfs/aquamini2/nicolasl/lammps_workdir/restart.rst.80,7038716,7061779
1709508567553,READ,/gpfs/aquamini2/nicolasl/lammps_workdir/restart.rst.80,7061780,7095331
1709508567554,READ,/gpfs/aquamini2/nicolasl/lammps_workdir/restart.rst.80,7095332,7117451
1709508567555,READ,/gpfs/aquamini2/nicolasl/lammps_workdir/restart.rst.80,7117452,7152579
1709508567556,READ,/gpfs/aquamini2/nicolasl/lammps_workdir/restart.rst.80,7152580,7172347
1709508567557,READ,/gpfs/aquamini2/nicolasl/lammps_workdir/restart.rst.80,7172348,7191859
1709508567558,READ,/gpfs/aquamini2/nicolasl/lammps_workdir/restart.rst.80,7191860,7214059
1709508567559,READ,/gpfs/aquamini2/nicolasl/lammps_workdir/restart.rst.80,7214060,7249931
1709508567560,READ,/gpfs/aquamini2/nicolasl/lammps_workdir/restart.rst.80,7249932,7262075
1709508567561,READ,/gpfs/aquamini2/nicolasl/lammps_workdir/restart.rst.80,7262076,7299923
1709508567562,READ,/gpfs/aquamini2/nicolasl/lammps_workdir/restart.rst.80,7299924,7324443
1709508567563,READ,/gpfs/aquamini2/nicolasl/lammps_workdir/restart.rst.80,7324444,7345691
1709508567564,READ,/gpfs/aquamini2/nicolasl/lammps_workdir/restart.rst.80,7345692,7375051
1709508567565,READ,/gpfs/aquamini2/nicolasl/lammps_workdir/restart.rst.80,7375052,7395619
1709508567566,READ,/gpfs/aquamini2/nicolasl/lammps_workdir/restart.rst.80,7395620,7418691
1709508567567,READ,/gpfs/aquamini2/nicolasl/lammps_workdir/restart.rst.80,7418692,7452891
1709508567568,READ,/gpfs/aquamini2/nicolasl/lammps_workdir/restart.rst.80,7452892,7473139
1709508567569,READ,/gpfs/aquamini2/nicolasl/lammps_workdir/restart.rst.80,7473140,7497219
1709508567570,READ,/gpfs/aquamini2/nicolasl/lammps_workdir/restart.rst.80,7497220,7519019
1709508567571,READ,/gpfs/aquamini2/nicolasl/lammps_workdir/restart.rst.80,7519020,7540019
1709508567572,READ,/gpfs/aquamini2/nicolasl/lammps_workdir/restart.rst.80,7540020,7562427
1709508567573,READ,/gpfs/aquamini2/nicolasl/lammps_workdir/restart.rst.80,7562428,7582803
1709508567574,READ,/gpfs/aquamini2/nicolasl/lammps_workdir/restart.rst.80,7582804,7604323
1709508567575,READ,/gpfs/aquamini2/nicolasl/lammps_workdir/restart.rst.80,7604324,7634011
1709508567576,READ,/gpfs/aquamini2/nicolasl/lammps_workdir/restart.rst.80,7634012,7655219
1709508567577,READ,/gpfs/aquamini2/nicolasl/lammps_workdir/restart.rst.80,7655220,7678971
1709508567578,READ,/gpfs/aquamini2/nicolasl/lammps_workdir/restart.rst.80,7678972,7700571
1709508567579,READ,/gpfs/aquamini2/nicolasl/lammps_workdir/restart.rst.80,7700572,7720211
1709508567580,READ,/gpfs/aquamini2/nicolasl/lammps_workdir/restart.rst.80,7720212,7743147
1709508567581,READ,/gpfs/aquamini2/nicolasl/lammps_workdir/restart.rst.80,7743148,7763523
1709508567582,READ,/gpfs/aquamini2/nicolasl/lammps_workdir/restart.rst.80,7763524,7783979
1709508567583,READ,/gpfs/aquamini2/nicolasl/lammps_workdir/restart.rst.80,7783980,7817171
1709508567584,READ,/gpfs/aquamini2/nicolasl/lammps_workdir/restart.rst.80,7817172,7838707
1709508567585,READ,/gpfs/aquamini2/nicolasl/lammps_workdir/restart.rst.80,7838708,7860499
1709508567586,READ,/gpfs/aquamini2/nicolasl/lammps_workdir/restart.rst.80,7860500,7892067
1709508567587,READ,/gpfs/aquamini2/nicolasl/lammps_workdir/restart.rst.80,7892068,7912443
1709508567588,READ,/gpfs/aquamini2/nicolasl/lammps_workdir/restart.rst.80,7912444,7933971
1709508567589,READ,/gpfs/aquamini2/nicolasl/lammps_workdir/restart.rst.80,7933972,7966227
1709508567590,READ,/gpfs/aquamini2/nicolasl/lammps_workdir/restart.rst.80,7966228,7985931
1709508567591,READ,/gpfs/aquamini2/nicolasl/lammps_workdir/restart.rst.80,7985932,8006987
1709508567592,READ,/gpfs/aquamini2/nicolasl/lammps_workdir/restart.rst.80,8006988,8027099
1709508567593,READ,/gpfs/aquamini2/nicolasl/lammps_workdir/restart.rst.80,8027100,8047819
1709508567594,READ,/gpfs/aquamini2/nicolasl/lammps_workdir/restart.rst.80,8047820,8069483
1709508567595,READ,/gpfs/aquamini2/nicolasl/lammps_workdir/restart.rst.80,8069484,8101139
1709508567596,READ,/gpfs/aquamini2/nicolasl/lammps_workdir/restart.rst.80,8101140,8122251
1709508567597,READ,/gpfs/aquamini2/nicolasl/lammps_workdir/restart.rst.80,8122252,8153235
1709508567598,READ,/gpfs/aquamini2/nicolasl/lammps_workdir/restart.rst.80,8153236,8174219
1709508567599,READ,/gpfs/aquamini2/nicolasl/lammps_workdir/restart.rst.80,8174220,8195483
1709508567600,READ,/gpfs/aquamini2/nicolasl/lammps_workdir/restart.rst.80,8195484,8216267
1709508567601,READ,/gpfs/aquamini2/nicolasl/lammps_workdir/restart.rst.80,8216268,8249331
1709508567602,READ,/gpfs/aquamini2/nicolasl/lammps_workdir/restart.rst.80,8249332,8271051
1709508567603,READ,/gpfs/aquamini2/nicolasl/lammps_workdir/restart.rst.80,8271052,8292427
1709508567604,READ,/gpfs/aquamini2/nicolasl/lammps_workdir/restart.rst.80,8292428,8326371
1709508567605,READ,/gpfs/aquamini2/nicolasl/lammps_workdir/restart.rst.80,8326372,8349443
1709508567606,READ,/gpfs/aquamini2/nicolasl/lammps_workdir/restart.rst.80,8349444,8373195
1709508567607,READ,/gpfs/aquamini2/nicolasl/lammps_workdir/restart.rst.80,8373196,8383995
1709508567619,READ,/gpfs/aquamini2/nicolasl/lammps_workdir/restart.rst.80,8383996,8394523
1709508567620,READ,/gpfs/aquamini2/nicolasl/lammps_workdir/restart.rst.80,8394524,8418875
1709508567621,READ,/gpfs/aquamini2/nicolasl/lammps_workdir/restart.rst.80,8418876,8441211
1709508567622,READ,/gpfs/aquamini2/nicolasl/lammps_workdir/restart.rst.80,8441212,8472387
1709508567623,READ,/gpfs/aquamini2/nicolasl/lammps_workdir/restart.rst.80,8472388,8492491
1709508567624,READ,/gpfs/aquamini2/nicolasl/lammps_workdir/restart.rst.80,8492492,8513755
1709508567625,READ,/gpfs/aquamini2/nicolasl/lammps_workdir/restart.rst.80,8513756,8533931
1709508567626,READ,/gpfs/aquamini2/nicolasl/lammps_workdir/restart.rst.80,8533932,8554171
1709508567627,READ,/gpfs/aquamini2/nicolasl/lammps_workdir/restart.rst.80,8554172,8585691
1709508567628,READ,/gpfs/aquamini2/nicolasl/lammps_workdir/restart.rst.80,8585692,8605595
1709508567629,READ,/gpfs/aquamini2/nicolasl/lammps_workdir/restart.rst.80,8605596,8637115
1709508567630,READ,/gpfs/aquamini2/nicolasl/lammps_workdir/restart.rst.80,8637116,8659379
1709508567631,READ,/gpfs/aquamini2/nicolasl/lammps_workdir/restart.rst.80,8659380,8680971
1709508567632,READ,/gpfs/aquamini2/nicolasl/lammps_workdir/restart.rst.80,8680972,8701763
1709508567633,READ,/gpfs/aquamini2/nicolasl/lammps_workdir/restart.rst.80,8701764,8723563
1709508567634,READ,/gpfs/aquamini2/nicolasl/lammps_workdir/restart.rst.80,8723564,8746299
1709508567635,READ,/gpfs/aquamini2/nicolasl/lammps_workdir/restart.rst.80,8746300,8770187
1709508567636,READ,/gpfs/aquamini2/nicolasl/lammps_workdir/restart.rst.80,8770188,8790363
1709508567637,READ,/gpfs/aquamini2/nicolasl/lammps_workdir/restart.rst.80,8790364,8823291
1709508567638,READ,/gpfs/aquamini2/nicolasl/lammps_workdir/restart.rst.80,8823292,8845819
1709508567639,READ,/gpfs/aquamini2/nicolasl/lammps_workdir/restart.rst.80,8845820,8867339
1709508567640,READ,/gpfs/aquamini2/nicolasl/lammps_workdir/restart.rst.80,8867340,8899915
1709508567641,READ,/gpfs/aquamini2/nicolasl/lammps_workdir/restart.rst.80,8899916,8921115
1709508567642,READ,/gpfs/aquamini2/nicolasl/lammps_workdir/restart.rst.80,8921116,8941683
1709508567643,READ,/gpfs/aquamini2/nicolasl/lammps_workdir/restart.rst.80,8941684,8974083
1709508567644,READ,/gpfs/aquamini2/nicolasl/lammps_workdir/restart.rst.80,8974084,8994395
1709508567645,READ,/gpfs/aquamini2/nicolasl/lammps_workdir/restart.rst.80,8994396,9016667
1709508567646,READ,/gpfs/aquamini2/nicolasl/lammps_workdir/restart.rst.80,9016668,9048251
1709508567647,READ,/gpfs/aquamini2/nicolasl/lammps_workdir/restart.rst.80,9048252,9070851
1709508567648,READ,/gpfs/aquamini2/nicolasl/lammps_workdir/restart.rst.80,9070852,9093051
1709508567649,READ,/gpfs/aquamini2/nicolasl/lammps_workdir/restart.rst.80,9093052,9115387
1709508567650,READ,/gpfs/aquamini2/nicolasl/lammps_workdir/restart.rst.80,9115388,9138675
1709508567651,READ,/gpfs/aquamini2/nicolasl/lammps_workdir/restart.rst.80,9138676,9159795
1709508567652,READ,/gpfs/aquamini2/nicolasl/lammps_workdir/restart.rst.80,9159796,9189011
1709508567653,READ,/gpfs/aquamini2/nicolasl/lammps_workdir/restart.rst.80,9189012,9210131
1709508567654,READ,/gpfs/aquamini2/nicolasl/lammps_workdir/restart.rst.80,9210132,9231059
1709508567655,READ,/gpfs/aquamini2/nicolasl/lammps_workdir/restart.rst.80,9231060,9263451
1709508567656,READ,/gpfs/aquamini2/nicolasl/lammps_workdir/restart.rst.80,9263452,9286995
1709508567657,READ,/gpfs/aquamini2/nicolasl/lammps_workdir/restart.rst.80,9286996,9318299
1709508567658,READ,/gpfs/aquamini2/nicolasl/lammps_workdir/restart.rst.80,9318300,9340699
1709508567659,READ,/gpfs/aquamini2/nicolasl/lammps_workdir/restart.rst.80,9340700,9349139
1709508567660,READ,/gpfs/aquamini2/nicolasl/lammps_workdir/restart.rst.80,9349140,9382075
1709508567661,READ,/gpfs/aquamini2/nicolasl/lammps_workdir/restart.rst.80,9382076,9404947
1709508567662,READ,/gpfs/aquamini2/nicolasl/lammps_workdir/restart.rst.80,9404948,9426067
1709508567663,READ,/gpfs/aquamini2/nicolasl/lammps_workdir/restart.rst.80,9426068,9458787
1709508567664,READ,/gpfs/aquamini2/nicolasl/lammps_workdir/restart.rst.80,9458788,9479515
1709508567665,READ,/gpfs/aquamini2/nicolasl/lammps_workdir/restart.rst.80,9479516,9498683
1709508567666,READ,/gpfs/aquamini2/nicolasl/lammps_workdir/restart.rst.80,9498684,9518931
1709508567667,READ,/gpfs/aquamini2/nicolasl/lammps_workdir/restart.rst.80,9518932,9550979
1709508567668,READ,/gpfs/aquamini2/nicolasl/lammps_workdir/restart.rst.80,9550980,9571083
1709508567669,READ,/gpfs/aquamini2/nicolasl/lammps_workdir/restart.rst.80,9571084,9592275
1709508567670,READ,/gpfs/aquamini2/nicolasl/lammps_workdir/restart.rst.80,9592276,9626627
1709508567671,READ,/gpfs/aquamini2/nicolasl/lammps_workdir/restart.rst.80,9626628,9646267
1709508567672,READ,/gpfs/aquamini2/nicolasl/lammps_workdir/restart.rst.80,9646268,9667659
1709508567673,READ,/gpfs/aquamini2/nicolasl/lammps_workdir/restart.rst.80,9667660,9688979
1709508567674,READ,/gpfs/aquamini2/nicolasl/lammps_workdir/restart.rst.80,9688980,9722235
1709508567675,READ,/gpfs/aquamini2/nicolasl/lammps_workdir/restart.rst.80,9722236,9745579
1709508567676,READ,/gpfs/aquamini2/nicolasl/lammps_workdir/restart.rst.80,9745580,9766435
1709508567677,READ,/gpfs/aquamini2/nicolasl/lammps_workdir/restart.rst.80,9766436,9798355
1709508567678,READ,/gpfs/aquamini2/nicolasl/lammps_workdir/restart.rst.80,9798356,9819819
1709508567679,READ,/gpfs/aquamini2/nicolasl/lammps_workdir/restart.rst.80,9819820,9840203
1709508567680,READ,/gpfs/aquamini2/nicolasl/lammps_workdir/restart.rst.80,9840204,9860107
1709508567681,READ,/gpfs/aquamini2/nicolasl/lammps_workdir/restart.rst.80,9860108,9880083
1709508567682,READ,/gpfs/aquamini2/nicolasl/lammps_workdir/restart.rst.80,9880084,9901403
1709508567683,READ,/gpfs/aquamini2/nicolasl/lammps_workdir/restart.rst.80,9901404,9922659
1709508567684,READ,/gpfs/aquamini2/nicolasl/lammps_workdir/restart.rst.80,9922660,9957747
1709508567685,READ,/gpfs/aquamini2/nicolasl/lammps_workdir/restart.rst.80,9957748,9978803
1709508567686,READ,/gpfs/aquamini2/nicolasl/lammps_workdir/restart.rst.80,9978804,10000867
1709508567687,READ,/gpfs/aquamini2/nicolasl/lammps_workdir/restart.rst.80,10000868,10022731
1709508567688,READ,/gpfs/aquamini2/nicolasl/lammps_workdir/restart.rst.80,10022732,10041971
1709508567689,READ,/gpfs/aquamini2/nicolasl/lammps_workdir/restart.rst.80,10041972,10073355
1709508567690,READ,/gpfs/aquamini2/nicolasl/lammps_workdir/restart.rst.80,10073356,10094547
1709508567691,READ,/gpfs/aquamini2/nicolasl/lammps_workdir/restart.rst.80,10094548,10115131
1709508567692,READ,/gpfs/aquamini2/nicolasl/lammps_workdir/restart.rst.80,10115132,10147723
1709508567693,READ,/gpfs/aquamini2/nicolasl/lammps_workdir/restart.rst.80,10147724,10170123
1709508567694,READ,/gpfs/aquamini2/nicolasl/lammps_workdir/restart.rst.80,10170124,10200163
1709508567695,READ,/gpfs/aquamini2/nicolasl/lammps_workdir/restart.rst.80,10200164,10221075
1709508567696,READ,/gpfs/aquamini2/nicolasl/lammps_workdir/restart.rst.80,10221076,10242595
1709508567697,READ,/gpfs/aquamini2/nicolasl/lammps_workdir/restart.rst.80,10242596,10253739
1709508570428,READ,/gpfs/aquamini2/nicolasl/lammps_workdir/restart.rst.90,0,50867
1709508570429,READ,/gpfs/aquamini2/nicolasl/lammps_workdir/restart.rst.90,50868,113011
1709508570430,READ,/gpfs/aquamini2/nicolasl/lammps_workdir/restart.rst.90,113012,134611
1709508570431,READ,/gpfs/aquamini2/nicolasl/lammps_workdir/restart.rst.90,134612,186507
1709508570432,READ,/gpfs/aquamini2/nicolasl/lammps_workdir/restart.rst.90,186508,238731
1709508570433,READ,/gpfs/aquamini2/nicolasl/lammps_workdir/restart.rst.90,238732,302835
1709508570434,READ,/gpfs/aquamini2/nicolasl/lammps_workdir/restart.rst.90,302836,356211
1709508570435,READ,/gpfs/aquamini2/nicolasl/lammps_workdir/restart.rst.90,356212,409051
1709508570436,READ,/gpfs/aquamini2/nicolasl/lammps_workdir/restart.rst.90,409052,474491
1709508570437,READ,/gpfs/aquamini2/nicolasl/lammps_workdir/restart.rst.90,474492,540755
1709508570438,READ,/gpfs/aquamini2/nicolasl/lammps_workdir/restart.rst.90,540756,604723
1709508570439,READ,/gpfs/aquamini2/nicolasl/lammps_workdir/restart.rst.90,604724,658707
1709508570440,READ,/gpfs/aquamini2/nicolasl/lammps_workdir/restart.rst.90,658708,697523
1709508570441,READ,/gpfs/aquamini2/nicolasl/lammps_workdir/restart.rst.90,697524,720723
1709508570442,READ,/gpfs/aquamini2/nicolasl/lammps_workdir/restart.rst.90,720724,750547
1709508570443,READ,/gpfs/aquamini2/nicolasl/lammps_workdir/restart.rst.90,750548,773075
1709508570444,READ,/gpfs/aquamini2/nicolasl/lammps_workdir/restart.rst.90,773076,793315
1709508570445,READ,/gpfs/aquamini2/nicolasl/lammps_workdir/restart.rst.90,793316,824819
1709508570446,READ,/gpfs/aquamini2/nicolasl/lammps_workdir/restart.rst.90,824820,847355
1709508570447,READ,/gpfs/aquamini2/nicolasl/lammps_workdir/restart.rst.90,847356,878059
1709508570448,READ,/gpfs/aquamini2/nicolasl/lammps_workdir/restart.rst.90,878060,898579
1709508570449,READ,/gpfs/aquamini2/nicolasl/lammps_workdir/restart.rst.90,898580,921859
1709508570450,READ,/gpfs/aquamini2/nicolasl/lammps_workdir/restart.rst.90,921860,952907
1709508570451,READ,/gpfs/aquamini2/nicolasl/lammps_workdir/restart.rst.90,952908,975379
1709508570452,READ,/gpfs/aquamini2/nicolasl/lammps_workdir/restart.rst.90,975380,995899
1709508570453,READ,/gpfs/aquamini2/nicolasl/lammps_workdir/restart.rst.90,995900,1027947
1709508570454,READ,/gpfs/aquamini2/nicolasl/lammps_workdir/restart.rst.90,1027948,1049203
1709508570455,READ,/gpfs/aquamini2/nicolasl/lammps_workdir/restart.rst.90,1049204,1072539
1709508570456,READ,/gpfs/aquamini2/nicolasl/lammps_workdir/restart.rst.90,1072540,1093995
1709508570457,READ,/gpfs/aquamini2/nicolasl/lammps_workdir/restart.rst.90,1093996,1124499
1709508570458,READ,/gpfs/aquamini2/nicolasl/lammps_workdir/restart.rst.90,1124500,1135027
1709508570459,READ,/gpfs/aquamini2/nicolasl/lammps_workdir/restart.rst.90,1135028,1169771
1709508570460,READ,/gpfs/aquamini2/nicolasl/lammps_workdir/restart.rst.90,1169772,1191587
1709508570461,READ,/gpfs/aquamini2/nicolasl/lammps_workdir/restart.rst.90,1191588,1213315
1709508570462,READ,/gpfs/aquamini2/nicolasl/lammps_workdir/restart.rst.90,1213316,1233835
1709508570463,READ,/gpfs/aquamini2/nicolasl/lammps_workdir/restart.rst.90,1233836,1256971
1709508570464,READ,/gpfs/aquamini2/nicolasl/lammps_workdir/restart.rst.90,1256972,1278019
1709508570465,READ,/gpfs/aquamini2/nicolasl/lammps_workdir/restart.rst.90,1278020,1299467
1709508570466,READ,/gpfs/aquamini2/nicolasl/lammps_workdir/restart.rst.90,1299468,1327211
1709508570467,READ,/gpfs/aquamini2/nicolasl/lammps_workdir/restart.rst.90,1327212,1350219
1709508570468,READ,/gpfs/aquamini2/nicolasl/lammps_workdir/restart.rst.90,1350220,1361827
1709508570469,READ,/gpfs/aquamini2/nicolasl/lammps_workdir/restart.rst.90,1361828,1383155
1709508570470,READ,/gpfs/aquamini2/nicolasl/lammps_workdir/restart.rst.90,1383156,1417763
1709508570471,READ,/gpfs/aquamini2/nicolasl/lammps_workdir/restart.rst.90,1417764,1436859
1709508570472,READ,/gpfs/aquamini2/nicolasl/lammps_workdir/restart.rst.90,1436860,1457843
1709508570473,READ,/gpfs/aquamini2/nicolasl/lammps_workdir/restart.rst.90,1457844,1488211
1709508570474,READ,/gpfs/aquamini2/nicolasl/lammps_workdir/restart.rst.90,1488212,1509403
1709508570475,READ,/gpfs/aquamini2/nicolasl/lammps_workdir/restart.rst.90,1509404,1531603
1709508570476,READ,/gpfs/aquamini2/nicolasl/lammps_workdir/restart.rst.90,1531604,1561635
1709508570477,READ,/gpfs/aquamini2/nicolasl/lammps_workdir/restart.rst.90,1561636,1582491
1709508570478,READ,/gpfs/aquamini2/nicolasl/lammps_workdir/restart.rst.90,1582492,1603811
1709508570479,READ,/gpfs/aquamini2/nicolasl/lammps_workdir/restart.rst.90,1603812,1636467
1709508570480,READ,/gpfs/aquamini2/nicolasl/lammps_workdir/restart.rst.90,1636468,1656307
1709508570481,READ,/gpfs/aquamini2/nicolasl/lammps_workdir/restart.rst.90,1656308,1677891
1709508570482,READ,/gpfs/aquamini2/nicolasl/lammps_workdir/restart.rst.90,1677892,1699891
1709508570483,READ,/gpfs/aquamini2/nicolasl/lammps_workdir/restart.rst.90,1699892,1733083
1709508570484,READ,/gpfs/aquamini2/nicolasl/lammps_workdir/restart.rst.90,1733084,1754035
1709508570485,READ,/gpfs/aquamini2/nicolasl/lammps_workdir/restart.rst.90,1754036,1774603
1709508570486,READ,/gpfs/aquamini2/nicolasl/lammps_workdir/restart.rst.90,1774604,1804963
1709508570487,READ,/gpfs/aquamini2/nicolasl/lammps_workdir/restart.rst.90,1804964,1827963
1709508570488,READ,/gpfs/aquamini2/nicolasl/lammps_workdir/restart.rst.90,1827964,1862627
1709508570489,READ,/gpfs/aquamini2/nicolasl/lammps_workdir/restart.rst.90,1862628,1896435
1709508570490,READ,/gpfs/aquamini2/nicolasl/lammps_workdir/restart.rst.90,1896436,1919107
1709508570491,READ,/gpfs/aquamini2/nicolasl/lammps_workdir/restart.rst.90,1919108,1951971
1709508570492,READ,/gpfs/aquamini2/nicolasl/lammps_workdir/restart.rst.90,1951972,1973971
1709508570493,READ,/gpfs/aquamini2/nicolasl/lammps_workdir/restart.rst.90,1973972,2006091
1709508570494,READ,/gpfs/aquamini2/nicolasl/lammps_workdir/restart.rst.90,2006092,2028411
1709508570495,READ,/gpfs/aquamini2/nicolasl/lammps_workdir/restart.rst.90,2028412,2050547
1709508570496,READ,/gpfs/aquamini2/nicolasl/lammps_workdir/restart.rst.90,2050548,2082723
1709508570497,READ,/gpfs/aquamini2/nicolasl/lammps_workdir/restart.rst.90,2082724,2104723
1709508570498,READ,/gpfs/aquamini2/nicolasl/lammps_workdir/restart.rst.90,2104724,2138867
1709508570499,READ,/gpfs/aquamini2/nicolasl/lammps_workdir/restart.rst.90,2138868,2159859
1709508570500,READ,/gpfs/aquamini2/nicolasl/lammps_workdir/restart.rst.90,2159860,2181859
1709508570501,READ,/gpfs/aquamini2/nicolasl/lammps_workdir/restart.rst.90,2181860,2203171
1709508570502,READ,/gpfs/aquamini2/nicolasl/lammps_workdir/restart.rst.90,2203172,2236307
1709508570503,READ,/gpfs/aquamini2/nicolasl/lammps_workdir/restart.rst.90,2236308,2256347
1709508570504,READ,/gpfs/aquamini2/nicolasl/lammps_workdir/restart.rst.90,2256348,2277931
1709508570505,READ,/gpfs/aquamini2/nicolasl/lammps_workdir/restart.rst.90,2277932,2309779
1709508570506,READ,/gpfs/aquamini2/nicolasl/lammps_workdir/restart.rst.90,2309780,2330963
1709508570507,READ,/gpfs/aquamini2/nicolasl/lammps_workdir/restart.rst.90,2330964,2351139
1709508570508,READ,/gpfs/aquamini2/nicolasl/lammps_workdir/restart.rst.90,2351140,2383603
1709508570509,READ,/gpfs/aquamini2/nicolasl/lammps_workdir/restart.rst.90,2383604,2404659
1709508570510,READ,/gpfs/aquamini2/nicolasl/lammps_workdir/restart.rst.90,2404660,2424363
1709508570511,READ,/gpfs/aquamini2/nicolasl/lammps_workdir/restart.rst.90,2424364,2457283
1709508570512,READ,/gpfs/aquamini2/nicolasl/lammps_workdir/restart.rst.90,2457284,2479691
1709508570513,READ,/gpfs/aquamini2/nicolasl/lammps_workdir/restart.rst.90,2479692,2500075
1709508570514,READ,/gpfs/aquamini2/nicolasl/lammps_workdir/restart.rst.90,2500076,2532939
1709508570515,READ,/gpfs/aquamini2/nicolasl/lammps_workdir/restart.rst.90,2532940,2558507
1709508570516,READ,/gpfs/aquamini2/nicolasl/lammps_workdir/restart.rst.90,2558508,2580571
1709508570517,READ,/gpfs/aquamini2/nicolasl/lammps_workdir/restart.rst.90,2580572,2602499
1709508570518,READ,/gpfs/aquamini2/nicolasl/lammps_workdir/restart.rst.90,2602500,2633003
1709508570519,READ,/gpfs/aquamini2/nicolasl/lammps_workdir/restart.rst.90,2633004,2654731
1709508570520,READ,/gpfs/aquamini2/nicolasl/lammps_workdir/restart.rst.90,2654732,2687795
1709508570521,READ,/gpfs/aquamini2/nicolasl/lammps_workdir/restart.rst.90,2687796,2709395
1709508570522,READ,/gpfs/aquamini2/nicolasl/lammps_workdir/restart.rst.90,2709396,2740235
1709508570523,READ,/gpfs/aquamini2/nicolasl/lammps_workdir/restart.rst.90,2740236,2750827
1709508570524,READ,/gpfs/aquamini2/nicolasl/lammps_workdir/restart.rst.90,2750828,2771547
1709508570525,READ,/gpfs/aquamini2/nicolasl/lammps_workdir/restart.rst.90,2771548,2803675
1709508570526,READ,/gpfs/aquamini2/nicolasl/lammps_workdir/restart.rst.90,2803676,2824859
1709508570527,READ,/gpfs/aquamini2/nicolasl/lammps_workdir/restart.rst.90,2824860,2849699
1709508570528,READ,/gpfs/aquamini2/nicolasl/lammps_workdir/restart.rst.90,2849700,2882763
1709508570529,READ,/gpfs/aquamini2/nicolasl/lammps_workdir/restart.rst.90,2882764,2904627
1709508570530,READ,/gpfs/aquamini2/nicolasl/lammps_workdir/restart.rst.90,2904628,2928827
1709508570531,READ,/gpfs/aquamini2/nicolasl/lammps_workdir/restart.rst.90,2928828,2967691
1709508570532,READ,/gpfs/aquamini2/nicolasl/lammps_workdir/restart.rst.90,2967692,2988971
1709508570533,READ,/gpfs/aquamini2/nicolasl/lammps_workdir/restart.rst.90,2988972,3003891
1709508570534,READ,/gpfs/aquamini2/nicolasl/lammps_workdir/restart.rst.90,3003892,3038395
1709508570535,READ,/gpfs/aquamini2/nicolasl/lammps_workdir/restart.rst.90,3038396,3068747
1709508570536,READ,/gpfs/aquamini2/nicolasl/lammps_workdir/restart.rst.90,3068748,3092131
1709508570537,READ,/gpfs/aquamini2/nicolasl/lammps_workdir/restart.rst.90,3092132,3115187
1709508570538,READ,/gpfs/aquamini2/nicolasl/lammps_workdir/restart.rst.90,3115188,3160043
1709508570539,READ,/gpfs/aquamini2/nicolasl/lammps_workdir/restart.rst.90,3160044,3187963
1709508570540,READ,/gpfs/aquamini2/nicolasl/lammps_workdir/restart.rst.90,3187964,3209355
1709508570541,READ,/gpfs/aquamini2/nicolasl/lammps_workdir/restart.rst.90,3209356,3234291
1709508570542,READ,/gpfs/aquamini2/nicolasl/lammps_workdir/restart.rst.90,3234292,3259283
1709508570543,READ,/gpfs/aquamini2/nicolasl/lammps_workdir/restart.rst.90,3259284,3300643
1709508570544,READ,/gpfs/aquamini2/nicolasl/lammps_workdir/restart.rst.90,3300644,3322099
1709508570545,READ,/gpfs/aquamini2/nicolasl/lammps_workdir/restart.rst.90,3322100,3346411
1709508570546,READ,/gpfs/aquamini2/nicolasl/lammps_workdir/restart.rst.90,3346412,3369867
1709508570547,READ,/gpfs/aquamini2/nicolasl/lammps_workdir/restart.rst.90,3369868,3399731
1709508570548,READ,/gpfs/aquamini2/nicolasl/lammps_workdir/restart.rst.90,3399732,3422667
1709508570549,READ,/gpfs/aquamini2/nicolasl/lammps_workdir/restart.rst.90,3422668,3442915
1709508570550,READ,/gpfs/aquamini2/nicolasl/lammps_workdir/restart.rst.90,3442916,3479083
1709508570551,READ,/gpfs/aquamini2/nicolasl/lammps_workdir/restart.rst.90,3479084,3502835
1709508570552,READ,/gpfs/aquamini2/nicolasl/lammps_workdir/restart.rst.90,3502836,3522747
1709508570553,READ,/gpfs/aquamini2/nicolasl/lammps_workdir/restart.rst.90,3522748,3545339
1709508570554,READ,/gpfs/aquamini2/nicolasl/lammps_workdir/restart.rst.90,3545340,3576379
1709508570555,READ,/gpfs/aquamini2/nicolasl/lammps_workdir/restart.rst.90,3576380,3597571
1709508570556,READ,/gpfs/aquamini2/nicolasl/lammps_workdir/restart.rst.90,3597572,3620379
1709508570557,READ,/gpfs/aquamini2/nicolasl/lammps_workdir/restart.rst.90,3620380,3642851
1709508570558,READ,/gpfs/aquamini2/nicolasl/lammps_workdir/restart.rst.90,3642852,3664243
1709508570559,READ,/gpfs/aquamini2/nicolasl/lammps_workdir/restart.rst.90,3664244,3695547
1709508570560,READ,/gpfs/aquamini2/nicolasl/lammps_workdir/restart.rst.90,3695548,3717739
1709508570561,READ,/gpfs/aquamini2/nicolasl/lammps_workdir/restart.rst.90,3717740,3738459
1709508570562,READ,/gpfs/aquamini2/nicolasl/lammps_workdir/restart.rst.90,3738460,3760187
1709508570563,READ,/gpfs/aquamini2/nicolasl/lammps_workdir/restart.rst.90,3760188,3781043
1709508570564,READ,/gpfs/aquamini2/nicolasl/lammps_workdir/restart.rst.90,3781044,3812235
1709508570565,READ,/gpfs/aquamini2/nicolasl/lammps_workdir/restart.rst.90,3812236,3832627
1709508570566,READ,/gpfs/aquamini2/nicolasl/lammps_workdir/restart.rst.90,3832628,3855027
1709508570567,READ,/gpfs/aquamini2/nicolasl/lammps_workdir/restart.rst.90,3855028,3888555
1709508570568,READ,/gpfs/aquamini2/nicolasl/lammps_workdir/restart.rst.90,3888556,3909947
1709508570569,READ,/gpfs/aquamini2/nicolasl/lammps_workdir/restart.rst.90,3909948,3932347
1709508570570,READ,/gpfs/aquamini2/nicolasl/lammps_workdir/restart.rst.90,3932348,3962243
1709508570571,READ,/gpfs/aquamini2/nicolasl/lammps_workdir/restart.rst.90,3962244,3984843
1709508570572,READ,/gpfs/aquamini2/nicolasl/lammps_workdir/restart.rst.90,3984844,4005563
1709508570573,READ,/gpfs/aquamini2/nicolasl/lammps_workdir/restart.rst.90,4005564,4036947
1709508570574,READ,/gpfs/aquamini2/nicolasl/lammps_workdir/restart.rst.90,4036948,4057667
1709508570575,READ,/gpfs/aquamini2/nicolasl/lammps_workdir/restart.rst.90,4057668,4078387
1709508570576,READ,/gpfs/aquamini2/nicolasl/lammps_workdir/restart.rst.90,4078388,4101451
1709508570577,READ,/gpfs/aquamini2/nicolasl/lammps_workdir/restart.rst.90,4101452,4132523
1709508570578,READ,/gpfs/aquamini2/nicolasl/lammps_workdir/restart.rst.90,4132524,4152427
1709508570579,READ,/gpfs/aquamini2/nicolasl/lammps_workdir/restart.rst.90,4152428,4175611
1709508570631,READ,/gpfs/aquamini2/nicolasl/lammps_workdir/restart.rst.90,4175612,4214835
1709508570632,READ,/gpfs/aquamini2/nicolasl/lammps_workdir/restart.rst.90,4214836,4249315
1709508570633,READ,/gpfs/aquamini2/nicolasl/lammps_workdir/restart.rst.90,4249316,4271515
1709508570634,READ,/gpfs/aquamini2/nicolasl/lammps_workdir/restart.rst.90,4271516,4316291
1709508570635,READ,/gpfs/aquamini2/nicolasl/lammps_workdir/restart.rst.90,4316292,4336707
1709508570636,READ,/gpfs/aquamini2/nicolasl/lammps_workdir/restart.rst.90,4336708,4358019
1709508570637,READ,/gpfs/aquamini2/nicolasl/lammps_workdir/restart.rst.90,4358020,4389211
1709508570638,READ,/gpfs/aquamini2/nicolasl/lammps_workdir/restart.rst.90,4389212,4435235
1709508570639,READ,/gpfs/aquamini2/nicolasl/lammps_workdir/restart.rst.90,4435236,4455203
1709508570640,READ,/gpfs/aquamini2/nicolasl/lammps_workdir/restart.rst.90,4455204,4484283
1709508570641,READ,/gpfs/aquamini2/nicolasl/lammps_workdir/restart.rst.90,4484284,4521003
1709508570642,READ,/gpfs/aquamini2/nicolasl/lammps_workdir/restart.rst.90,4521004,4543379
1709508570643,READ,/gpfs/aquamini2/nicolasl/lammps_workdir/restart.rst.90,4543380,4582571
1709508570644,READ,/gpfs/aquamini2/nicolasl/lammps_workdir/restart.rst.90,4582572,4609507
1709508570645,READ,/gpfs/aquamini2/nicolasl/lammps_workdir/restart.rst.90,4609508,4642827
1709508570646,READ,/gpfs/aquamini2/nicolasl/lammps_workdir/restart.rst.90,4642828,4662411
1709508570647,READ,/gpfs/aquamini2/nicolasl/lammps_workdir/restart.rst.90,4662412,4684395
1709508570648,READ,/gpfs/aquamini2/nicolasl/lammps_workdir/restart.rst.90,4684396,4738771
1709508570649,READ,/gpfs/aquamini2/nicolasl/lammps_workdir/restart.rst.90,4738772,4760707
1709508570650,READ,/gpfs/aquamini2/nicolasl/lammps_workdir/restart.rst.90,4760708,4793715
1709508570651,READ,/gpfs/aquamini2/nicolasl/lammps_workdir/restart.rst.90,4793716,4816587
1709508570652,READ,/gpfs/aquamini2/nicolasl/lammps_workdir/restart.rst.90,4816588,4840555
1709508570653,READ,/gpfs/aquamini2/nicolasl/lammps_workdir/restart.rst.90,4840556,4876115
1709508570654,READ,/gpfs/aquamini2/nicolasl/lammps_workdir/restart.rst.90,4876116,4897043
1709508570655,READ,/gpfs/aquamini2/nicolasl/lammps_workdir/restart.rst.90,4897044,4928675
1709508570656,READ,/gpfs/aquamini2/nicolasl/lammps_workdir/restart.rst.90,4928676,4945531
1709508570657,READ,/gpfs/aquamini2/nicolasl/lammps_workdir/restart.rst.90,4945532,4965507
1709508570658,READ,/gpfs/aquamini2/nicolasl/lammps_workdir/restart.rst.90,4965508,4998155
1709508570659,READ,/gpfs/aquamini2/nicolasl/lammps_workdir/restart.rst.90,4998156,5019403
1709508570660,READ,/gpfs/aquamini2/nicolasl/lammps_workdir/restart.rst.90,5019404,5041859
1709508570661,READ,/gpfs/aquamini2/nicolasl/lammps_workdir/restart.rst.90,5041860,5074667
1709508570662,READ,/gpfs/aquamini2/nicolasl/lammps_workdir/restart.rst.90,5074668,5094843
1709508570663,READ,/gpfs/aquamini2/nicolasl/lammps_workdir/restart.rst.90,5094844,5126971
1709508570664,READ,/gpfs/aquamini2/nicolasl/lammps_workdir/restart.rst.90,5126972,5147411
1709508570665,READ,/gpfs/aquamini2/nicolasl/lammps_workdir/restart.rst.90,5147412,5167795
1709508570666,READ,/gpfs/aquamini2/nicolasl/lammps_workdir/restart.rst.90,5167796,5198219
1709508570667,READ,/gpfs/aquamini2/nicolasl/lammps_workdir/restart.rst.90,5198220,5218523
1709508570668,READ,/gpfs/aquamini2/nicolasl/lammps_workdir/restart.rst.90,5218524,5241331
1709508570669,READ,/gpfs/aquamini2/nicolasl/lammps_workdir/restart.rst.90,5241332,5271619
1709508570670,READ,/gpfs/aquamini2/nicolasl/lammps_workdir/restart.rst.90,5271620,5291995
1709508570671,READ,/gpfs/aquamini2/nicolasl/lammps_workdir/restart.rst.90,5291996,5313851
1709508570672,READ,/gpfs/aquamini2/nicolasl/lammps_workdir/restart.rst.90,5313852,5346115
1709508570673,READ,/gpfs/aquamini2/nicolasl/lammps_workdir/restart.rst.90,5346116,5368043
1709508570674,READ,/gpfs/aquamini2/nicolasl/lammps_workdir/restart.rst.90,5368044,5398275
1709508570675,READ,/gpfs/aquamini2/nicolasl/lammps_workdir/restart.rst.90,5398276,5417435
1709508570676,READ,/gpfs/aquamini2/nicolasl/lammps_workdir/restart.rst.90,5417436,5440179
1709508570677,READ,/gpfs/aquamini2/nicolasl/lammps_workdir/restart.rst.90,5440180,5473243
1709508570678,READ,/gpfs/aquamini2/nicolasl/lammps_workdir/restart.rst.90,5473244,5495579
1709508570679,READ,/gpfs/aquamini2/nicolasl/lammps_workdir/restart.rst.90,5495580,5518715
1709508570680,READ,/gpfs/aquamini2/nicolasl/lammps_workdir/restart.rst.90,5518716,5540371
1709508570681,READ,/gpfs/aquamini2/nicolasl/lammps_workdir/restart.rst.90,5540372,5560771
1709508570682,READ,/gpfs/aquamini2/nicolasl/lammps_workdir/restart.rst.90,5560772,5593811
1709508570683,READ,/gpfs/aquamini2/nicolasl/lammps_workdir/restart.rst.90,5593812,5616019
1709508570684,READ,/gpfs/aquamini2/nicolasl/lammps_workdir/restart.rst.90,5616020,5639147
1709508570685,READ,/gpfs/aquamini2/nicolasl/lammps_workdir/restart.rst.90,5639148,5660707
1709508570686,READ,/gpfs/aquamini2/nicolasl/lammps_workdir/restart.rst.90,5660708,5694979
1709508570687,READ,/gpfs/aquamini2/nicolasl/lammps_workdir/restart.rst.90,5694980,5715995
1709508570688,READ,/gpfs/aquamini2/nicolasl/lammps_workdir/restart.rst.90,5715996,5749203
1709508570689,READ,/gpfs/aquamini2/nicolasl/lammps_workdir/restart.rst.90,5749204,5772451
1709508570690,READ,/gpfs/aquamini2/nicolasl/lammps_workdir/restart.rst.90,5772452,5804787
1709508570691,READ,/gpfs/aquamini2/nicolasl/lammps_workdir/restart.rst.90,5804788,5840443
1709508570692,READ,/gpfs/aquamini2/nicolasl/lammps_workdir/restart.rst.90,5840444,5859179
1709508570693,READ,/gpfs/aquamini2/nicolasl/lammps_workdir/restart.rst.90,5859180,5876971
1709508570694,READ,/gpfs/aquamini2/nicolasl/lammps_workdir/restart.rst.90,5876972,5922123
1709508570695,READ,/gpfs/aquamini2/nicolasl/lammps_workdir/restart.rst.90,5922124,5942915
1709508570696,READ,/gpfs/aquamini2/nicolasl/lammps_workdir/restart.rst.90,5942916,5956459
1709508570697,READ,/gpfs/aquamini2/nicolasl/lammps_workdir/restart.rst.90,5956460,6005211
1709508570698,READ,/gpfs/aquamini2/nicolasl/lammps_workdir/restart.rst.90,6005212,6028283
1709508570699,READ,/gpfs/aquamini2/nicolasl/lammps_workdir/restart.rst.90,6028284,6071059
1709508570700,READ,/gpfs/aquamini2/nicolasl/lammps_workdir/restart.rst.90,6071060,6103947
1709508570701,READ,/gpfs/aquamini2/nicolasl/lammps_workdir/restart.rst.90,6103948,6122643
1709508570702,READ,/gpfs/aquamini2/nicolasl/lammps_workdir/restart.rst.90,6122644,6159819
1709508570703,READ,/gpfs/aquamini2/nicolasl/lammps_workdir/restart.rst.90,6159820,6196059
1709508570704,READ,/gpfs/aquamini2/nicolasl/lammps_workdir/restart.rst.90,6196060,6220315
1709508570705,READ,/gpfs/aquamini2/nicolasl/lammps_workdir/restart.rst.90,6220316,6251267
1709508570706,READ,/gpfs/aquamini2/nicolasl/lammps_workdir/restart.rst.90,6251268,6272867
1709508570707,READ,/gpfs/aquamini2/nicolasl/lammps_workdir/restart.rst.90,6272868,6294395
1709508570708,READ,/gpfs/aquamini2/nicolasl/lammps_workdir/restart.rst.90,6294396,6325563
1709508570709,READ,/gpfs/aquamini2/nicolasl/lammps_workdir/restart.rst.90,6325564,6342411
1709508570710,READ,/gpfs/aquamini2/nicolasl/lammps_workdir/restart.rst.90,6342412,6363395
1709508570711,READ,/gpfs/aquamini2/nicolasl/lammps_workdir/restart.rst.90,6363396,6398155
1709508570712,READ,/gpfs/aquamini2/nicolasl/lammps_workdir/restart.rst.90,6398156,6420355
1709508570713,READ,/gpfs/aquamini2/nicolasl/lammps_workdir/restart.rst.90,6420356,6443291
1709508570714,READ,/gpfs/aquamini2/nicolasl/lammps_workdir/restart.rst.90,6443292,6474859
1709508570715,READ,/gpfs/aquamini2/nicolasl/lammps_workdir/restart.rst.90,6474860,6495171
1709508570716,READ,/gpfs/aquamini2/nicolasl/lammps_workdir/restart.rst.90,6495172,6525611
1709508570717,READ,/gpfs/aquamini2/nicolasl/lammps_workdir/restart.rst.90,6525612,6546875
1709508570718,READ,/gpfs/aquamini2/nicolasl/lammps_workdir/restart.rst.90,6546876,6570411
1709508570719,READ,/gpfs/aquamini2/nicolasl/lammps_workdir/restart.rst.90,6570412,6600523
1709508570720,READ,/gpfs/aquamini2/nicolasl/lammps_workdir/restart.rst.90,6600524,6622587
1709508570721,READ,/gpfs/aquamini2/nicolasl/lammps_workdir/restart.rst.90,6622588,6644315
1709508570722,READ,/gpfs/aquamini2/nicolasl/lammps_workdir/restart.rst.90,6644316,6678531
1709508570723,READ,/gpfs/aquamini2/nicolasl/lammps_workdir/restart.rst.90,6678532,6699243
1709508570724,READ,/gpfs/aquamini2/nicolasl/lammps_workdir/restart.rst.90,6699244,6722115
1709508570725,READ,/gpfs/aquamini2/nicolasl/lammps_workdir/restart.rst.90,6722116,6753083
1709508570726,READ,/gpfs/aquamini2/nicolasl/lammps_workdir/restart.rst.90,6753084,6774411
1709508570727,READ,/gpfs/aquamini2/nicolasl/lammps_workdir/restart.rst.90,6774412,6807467
1709508570728,READ,/gpfs/aquamini2/nicolasl/lammps_workdir/restart.rst.90,6807468,6829939
1709508570729,READ,/gpfs/aquamini2/nicolasl/lammps_workdir/restart.rst.90,6829940,6851011
1709508570730,READ,/gpfs/aquamini2/nicolasl/lammps_workdir/restart.rst.90,6851012,6879491
1709508570731,READ,/gpfs/aquamini2/nicolasl/lammps_workdir/restart.rst.90,6879492,6900611
1709508570732,READ,/gpfs/aquamini2/nicolasl/lammps_workdir/restart.rst.90,6900612,6933875
1709508570733,READ,/gpfs/aquamini2/nicolasl/lammps_workdir/restart.rst.90,6933876,6955267
1709508570734,READ,/gpfs/aquamini2/nicolasl/lammps_workdir/restart.rst.90,6955268,6976059
1709508570735,READ,/gpfs/aquamini2/nicolasl/lammps_workdir/restart.rst.90,6976060,6995963
1709508570736,READ,/gpfs/aquamini2/nicolasl/lammps_workdir/restart.rst.90,6995964,7019115
1709508570737,READ,/gpfs/aquamini2/nicolasl/lammps_workdir/restart.rst.90,7019116,7051491
1709508570738,READ,/gpfs/aquamini2/nicolasl/lammps_workdir/restart.rst.90,7051492,7073027
1709508570739,READ,/gpfs/aquamini2/nicolasl/lammps_workdir/restart.rst.90,7073028,7107635
1709508570740,READ,/gpfs/aquamini2/nicolasl/lammps_workdir/restart.rst.90,7107636,7130827
1709508570741,READ,/gpfs/aquamini2/nicolasl/lammps_workdir/restart.rst.90,7130828,7163603
1709508570742,READ,/gpfs/aquamini2/nicolasl/lammps_workdir/restart.rst.90,7163604,7183851
1709508570743,READ,/gpfs/aquamini2/nicolasl/lammps_workdir/restart.rst.90,7183852,7205107
1709508570744,READ,/gpfs/aquamini2/nicolasl/lammps_workdir/restart.rst.90,7205108,7241747
1709508570745,READ,/gpfs/aquamini2/nicolasl/lammps_workdir/restart.rst.90,7241748,7264075
1709508570746,READ,/gpfs/aquamini2/nicolasl/lammps_workdir/restart.rst.90,7264076,7288763
1709508570747,READ,/gpfs/aquamini2/nicolasl/lammps_workdir/restart.rst.90,7288764,7325027
1709508570748,READ,/gpfs/aquamini2/nicolasl/lammps_workdir/restart.rst.90,7325028,7346683
1709508570749,READ,/gpfs/aquamini2/nicolasl/lammps_workdir/restart.rst.90,7346684,7376243
1709508570750,READ,/gpfs/aquamini2/nicolasl/lammps_workdir/restart.rst.90,7376244,7396963
1709508570751,READ,/gpfs/aquamini2/nicolasl/lammps_workdir/restart.rst.90,7396964,7419363
1709508570752,READ,/gpfs/aquamini2/nicolasl/lammps_workdir/restart.rst.90,7419364,7453299
1709508570753,READ,/gpfs/aquamini2/nicolasl/lammps_workdir/restart.rst.90,7453300,7473275
1709508570754,READ,/gpfs/aquamini2/nicolasl/lammps_workdir/restart.rst.90,7473276,7497219
1709508570755,READ,/gpfs/aquamini2/nicolasl/lammps_workdir/restart.rst.90,7497220,7518611
1709508570756,READ,/gpfs/aquamini2/nicolasl/lammps_workdir/restart.rst.90,7518612,7551963
1709508570757,READ,/gpfs/aquamini2/nicolasl/lammps_workdir/restart.rst.90,7551964,7574363
1709508570758,READ,/gpfs/aquamini2/nicolasl/lammps_workdir/restart.rst.90,7574364,7595011
1709508570759,READ,/gpfs/aquamini2/nicolasl/lammps_workdir/restart.rst.90,7595012,7615251
1709508570760,READ,/gpfs/aquamini2/nicolasl/lammps_workdir/restart.rst.90,7615252,7645763
1709508570761,READ,/gpfs/aquamini2/nicolasl/lammps_workdir/restart.rst.90,7645764,7668707
1709508570762,READ,/gpfs/aquamini2/nicolasl/lammps_workdir/restart.rst.90,7668708,7690635
1709508570763,READ,/gpfs/aquamini2/nicolasl/lammps_workdir/restart.rst.90,7690636,7709811
1709508570764,READ,/gpfs/aquamini2/nicolasl/lammps_workdir/restart.rst.90,7709812,7731867
1709508570765,READ,/gpfs/aquamini2/nicolasl/lammps_workdir/restart.rst.90,7731868,7763707
1709508570766,READ,/gpfs/aquamini2/nicolasl/lammps_workdir/restart.rst.90,7763708,7784227
1709508570767,READ,/gpfs/aquamini2/nicolasl/lammps_workdir/restart.rst.90,7784228,7806827
1709508570768,READ,/gpfs/aquamini2/nicolasl/lammps_workdir/restart.rst.90,7806828,7839227
1709508570769,READ,/gpfs/aquamini2/nicolasl/lammps_workdir/restart.rst.90,7839228,7861299
1709508570770,READ,/gpfs/aquamini2/nicolasl/lammps_workdir/restart.rst.90,7861300,7893955
1709508570771,READ,/gpfs/aquamini2/nicolasl/lammps_workdir/restart.rst.90,7893956,7914539
1709508570772,READ,/gpfs/aquamini2/nicolasl/lammps_workdir/restart.rst.90,7914540,7935867
1709508570773,READ,/gpfs/aquamini2/nicolasl/lammps_workdir/restart.rst.90,7935868,7957115
1709508570774,READ,/gpfs/aquamini2/nicolasl/lammps_workdir/restart.rst.90,7957116,7987147
1709508570775,READ,/gpfs/aquamini2/nicolasl/lammps_workdir/restart.rst.90,7987148,8008267
1709508570776,READ,/gpfs/aquamini2/nicolasl/lammps_workdir/restart.rst.90,8008268,8028515
1709508570777,READ,/gpfs/aquamini2/nicolasl/lammps_workdir/restart.rst.90,8028516,8049571
1709508570778,READ,/gpfs/aquamini2/nicolasl/lammps_workdir/restart.rst.90,8049572,8082307
1709508570779,READ,/gpfs/aquamini2/nicolasl/lammps_workdir/restart.rst.90,8082308,8102955
1709508570780,READ,/gpfs/aquamini2/nicolasl/lammps_workdir/restart.rst.90,8102956,8123659
1709508570781,READ,/gpfs/aquamini2/nicolasl/lammps_workdir/restart.rst.90,8123660,8155379
1709508570782,READ,/gpfs/aquamini2/nicolasl/lammps_workdir/restart.rst.90,8155380,8176971
1709508570783,READ,/gpfs/aquamini2/nicolasl/lammps_workdir/restart.rst.90,8176972,8197955
1709508570784,READ,/gpfs/aquamini2/nicolasl/lammps_workdir/restart.rst.90,8197956,8228251
1709508570785,READ,/gpfs/aquamini2/nicolasl/lammps_workdir/restart.rst.90,8228252,8249915
1709508570786,READ,/gpfs/aquamini2/nicolasl/lammps_workdir/restart.rst.90,8249916,8281763
1709508570787,READ,/gpfs/aquamini2/nicolasl/lammps_workdir/restart.rst.90,8281764,8304099
1709508570788,READ,/gpfs/aquamini2/nicolasl/lammps_workdir/restart.rst.90,8304100,8326907
1709508570789,READ,/gpfs/aquamini2/nicolasl/lammps_workdir/restart.rst.90,8326908,8361915
1709508570790,READ,/gpfs/aquamini2/nicolasl/lammps_workdir/restart.rst.90,8361916,8383371
1709508570791,READ,/gpfs/aquamini2/nicolasl/lammps_workdir/restart.rst.90,8383372,8405235
1709508570792,READ,/gpfs/aquamini2/nicolasl/lammps_workdir/restart.rst.90,8405236,8439499
1709508570793,READ,/gpfs/aquamini2/nicolasl/lammps_workdir/restart.rst.90,8439500,8460883
1709508570794,READ,/gpfs/aquamini2/nicolasl/lammps_workdir/restart.rst.90,8460884,8481875
1709508570795,READ,/gpfs/aquamini2/nicolasl/lammps_workdir/restart.rst.90,8481876,8502931
1709508570796,READ,/gpfs/aquamini2/nicolasl/lammps_workdir/restart.rst.90,8502932,8533091
1709508570797,READ,/gpfs/aquamini2/nicolasl/lammps_workdir/restart.rst.90,8533092,8553131
1709508570798,READ,/gpfs/aquamini2/nicolasl/lammps_workdir/restart.rst.90,8553132,8573723
1709508570799,READ,/gpfs/aquamini2/nicolasl/lammps_workdir/restart.rst.90,8573724,8605091
1709508570800,READ,/gpfs/aquamini2/nicolasl/lammps_workdir/restart.rst.90,8605092,8627835
1709508570801,READ,/gpfs/aquamini2/nicolasl/lammps_workdir/restart.rst.90,8627836,8647475
1709508570802,READ,/gpfs/aquamini2/nicolasl/lammps_workdir/restart.rst.90,8647476,8670555
1709508570803,READ,/gpfs/aquamini2/nicolasl/lammps_workdir/restart.rst.90,8670556,8701395
1709508570804,READ,/gpfs/aquamini2/nicolasl/lammps_workdir/restart.rst.90,8701396,8722787
1709508570805,READ,/gpfs/aquamini2/nicolasl/lammps_workdir/restart.rst.90,8722788,8745723
1709508570806,READ,/gpfs/aquamini2/nicolasl/lammps_workdir/restart.rst.90,8745724,8769275
1709508570807,READ,/gpfs/aquamini2/nicolasl/lammps_workdir/restart.rst.90,8769276,8789859
1709508570808,READ,/gpfs/aquamini2/nicolasl/lammps_workdir/restart.rst.90,8789860,8822723
1709508570809,READ,/gpfs/aquamini2/nicolasl/lammps_workdir/restart.rst.90,8822724,8845523
1709508570810,READ,/gpfs/aquamini2/nicolasl/lammps_workdir/restart.rst.90,8845524,8867515
1709508570811,READ,/gpfs/aquamini2/nicolasl/lammps_workdir/restart.rst.90,8867516,8900035
1709508570812,READ,/gpfs/aquamini2/nicolasl/lammps_workdir/restart.rst.90,8900036,8921035
1709508570813,READ,/gpfs/aquamini2/nicolasl/lammps_workdir/restart.rst.90,8921036,8953219
1709508570814,READ,/gpfs/aquamini2/nicolasl/lammps_workdir/restart.rst.90,8953220,8975763
1709508570815,READ,/gpfs/aquamini2/nicolasl/lammps_workdir/restart.rst.90,8975764,9006123
1709508570816,READ,/gpfs/aquamini2/nicolasl/lammps_workdir/restart.rst.90,9006124,9038179
1709508570817,READ,/gpfs/aquamini2/nicolasl/lammps_workdir/restart.rst.90,9038180,9059755
1709508570818,READ,/gpfs/aquamini2/nicolasl/lammps_workdir/restart.rst.90,9059756,9082563
1709508570819,READ,/gpfs/aquamini2/nicolasl/lammps_workdir/restart.rst.90,9082564,9102339
1709508570820,READ,/gpfs/aquamini2/nicolasl/lammps_workdir/restart.rst.90,9102340,9127163
1709508570821,READ,/gpfs/aquamini2/nicolasl/lammps_workdir/restart.rst.90,9127164,9159219
1709508570822,READ,/gpfs/aquamini2/nicolasl/lammps_workdir/restart.rst.90,9159220,9178451
1709508570823,READ,/gpfs/aquamini2/nicolasl/lammps_workdir/restart.rst.90,9178452,9210435
1709508570824,READ,/gpfs/aquamini2/nicolasl/lammps_workdir/restart.rst.90,9210436,9231083
1709508570825,READ,/gpfs/aquamini2/nicolasl/lammps_workdir/restart.rst.90,9231084,9252875
1709508570826,READ,/gpfs/aquamini2/nicolasl/lammps_workdir/restart.rst.90,9252876,9275011
1709508570827,READ,/gpfs/aquamini2/nicolasl/lammps_workdir/restart.rst.90,9275012,9308203
1709508570828,READ,/gpfs/aquamini2/nicolasl/lammps_workdir/restart.rst.90,9308204,9328587
1709508570829,READ,/gpfs/aquamini2/nicolasl/lammps_workdir/restart.rst.90,9328588,9348971
1709508570830,READ,/gpfs/aquamini2/nicolasl/lammps_workdir/restart.rst.90,9348972,9370027
1709508570831,READ,/gpfs/aquamini2/nicolasl/lammps_workdir/restart.rst.90,9370028,9403363
1709508570832,READ,/gpfs/aquamini2/nicolasl/lammps_workdir/restart.rst.90,9403364,9425363
1709508570833,READ,/gpfs/aquamini2/nicolasl/lammps_workdir/restart.rst.90,9425364,9446139
1709508570834,READ,/gpfs/aquamini2/nicolasl/lammps_workdir/restart.rst.90,9446140,9478883
1709508570835,READ,/gpfs/aquamini2/nicolasl/lammps_workdir/restart.rst.90,9478884,9498123
1709508570836,READ,/gpfs/aquamini2/nicolasl/lammps_workdir/restart.rst.90,9498124,9518979
1709508570837,READ,/gpfs/aquamini2/nicolasl/lammps_workdir/restart.rst.90,9518980,9540979
1709508570838,READ,/gpfs/aquamini2/nicolasl/lammps_workdir/restart.rst.90,9540980,9572147
1709508570839,READ,/gpfs/aquamini2/nicolasl/lammps_workdir/restart.rst.90,9572148,9593275
1709508570840,READ,/gpfs/aquamini2/nicolasl/lammps_workdir/restart.rst.90,9593276,9627899
1709508570841,READ,/gpfs/aquamini2/nicolasl/lammps_workdir/restart.rst.90,9627900,9647747
1709508570842,READ,/gpfs/aquamini2/nicolasl/lammps_workdir/restart.rst.90,9647748,9669611
1709508570843,READ,/gpfs/aquamini2/nicolasl/lammps_workdir/restart.rst.90,9669612,9701523
1709508570844,READ,/gpfs/aquamini2/nicolasl/lammps_workdir/restart.rst.90,9701524,9723715
1709508570845,READ,/gpfs/aquamini2/nicolasl/lammps_workdir/restart.rst.90,9723716,9756571
1709508570846,READ,/gpfs/aquamini2/nicolasl/lammps_workdir/restart.rst.90,9756572,9777155
1709508570847,READ,/gpfs/aquamini2/nicolasl/lammps_workdir/restart.rst.90,9777156,9798347
1709508570848,READ,/gpfs/aquamini2/nicolasl/lammps_workdir/restart.rst.90,9798348,9830411
1709508570849,READ,/gpfs/aquamini2/nicolasl/lammps_workdir/restart.rst.90,9830412,9850995
1709508570850,READ,/gpfs/aquamini2/nicolasl/lammps_workdir/restart.rst.90,9850996,9869883
1709508570851,READ,/gpfs/aquamini2/nicolasl/lammps_workdir/restart.rst.90,9869884,9890259
1709508570852,READ,/gpfs/aquamini2/nicolasl/lammps_workdir/restart.rst.90,9890260,9912859
1709508570853,READ,/gpfs/aquamini2/nicolasl/lammps_workdir/restart.rst.90,9912860,9945923
1709508570854,READ,/gpfs/aquamini2/nicolasl/lammps_workdir/restart.rst.90,9945924,9967867
1709508570855,READ,/gpfs/aquamini2/nicolasl/lammps_workdir/restart.rst.90,9967868,9990075
1709508570856,READ,/gpfs/aquamini2/nicolasl/lammps_workdir/restart.rst.90,9990076,10013011
1709508570857,READ,/gpfs/aquamini2/nicolasl/lammps_workdir/restart.rst.90,10013012,10042171
1709508570858,READ,/gpfs/aquamini2/nicolasl/lammps_workdir/restart.rst.90,10042172,10063563
1709508570859,READ,/gpfs/aquamini2/nicolasl/lammps_workdir/restart.rst.90,10063564,10085363
1709508570860,READ,/gpfs/aquamini2/nicolasl/lammps_workdir/restart.rst.90,10085364,10116139
1709508570861,READ,/gpfs/aquamini2/nicolasl/lammps_workdir/restart.rst.90,10116140,10148395
1709508570862,READ,/gpfs/aquamini2/nicolasl/lammps_workdir/restart.rst.90,10148396,10170587
1709508570863,READ,/gpfs/aquamini2/nicolasl/lammps_workdir/restart.rst.90,10170588,10190027
1709508570864,READ,/gpfs/aquamini2/nicolasl/lammps_workdir/restart.rst.90,10190028,10220939
1709508570865,READ,/gpfs/aquamini2/nicolasl/lammps_workdir/restart.rst.90,10220940,10242595
1709508570866,READ,/gpfs/aquamini2/nicolasl/lammps_workdir/restart.rst.90,10242596,10253739
1709508574928,READ,/gpfs/aquamini2/nicolasl/lammps_workdir/restart.rst.100,0,50251
1709508574929,READ,/gpfs/aquamini2/nicolasl/lammps_workdir/restart.rst.100,50252,124875
1709508574930,READ,/gpfs/aquamini2/nicolasl/lammps_workdir/restart.rst.100,124876,146403
1709508574931,READ,/gpfs/aquamini2/nicolasl/lammps_workdir/restart.rst.100,146404,208691
1709508574932,READ,/gpfs/aquamini2/nicolasl/lammps_workdir/restart.rst.100,208692,272115
1709508574933,READ,/gpfs/aquamini2/nicolasl/lammps_workdir/restart.rst.100,272116,346755
1709508574934,READ,/gpfs/aquamini2/nicolasl/lammps_workdir/restart.rst.100,346756,398843
1709508574935,READ,/gpfs/aquamini2/nicolasl/lammps_workdir/restart.rst.100,398844,464979
1709508574936,READ,/gpfs/aquamini2/nicolasl/lammps_workdir/restart.rst.100,464980,529619
1709508574937,READ,/gpfs/aquamini2/nicolasl/lammps_workdir/restart.rst.100,529620,583995
1709508574938,READ,/gpfs/aquamini2/nicolasl/lammps_workdir/restart.rst.100,583996,646611
1709508574939,READ,/gpfs/aquamini2/nicolasl/lammps_workdir/restart.rst.100,646612,697643
1709508574940,READ,/gpfs/aquamini2/nicolasl/lammps_workdir/restart.rst.100,697644,720979
1709508574941,READ,/gpfs/aquamini2/nicolasl/lammps_workdir/restart.rst.100,720980,751611
1709508574942,READ,/gpfs/aquamini2/nicolasl/lammps_workdir/restart.rst.100,751612,774003
1709508574943,READ,/gpfs/aquamini2/nicolasl/lammps_workdir/restart.rst.100,774004,793635
1709508574944,READ,/gpfs/aquamini2/nicolasl/lammps_workdir/restart.rst.100,793636,825555
1709508574945,READ,/gpfs/aquamini2/nicolasl/lammps_workdir/restart.rst.100,825556,848355
1709508574946,READ,/gpfs/aquamini2/nicolasl/lammps_workdir/restart.rst.100,848356,869683
1709508574947,READ,/gpfs/aquamini2/nicolasl/lammps_workdir/restart.rst.100,869684,900859
1709508574948,READ,/gpfs/aquamini2/nicolasl/lammps_workdir/restart.rst.100,900860,924883
1709508574949,READ,/gpfs/aquamini2/nicolasl/lammps_workdir/restart.rst.100,924884,944659
1709508574950,READ,/gpfs/aquamini2/nicolasl/lammps_workdir/restart.rst.100,944660,967067
1709508574951,READ,/gpfs/aquamini2/nicolasl/lammps_workdir/restart.rst.100,967068,988803
1709508574952,READ,/gpfs/aquamini2/nicolasl/lammps_workdir/restart.rst.100,988804,1022339
1709508574953,READ,/gpfs/aquamini2/nicolasl/lammps_workdir/restart.rst.100,1022340,1041763
1709508574954,READ,/gpfs/aquamini2/nicolasl/lammps_workdir/restart.rst.100,1041764,1062883
1709508574955,READ,/gpfs/aquamini2/nicolasl/lammps_workdir/restart.rst.100,1062884,1087499
1709508574956,READ,/gpfs/aquamini2/nicolasl/lammps_workdir/restart.rst.100,1087500,1117803
1709508574957,READ,/gpfs/aquamini2/nicolasl/lammps_workdir/restart.rst.100,1117804,1138323
1709508574958,READ,/gpfs/aquamini2/nicolasl/lammps_workdir/restart.rst.100,1138324,1173139
1709508574959,READ,/gpfs/aquamini2/nicolasl/lammps_workdir/restart.rst.100,1173140,1194539
1709508574960,READ,/gpfs/aquamini2/nicolasl/lammps_workdir/restart.rst.100,1194540,1216075
1709508574961,READ,/gpfs/aquamini2/nicolasl/lammps_workdir/restart.rst.100,1216076,1235851
1709508574962,READ,/gpfs/aquamini2/nicolasl/lammps_workdir/restart.rst.100,1235852,1258651
1709508574963,READ,/gpfs/aquamini2/nicolasl/lammps_workdir/restart.rst.100,1258652,1290155
1709508574964,READ,/gpfs/aquamini2/nicolasl/lammps_workdir/restart.rst.100,1290156,1309523
1709508574965,READ,/gpfs/aquamini2/nicolasl/lammps_workdir/restart.rst.100,1309524,1328427
1709508574966,READ,/gpfs/aquamini2/nicolasl/lammps_workdir/restart.rst.100,1328428,1350827
1709508574967,READ,/gpfs/aquamini2/nicolasl/lammps_workdir/restart.rst.100,1350828,1372155
1709508574968,READ,/gpfs/aquamini2/nicolasl/lammps_workdir/restart.rst.100,1372156,1406027
1709508574969,READ,/gpfs/aquamini2/nicolasl/lammps_workdir/restart.rst.100,1406028,1429099
1709508574970,READ,/gpfs/aquamini2/nicolasl/lammps_workdir/restart.rst.100,1429100,1438547
1709508574971,READ,/gpfs/aquamini2/nicolasl/lammps_workdir/restart.rst.100,1438548,1470123
1709508574972,READ,/gpfs/aquamini2/nicolasl/lammps_workdir/restart.rst.100,1470124,1489891
1709508574973,READ,/gpfs/aquamini2/nicolasl/lammps_workdir/restart.rst.100,1489892,1511555
1709508574974,READ,/gpfs/aquamini2/nicolasl/lammps_workdir/restart.rst.100,1511556,1543211
1709508574975,READ,/gpfs/aquamini2/nicolasl/lammps_workdir/restart.rst.100,1543212,1563923
1709508574976,READ,/gpfs/aquamini2/nicolasl/lammps_workdir/restart.rst.100,1563924,1594763
1709508574977,READ,/gpfs/aquamini2/nicolasl/lammps_workdir/restart.rst.100,1594764,1616963
1709508574978,READ,/gpfs/aquamini2/nicolasl/lammps_workdir/restart.rst.100,1616964,1647515
1709508574979,READ,/gpfs/aquamini2/nicolasl/lammps_workdir/restart.rst.100,1647516,1669571
1709508574980,READ,/gpfs/aquamini2/nicolasl/lammps_workdir/restart.rst.100,1669572,1690355
1709508574981,READ,/gpfs/aquamini2/nicolasl/lammps_workdir/restart.rst.100,1690356,1712555
1709508574982,READ,/gpfs/aquamini2/nicolasl/lammps_workdir/restart.rst.100,1712556,1743139
1709508574983,READ,/gpfs/aquamini2/nicolasl/lammps_workdir/restart.rst.100,1743140,1767027
1709508574984,READ,/gpfs/aquamini2/nicolasl/lammps_workdir/restart.rst.100,1767028,1786187
1709508574985,READ,/gpfs/aquamini2/nicolasl/lammps_workdir/restart.rst.100,1786188,1818307
1709508574986,READ,/gpfs/aquamini2/nicolasl/lammps_workdir/restart.rst.100,1818308,1830379
1709508574987,READ,/gpfs/aquamini2/nicolasl/lammps_workdir/restart.rst.100,1830380,1864179
1709508574988,READ,/gpfs/aquamini2/nicolasl/lammps_workdir/restart.rst.100,1864180,1898323
1709508574989,READ,/gpfs/aquamini2/nicolasl/lammps_workdir/restart.rst.100,1898324,1920251
1709508574990,READ,/gpfs/aquamini2/nicolasl/lammps_workdir/restart.rst.100,1920252,1951779
1709508574991,READ,/gpfs/aquamini2/nicolasl/lammps_workdir/restart.rst.100,1951780,1973107
1709508574992,READ,/gpfs/aquamini2/nicolasl/lammps_workdir/restart.rst.100,1973108,1995235
1709508574993,READ,/gpfs/aquamini2/nicolasl/lammps_workdir/restart.rst.100,1995236,2027883
1709508574994,READ,/gpfs/aquamini2/nicolasl/lammps_workdir/restart.rst.100,2027884,2051355
1709508574995,READ,/gpfs/aquamini2/nicolasl/lammps_workdir/restart.rst.100,2051356,2083259
1709508574996,READ,/gpfs/aquamini2/nicolasl/lammps_workdir/restart.rst.100,2083260,2105123
1709508574997,READ,/gpfs/aquamini2/nicolasl/lammps_workdir/restart.rst.100,2105124,2138587
1709508574998,READ,/gpfs/aquamini2/nicolasl/lammps_workdir/restart.rst.100,2138588,2159443
1709508574999,READ,/gpfs/aquamini2/nicolasl/lammps_workdir/restart.rst.100,2159444,2181107
1709508575000,READ,/gpfs/aquamini2/nicolasl/lammps_workdir/restart.rst.100,2181108,2203099
1709508575001,READ,/gpfs/aquamini2/nicolasl/lammps_workdir/restart.rst.100,2203100,2225299
1709508575002,READ,/gpfs/aquamini2/nicolasl/lammps_workdir/restart.rst.100,2225300,2256483
1709508575003,READ,/gpfs/aquamini2/nicolasl/lammps_workdir/restart.rst.100,2256484,2277667
1709508575004,READ,/gpfs/aquamini2/nicolasl/lammps_workdir/restart.rst.100,2277668,2309715
1709508575005,READ,/gpfs/aquamini2/nicolasl/lammps_workdir/restart.rst.100,2309716,2331371
1709508575006,READ,/gpfs/aquamini2/nicolasl/lammps_workdir/restart.rst.100,2331372,2351075
1709508575007,READ,/gpfs/aquamini2/nicolasl/lammps_workdir/restart.rst.100,2351076,2383803
1709508575008,READ,/gpfs/aquamini2/nicolasl/lammps_workdir/restart.rst.100,2383804,2404187
1709508575009,READ,/gpfs/aquamini2/nicolasl/lammps_workdir/restart.rst.100,2404188,2437451
1709508575010,READ,/gpfs/aquamini2/nicolasl/lammps_workdir/restart.rst.100,2437452,2458435
1709508575011,READ,/gpfs/aquamini2/nicolasl/lammps_workdir/restart.rst.100,2458436,2480979
1709508575012,READ,/gpfs/aquamini2/nicolasl/lammps_workdir/restart.rst.100,2480980,2502171
1709508575013,READ,/gpfs/aquamini2/nicolasl/lammps_workdir/restart.rst.100,2502172,2534491
1709508575014,READ,/gpfs/aquamini2/nicolasl/lammps_workdir/restart.rst.100,2534492,2558979
1709508575015,READ,/gpfs/aquamini2/nicolasl/lammps_workdir/restart.rst.100,2558980,2581587
1709508575016,READ,/gpfs/aquamini2/nicolasl/lammps_workdir/restart.rst.100,2581588,2602979
1709508575017,READ,/gpfs/aquamini2/nicolasl/lammps_workdir/restart.rst.100,2602980,2634155
1709508575018,READ,/gpfs/aquamini2/nicolasl/lammps_workdir/restart.rst.100,2634156,2655611
1709508575019,READ,/gpfs/aquamini2/nicolasl/lammps_workdir/restart.rst.100,2655612,2678627
1709508575020,READ,/gpfs/aquamini2/nicolasl/lammps_workdir/restart.rst.100,2678628,2710955
1709508575021,READ,/gpfs/aquamini2/nicolasl/lammps_workdir/restart.rst.100,2710956,2730323
1709508575022,READ,/gpfs/aquamini2/nicolasl/lammps_workdir/restart.rst.100,2730324,2752315
1709508575023,READ,/gpfs/aquamini2/nicolasl/lammps_workdir/restart.rst.100,2752316,2783363
1709508575024,READ,/gpfs/aquamini2/nicolasl/lammps_workdir/restart.rst.100,2783364,2805699
1709508575025,READ,/gpfs/aquamini2/nicolasl/lammps_workdir/restart.rst.100,2805700,2827491
1709508575026,READ,/gpfs/aquamini2/nicolasl/lammps_workdir/restart.rst.100,2827492,2862675
1709508575027,READ,/gpfs/aquamini2/nicolasl/lammps_workdir/restart.rst.100,2862676,2883387
1709508575028,READ,/gpfs/aquamini2/nicolasl/lammps_workdir/restart.rst.100,2883388,2914787
1709508575029,READ,/gpfs/aquamini2/nicolasl/lammps_workdir/restart.rst.100,2914788,2947571
1709508575030,READ,/gpfs/aquamini2/nicolasl/lammps_workdir/restart.rst.100,2947572,2969827
1709508575031,READ,/gpfs/aquamini2/nicolasl/lammps_workdir/restart.rst.100,2969828,2991171
1709508575032,READ,/gpfs/aquamini2/nicolasl/lammps_workdir/restart.rst.100,2991172,3025587
1709508575033,READ,/gpfs/aquamini2/nicolasl/lammps_workdir/restart.rst.100,3025588,3060371
1709508575034,READ,/gpfs/aquamini2/nicolasl/lammps_workdir/restart.rst.100,3060372,3082491
1709508575035,READ,/gpfs/aquamini2/nicolasl/lammps_workdir/restart.rst.100,3082492,3117539
1709508575036,READ,/gpfs/aquamini2/nicolasl/lammps_workdir/restart.rst.100,3117540,3142763
1709508575037,READ,/gpfs/aquamini2/nicolasl/lammps_workdir/restart.rst.100,3142764,3171499
1709508575038,READ,/gpfs/aquamini2/nicolasl/lammps_workdir/restart.rst.100,3171500,3199827
1709508575039,READ,/gpfs/aquamini2/nicolasl/lammps_workdir/restart.rst.100,3199828,3236827
1709508575040,READ,/gpfs/aquamini2/nicolasl/lammps_workdir/restart.rst.100,3236828,3261699
1709508575041,READ,/gpfs/aquamini2/nicolasl/lammps_workdir/restart.rst.100,3261700,3282059
1709508575042,READ,/gpfs/aquamini2/nicolasl/lammps_workdir/restart.rst.100,3282060,3304059
1709508575043,READ,/gpfs/aquamini2/nicolasl/lammps_workdir/restart.rst.100,3304060,3335971
1709508575044,READ,/gpfs/aquamini2/nicolasl/lammps_workdir/restart.rst.100,3335972,3349211
1709508575045,READ,/gpfs/aquamini2/nicolasl/lammps_workdir/restart.rst.100,3349212,3392219
1709508575046,READ,/gpfs/aquamini2/nicolasl/lammps_workdir/restart.rst.100,3392220,3424203
1709508575047,READ,/gpfs/aquamini2/nicolasl/lammps_workdir/restart.rst.100,3424204,3444787
1709508575048,READ,/gpfs/aquamini2/nicolasl/lammps_workdir/restart.rst.100,3444788,3472251
1709508575049,READ,/gpfs/aquamini2/nicolasl/lammps_workdir/restart.rst.100,3472252,3481955
1709508575050,READ,/gpfs/aquamini2/nicolasl/lammps_workdir/restart.rst.100,3481956,3515691
1709508575051,READ,/gpfs/aquamini2/nicolasl/lammps_workdir/restart.rst.100,3515692,3536531
1709508575052,READ,/gpfs/aquamini2/nicolasl/lammps_workdir/restart.rst.100,3536532,3568451
1709508575053,READ,/gpfs/aquamini2/nicolasl/lammps_workdir/restart.rst.100,3568452,3590043
1709508575054,READ,/gpfs/aquamini2/nicolasl/lammps_workdir/restart.rst.100,3590044,3611571
1709508575055,READ,/gpfs/aquamini2/nicolasl/lammps_workdir/restart.rst.100,3611572,3634851
1709508575056,READ,/gpfs/aquamini2/nicolasl/lammps_workdir/restart.rst.100,3634852,3666843
1709508575057,READ,/gpfs/aquamini2/nicolasl/lammps_workdir/restart.rst.100,3666844,3688235
1709508575058,READ,/gpfs/aquamini2/nicolasl/lammps_workdir/restart.rst.100,3688236,3708875
1709508575059,READ,/gpfs/aquamini2/nicolasl/lammps_workdir/restart.rst.100,3708876,3730939
1709508575060,READ,/gpfs/aquamini2/nicolasl/lammps_workdir/restart.rst.100,3730940,3752267
1709508575061,READ,/gpfs/aquamini2/nicolasl/lammps_workdir/restart.rst.100,3752268,3773523
1709508575062,READ,/gpfs/aquamini2/nicolasl/lammps_workdir/restart.rst.100,3773524,3795187
1709508575063,READ,/gpfs/aquamini2/nicolasl/lammps_workdir/restart.rst.100,3795188,3825291
1709508575064,READ,/gpfs/aquamini2/nicolasl/lammps_workdir/restart.rst.100,3825292,3846627
1709508575065,READ,/gpfs/aquamini2/nicolasl/lammps_workdir/restart.rst.100,3846628,3869227
1709508575066,READ,/gpfs/aquamini2/nicolasl/lammps_workdir/restart.rst.100,3869228,3900475
1709508575067,READ,/gpfs/aquamini2/nicolasl/lammps_workdir/restart.rst.100,3900476,3922667
1709508575068,READ,/gpfs/aquamini2/nicolasl/lammps_workdir/restart.rst.100,3922668,3944251
1709508575069,READ,/gpfs/aquamini2/nicolasl/lammps_workdir/restart.rst.100,3944252,3977515
1709508575070,READ,/gpfs/aquamini2/nicolasl/lammps_workdir/restart.rst.100,3977516,3998227
1709508575071,READ,/gpfs/aquamini2/nicolasl/lammps_workdir/restart.rst.100,3998228,4018067
1709508575072,READ,/gpfs/aquamini2/nicolasl/lammps_workdir/restart.rst.100,4018068,4049459
1709508575073,READ,/gpfs/aquamini2/nicolasl/lammps_workdir/restart.rst.100,4049460,4069835
1709508575074,READ,/gpfs/aquamini2/nicolasl/lammps_workdir/restart.rst.100,4069836,4090083
1709508575075,READ,/gpfs/aquamini2/nicolasl/lammps_workdir/restart.rst.100,4090084,4124667
1709508575076,READ,/gpfs/aquamini2/nicolasl/lammps_workdir/restart.rst.100,4124668,4143091
1709508575077,READ,/gpfs/aquamini2/nicolasl/lammps_workdir/restart.rst.100,4143092,4176259
1709508575131,READ,/gpfs/aquamini2/nicolasl/lammps_workdir/restart.rst.100,4176260,4214747
1709508575132,READ,/gpfs/aquamini2/nicolasl/lammps_workdir/restart.rst.100,4214748,4249427
1709508575133,READ,/gpfs/aquamini2/nicolasl/lammps_workdir/restart.rst.100,4249428,4272307
1709508575134,READ,/gpfs/aquamini2/nicolasl/lammps_workdir/restart.rst.100,4272308,4318323
1709508575135,READ,/gpfs/aquamini2/nicolasl/lammps_workdir/restart.rst.100,4318324,4339075
1709508575136,READ,/gpfs/aquamini2/nicolasl/lammps_workdir/restart.rst.100,4339076,4360531
1709508575137,READ,/gpfs/aquamini2/nicolasl/lammps_workdir/restart.rst.100,4360532,4391859
1709508575138,READ,/gpfs/aquamini2/nicolasl/lammps_workdir/restart.rst.100,4391860,4437155
1709508575139,READ,/gpfs/aquamini2/nicolasl/lammps_workdir/restart.rst.100,4437156,4457107
1709508575140,READ,/gpfs/aquamini2/nicolasl/lammps_workdir/restart.rst.100,4457108,4486051
1709508575141,READ,/gpfs/aquamini2/nicolasl/lammps_workdir/restart.rst.100,4486052,4523251
1709508575142,READ,/gpfs/aquamini2/nicolasl/lammps_workdir/restart.rst.100,4523252,4545595
1709508575143,READ,/gpfs/aquamini2/nicolasl/lammps_workdir/restart.rst.100,4545596,4585123
1709508575144,READ,/gpfs/aquamini2/nicolasl/lammps_workdir/restart.rst.100,4585124,4626347
1709508575145,READ,/gpfs/aquamini2/nicolasl/lammps_workdir/restart.rst.100,4626348,4647259
1709508575146,READ,/gpfs/aquamini2/nicolasl/lammps_workdir/restart.rst.100,4647260,4666195
1709508575147,READ,/gpfs/aquamini2/nicolasl/lammps_workdir/restart.rst.100,4666196,4715827
1709508575148,READ,/gpfs/aquamini2/nicolasl/lammps_workdir/restart.rst.100,4715828,4740915
1709508575149,READ,/gpfs/aquamini2/nicolasl/lammps_workdir/restart.rst.100,4740916,4763395
1709508575150,READ,/gpfs/aquamini2/nicolasl/lammps_workdir/restart.rst.100,4763396,4795499
1709508575151,READ,/gpfs/aquamini2/nicolasl/lammps_workdir/restart.rst.100,4795500,4818739
1709508575152,READ,/gpfs/aquamini2/nicolasl/lammps_workdir/restart.rst.100,4818740,4867075
1709508575153,READ,/gpfs/aquamini2/nicolasl/lammps_workdir/restart.rst.100,4867076,4888795
1709508575154,READ,/gpfs/aquamini2/nicolasl/lammps_workdir/restart.rst.100,4888796,4917459
1709508575155,READ,/gpfs/aquamini2/nicolasl/lammps_workdir/restart.rst.100,4917460,4948147
1709508575156,READ,/gpfs/aquamini2/nicolasl/lammps_workdir/restart.rst.100,4948148,4968595
1709508575157,READ,/gpfs/aquamini2/nicolasl/lammps_workdir/restart.rst.100,4968596,5002059
1709508575158,READ,/gpfs/aquamini2/nicolasl/lammps_workdir/restart.rst.100,5002060,5023307
1709508575159,READ,/gpfs/aquamini2/nicolasl/lammps_workdir/restart.rst.100,5023308,5045363
1709508575160,READ,/gpfs/aquamini2/nicolasl/lammps_workdir/restart.rst.100,5045364,5078371
1709508575161,READ,/gpfs/aquamini2/nicolasl/lammps_workdir/restart.rst.100,5078372,5099291
1709508575162,READ,/gpfs/aquamini2/nicolasl/lammps_workdir/restart.rst.100,5099292,5121491
1709508575163,READ,/gpfs/aquamini2/nicolasl/lammps_workdir/restart.rst.100,5121492,5151387
1709508575164,READ,/gpfs/aquamini2/nicolasl/lammps_workdir/restart.rst.100,5151388,5171771
1709508575165,READ,/gpfs/aquamini2/nicolasl/lammps_workdir/restart.rst.100,5171772,5191411
1709508575166,READ,/gpfs/aquamini2/nicolasl/lammps_workdir/restart.rst.100,5191412,5222235
1709508575167,READ,/gpfs/aquamini2/nicolasl/lammps_workdir/restart.rst.100,5222236,5244771
1709508575168,READ,/gpfs/aquamini2/nicolasl/lammps_workdir/restart.rst.100,5244772,5274387
1709508575169,READ,/gpfs/aquamini2/nicolasl/lammps_workdir/restart.rst.100,5274388,5294763
1709508575170,READ,/gpfs/aquamini2/nicolasl/lammps_workdir/restart.rst.100,5294764,5317499
1709508575171,READ,/gpfs/aquamini2/nicolasl/lammps_workdir/restart.rst.100,5317500,5349971
1709508575172,READ,/gpfs/aquamini2/nicolasl/lammps_workdir/restart.rst.100,5349972,5372171
1709508575173,READ,/gpfs/aquamini2/nicolasl/lammps_workdir/restart.rst.100,5372172,5392883
1709508575174,READ,/gpfs/aquamini2/nicolasl/lammps_workdir/restart.rst.100,5392884,5422171
1709508575175,READ,/gpfs/aquamini2/nicolasl/lammps_workdir/restart.rst.100,5422172,5444579
1709508575176,READ,/gpfs/aquamini2/nicolasl/lammps_workdir/restart.rst.100,5444580,5477099
1709508575177,READ,/gpfs/aquamini2/nicolasl/lammps_workdir/restart.rst.100,5477100,5499771
1709508575178,READ,/gpfs/aquamini2/nicolasl/lammps_workdir/restart.rst.100,5499772,5522571
1709508575179,READ,/gpfs/aquamini2/nicolasl/lammps_workdir/restart.rst.100,5522572,5544563
1709508575180,READ,/gpfs/aquamini2/nicolasl/lammps_workdir/restart.rst.100,5544564,5564691
1709508575181,READ,/gpfs/aquamini2/nicolasl/lammps_workdir/restart.rst.100,5564692,5598331
1709508575182,READ,/gpfs/aquamini2/nicolasl/lammps_workdir/restart.rst.100,5598332,5620467
1709508575183,READ,/gpfs/aquamini2/nicolasl/lammps_workdir/restart.rst.100,5620468,5644139
1709508575184,READ,/gpfs/aquamini2/nicolasl/lammps_workdir/restart.rst.100,5644140,5665291
1709508575185,READ,/gpfs/aquamini2/nicolasl/lammps_workdir/restart.rst.100,5665292,5700659
1709508575186,READ,/gpfs/aquamini2/nicolasl/lammps_workdir/restart.rst.100,5700660,5721523
1709508575187,READ,/gpfs/aquamini2/nicolasl/lammps_workdir/restart.rst.100,5721524,5755131
1709508575188,READ,/gpfs/aquamini2/nicolasl/lammps_workdir/restart.rst.100,5755132,5789795
1709508575189,READ,/gpfs/aquamini2/nicolasl/lammps_workdir/restart.rst.100,5789796,5809907
1709508575190,READ,/gpfs/aquamini2/nicolasl/lammps_workdir/restart.rst.100,5809908,5845715
1709508575191,READ,/gpfs/aquamini2/nicolasl/lammps_workdir/restart.rst.100,5845716,5864115
1709508575192,READ,/gpfs/aquamini2/nicolasl/lammps_workdir/restart.rst.100,5864116,5909723
1709508575193,READ,/gpfs/aquamini2/nicolasl/lammps_workdir/restart.rst.100,5909724,5927195
1709508575194,READ,/gpfs/aquamini2/nicolasl/lammps_workdir/restart.rst.100,5927196,5947779
1709508575195,READ,/gpfs/aquamini2/nicolasl/lammps_workdir/restart.rst.100,5947780,5961323
1709508575196,READ,/gpfs/aquamini2/nicolasl/lammps_workdir/restart.rst.100,5961324,6009355
1709508575197,READ,/gpfs/aquamini2/nicolasl/lammps_workdir/restart.rst.100,6009356,6032491
1709508575198,READ,/gpfs/aquamini2/nicolasl/lammps_workdir/restart.rst.100,6032492,6065275
1709508575199,READ,/gpfs/aquamini2/nicolasl/lammps_workdir/restart.rst.100,6065276,6086875
1709508575200,READ,/gpfs/aquamini2/nicolasl/lammps_workdir/restart.rst.100,6086876,6126715
1709508575201,READ,/gpfs/aquamini2/nicolasl/lammps_workdir/restart.rst.100,6126716,6148731
1709508575202,READ,/gpfs/aquamini2/nicolasl/lammps_workdir/restart.rst.100,6148732,6189003
1709508575203,READ,/gpfs/aquamini2/nicolasl/lammps_workdir/restart.rst.100,6189004,6211667
1709508575204,READ,/gpfs/aquamini2/nicolasl/lammps_workdir/restart.rst.100,6211668,6235515
1709508575205,READ,/gpfs/aquamini2/nicolasl/lammps_workdir/restart.rst.100,6235516,6276531
1709508575206,READ,/gpfs/aquamini2/nicolasl/lammps_workdir/restart.rst.100,6276532,6297859
1709508575207,READ,/gpfs/aquamini2/nicolasl/lammps_workdir/restart.rst.100,6297860,6318771
1709508575208,READ,/gpfs/aquamini2/nicolasl/lammps_workdir/restart.rst.100,6318772,6346347
1709508575209,READ,/gpfs/aquamini2/nicolasl/lammps_workdir/restart.rst.100,6346348,6367195
1709508575210,READ,/gpfs/aquamini2/nicolasl/lammps_workdir/restart.rst.100,6367196,6389267
1709508575211,READ,/gpfs/aquamini2/nicolasl/lammps_workdir/restart.rst.100,6389268,6423003
1709508575212,READ,/gpfs/aquamini2/nicolasl/lammps_workdir/restart.rst.100,6423004,6446075
1709508575213,READ,/gpfs/aquamini2/nicolasl/lammps_workdir/restart.rst.100,6446076,6477715
1709508575214,READ,/gpfs/aquamini2/nicolasl/lammps_workdir/restart.rst.100,6477716,6498027
1709508575215,READ,/gpfs/aquamini2/nicolasl/lammps_workdir/restart.rst.100,6498028,6528467
1709508575216,READ,/gpfs/aquamini2/nicolasl/lammps_workdir/restart.rst.100,6528468,6549795
1709508575217,READ,/gpfs/aquamini2/nicolasl/lammps_workdir/restart.rst.100,6549796,6572931
1709508575218,READ,/gpfs/aquamini2/nicolasl/lammps_workdir/restart.rst.100,6572932,6602699
1709508575219,READ,/gpfs/aquamini2/nicolasl/lammps_workdir/restart.rst.100,6602700,6624763
1709508575220,READ,/gpfs/aquamini2/nicolasl/lammps_workdir/restart.rst.100,6624764,6646627
1709508575221,READ,/gpfs/aquamini2/nicolasl/lammps_workdir/restart.rst.100,6646628,6668083
1709508575222,READ,/gpfs/aquamini2/nicolasl/lammps_workdir/restart.rst.100,6668084,6701683
1709508575223,READ,/gpfs/aquamini2/nicolasl/lammps_workdir/restart.rst.100,6701684,6723139
1709508575224,READ,/gpfs/aquamini2/nicolasl/lammps_workdir/restart.rst.100,6723140,6754851
1709508575225,READ,/gpfs/aquamini2/nicolasl/lammps_workdir/restart.rst.100,6754852,6774963
1709508575226,READ,/gpfs/aquamini2/nicolasl/lammps_workdir/restart.rst.100,6774964,6796619
1709508575227,READ,/gpfs/aquamini2/nicolasl/lammps_workdir/restart.rst.100,6796620,6819699
1709508575228,READ,/gpfs/aquamini2/nicolasl/lammps_workdir/restart.rst.100,6819700,6851691
1709508575229,READ,/gpfs/aquamini2/nicolasl/lammps_workdir/restart.rst.100,6851692,6868771
1709508575230,READ,/gpfs/aquamini2/nicolasl/lammps_workdir/restart.rst.100,6868772,6902107
1709508575231,READ,/gpfs/aquamini2/nicolasl/lammps_workdir/restart.rst.100,6902108,6924107
1709508575232,READ,/gpfs/aquamini2/nicolasl/lammps_workdir/restart.rst.100,6924108,6946235
1709508575233,READ,/gpfs/aquamini2/nicolasl/lammps_workdir/restart.rst.100,6946236,6968107
1709508575234,READ,/gpfs/aquamini2/nicolasl/lammps_workdir/restart.rst.100,6968108,6987683
1709508575235,READ,/gpfs/aquamini2/nicolasl/lammps_workdir/restart.rst.100,6987684,7020747
1709508575236,READ,/gpfs/aquamini2/nicolasl/lammps_workdir/restart.rst.100,7020748,7040587
1709508575237,READ,/gpfs/aquamini2/nicolasl/lammps_workdir/restart.rst.100,7040588,7074459
1709508575238,READ,/gpfs/aquamini2/nicolasl/lammps_workdir/restart.rst.100,7074460,7096387
1709508575239,READ,/gpfs/aquamini2/nicolasl/lammps_workdir/restart.rst.100,7096388,7119731
1709508575240,READ,/gpfs/aquamini2/nicolasl/lammps_workdir/restart.rst.100,7119732,7154971
1709508575241,READ,/gpfs/aquamini2/nicolasl/lammps_workdir/restart.rst.100,7154972,7174875
1709508575242,READ,/gpfs/aquamini2/nicolasl/lammps_workdir/restart.rst.100,7174876,7195131
1709508575243,READ,/gpfs/aquamini2/nicolasl/lammps_workdir/restart.rst.100,7195132,7231483
1709508575244,READ,/gpfs/aquamini2/nicolasl/lammps_workdir/restart.rst.100,7231484,7253947
1709508575245,READ,/gpfs/aquamini2/nicolasl/lammps_workdir/restart.rst.100,7253948,7276947
1709508575246,READ,/gpfs/aquamini2/nicolasl/lammps_workdir/restart.rst.100,7276948,7301515
1709508575247,READ,/gpfs/aquamini2/nicolasl/lammps_workdir/restart.rst.100,7301516,7325635
1709508575248,READ,/gpfs/aquamini2/nicolasl/lammps_workdir/restart.rst.100,7325636,7357619
1709508575249,READ,/gpfs/aquamini2/nicolasl/lammps_workdir/restart.rst.100,7357620,7377187
1709508575250,READ,/gpfs/aquamini2/nicolasl/lammps_workdir/restart.rst.100,7377188,7397771
1709508575251,READ,/gpfs/aquamini2/nicolasl/lammps_workdir/restart.rst.100,7397772,7432587
1709508575252,READ,/gpfs/aquamini2/nicolasl/lammps_workdir/restart.rst.100,7432588,7454715
1709508575253,READ,/gpfs/aquamini2/nicolasl/lammps_workdir/restart.rst.100,7454716,7488787
1709508575254,READ,/gpfs/aquamini2/nicolasl/lammps_workdir/restart.rst.100,7488788,7509499
1709508575255,READ,/gpfs/aquamini2/nicolasl/lammps_workdir/restart.rst.100,7509500,7532571
1709508575256,READ,/gpfs/aquamini2/nicolasl/lammps_workdir/restart.rst.100,7532572,7564635
1709508575257,READ,/gpfs/aquamini2/nicolasl/lammps_workdir/restart.rst.100,7564636,7585763
1709508575258,READ,/gpfs/aquamini2/nicolasl/lammps_workdir/restart.rst.100,7585764,7607819
1709508575259,READ,/gpfs/aquamini2/nicolasl/lammps_workdir/restart.rst.100,7607820,7627323
1709508575260,READ,/gpfs/aquamini2/nicolasl/lammps_workdir/restart.rst.100,7627324,7658307
1709508575261,READ,/gpfs/aquamini2/nicolasl/lammps_workdir/restart.rst.100,7658308,7681723
1709508575262,READ,/gpfs/aquamini2/nicolasl/lammps_workdir/restart.rst.100,7681724,7703387
1709508575263,READ,/gpfs/aquamini2/nicolasl/lammps_workdir/restart.rst.100,7703388,7722619
1709508575264,READ,/gpfs/aquamini2/nicolasl/lammps_workdir/restart.rst.100,7722620,7745755
1709508575265,READ,/gpfs/aquamini2/nicolasl/lammps_workdir/restart.rst.100,7745756,7775443
1709508575266,READ,/gpfs/aquamini2/nicolasl/lammps_workdir/restart.rst.100,7775444,7797779
1709508575267,READ,/gpfs/aquamini2/nicolasl/lammps_workdir/restart.rst.100,7797780,7830707
1709508575268,READ,/gpfs/aquamini2/nicolasl/lammps_workdir/restart.rst.100,7830708,7851971
1709508575269,READ,/gpfs/aquamini2/nicolasl/lammps_workdir/restart.rst.100,7851972,7883619
1709508575270,READ,/gpfs/aquamini2/nicolasl/lammps_workdir/restart.rst.100,7883620,7905683
1709508575271,READ,/gpfs/aquamini2/nicolasl/lammps_workdir/restart.rst.100,7905684,7925859
1709508575272,READ,/gpfs/aquamini2/nicolasl/lammps_workdir/restart.rst.100,7925860,7957227
1709508575273,READ,/gpfs/aquamini2/nicolasl/lammps_workdir/restart.rst.100,7957228,7976531
1709508575274,READ,/gpfs/aquamini2/nicolasl/lammps_workdir/restart.rst.100,7976532,7997379
1709508575275,READ,/gpfs/aquamini2/nicolasl/lammps_workdir/restart.rst.100,7997380,8018099
1709508575276,READ,/gpfs/aquamini2/nicolasl/lammps_workdir/restart.rst.100,8018100,8038619
1709508575277,READ,/gpfs/aquamini2/nicolasl/lammps_workdir/restart.rst.100,8038620,8071219
1709508575278,READ,/gpfs/aquamini2/nicolasl/lammps_workdir/restart.rst.100,8071220,8092075
1709508575279,READ,/gpfs/aquamini2/nicolasl/lammps_workdir/restart.rst.100,8092076,8112715
1709508575280,READ,/gpfs/aquamini2/nicolasl/lammps_workdir/restart.rst.100,8112716,8145107
1709508575281,READ,/gpfs/aquamini2/nicolasl/lammps_workdir/restart.rst.100,8145108,8166699
1709508575282,READ,/gpfs/aquamini2/nicolasl/lammps_workdir/restart.rst.100,8166700,8188763
1709508575283,READ,/gpfs/aquamini2/nicolasl/lammps_workdir/restart.rst.100,8188764,8208883
1709508575284,READ,/gpfs/aquamini2/nicolasl/lammps_workdir/restart.rst.100,8208884,8228451
1709508575285,READ,/gpfs/aquamini2/nicolasl/lammps_workdir/restart.rst.100,8228452,8259627
1709508575286,READ,/gpfs/aquamini2/nicolasl/lammps_workdir/restart.rst.100,8259628,8281147
1709508575287,READ,/gpfs/aquamini2/nicolasl/lammps_workdir/restart.rst.100,8281148,8314947
1709508575288,READ,/gpfs/aquamini2/nicolasl/lammps_workdir/restart.rst.100,8314948,8337147
1709508575289,READ,/gpfs/aquamini2/nicolasl/lammps_workdir/restart.rst.100,8337148,8360963
1709508575290,READ,/gpfs/aquamini2/nicolasl/lammps_workdir/restart.rst.100,8360964,8382211
1709508575291,READ,/gpfs/aquamini2/nicolasl/lammps_workdir/restart.rst.100,8382212,8417299
1709508575292,READ,/gpfs/aquamini2/nicolasl/lammps_workdir/restart.rst.100,8417300,8439363
1709508575293,READ,/gpfs/aquamini2/nicolasl/lammps_workdir/restart.rst.100,8439364,8461363
1709508575294,READ,/gpfs/aquamini2/nicolasl/lammps_workdir/restart.rst.100,8461364,8482155
1709508575295,READ,/gpfs/aquamini2/nicolasl/lammps_workdir/restart.rst.100,8482156,8512659
1709508575296,READ,/gpfs/aquamini2/nicolasl/lammps_workdir/restart.rst.100,8512660,8532771
1709508575297,READ,/gpfs/aquamini2/nicolasl/lammps_workdir/restart.rst.100,8532772,8563075
1709508575298,READ,/gpfs/aquamini2/nicolasl/lammps_workdir/restart.rst.100,8563076,8584131
1709508575299,READ,/gpfs/aquamini2/nicolasl/lammps_workdir/restart.rst.100,8584132,8604979
1709508575300,READ,/gpfs/aquamini2/nicolasl/lammps_workdir/restart.rst.100,8604980,8636227
1709508575301,READ,/gpfs/aquamini2/nicolasl/lammps_workdir/restart.rst.100,8636228,8658283
1709508575302,READ,/gpfs/aquamini2/nicolasl/lammps_workdir/restart.rst.100,8658284,8690411
1709508575303,READ,/gpfs/aquamini2/nicolasl/lammps_workdir/restart.rst.100,8690412,8712683
1709508575304,READ,/gpfs/aquamini2/nicolasl/lammps_workdir/restart.rst.100,8712684,8732859
1709508575305,READ,/gpfs/aquamini2/nicolasl/lammps_workdir/restart.rst.100,8732860,8757083
1709508575306,READ,/gpfs/aquamini2/nicolasl/lammps_workdir/restart.rst.100,8757084,8788867
1709508575307,READ,/gpfs/aquamini2/nicolasl/lammps_workdir/restart.rst.100,8788868,8811611
1709508575308,READ,/gpfs/aquamini2/nicolasl/lammps_workdir/restart.rst.100,8811612,8831443
1709508575309,READ,/gpfs/aquamini2/nicolasl/lammps_workdir/restart.rst.100,8831444,8866043
1709508575310,READ,/gpfs/aquamini2/nicolasl/lammps_workdir/restart.rst.100,8866044,8887627
1709508575311,READ,/gpfs/aquamini2/nicolasl/lammps_workdir/restart.rst.100,8887628,8909019
1709508575312,READ,/gpfs/aquamini2/nicolasl/lammps_workdir/restart.rst.100,8909020,8941883
1709508575313,READ,/gpfs/aquamini2/nicolasl/lammps_workdir/restart.rst.100,8941884,8962875
1709508575314,READ,/gpfs/aquamini2/nicolasl/lammps_workdir/restart.rst.100,8962876,8992643
1709508575315,READ,/gpfs/aquamini2/nicolasl/lammps_workdir/restart.rst.100,8992644,9014299
1709508575316,READ,/gpfs/aquamini2/nicolasl/lammps_workdir/restart.rst.100,9014300,9046619
1709508575317,READ,/gpfs/aquamini2/nicolasl/lammps_workdir/restart.rst.100,9046620,9069355
1709508575318,READ,/gpfs/aquamini2/nicolasl/lammps_workdir/restart.rst.100,9069356,9091347
1709508575319,READ,/gpfs/aquamini2/nicolasl/lammps_workdir/restart.rst.100,9091348,9113811
1709508575320,READ,/gpfs/aquamini2/nicolasl/lammps_workdir/restart.rst.100,9113812,9148779
1709508575321,READ,/gpfs/aquamini2/nicolasl/lammps_workdir/restart.rst.100,9148780,9167875
1709508575322,READ,/gpfs/aquamini2/nicolasl/lammps_workdir/restart.rst.100,9167876,9199867
1709508575323,READ,/gpfs/aquamini2/nicolasl/lammps_workdir/restart.rst.100,9199868,9221787
1709508575324,READ,/gpfs/aquamini2/nicolasl/lammps_workdir/restart.rst.100,9221788,9242043
1709508575325,READ,/gpfs/aquamini2/nicolasl/lammps_workdir/restart.rst.100,9242044,9275435
1709508575326,READ,/gpfs/aquamini2/nicolasl/lammps_workdir/restart.rst.100,9275436,9298987
1709508575327,READ,/gpfs/aquamini2/nicolasl/lammps_workdir/restart.rst.100,9298988,9329827
1709508575328,READ,/gpfs/aquamini2/nicolasl/lammps_workdir/restart.rst.100,9329828,9350619
1709508575329,READ,/gpfs/aquamini2/nicolasl/lammps_workdir/restart.rst.100,9350620,9371875
1709508575330,READ,/gpfs/aquamini2/nicolasl/lammps_workdir/restart.rst.100,9371876,9393875
1709508575331,READ,/gpfs/aquamini2/nicolasl/lammps_workdir/restart.rst.100,9393876,9426859
1709508575332,READ,/gpfs/aquamini2/nicolasl/lammps_workdir/restart.rst.100,9426860,9447435
1709508575333,READ,/gpfs/aquamini2/nicolasl/lammps_workdir/restart.rst.100,9447436,9481059
1709508575334,READ,/gpfs/aquamini2/nicolasl/lammps_workdir/restart.rst.100,9481060,9499891
1709508575335,READ,/gpfs/aquamini2/nicolasl/lammps_workdir/restart.rst.100,9499892,9520883
1709508575336,READ,/gpfs/aquamini2/nicolasl/lammps_workdir/restart.rst.100,9520884,9541939
1709508575337,READ,/gpfs/aquamini2/nicolasl/lammps_workdir/restart.rst.100,9541940,9564467
1709508575338,READ,/gpfs/aquamini2/nicolasl/lammps_workdir/restart.rst.100,9564468,9594435
1709508575339,READ,/gpfs/aquamini2/nicolasl/lammps_workdir/restart.rst.100,9594436,9616643
1709508575340,READ,/gpfs/aquamini2/nicolasl/lammps_workdir/restart.rst.100,9616644,9639051
1709508575341,READ,/gpfs/aquamini2/nicolasl/lammps_workdir/restart.rst.100,9639052,9670227
1709508575342,READ,/gpfs/aquamini2/nicolasl/lammps_workdir/restart.rst.100,9670228,9691883
1709508575343,READ,/gpfs/aquamini2/nicolasl/lammps_workdir/restart.rst.100,9691884,9724667
1709508575344,READ,/gpfs/aquamini2/nicolasl/lammps_workdir/restart.rst.100,9724668,9747267
1709508575345,READ,/gpfs/aquamini2/nicolasl/lammps_workdir/restart.rst.100,9747268,9767523
1709508575346,READ,/gpfs/aquamini2/nicolasl/lammps_workdir/restart.rst.100,9767524,9800387
1709508575347,READ,/gpfs/aquamini2/nicolasl/lammps_workdir/restart.rst.100,9800388,9822731
1709508575348,READ,/gpfs/aquamini2/nicolasl/lammps_workdir/restart.rst.100,9822732,9843451
1709508575349,READ,/gpfs/aquamini2/nicolasl/lammps_workdir/restart.rst.100,9843452,9862539
1709508575350,READ,/gpfs/aquamini2/nicolasl/lammps_workdir/restart.rst.100,9862540,9891355
1709508575351,READ,/gpfs/aquamini2/nicolasl/lammps_workdir/restart.rst.100,9891356,9913611
1709508575352,READ,/gpfs/aquamini2/nicolasl/lammps_workdir/restart.rst.100,9913612,9946131
1709508575353,READ,/gpfs/aquamini2/nicolasl/lammps_workdir/restart.rst.100,9946132,9967803
1709508575354,READ,/gpfs/aquamini2/nicolasl/lammps_workdir/restart.rst.100,9967804,9989875
1709508575355,READ,/gpfs/aquamini2/nicolasl/lammps_workdir/restart.rst.100,9989876,10012539
1709508575356,READ,/gpfs/aquamini2/nicolasl/lammps_workdir/restart.rst.100,10012540,10022867
1709508575357,READ,/gpfs/aquamini2/nicolasl/lammps_workdir/restart.rst.100,10022868,10063499
1709508575358,READ,/gpfs/aquamini2/nicolasl/lammps_workdir/restart.rst.100,10063500,10074099
1709508575359,READ,/gpfs/aquamini2/nicolasl/lammps_workdir/restart.rst.100,10074100,10106619
1709508575360,READ,/gpfs/aquamini2/nicolasl/lammps_workdir/restart.rst.100,10106620,10127475
1709508575361,READ,/gpfs/aquamini2/nicolasl/lammps_workdir/restart.rst.100,10127476,10160531
1709508575362,READ,/gpfs/aquamini2/nicolasl/lammps_workdir/restart.rst.100,10160532,10180179
1709508575363,READ,/gpfs/aquamini2/nicolasl/lammps_workdir/restart.rst.100,10180180,10210947
1709508575364,READ,/gpfs/aquamini2/nicolasl/lammps_workdir/restart.rst.100,10210948,10231931
1709508575365,READ,/gpfs/aquamini2/nicolasl/lammps_workdir/restart.rst.100,10231932,10253723
1709508575366,READ,/gpfs/aquamini2/nicolasl/lammps_workdir/restart.rst.100,10253724,10253739
1709508575374,READ,log.lammps,3635,4055
1709508575413,READ,log.lammps,4056,5349
1709508575421,READ,log.lammps,5350,5374
